source,region,variable,target_period,forecast_date,output_type,output_id,value_native,unit_native,value_qq,declared_target,retrieved_at,source_file
gdpnow,US,rgdp_growth,2011Q3,2011-08-25,point,,0.7063,saar_pct,0.1761,advance,2026-07-06T11:16:55+00:00,gdpnow_tracking.xlsx
gdpnow,US,rgdp_growth,2011Q3,2011-08-30,point,,1.4416,saar_pct,0.3585,advance,2026-07-06T11:16:55+00:00,gdpnow_tracking.xlsx
gdpnow,US,rgdp_growth,2011Q3,2011-08-31,point,,1.635,saar_pct,0.4063,advance,2026-07-06T11:16:55+00:00,gdpnow_tracking.xlsx
gdpnow,US,rgdp_growth,2011Q3,2011-09-01,point,,1.3882,saar_pct,0.3453,advance,2026-07-06T11:16:55+00:00,gdpnow_tracking.xlsx
gdpnow,US,rgdp_growth,2011Q3,2011-09-02,point,,1.3829,saar_pct,0.3439,advance,2026-07-06T11:16:55+00:00,gdpnow_tracking.xlsx
gdpnow,US,rgdp_growth,2011Q3,2011-09-06,point,,1.3888,saar_pct,0.3454,advance,2026-07-06T11:16:55+00:00,gdpnow_tracking.xlsx
gdpnow,US,rgdp_growth,2011Q3,2011-09-08,point,,2.3451,saar_pct,0.5812,advance,2026-07-06T11:16:55+00:00,gdpnow_tracking.xlsx
gdpnow,US,rgdp_growth,2011Q3,2011-09-09,point,,2.425,saar_pct,0.6008,advance,2026-07-06T11:16:55+00:00,gdpnow_tracking.xlsx
gdpnow,US,rgdp_growth,2011Q3,2011-09-12,point,,2.425,saar_pct,0.6008,advance,2026-07-06T11:16:55+00:00,gdpnow_tracking.xlsx
gdpnow,US,rgdp_growth,2011Q3,2011-09-13,point,,2.5694,saar_pct,0.6363,advance,2026-07-06T11:16:55+00:00,gdpnow_tracking.xlsx
gdpnow,US,rgdp_growth,2011Q3,2011-09-14,point,,2.0401,saar_pct,0.5062,advance,2026-07-06T11:16:55+00:00,gdpnow_tracking.xlsx
gdpnow,US,rgdp_growth,2011Q3,2011-09-15,point,,2.0879,saar_pct,0.5179,advance,2026-07-06T11:16:55+00:00,gdpnow_tracking.xlsx
gdpnow,US,rgdp_growth,2011Q3,2011-09-16,point,,2.0879,saar_pct,0.5179,advance,2026-07-06T11:16:55+00:00,gdpnow_tracking.xlsx
gdpnow,US,rgdp_growth,2011Q3,2011-09-20,point,,2.1233,saar_pct,0.5266,advance,2026-07-06T11:16:55+00:00,gdpnow_tracking.xlsx
gdpnow,US,rgdp_growth,2011Q3,2011-09-21,point,,2.1807,saar_pct,0.5408,advance,2026-07-06T11:16:55+00:00,gdpnow_tracking.xlsx
gdpnow,US,rgdp_growth,2011Q3,2011-09-26,point,,2.1953,saar_pct,0.5444,advance,2026-07-06T11:16:55+00:00,gdpnow_tracking.xlsx
gdpnow,US,rgdp_growth,2011Q3,2011-09-27,point,,2.1982,saar_pct,0.5451,advance,2026-07-06T11:16:55+00:00,gdpnow_tracking.xlsx
gdpnow,US,rgdp_growth,2011Q3,2011-09-28,point,,2.3372,saar_pct,0.5792,advance,2026-07-06T11:16:55+00:00,gdpnow_tracking.xlsx
gdpnow,US,rgdp_growth,2011Q3,2011-09-30,point,,2.0989,saar_pct,0.5206,advance,2026-07-06T11:16:55+00:00,gdpnow_tracking.xlsx
gdpnow,US,rgdp_growth,2011Q3,2011-10-03,point,,2.5577,saar_pct,0.6334,advance,2026-07-06T11:16:55+00:00,gdpnow_tracking.xlsx
gdpnow,US,rgdp_growth,2011Q3,2011-10-04,point,,2.5019,saar_pct,0.6197,advance,2026-07-06T11:16:55+00:00,gdpnow_tracking.xlsx
gdpnow,US,rgdp_growth,2011Q3,2011-10-05,point,,2.6169,saar_pct,0.6479,advance,2026-07-06T11:16:55+00:00,gdpnow_tracking.xlsx
gdpnow,US,rgdp_growth,2011Q3,2011-10-07,point,,2.4717,saar_pct,0.6123,advance,2026-07-06T11:16:55+00:00,gdpnow_tracking.xlsx
gdpnow,US,rgdp_growth,2011Q3,2011-10-13,point,,2.5109,saar_pct,0.6219,advance,2026-07-06T11:16:55+00:00,gdpnow_tracking.xlsx
gdpnow,US,rgdp_growth,2011Q3,2011-10-14,point,,2.9599,saar_pct,0.7319,advance,2026-07-06T11:16:55+00:00,gdpnow_tracking.xlsx
gdpnow,US,rgdp_growth,2011Q3,2011-10-17,point,,3.189,saar_pct,0.7879,advance,2026-07-06T11:16:55+00:00,gdpnow_tracking.xlsx
gdpnow,US,rgdp_growth,2011Q3,2011-10-18,point,,3.1414,saar_pct,0.7763,advance,2026-07-06T11:16:55+00:00,gdpnow_tracking.xlsx
gdpnow,US,rgdp_growth,2011Q3,2011-10-19,point,,3.2538,saar_pct,0.8037,advance,2026-07-06T11:16:55+00:00,gdpnow_tracking.xlsx
gdpnow,US,rgdp_growth,2011Q3,2011-10-20,point,,3.2445,saar_pct,0.8014,advance,2026-07-06T11:16:55+00:00,gdpnow_tracking.xlsx
gdpnow,US,rgdp_growth,2011Q4,2011-10-28,point,,2.3145,saar_pct,0.5737,advance,2026-07-06T11:16:55+00:00,gdpnow_tracking.xlsx
gdpnow,US,rgdp_growth,2011Q4,2011-11-01,point,,2.1677,saar_pct,0.5376,advance,2026-07-06T11:16:55+00:00,gdpnow_tracking.xlsx
gdpnow,US,rgdp_growth,2011Q4,2011-11-02,point,,2.326,saar_pct,0.5765,advance,2026-07-06T11:16:55+00:00,gdpnow_tracking.xlsx
gdpnow,US,rgdp_growth,2011Q4,2011-11-03,point,,2.3921,saar_pct,0.5927,advance,2026-07-06T11:16:55+00:00,gdpnow_tracking.xlsx
gdpnow,US,rgdp_growth,2011Q4,2011-11-04,point,,2.5707,saar_pct,0.6366,advance,2026-07-06T11:16:55+00:00,gdpnow_tracking.xlsx
gdpnow,US,rgdp_growth,2011Q4,2011-11-09,point,,3.1495,saar_pct,0.7782,advance,2026-07-06T11:16:55+00:00,gdpnow_tracking.xlsx
gdpnow,US,rgdp_growth,2011Q4,2011-11-10,point,,3.3487,saar_pct,0.8269,advance,2026-07-06T11:16:55+00:00,gdpnow_tracking.xlsx
gdpnow,US,rgdp_growth,2011Q4,2011-11-15,point,,3.6571,saar_pct,0.902,advance,2026-07-06T11:16:55+00:00,gdpnow_tracking.xlsx
gdpnow,US,rgdp_growth,2011Q4,2011-11-16,point,,3.73172847130047,saar_pct,0.9202,advance,2026-07-06T11:16:55+00:00,gdpnow_tracking.xlsx
gdpnow,US,rgdp_growth,2011Q4,2011-11-17,point,,3.66446564257154,saar_pct,0.9038,advance,2026-07-06T11:16:55+00:00,gdpnow_tracking.xlsx
gdpnow,US,rgdp_growth,2011Q4,2011-11-21,point,,3.6557,saar_pct,0.9017,advance,2026-07-06T11:16:55+00:00,gdpnow_tracking.xlsx
gdpnow,US,rgdp_growth,2011Q4,2011-11-22,point,,3.4674,saar_pct,0.8558,advance,2026-07-06T11:16:55+00:00,gdpnow_tracking.xlsx
gdpnow,US,rgdp_growth,2011Q4,2011-11-23,point,,3.2432,saar_pct,0.8011,advance,2026-07-06T11:16:55+00:00,gdpnow_tracking.xlsx
gdpnow,US,rgdp_growth,2011Q4,2011-11-28,point,,3.2469,saar_pct,0.802,advance,2026-07-06T11:16:55+00:00,gdpnow_tracking.xlsx
gdpnow,US,rgdp_growth,2011Q4,2011-12-01,point,,3.9822,saar_pct,0.981,advance,2026-07-06T11:16:55+00:00,gdpnow_tracking.xlsx
gdpnow,US,rgdp_growth,2011Q4,2011-12-02,point,,3.9685,saar_pct,0.9777,advance,2026-07-06T11:16:55+00:00,gdpnow_tracking.xlsx
gdpnow,US,rgdp_growth,2011Q4,2011-12-05,point,,4.3805,saar_pct,1.0776,advance,2026-07-06T11:16:55+00:00,gdpnow_tracking.xlsx
gdpnow,US,rgdp_growth,2011Q4,2011-12-08,point,,5.1213,saar_pct,1.2564,advance,2026-07-06T11:16:55+00:00,gdpnow_tracking.xlsx
gdpnow,US,rgdp_growth,2011Q4,2011-12-09,point,,5.7941,saar_pct,1.4181,advance,2026-07-06T11:16:55+00:00,gdpnow_tracking.xlsx
gdpnow,US,rgdp_growth,2011Q4,2011-12-13,point,,5.6256,saar_pct,1.3777,advance,2026-07-06T11:16:55+00:00,gdpnow_tracking.xlsx
gdpnow,US,rgdp_growth,2011Q4,2011-12-15,point,,5.5245,saar_pct,1.3534,advance,2026-07-06T11:16:55+00:00,gdpnow_tracking.xlsx
gdpnow,US,rgdp_growth,2011Q4,2011-12-16,point,,5.5742,saar_pct,1.3653,advance,2026-07-06T11:16:55+00:00,gdpnow_tracking.xlsx
gdpnow,US,rgdp_growth,2011Q4,2011-12-20,point,,5.5979775504811,saar_pct,1.371,advance,2026-07-06T11:16:55+00:00,gdpnow_tracking.xlsx
gdpnow,US,rgdp_growth,2011Q4,2011-12-21,point,,5.62991372526742,saar_pct,1.3787,advance,2026-07-06T11:16:55+00:00,gdpnow_tracking.xlsx
gdpnow,US,rgdp_growth,2011Q4,2011-12-29,point,,4.9035,saar_pct,1.204,advance,2026-07-06T11:16:55+00:00,gdpnow_tracking.xlsx
gdpnow,US,rgdp_growth,2011Q4,2012-01-03,point,,5.3271,saar_pct,1.306,advance,2026-07-06T11:16:55+00:00,gdpnow_tracking.xlsx
gdpnow,US,rgdp_growth,2011Q4,2012-01-09,point,,5.5449,saar_pct,1.3583,advance,2026-07-06T11:16:55+00:00,gdpnow_tracking.xlsx
gdpnow,US,rgdp_growth,2011Q4,2012-01-10,point,,5.1684,saar_pct,1.2678,advance,2026-07-06T11:16:55+00:00,gdpnow_tracking.xlsx
gdpnow,US,rgdp_growth,2012Q1,2012-02-03,point,,2.7803,saar_pct,0.6879,advance,2026-07-06T11:16:55+00:00,gdpnow_tracking.xlsx
gdpnow,US,rgdp_growth,2012Q1,2012-02-09,point,,2.3368,saar_pct,0.5791,advance,2026-07-06T11:16:55+00:00,gdpnow_tracking.xlsx
gdpnow,US,rgdp_growth,2012Q1,2012-02-10,point,,2.2893,saar_pct,0.5675,advance,2026-07-06T11:16:55+00:00,gdpnow_tracking.xlsx
gdpnow,US,rgdp_growth,2012Q1,2012-02-14,point,,2.0799,saar_pct,0.516,advance,2026-07-06T11:16:55+00:00,gdpnow_tracking.xlsx
gdpnow,US,rgdp_growth,2012Q1,2012-02-15,point,,2.0772,saar_pct,0.5153,advance,2026-07-06T11:16:55+00:00,gdpnow_tracking.xlsx
gdpnow,US,rgdp_growth,2012Q1,2012-02-16,point,,2.0601,saar_pct,0.5111,advance,2026-07-06T11:16:55+00:00,gdpnow_tracking.xlsx
gdpnow,US,rgdp_growth,2012Q1,2012-02-17,point,,1.9093,saar_pct,0.4739,advance,2026-07-06T11:16:55+00:00,gdpnow_tracking.xlsx
gdpnow,US,rgdp_growth,2012Q1,2012-02-22,point,,1.9093,saar_pct,0.4739,advance,2026-07-06T11:16:55+00:00,gdpnow_tracking.xlsx
gdpnow,US,rgdp_growth,2012Q1,2012-02-24,point,,1.9328,saar_pct,0.4797,advance,2026-07-06T11:16:55+00:00,gdpnow_tracking.xlsx
gdpnow,US,rgdp_growth,2012Q1,2012-02-28,point,,1.8841,saar_pct,0.4677,advance,2026-07-06T11:16:55+00:00,gdpnow_tracking.xlsx
gdpnow,US,rgdp_growth,2012Q1,2012-03-01,point,,1.1462,saar_pct,0.2853,advance,2026-07-06T11:16:55+00:00,gdpnow_tracking.xlsx
gdpnow,US,rgdp_growth,2012Q1,2012-03-05,point,,1.0999,saar_pct,0.2738,advance,2026-07-06T11:16:55+00:00,gdpnow_tracking.xlsx
gdpnow,US,rgdp_growth,2012Q1,2012-03-09,point,,0.6204,saar_pct,0.1547,advance,2026-07-06T11:16:55+00:00,gdpnow_tracking.xlsx
gdpnow,US,rgdp_growth,2012Q1,2012-03-13,point,,1.2911,saar_pct,0.3212,advance,2026-07-06T11:16:55+00:00,gdpnow_tracking.xlsx
gdpnow,US,rgdp_growth,2012Q1,2012-03-16,point,,1.1431,saar_pct,0.2846,advance,2026-07-06T11:16:55+00:00,gdpnow_tracking.xlsx
gdpnow,US,rgdp_growth,2012Q1,2012-03-20,point,,1.1738,saar_pct,0.2922,advance,2026-07-06T11:16:55+00:00,gdpnow_tracking.xlsx
gdpnow,US,rgdp_growth,2012Q1,2012-03-21,point,,1.1778,saar_pct,0.2932,advance,2026-07-06T11:16:55+00:00,gdpnow_tracking.xlsx
gdpnow,US,rgdp_growth,2012Q1,2012-03-23,point,,1.1914,saar_pct,0.2965,advance,2026-07-06T11:16:55+00:00,gdpnow_tracking.xlsx
gdpnow,US,rgdp_growth,2012Q1,2012-03-28,point,,0.8029,saar_pct,0.2001,advance,2026-07-06T11:16:55+00:00,gdpnow_tracking.xlsx
gdpnow,US,rgdp_growth,2012Q1,2012-03-30,point,,0.9247,saar_pct,0.2304,advance,2026-07-06T11:16:55+00:00,gdpnow_tracking.xlsx
gdpnow,US,rgdp_growth,2012Q1,2012-04-02,point,,0.7835,saar_pct,0.1953,advance,2026-07-06T11:16:55+00:00,gdpnow_tracking.xlsx
gdpnow,US,rgdp_growth,2012Q1,2012-04-10,point,,1.1878,saar_pct,0.2956,advance,2026-07-06T11:16:55+00:00,gdpnow_tracking.xlsx
gdpnow,US,rgdp_growth,2012Q1,2012-04-12,point,,2.0762,saar_pct,0.5151,advance,2026-07-06T11:16:55+00:00,gdpnow_tracking.xlsx
gdpnow,US,rgdp_growth,2012Q1,2012-04-16,point,,2.2496,saar_pct,0.5577,advance,2026-07-06T11:16:55+00:00,gdpnow_tracking.xlsx
gdpnow,US,rgdp_growth,2012Q1,2012-04-17,point,,2.1552,saar_pct,0.5345,advance,2026-07-06T11:16:55+00:00,gdpnow_tracking.xlsx
gdpnow,US,rgdp_growth,2012Q1,2012-04-26,point,,3.0151,saar_pct,0.7454,advance,2026-07-06T11:16:55+00:00,gdpnow_tracking.xlsx
gdpnow,US,rgdp_growth,2012Q2,2012-06-01,point,,1.8053250000000003,saar_pct,0.4483,advance,2026-07-06T11:16:55+00:00,gdpnow_tracking.xlsx
gdpnow,US,rgdp_growth,2012Q2,2012-06-04,point,,1.7425,saar_pct,0.4328,advance,2026-07-06T11:16:55+00:00,gdpnow_tracking.xlsx
gdpnow,US,rgdp_growth,2012Q2,2012-06-08,point,,1.3517000000000001,saar_pct,0.3362,advance,2026-07-06T11:16:55+00:00,gdpnow_tracking.xlsx
gdpnow,US,rgdp_growth,2012Q2,2012-06-13,point,,0.9611749999999999,saar_pct,0.2394,advance,2026-07-06T11:16:55+00:00,gdpnow_tracking.xlsx
gdpnow,US,rgdp_growth,2012Q2,2012-06-14,point,,0.960525,saar_pct,0.2393,advance,2026-07-06T11:16:55+00:00,gdpnow_tracking.xlsx
gdpnow,US,rgdp_growth,2012Q2,2012-06-25,point,,0.9471750000000001,saar_pct,0.236,advance,2026-07-06T11:16:55+00:00,gdpnow_tracking.xlsx
gdpnow,US,rgdp_growth,2012Q2,2012-06-28,point,,0.962275,saar_pct,0.2397,advance,2026-07-06T11:16:55+00:00,gdpnow_tracking.xlsx
gdpnow,US,rgdp_growth,2012Q2,2012-06-29,point,,0.9525750000000001,saar_pct,0.2373,advance,2026-07-06T11:16:55+00:00,gdpnow_tracking.xlsx
gdpnow,US,rgdp_growth,2012Q2,2012-07-02,point,,0.71225,saar_pct,0.1776,advance,2026-07-06T11:16:55+00:00,gdpnow_tracking.xlsx
gdpnow,US,rgdp_growth,2012Q2,2012-07-06,point,,0.6792,saar_pct,0.1694,advance,2026-07-06T11:16:55+00:00,gdpnow_tracking.xlsx
gdpnow,US,rgdp_growth,2012Q2,2012-07-11,point,,0.41915,saar_pct,0.1046,advance,2026-07-06T11:16:55+00:00,gdpnow_tracking.xlsx
gdpnow,US,rgdp_growth,2012Q2,2012-07-16,point,,0.24295000000000003,saar_pct,0.0607,advance,2026-07-06T11:16:55+00:00,gdpnow_tracking.xlsx
gdpnow,US,rgdp_growth,2012Q2,2012-07-17,point,,0.181625,saar_pct,0.0454,advance,2026-07-06T11:16:55+00:00,gdpnow_tracking.xlsx
gdpnow,US,rgdp_growth,2012Q2,2012-07-18,point,,0.203175,saar_pct,0.0508,advance,2026-07-06T11:16:55+00:00,gdpnow_tracking.xlsx
gdpnow,US,rgdp_growth,2012Q2,2012-07-26,point,,0.2243,saar_pct,0.056,advance,2026-07-06T11:16:55+00:00,gdpnow_tracking.xlsx
gdpnow,US,rgdp_growth,2012Q3,2012-08-02,point,,1.611475,saar_pct,0.4005,advance,2026-07-06T11:16:55+00:00,gdpnow_tracking.xlsx
gdpnow,US,rgdp_growth,2012Q3,2012-08-03,point,,2.20965,saar_pct,0.5479,advance,2026-07-06T11:16:55+00:00,gdpnow_tracking.xlsx
gdpnow,US,rgdp_growth,2012Q3,2012-08-14,point,,2.6016,saar_pct,0.6441,advance,2026-07-06T11:16:55+00:00,gdpnow_tracking.xlsx
gdpnow,US,rgdp_growth,2012Q3,2012-08-24,point,,2.94175,saar_pct,0.7275,advance,2026-07-06T11:16:55+00:00,gdpnow_tracking.xlsx
gdpnow,US,rgdp_growth,2012Q3,2012-08-30,point,,3.1635250000000004,saar_pct,0.7817,advance,2026-07-06T11:16:55+00:00,gdpnow_tracking.xlsx
gdpnow,US,rgdp_growth,2012Q3,2012-09-04,point,,2.6396749999999995,saar_pct,0.6535,advance,2026-07-06T11:16:55+00:00,gdpnow_tracking.xlsx
gdpnow,US,rgdp_growth,2012Q3,2012-09-24,point,,2.5789,saar_pct,0.6386,advance,2026-07-06T11:16:55+00:00,gdpnow_tracking.xlsx
gdpnow,US,rgdp_growth,2012Q3,2012-10-01,point,,2.37595,saar_pct,0.5888,advance,2026-07-06T11:16:55+00:00,gdpnow_tracking.xlsx
gdpnow,US,rgdp_growth,2012Q3,2012-10-05,point,,2.7059750000000005,saar_pct,0.6697,advance,2026-07-06T11:16:55+00:00,gdpnow_tracking.xlsx
gdpnow,US,rgdp_growth,2012Q3,2012-10-15,point,,2.371975,saar_pct,0.5878,advance,2026-07-06T11:16:55+00:00,gdpnow_tracking.xlsx
gdpnow,US,rgdp_growth,2012Q3,2012-10-25,point,,1.848975,saar_pct,0.4591,advance,2026-07-06T11:16:55+00:00,gdpnow_tracking.xlsx
gdpnow,US,rgdp_growth,2012Q4,2012-11-02,point,,1.848975,saar_pct,0.4591,advance,2026-07-06T11:16:55+00:00,gdpnow_tracking.xlsx
gdpnow,US,rgdp_growth,2012Q4,2012-11-09,point,,1.6791749999999999,saar_pct,0.4172,advance,2026-07-06T11:16:55+00:00,gdpnow_tracking.xlsx
gdpnow,US,rgdp_growth,2012Q4,2012-11-14,point,,1.46345,saar_pct,0.3639,advance,2026-07-06T11:16:55+00:00,gdpnow_tracking.xlsx
gdpnow,US,rgdp_growth,2012Q4,2012-11-20,point,,1.059625,saar_pct,0.2639,advance,2026-07-06T11:16:55+00:00,gdpnow_tracking.xlsx
gdpnow,US,rgdp_growth,2012Q4,2012-11-30,point,,0.34497500000000003,saar_pct,0.0861,advance,2026-07-06T11:16:55+00:00,gdpnow_tracking.xlsx
gdpnow,US,rgdp_growth,2012Q4,2012-12-03,point,,0.136425,saar_pct,0.0341,advance,2026-07-06T11:16:55+00:00,gdpnow_tracking.xlsx
gdpnow,US,rgdp_growth,2012Q4,2012-12-04,point,,0.07962499999999999,saar_pct,0.0199,advance,2026-07-06T11:16:55+00:00,gdpnow_tracking.xlsx
gdpnow,US,rgdp_growth,2012Q4,2012-12-14,point,,0.697125,saar_pct,0.1738,advance,2026-07-06T11:16:55+00:00,gdpnow_tracking.xlsx
gdpnow,US,rgdp_growth,2012Q4,2012-12-19,point,,0.6861999999999999,saar_pct,0.1711,advance,2026-07-06T11:16:55+00:00,gdpnow_tracking.xlsx
gdpnow,US,rgdp_growth,2012Q4,2013-01-02,point,,0.94475,saar_pct,0.2354,advance,2026-07-06T11:16:55+00:00,gdpnow_tracking.xlsx
gdpnow,US,rgdp_growth,2012Q4,2013-01-10,point,,1.1007,saar_pct,0.274,advance,2026-07-06T11:16:55+00:00,gdpnow_tracking.xlsx
gdpnow,US,rgdp_growth,2012Q4,2013-01-11,point,,0.37084999999999996,saar_pct,0.0926,advance,2026-07-06T11:16:55+00:00,gdpnow_tracking.xlsx
gdpnow,US,rgdp_growth,2012Q4,2013-01-16,point,,0.2104,saar_pct,0.0526,advance,2026-07-06T11:16:55+00:00,gdpnow_tracking.xlsx
gdpnow,US,rgdp_growth,2012Q4,2013-01-22,point,,0.216375,saar_pct,0.054,advance,2026-07-06T11:16:55+00:00,gdpnow_tracking.xlsx
gdpnow,US,rgdp_growth,2012Q4,2013-01-25,point,,0.20635,saar_pct,0.0515,advance,2026-07-06T11:16:55+00:00,gdpnow_tracking.xlsx
gdpnow,US,rgdp_growth,2012Q4,2013-01-28,point,,0.07760000000000002,saar_pct,0.0194,advance,2026-07-06T11:16:55+00:00,gdpnow_tracking.xlsx
gdpnow,US,rgdp_growth,2013Q1,2013-01-31,point,,2.4104,saar_pct,0.5972,advance,2026-07-06T11:16:55+00:00,gdpnow_tracking.xlsx
gdpnow,US,rgdp_growth,2013Q1,2013-02-06,point,,2.2511,saar_pct,0.5581,advance,2026-07-06T11:16:55+00:00,gdpnow_tracking.xlsx
gdpnow,US,rgdp_growth,2013Q1,2013-02-08,point,,2.6918,saar_pct,0.6663,advance,2026-07-06T11:16:55+00:00,gdpnow_tracking.xlsx
gdpnow,US,rgdp_growth,2013Q1,2013-02-13,point,,2.9983,saar_pct,0.7413,advance,2026-07-06T11:16:55+00:00,gdpnow_tracking.xlsx
gdpnow,US,rgdp_growth,2013Q1,2013-02-21,point,,2.8855,saar_pct,0.7137,advance,2026-07-06T11:16:55+00:00,gdpnow_tracking.xlsx
gdpnow,US,rgdp_growth,2013Q1,2013-02-26,point,,2.8253,saar_pct,0.699,advance,2026-07-06T11:16:55+00:00,gdpnow_tracking.xlsx
gdpnow,US,rgdp_growth,2013Q1,2013-03-01,point,,2.8705,saar_pct,0.71,advance,2026-07-06T11:16:55+00:00,gdpnow_tracking.xlsx
gdpnow,US,rgdp_growth,2013Q1,2013-03-08,point,,3.0872,saar_pct,0.763,advance,2026-07-06T11:16:55+00:00,gdpnow_tracking.xlsx
gdpnow,US,rgdp_growth,2013Q1,2013-03-13,point,,3.2642,saar_pct,0.8062,advance,2026-07-06T11:16:55+00:00,gdpnow_tracking.xlsx
gdpnow,US,rgdp_growth,2013Q1,2013-03-29,point,,3.7184,saar_pct,0.9169,advance,2026-07-06T11:16:55+00:00,gdpnow_tracking.xlsx
gdpnow,US,rgdp_growth,2013Q1,2013-04-05,point,,3.5066,saar_pct,0.8654,advance,2026-07-06T11:16:55+00:00,gdpnow_tracking.xlsx
gdpnow,US,rgdp_growth,2013Q1,2013-04-12,point,,2.7357,saar_pct,0.677,advance,2026-07-06T11:16:55+00:00,gdpnow_tracking.xlsx
gdpnow,US,rgdp_growth,2013Q1,2013-04-16,point,,2.8636,saar_pct,0.7083,advance,2026-07-06T11:16:55+00:00,gdpnow_tracking.xlsx
gdpnow,US,rgdp_growth,2013Q1,2013-04-22,point,,2.8718,saar_pct,0.7103,advance,2026-07-06T11:16:55+00:00,gdpnow_tracking.xlsx
gdpnow,US,rgdp_growth,2013Q2,2013-04-29,point,,2.3532,saar_pct,0.5832,advance,2026-07-06T11:16:55+00:00,gdpnow_tracking.xlsx
gdpnow,US,rgdp_growth,2013Q2,2013-05-31,point,,2.4228,saar_pct,0.6003,advance,2026-07-06T11:16:55+00:00,gdpnow_tracking.xlsx
gdpnow,US,rgdp_growth,2013Q2,2013-06-13,point,,2.9955,saar_pct,0.7406,advance,2026-07-06T11:16:55+00:00,gdpnow_tracking.xlsx
gdpnow,US,rgdp_growth,2013Q2,2013-06-14,point,,3.0082,saar_pct,0.7437,advance,2026-07-06T11:16:55+00:00,gdpnow_tracking.xlsx
gdpnow,US,rgdp_growth,2013Q2,2013-06-20,point,,3.1469,saar_pct,0.7776,advance,2026-07-06T11:16:55+00:00,gdpnow_tracking.xlsx
gdpnow,US,rgdp_growth,2013Q2,2013-06-25,point,,3.117,saar_pct,0.7703,advance,2026-07-06T11:16:55+00:00,gdpnow_tracking.xlsx
gdpnow,US,rgdp_growth,2013Q2,2013-06-27,point,,1.9145,saar_pct,0.4752,advance,2026-07-06T11:16:55+00:00,gdpnow_tracking.xlsx
gdpnow,US,rgdp_growth,2013Q2,2013-07-01,point,,1.9557,saar_pct,0.4854,advance,2026-07-06T11:16:55+00:00,gdpnow_tracking.xlsx
gdpnow,US,rgdp_growth,2013Q2,2013-07-03,point,,1.6298,saar_pct,0.405,advance,2026-07-06T11:16:55+00:00,gdpnow_tracking.xlsx
gdpnow,US,rgdp_growth,2013Q2,2013-07-10,point,,1.3639,saar_pct,0.3392,advance,2026-07-06T11:16:55+00:00,gdpnow_tracking.xlsx
gdpnow,US,rgdp_growth,2013Q2,2013-07-11,point,,1.3,saar_pct,0.3234,advance,2026-07-06T11:16:55+00:00,gdpnow_tracking.xlsx
gdpnow,US,rgdp_growth,2013Q3,2013-08-02,point,,1.1361,saar_pct,0.2828,advance,2026-07-06T11:16:55+00:00,gdpnow_tracking.xlsx
gdpnow,US,rgdp_growth,2013Q3,2013-08-06,point,,1.4035,saar_pct,0.349,advance,2026-07-06T11:16:55+00:00,gdpnow_tracking.xlsx
gdpnow,US,rgdp_growth,2013Q3,2013-08-09,point,,1.8554,saar_pct,0.4607,advance,2026-07-06T11:16:55+00:00,gdpnow_tracking.xlsx
gdpnow,US,rgdp_growth,2013Q3,2013-08-12,point,,1.8602,saar_pct,0.4618,advance,2026-07-06T11:16:55+00:00,gdpnow_tracking.xlsx
gdpnow,US,rgdp_growth,2013Q3,2013-08-13,point,,2.0411,saar_pct,0.5064,advance,2026-07-06T11:16:55+00:00,gdpnow_tracking.xlsx
gdpnow,US,rgdp_growth,2013Q3,2013-08-15,point,,1.7391,saar_pct,0.432,advance,2026-07-06T11:16:55+00:00,gdpnow_tracking.xlsx
gdpnow,US,rgdp_growth,2013Q3,2013-08-16,point,,1.7035,saar_pct,0.4232,advance,2026-07-06T11:16:55+00:00,gdpnow_tracking.xlsx
gdpnow,US,rgdp_growth,2013Q3,2013-08-21,point,,1.8927,saar_pct,0.4699,advance,2026-07-06T11:16:55+00:00,gdpnow_tracking.xlsx
gdpnow,US,rgdp_growth,2013Q3,2013-08-23,point,,1.9523,saar_pct,0.4845,advance,2026-07-06T11:16:55+00:00,gdpnow_tracking.xlsx
gdpnow,US,rgdp_growth,2013Q3,2013-08-26,point,,1.888,saar_pct,0.4687,advance,2026-07-06T11:16:55+00:00,gdpnow_tracking.xlsx
gdpnow,US,rgdp_growth,2013Q3,2013-08-30,point,,1.3848,saar_pct,0.3444,advance,2026-07-06T11:16:55+00:00,gdpnow_tracking.xlsx
gdpnow,US,rgdp_growth,2013Q3,2013-09-03,point,,1.9386,saar_pct,0.4812,advance,2026-07-06T11:16:55+00:00,gdpnow_tracking.xlsx
gdpnow,US,rgdp_growth,2013Q3,2013-09-04,point,,2.0046,saar_pct,0.4974,advance,2026-07-06T11:16:55+00:00,gdpnow_tracking.xlsx
gdpnow,US,rgdp_growth,2013Q3,2013-09-05,point,,2.1446,saar_pct,0.5319,advance,2026-07-06T11:16:55+00:00,gdpnow_tracking.xlsx
gdpnow,US,rgdp_growth,2013Q3,2013-09-06,point,,2.0144,saar_pct,0.4998,advance,2026-07-06T11:16:55+00:00,gdpnow_tracking.xlsx
gdpnow,US,rgdp_growth,2013Q3,2013-09-11,point,,1.9205,saar_pct,0.4767,advance,2026-07-06T11:16:55+00:00,gdpnow_tracking.xlsx
gdpnow,US,rgdp_growth,2013Q3,2013-09-13,point,,1.9686,saar_pct,0.4886,advance,2026-07-06T11:16:55+00:00,gdpnow_tracking.xlsx
gdpnow,US,rgdp_growth,2013Q3,2013-09-16,point,,1.9114,saar_pct,0.4745,advance,2026-07-06T11:16:55+00:00,gdpnow_tracking.xlsx
gdpnow,US,rgdp_growth,2013Q3,2013-09-17,point,,1.8694,saar_pct,0.4641,advance,2026-07-06T11:16:55+00:00,gdpnow_tracking.xlsx
gdpnow,US,rgdp_growth,2013Q3,2013-09-18,point,,1.8962,saar_pct,0.4707,advance,2026-07-06T11:16:55+00:00,gdpnow_tracking.xlsx
gdpnow,US,rgdp_growth,2013Q3,2013-09-19,point,,1.922,saar_pct,0.4771,advance,2026-07-06T11:16:55+00:00,gdpnow_tracking.xlsx
gdpnow,US,rgdp_growth,2013Q3,2013-09-25,point,,1.9268,saar_pct,0.4783,advance,2026-07-06T11:16:55+00:00,gdpnow_tracking.xlsx
gdpnow,US,rgdp_growth,2013Q3,2013-09-27,point,,1.7113,saar_pct,0.4251,advance,2026-07-06T11:16:55+00:00,gdpnow_tracking.xlsx
gdpnow,US,rgdp_growth,2013Q3,2013-10-01,point,,1.9439,saar_pct,0.4825,advance,2026-07-06T11:16:55+00:00,gdpnow_tracking.xlsx
gdpnow,US,rgdp_growth,2013Q3,2013-10-22,point,,1.7805,saar_pct,0.4422,advance,2026-07-06T11:16:55+00:00,gdpnow_tracking.xlsx
gdpnow,US,rgdp_growth,2013Q3,2013-10-24,point,,2.0491,saar_pct,0.5084,advance,2026-07-06T11:16:55+00:00,gdpnow_tracking.xlsx
gdpnow,US,rgdp_growth,2013Q3,2013-10-25,point,,2.096,saar_pct,0.5199,advance,2026-07-06T11:16:55+00:00,gdpnow_tracking.xlsx
gdpnow,US,rgdp_growth,2013Q3,2013-10-28,point,,2.1019,saar_pct,0.5214,advance,2026-07-06T11:16:55+00:00,gdpnow_tracking.xlsx
gdpnow,US,rgdp_growth,2013Q3,2013-10-29,point,,2.1275,saar_pct,0.5277,advance,2026-07-06T11:16:55+00:00,gdpnow_tracking.xlsx
gdpnow,US,rgdp_growth,2013Q3,2013-10-30,point,,2.1755,saar_pct,0.5395,advance,2026-07-06T11:16:55+00:00,gdpnow_tracking.xlsx
gdpnow,US,rgdp_growth,2013Q3,2013-11-04,point,,2.3233,saar_pct,0.5758,advance,2026-07-06T11:16:55+00:00,gdpnow_tracking.xlsx
gdpnow,US,rgdp_growth,2013Q4,2013-11-08,point,,1.4475,saar_pct,0.3599,advance,2026-07-06T11:16:55+00:00,gdpnow_tracking.xlsx
gdpnow,US,rgdp_growth,2013Q4,2013-11-14,point,,1.3797,saar_pct,0.3432,advance,2026-07-06T11:16:55+00:00,gdpnow_tracking.xlsx
gdpnow,US,rgdp_growth,2013Q4,2013-11-15,point,,0.8706,saar_pct,0.2169,advance,2026-07-06T11:16:55+00:00,gdpnow_tracking.xlsx
gdpnow,US,rgdp_growth,2013Q4,2013-11-20,point,,0.9463,saar_pct,0.2357,advance,2026-07-06T11:16:55+00:00,gdpnow_tracking.xlsx
gdpnow,US,rgdp_growth,2013Q4,2013-11-26,point,,0.9323,saar_pct,0.2323,advance,2026-07-06T11:16:55+00:00,gdpnow_tracking.xlsx
gdpnow,US,rgdp_growth,2013Q4,2013-12-02,point,,1.4077,saar_pct,0.3501,advance,2026-07-06T11:16:55+00:00,gdpnow_tracking.xlsx
gdpnow,US,rgdp_growth,2013Q4,2013-12-04,point,,1.2427,saar_pct,0.3092,advance,2026-07-06T11:16:55+00:00,gdpnow_tracking.xlsx
gdpnow,US,rgdp_growth,2013Q4,2013-12-05,point,,1.1946,saar_pct,0.2973,advance,2026-07-06T11:16:55+00:00,gdpnow_tracking.xlsx
gdpnow,US,rgdp_growth,2013Q4,2013-12-06,point,,1.2718,saar_pct,0.3164,advance,2026-07-06T11:16:55+00:00,gdpnow_tracking.xlsx
gdpnow,US,rgdp_growth,2013Q4,2013-12-10,point,,1.6547,saar_pct,0.4111,advance,2026-07-06T11:16:55+00:00,gdpnow_tracking.xlsx
gdpnow,US,rgdp_growth,2013Q4,2013-12-12,point,,2.1699,saar_pct,0.5381,advance,2026-07-06T11:16:55+00:00,gdpnow_tracking.xlsx
gdpnow,US,rgdp_growth,2013Q4,2013-12-16,point,,2.4057,saar_pct,0.5961,advance,2026-07-06T11:16:55+00:00,gdpnow_tracking.xlsx
gdpnow,US,rgdp_growth,2013Q4,2013-12-17,point,,2.4385,saar_pct,0.6041,advance,2026-07-06T11:16:55+00:00,gdpnow_tracking.xlsx
gdpnow,US,rgdp_growth,2013Q4,2013-12-18,point,,2.5967,saar_pct,0.6429,advance,2026-07-06T11:16:55+00:00,gdpnow_tracking.xlsx
gdpnow,US,rgdp_growth,2013Q4,2013-12-19,point,,2.4305,saar_pct,0.6022,advance,2026-07-06T11:16:55+00:00,gdpnow_tracking.xlsx
gdpnow,US,rgdp_growth,2013Q4,2014-01-02,point,,2.9169,saar_pct,0.7214,advance,2026-07-06T11:16:55+00:00,gdpnow_tracking.xlsx
gdpnow,US,rgdp_growth,2013Q4,2014-01-06,point,,2.7014,saar_pct,0.6686,advance,2026-07-06T11:16:55+00:00,gdpnow_tracking.xlsx
gdpnow,US,rgdp_growth,2013Q4,2014-01-07,point,,3.0516,saar_pct,0.7543,advance,2026-07-06T11:16:55+00:00,gdpnow_tracking.xlsx
gdpnow,US,rgdp_growth,2013Q4,2014-01-10,point,,2.9714,saar_pct,0.7347,advance,2026-07-06T11:16:55+00:00,gdpnow_tracking.xlsx
gdpnow,US,rgdp_growth,2013Q4,2014-01-13,point,,2.9615,saar_pct,0.7323,advance,2026-07-06T11:16:55+00:00,gdpnow_tracking.xlsx
gdpnow,US,rgdp_growth,2013Q4,2014-01-14,point,,2.8854,saar_pct,0.7137,advance,2026-07-06T11:16:55+00:00,gdpnow_tracking.xlsx
gdpnow,US,rgdp_growth,2013Q4,2014-01-16,point,,2.978,saar_pct,0.7363,advance,2026-07-06T11:16:55+00:00,gdpnow_tracking.xlsx
gdpnow,US,rgdp_growth,2013Q4,2014-01-17,point,,3.1119,saar_pct,0.7691,advance,2026-07-06T11:16:55+00:00,gdpnow_tracking.xlsx
gdpnow,US,rgdp_growth,2013Q4,2014-01-23,point,,3.0912,saar_pct,0.764,advance,2026-07-06T11:16:55+00:00,gdpnow_tracking.xlsx
gdpnow,US,rgdp_growth,2013Q4,2014-01-27,point,,3.0065,saar_pct,0.7433,advance,2026-07-06T11:16:55+00:00,gdpnow_tracking.xlsx
gdpnow,US,rgdp_growth,2013Q4,2014-01-28,point,,3.1249,saar_pct,0.7722,advance,2026-07-06T11:16:55+00:00,gdpnow_tracking.xlsx
gdpnow,US,rgdp_growth,2014Q1,2014-01-31,point,,2.1528,saar_pct,0.5339,advance,2026-07-06T11:16:55+00:00,gdpnow_tracking.xlsx
gdpnow,US,rgdp_growth,2014Q1,2014-02-03,point,,1.7874,saar_pct,0.4439,advance,2026-07-06T11:16:55+00:00,gdpnow_tracking.xlsx
gdpnow,US,rgdp_growth,2014Q1,2014-02-04,point,,1.9028,saar_pct,0.4723,advance,2026-07-06T11:16:55+00:00,gdpnow_tracking.xlsx
gdpnow,US,rgdp_growth,2014Q1,2014-02-05,point,,1.9138,saar_pct,0.4751,advance,2026-07-06T11:16:55+00:00,gdpnow_tracking.xlsx
gdpnow,US,rgdp_growth,2014Q1,2014-02-06,point,,1.922,saar_pct,0.4771,advance,2026-07-06T11:16:55+00:00,gdpnow_tracking.xlsx
gdpnow,US,rgdp_growth,2014Q1,2014-02-07,point,,1.9717,saar_pct,0.4893,advance,2026-07-06T11:16:55+00:00,gdpnow_tracking.xlsx
gdpnow,US,rgdp_growth,2014Q1,2014-02-11,point,,1.9761,saar_pct,0.4904,advance,2026-07-06T11:16:55+00:00,gdpnow_tracking.xlsx
gdpnow,US,rgdp_growth,2014Q1,2014-02-12,point,,2.1434,saar_pct,0.5316,advance,2026-07-06T11:16:55+00:00,gdpnow_tracking.xlsx
gdpnow,US,rgdp_growth,2014Q1,2014-02-13,point,,1.5161,saar_pct,0.3769,advance,2026-07-06T11:16:55+00:00,gdpnow_tracking.xlsx
gdpnow,US,rgdp_growth,2014Q1,2014-02-14,point,,0.9021,saar_pct,0.2248,advance,2026-07-06T11:16:55+00:00,gdpnow_tracking.xlsx
gdpnow,US,rgdp_growth,2014Q1,2014-02-19,point,,0.7232,saar_pct,0.1803,advance,2026-07-06T11:16:55+00:00,gdpnow_tracking.xlsx
gdpnow,US,rgdp_growth,2014Q1,2014-02-20,point,,0.7308,saar_pct,0.1822,advance,2026-07-06T11:16:55+00:00,gdpnow_tracking.xlsx
gdpnow,US,rgdp_growth,2014Q1,2014-02-21,point,,0.6013,saar_pct,0.15,advance,2026-07-06T11:16:55+00:00,gdpnow_tracking.xlsx
gdpnow,US,rgdp_growth,2014Q1,2014-02-26,point,,0.6436,saar_pct,0.1605,advance,2026-07-06T11:16:55+00:00,gdpnow_tracking.xlsx
gdpnow,US,rgdp_growth,2014Q1,2014-02-27,point,,0.56,saar_pct,0.1397,advance,2026-07-06T11:16:55+00:00,gdpnow_tracking.xlsx
gdpnow,US,rgdp_growth,2014Q1,2014-03-03,point,,1.2863,saar_pct,0.32,advance,2026-07-06T11:16:55+00:00,gdpnow_tracking.xlsx
gdpnow,US,rgdp_growth,2014Q1,2014-03-06,point,,1.2821,saar_pct,0.319,advance,2026-07-06T11:16:55+00:00,gdpnow_tracking.xlsx
gdpnow,US,rgdp_growth,2014Q1,2014-03-07,point,,1.2649,saar_pct,0.3147,advance,2026-07-06T11:16:55+00:00,gdpnow_tracking.xlsx
gdpnow,US,rgdp_growth,2014Q1,2014-03-10,point,,1.1527,saar_pct,0.2869,advance,2026-07-06T11:16:55+00:00,gdpnow_tracking.xlsx
gdpnow,US,rgdp_growth,2014Q1,2014-03-13,point,,0.7212,saar_pct,0.1798,advance,2026-07-06T11:16:55+00:00,gdpnow_tracking.xlsx
gdpnow,US,rgdp_growth,2014Q1,2014-03-17,point,,0.9459,saar_pct,0.2356,advance,2026-07-06T11:16:55+00:00,gdpnow_tracking.xlsx
gdpnow,US,rgdp_growth,2014Q1,2014-03-18,point,,0.8167,saar_pct,0.2036,advance,2026-07-06T11:16:55+00:00,gdpnow_tracking.xlsx
gdpnow,US,rgdp_growth,2014Q1,2014-03-20,point,,0.7956,saar_pct,0.1983,advance,2026-07-06T11:16:55+00:00,gdpnow_tracking.xlsx
gdpnow,US,rgdp_growth,2014Q1,2014-03-25,point,,0.7252,saar_pct,0.1808,advance,2026-07-06T11:16:55+00:00,gdpnow_tracking.xlsx
gdpnow,US,rgdp_growth,2014Q1,2014-03-26,point,,0.7813,saar_pct,0.1948,advance,2026-07-06T11:16:55+00:00,gdpnow_tracking.xlsx
gdpnow,US,rgdp_growth,2014Q1,2014-03-28,point,,0.6733,saar_pct,0.1679,advance,2026-07-06T11:16:55+00:00,gdpnow_tracking.xlsx
gdpnow,US,rgdp_growth,2014Q1,2014-04-01,point,,0.7739,saar_pct,0.1929,advance,2026-07-06T11:16:55+00:00,gdpnow_tracking.xlsx
gdpnow,US,rgdp_growth,2014Q1,2014-04-02,point,,0.7498,saar_pct,0.1869,advance,2026-07-06T11:16:55+00:00,gdpnow_tracking.xlsx
gdpnow,US,rgdp_growth,2014Q1,2014-04-03,point,,0.3153,saar_pct,0.0787,advance,2026-07-06T11:16:55+00:00,gdpnow_tracking.xlsx
gdpnow,US,rgdp_growth,2014Q1,2014-04-04,point,,0.3419,saar_pct,0.0854,advance,2026-07-06T11:16:55+00:00,gdpnow_tracking.xlsx
gdpnow,US,rgdp_growth,2014Q1,2014-04-09,point,,0.3329,saar_pct,0.0831,advance,2026-07-06T11:16:55+00:00,gdpnow_tracking.xlsx
gdpnow,US,rgdp_growth,2014Q1,2014-04-11,point,,0.2588,saar_pct,0.0646,advance,2026-07-06T11:16:55+00:00,gdpnow_tracking.xlsx
gdpnow,US,rgdp_growth,2014Q1,2014-04-14,point,,0.3948,saar_pct,0.0986,advance,2026-07-06T11:16:55+00:00,gdpnow_tracking.xlsx
gdpnow,US,rgdp_growth,2014Q1,2014-04-15,point,,0.3315,saar_pct,0.0828,advance,2026-07-06T11:16:55+00:00,gdpnow_tracking.xlsx
gdpnow,US,rgdp_growth,2014Q1,2014-04-16,point,,0.3831,saar_pct,0.0956,advance,2026-07-06T11:16:55+00:00,gdpnow_tracking.xlsx
gdpnow,US,rgdp_growth,2014Q1,2014-04-22,point,,0.3652,saar_pct,0.0912,advance,2026-07-06T11:16:55+00:00,gdpnow_tracking.xlsx
gdpnow,US,rgdp_growth,2014Q1,2014-04-23,point,,0.3768,saar_pct,0.0941,advance,2026-07-06T11:16:55+00:00,gdpnow_tracking.xlsx
gdpnow,US,rgdp_growth,2014Q1,2014-04-24,point,,0.3489,saar_pct,0.0871,advance,2026-07-06T11:16:55+00:00,gdpnow_tracking.xlsx
gdpnow,US,rgdp_growth,2014Q2,2014-05-01,point,,3.8686,saar_pct,0.9534,advance,2026-07-06T11:16:55+00:00,gdpnow_tracking.xlsx
gdpnow,US,rgdp_growth,2014Q2,2014-05-02,point,,4.1857,saar_pct,1.0304,advance,2026-07-06T11:16:55+00:00,gdpnow_tracking.xlsx
gdpnow,US,rgdp_growth,2014Q2,2014-05-06,point,,4.04997310155021,saar_pct,0.9975,advance,2026-07-06T11:16:55+00:00,gdpnow_tracking.xlsx
gdpnow,US,rgdp_growth,2014Q2,2014-05-09,point,,3.713242476715095,saar_pct,0.9157,advance,2026-07-06T11:16:55+00:00,gdpnow_tracking.xlsx
gdpnow,US,rgdp_growth,2014Q2,2014-05-12,point,,3.610116783889694,saar_pct,0.8906,advance,2026-07-06T11:16:55+00:00,gdpnow_tracking.xlsx
gdpnow,US,rgdp_growth,2014Q2,2014-05-13,point,,3.5977268775625904,saar_pct,0.8875,advance,2026-07-06T11:16:55+00:00,gdpnow_tracking.xlsx
gdpnow,US,rgdp_growth,2014Q2,2014-05-15,point,,3.233305597457914,saar_pct,0.7987,advance,2026-07-06T11:16:55+00:00,gdpnow_tracking.xlsx
gdpnow,US,rgdp_growth,2014Q2,2014-05-16,point,,3.2372988862484853,saar_pct,0.7997,advance,2026-07-06T11:16:55+00:00,gdpnow_tracking.xlsx
gdpnow,US,rgdp_growth,2014Q2,2014-05-22,point,,3.2433191406512574,saar_pct,0.8012,advance,2026-07-06T11:16:55+00:00,gdpnow_tracking.xlsx
gdpnow,US,rgdp_growth,2014Q2,2014-05-23,point,,3.173445132042052,saar_pct,0.7841,advance,2026-07-06T11:16:55+00:00,gdpnow_tracking.xlsx
gdpnow,US,rgdp_growth,2014Q2,2014-05-27,point,,3.137836210408529,saar_pct,0.7754,advance,2026-07-06T11:16:55+00:00,gdpnow_tracking.xlsx
gdpnow,US,rgdp_growth,2014Q2,2014-05-30,point,,2.7027239222744637,saar_pct,0.6689,advance,2026-07-06T11:16:55+00:00,gdpnow_tracking.xlsx
gdpnow,US,rgdp_growth,2014Q2,2014-06-02,point,,3.1549223743267296,saar_pct,0.7796,advance,2026-07-06T11:16:55+00:00,gdpnow_tracking.xlsx
gdpnow,US,rgdp_growth,2014Q2,2014-06-03,point,,3.1177295366252356,saar_pct,0.7705,advance,2026-07-06T11:16:55+00:00,gdpnow_tracking.xlsx
gdpnow,US,rgdp_growth,2014Q2,2014-06-04,point,,2.62604659127883,saar_pct,0.6501,advance,2026-07-06T11:16:55+00:00,gdpnow_tracking.xlsx
gdpnow,US,rgdp_growth,2014Q2,2014-06-06,point,,2.6841711510985355,saar_pct,0.6644,advance,2026-07-06T11:16:55+00:00,gdpnow_tracking.xlsx
gdpnow,US,rgdp_growth,2014Q2,2014-06-10,point,,2.9351405335341196,saar_pct,0.7258,advance,2026-07-06T11:16:55+00:00,gdpnow_tracking.xlsx
gdpnow,US,rgdp_growth,2014Q2,2014-06-11,point,,2.9482092202317123,saar_pct,0.729,advance,2026-07-06T11:16:55+00:00,gdpnow_tracking.xlsx
gdpnow,US,rgdp_growth,2014Q2,2014-06-12,point,,2.8857029819167934,saar_pct,0.7137,advance,2026-07-06T11:16:55+00:00,gdpnow_tracking.xlsx
gdpnow,US,rgdp_growth,2014Q2,2014-06-16,point,,2.950898696821014,saar_pct,0.7297,advance,2026-07-06T11:16:55+00:00,gdpnow_tracking.xlsx
gdpnow,US,rgdp_growth,2014Q2,2014-06-17,point,,2.8135233226241674,saar_pct,0.6961,advance,2026-07-06T11:16:55+00:00,gdpnow_tracking.xlsx
gdpnow,US,rgdp_growth,2014Q2,2014-06-23,point,,2.935454067119281,saar_pct,0.7259,advance,2026-07-06T11:16:55+00:00,gdpnow_tracking.xlsx
gdpnow,US,rgdp_growth,2014Q2,2014-06-24,point,,3.0046921785203518,saar_pct,0.7429,advance,2026-07-06T11:16:55+00:00,gdpnow_tracking.xlsx
gdpnow,US,rgdp_growth,2014Q2,2014-06-26,point,,2.1966268376689024,saar_pct,0.5447,advance,2026-07-06T11:16:55+00:00,gdpnow_tracking.xlsx
gdpnow,US,rgdp_growth,2014Q2,2014-07-01,point,,2.4767448984191143,saar_pct,0.6135,advance,2026-07-06T11:16:55+00:00,gdpnow_tracking.xlsx
gdpnow,US,rgdp_growth,2014Q2,2014-07-02,point,,2.4395726997009204,saar_pct,0.6044,advance,2026-07-06T11:16:55+00:00,gdpnow_tracking.xlsx
gdpnow,US,rgdp_growth,2014Q2,2014-07-03,point,,2.604447791463338,saar_pct,0.6448,advance,2026-07-06T11:16:55+00:00,gdpnow_tracking.xlsx
gdpnow,US,rgdp_growth,2014Q2,2014-07-10,point,,2.573361938259011,saar_pct,0.6372,advance,2026-07-06T11:16:55+00:00,gdpnow_tracking.xlsx
gdpnow,US,rgdp_growth,2014Q2,2014-07-11,point,,2.4735946046711588,saar_pct,0.6127,advance,2026-07-06T11:16:55+00:00,gdpnow_tracking.xlsx
gdpnow,US,rgdp_growth,2014Q2,2014-07-15,point,,2.7073029633756462,saar_pct,0.6701,advance,2026-07-06T11:16:55+00:00,gdpnow_tracking.xlsx
gdpnow,US,rgdp_growth,2014Q2,2014-07-16,point,,2.720283475355423,saar_pct,0.6732,advance,2026-07-06T11:16:55+00:00,gdpnow_tracking.xlsx
gdpnow,US,rgdp_growth,2014Q2,2014-07-17,point,,2.7021619577906275,saar_pct,0.6688,advance,2026-07-06T11:16:55+00:00,gdpnow_tracking.xlsx
gdpnow,US,rgdp_growth,2014Q2,2014-07-22,point,,2.701613339861897,saar_pct,0.6687,advance,2026-07-06T11:16:55+00:00,gdpnow_tracking.xlsx
gdpnow,US,rgdp_growth,2014Q2,2014-07-24,point,,2.738221412128139,saar_pct,0.6776,advance,2026-07-06T11:16:55+00:00,gdpnow_tracking.xlsx
gdpnow,US,rgdp_growth,2014Q2,2014-07-25,point,,2.666613540054774,saar_pct,0.6601,advance,2026-07-06T11:16:55+00:00,gdpnow_tracking.xlsx
gdpnow,US,rgdp_growth,2014Q3,2014-08-04,point,,2.6102606965163977,saar_pct,0.6463,advance,2026-07-06T11:16:55+00:00,gdpnow_tracking.xlsx
gdpnow,US,rgdp_growth,2014Q3,2014-08-05,point,,2.627007237071477,saar_pct,0.6504,advance,2026-07-06T11:16:55+00:00,gdpnow_tracking.xlsx
gdpnow,US,rgdp_growth,2014Q3,2014-08-06,point,,2.771186267833592,saar_pct,0.6857,advance,2026-07-06T11:16:55+00:00,gdpnow_tracking.xlsx
gdpnow,US,rgdp_growth,2014Q3,2014-08-08,point,,2.9470578341870945,saar_pct,0.7288,advance,2026-07-06T11:16:55+00:00,gdpnow_tracking.xlsx
gdpnow,US,rgdp_growth,2014Q3,2014-08-12,point,,2.8272873955244915,saar_pct,0.6994,advance,2026-07-06T11:16:55+00:00,gdpnow_tracking.xlsx
gdpnow,US,rgdp_growth,2014Q3,2014-08-13,point,,2.726758110676286,saar_pct,0.6748,advance,2026-07-06T11:16:55+00:00,gdpnow_tracking.xlsx
gdpnow,US,rgdp_growth,2014Q3,2014-08-15,point,,2.8990288814794596,saar_pct,0.717,advance,2026-07-06T11:16:55+00:00,gdpnow_tracking.xlsx
gdpnow,US,rgdp_growth,2014Q3,2014-08-19,point,,3.011576759202539,saar_pct,0.7445,advance,2026-07-06T11:16:55+00:00,gdpnow_tracking.xlsx
gdpnow,US,rgdp_growth,2014Q3,2014-08-21,point,,3.0329086784358195,saar_pct,0.7498,advance,2026-07-06T11:16:55+00:00,gdpnow_tracking.xlsx
gdpnow,US,rgdp_growth,2014Q3,2014-08-25,point,,3.0165921346572144,saar_pct,0.7458,advance,2026-07-06T11:16:55+00:00,gdpnow_tracking.xlsx
gdpnow,US,rgdp_growth,2014Q3,2014-08-26,point,,3.1553434791584456,saar_pct,0.7797,advance,2026-07-06T11:16:55+00:00,gdpnow_tracking.xlsx
gdpnow,US,rgdp_growth,2014Q3,2014-08-29,point,,2.282019691088233,saar_pct,0.5657,advance,2026-07-06T11:16:55+00:00,gdpnow_tracking.xlsx
gdpnow,US,rgdp_growth,2014Q3,2014-09-02,point,,3.2486429895880464,saar_pct,0.8025,advance,2026-07-06T11:16:55+00:00,gdpnow_tracking.xlsx
gdpnow,US,rgdp_growth,2014Q3,2014-09-03,point,,3.2526695627295155,saar_pct,0.8034,advance,2026-07-06T11:16:55+00:00,gdpnow_tracking.xlsx
gdpnow,US,rgdp_growth,2014Q3,2014-09-04,point,,3.640029475505857,saar_pct,0.8978,advance,2026-07-06T11:16:55+00:00,gdpnow_tracking.xlsx
gdpnow,US,rgdp_growth,2014Q3,2014-09-05,point,,3.1336280000735073,saar_pct,0.7744,advance,2026-07-06T11:16:55+00:00,gdpnow_tracking.xlsx
gdpnow,US,rgdp_growth,2014Q3,2014-09-10,point,,3.018272182720416,saar_pct,0.7462,advance,2026-07-06T11:16:55+00:00,gdpnow_tracking.xlsx
gdpnow,US,rgdp_growth,2014Q3,2014-09-11,point,,3.0643695171331364,saar_pct,0.7574,advance,2026-07-06T11:16:55+00:00,gdpnow_tracking.xlsx
gdpnow,US,rgdp_growth,2014Q3,2014-09-12,point,,3.3661757965346206,saar_pct,0.8311,advance,2026-07-06T11:16:55+00:00,gdpnow_tracking.xlsx
gdpnow,US,rgdp_growth,2014Q3,2014-09-15,point,,3.1628569990571176,saar_pct,0.7815,advance,2026-07-06T11:16:55+00:00,gdpnow_tracking.xlsx
gdpnow,US,rgdp_growth,2014Q3,2014-09-17,point,,3.1898980194270177,saar_pct,0.7881,advance,2026-07-06T11:16:55+00:00,gdpnow_tracking.xlsx
gdpnow,US,rgdp_growth,2014Q3,2014-09-18,point,,3.2114267263470886,saar_pct,0.7934,advance,2026-07-06T11:16:55+00:00,gdpnow_tracking.xlsx
gdpnow,US,rgdp_growth,2014Q3,2014-09-22,point,,3.217713213084461,saar_pct,0.7949,advance,2026-07-06T11:16:55+00:00,gdpnow_tracking.xlsx
gdpnow,US,rgdp_growth,2014Q3,2014-09-24,point,,3.2867908225625575,saar_pct,0.8118,advance,2026-07-06T11:16:55+00:00,gdpnow_tracking.xlsx
gdpnow,US,rgdp_growth,2014Q3,2014-09-25,point,,3.29131056901526,saar_pct,0.8129,advance,2026-07-06T11:16:55+00:00,gdpnow_tracking.xlsx
gdpnow,US,rgdp_growth,2014Q3,2014-09-29,point,,3.572828228011282,saar_pct,0.8815,advance,2026-07-06T11:16:55+00:00,gdpnow_tracking.xlsx
gdpnow,US,rgdp_growth,2014Q3,2014-10-01,point,,3.2939924165453327,saar_pct,0.8135,advance,2026-07-06T11:16:55+00:00,gdpnow_tracking.xlsx
gdpnow,US,rgdp_growth,2014Q3,2014-10-02,point,,3.0631908983691503,saar_pct,0.7572,advance,2026-07-06T11:16:55+00:00,gdpnow_tracking.xlsx
gdpnow,US,rgdp_growth,2014Q3,2014-10-03,point,,3.1898258193781004,saar_pct,0.7881,advance,2026-07-06T11:16:55+00:00,gdpnow_tracking.xlsx
gdpnow,US,rgdp_growth,2014Q3,2014-10-09,point,,3.1760753754141335,saar_pct,0.7847,advance,2026-07-06T11:16:55+00:00,gdpnow_tracking.xlsx
gdpnow,US,rgdp_growth,2014Q3,2014-10-15,point,,2.9392175152505695,saar_pct,0.7268,advance,2026-07-06T11:16:55+00:00,gdpnow_tracking.xlsx
gdpnow,US,rgdp_growth,2014Q3,2014-10-16,point,,3.019165134413937,saar_pct,0.7464,advance,2026-07-06T11:16:55+00:00,gdpnow_tracking.xlsx
gdpnow,US,rgdp_growth,2014Q3,2014-10-17,point,,3.0451586204325753,saar_pct,0.7527,advance,2026-07-06T11:16:55+00:00,gdpnow_tracking.xlsx
gdpnow,US,rgdp_growth,2014Q3,2014-10-21,point,,3.0572836809209747,saar_pct,0.7557,advance,2026-07-06T11:16:55+00:00,gdpnow_tracking.xlsx
gdpnow,US,rgdp_growth,2014Q3,2014-10-22,point,,3.0257091145321047,saar_pct,0.748,advance,2026-07-06T11:16:55+00:00,gdpnow_tracking.xlsx
gdpnow,US,rgdp_growth,2014Q3,2014-10-24,point,,2.747401791014914,saar_pct,0.6799,advance,2026-07-06T11:16:55+00:00,gdpnow_tracking.xlsx
gdpnow,US,rgdp_growth,2014Q3,2014-10-28,point,,2.6998986548669057,saar_pct,0.6682,advance,2026-07-06T11:16:55+00:00,gdpnow_tracking.xlsx
gdpnow,US,rgdp_growth,2014Q4,2014-10-31,point,,2.053698172870755,saar_pct,0.5095,advance,2026-07-06T11:16:55+00:00,gdpnow_tracking.xlsx
gdpnow,US,rgdp_growth,2014Q4,2014-11-03,point,,3.2618412459960444,saar_pct,0.8057,advance,2026-07-06T11:16:55+00:00,gdpnow_tracking.xlsx
gdpnow,US,rgdp_growth,2014Q4,2014-11-04,point,,3.14598358825926,saar_pct,0.7774,advance,2026-07-06T11:16:55+00:00,gdpnow_tracking.xlsx
gdpnow,US,rgdp_growth,2014Q4,2014-11-05,point,,3.0672673842504494,saar_pct,0.7582,advance,2026-07-06T11:16:55+00:00,gdpnow_tracking.xlsx
gdpnow,US,rgdp_growth,2014Q4,2014-11-07,point,,2.167112102682456,saar_pct,0.5374,advance,2026-07-06T11:16:55+00:00,gdpnow_tracking.xlsx
gdpnow,US,rgdp_growth,2014Q4,2014-11-12,point,,2.2611685634732703,saar_pct,0.5606,advance,2026-07-06T11:16:55+00:00,gdpnow_tracking.xlsx
gdpnow,US,rgdp_growth,2014Q4,2014-11-13,point,,2.417569977209344,saar_pct,0.599,advance,2026-07-06T11:16:55+00:00,gdpnow_tracking.xlsx
gdpnow,US,rgdp_growth,2014Q4,2014-11-14,point,,2.5870843561871304,saar_pct,0.6406,advance,2026-07-06T11:16:55+00:00,gdpnow_tracking.xlsx
gdpnow,US,rgdp_growth,2014Q4,2014-11-17,point,,2.2216519581857774,saar_pct,0.5508,advance,2026-07-06T11:16:55+00:00,gdpnow_tracking.xlsx
gdpnow,US,rgdp_growth,2014Q4,2014-11-19,point,,2.271872224554694,saar_pct,0.5632,advance,2026-07-06T11:16:55+00:00,gdpnow_tracking.xlsx
gdpnow,US,rgdp_growth,2014Q4,2014-11-20,point,,2.2077721373877646,saar_pct,0.5474,advance,2026-07-06T11:16:55+00:00,gdpnow_tracking.xlsx
gdpnow,US,rgdp_growth,2014Q4,2014-11-26,point,,2.330368500800173,saar_pct,0.5776,advance,2026-07-06T11:16:55+00:00,gdpnow_tracking.xlsx
gdpnow,US,rgdp_growth,2014Q4,2014-12-01,point,,3.1135957148546334,saar_pct,0.7695,advance,2026-07-06T11:16:55+00:00,gdpnow_tracking.xlsx
gdpnow,US,rgdp_growth,2014Q4,2014-12-02,point,,3.0158800480320602,saar_pct,0.7456,advance,2026-07-06T11:16:55+00:00,gdpnow_tracking.xlsx
gdpnow,US,rgdp_growth,2014Q4,2014-12-05,point,,2.10863419731111,saar_pct,0.523,advance,2026-07-06T11:16:55+00:00,gdpnow_tracking.xlsx
gdpnow,US,rgdp_growth,2014Q4,2014-12-09,point,,2.10134230006207,saar_pct,0.5212,advance,2026-07-06T11:16:55+00:00,gdpnow_tracking.xlsx
gdpnow,US,rgdp_growth,2014Q4,2014-12-11,point,,2.2325693028564686,saar_pct,0.5535,advance,2026-07-06T11:16:55+00:00,gdpnow_tracking.xlsx
gdpnow,US,rgdp_growth,2014Q4,2014-12-15,point,,2.5593741001171066,saar_pct,0.6338,advance,2026-07-06T11:16:55+00:00,gdpnow_tracking.xlsx
gdpnow,US,rgdp_growth,2014Q4,2014-12-16,point,,2.7438898186225247,saar_pct,0.679,advance,2026-07-06T11:16:55+00:00,gdpnow_tracking.xlsx
gdpnow,US,rgdp_growth,2014Q4,2014-12-17,point,,2.838022004942875,saar_pct,0.7021,advance,2026-07-06T11:16:55+00:00,gdpnow_tracking.xlsx
gdpnow,US,rgdp_growth,2014Q4,2014-12-23,point,,2.978384045454363,saar_pct,0.7364,advance,2026-07-06T11:16:55+00:00,gdpnow_tracking.xlsx
gdpnow,US,rgdp_growth,2014Q4,2015-01-02,point,,3.0618196015142374,saar_pct,0.7568,advance,2026-07-06T11:16:55+00:00,gdpnow_tracking.xlsx
gdpnow,US,rgdp_growth,2014Q4,2015-01-06,point,,3.0067169732858723,saar_pct,0.7433,advance,2026-07-06T11:16:55+00:00,gdpnow_tracking.xlsx
gdpnow,US,rgdp_growth,2014Q4,2015-01-07,point,,3.255150601466106,saar_pct,0.804,advance,2026-07-06T11:16:55+00:00,gdpnow_tracking.xlsx
gdpnow,US,rgdp_growth,2014Q4,2015-01-09,point,,3.5074495736099554,saar_pct,0.8656,advance,2026-07-06T11:16:55+00:00,gdpnow_tracking.xlsx
gdpnow,US,rgdp_growth,2014Q4,2015-01-13,point,,3.767383341898989,saar_pct,0.9288,advance,2026-07-06T11:16:55+00:00,gdpnow_tracking.xlsx
gdpnow,US,rgdp_growth,2014Q4,2015-01-14,point,,3.382981138132779,saar_pct,0.8352,advance,2026-07-06T11:16:55+00:00,gdpnow_tracking.xlsx
gdpnow,US,rgdp_growth,2014Q4,2015-01-16,point,,3.4596684741498684,saar_pct,0.8539,advance,2026-07-06T11:16:55+00:00,gdpnow_tracking.xlsx
gdpnow,US,rgdp_growth,2014Q4,2015-01-21,point,,3.467710052477324,saar_pct,0.8559,advance,2026-07-06T11:16:55+00:00,gdpnow_tracking.xlsx
gdpnow,US,rgdp_growth,2014Q4,2015-01-23,point,,3.5299025743973145,saar_pct,0.871,advance,2026-07-06T11:16:55+00:00,gdpnow_tracking.xlsx
gdpnow,US,rgdp_growth,2014Q4,2015-01-27,point,,3.4917880647771016,saar_pct,0.8617,advance,2026-07-06T11:16:55+00:00,gdpnow_tracking.xlsx
gdpnow,US,rgdp_growth,2015Q1,2015-02-02,point,,1.9055505450382704,saar_pct,0.473,advance,2026-07-06T11:16:55+00:00,gdpnow_tracking.xlsx
gdpnow,US,rgdp_growth,2015Q1,2015-02-03,point,,2.257592775094741,saar_pct,0.5597,advance,2026-07-06T11:16:55+00:00,gdpnow_tracking.xlsx
gdpnow,US,rgdp_growth,2015Q1,2015-02-05,point,,2.148943082534771,saar_pct,0.533,advance,2026-07-06T11:16:55+00:00,gdpnow_tracking.xlsx
gdpnow,US,rgdp_growth,2015Q1,2015-02-06,point,,2.245700162945319,saar_pct,0.5568,advance,2026-07-06T11:16:55+00:00,gdpnow_tracking.xlsx
gdpnow,US,rgdp_growth,2015Q1,2015-02-10,point,,2.2751461080293245,saar_pct,0.564,advance,2026-07-06T11:16:55+00:00,gdpnow_tracking.xlsx
gdpnow,US,rgdp_growth,2015Q1,2015-02-12,point,,2.2147881506635603,saar_pct,0.5492,advance,2026-07-06T11:16:55+00:00,gdpnow_tracking.xlsx
gdpnow,US,rgdp_growth,2015Q1,2015-02-13,point,,2.2956489906424737,saar_pct,0.569,advance,2026-07-06T11:16:55+00:00,gdpnow_tracking.xlsx
gdpnow,US,rgdp_growth,2015Q1,2015-02-18,point,,1.9451186149464395,saar_pct,0.4828,advance,2026-07-06T11:16:55+00:00,gdpnow_tracking.xlsx
gdpnow,US,rgdp_growth,2015Q1,2015-02-23,point,,1.8205101747917007,saar_pct,0.4521,advance,2026-07-06T11:16:55+00:00,gdpnow_tracking.xlsx
gdpnow,US,rgdp_growth,2015Q1,2015-02-26,point,,1.67069039462584,saar_pct,0.4151,advance,2026-07-06T11:16:55+00:00,gdpnow_tracking.xlsx
gdpnow,US,rgdp_growth,2015Q1,2015-03-02,point,,1.2183464310046688,saar_pct,0.3032,advance,2026-07-06T11:16:55+00:00,gdpnow_tracking.xlsx
gdpnow,US,rgdp_growth,2015Q1,2015-03-05,point,,1.301931469419726,saar_pct,0.3239,advance,2026-07-06T11:16:55+00:00,gdpnow_tracking.xlsx
gdpnow,US,rgdp_growth,2015Q1,2015-03-06,point,,1.1849943655795947,saar_pct,0.2949,advance,2026-07-06T11:16:55+00:00,gdpnow_tracking.xlsx
gdpnow,US,rgdp_growth,2015Q1,2015-03-10,point,,1.3582610828052788,saar_pct,0.3378,advance,2026-07-06T11:16:55+00:00,gdpnow_tracking.xlsx
gdpnow,US,rgdp_growth,2015Q1,2015-03-12,point,,0.6462400198214535,saar_pct,0.1612,advance,2026-07-06T11:16:55+00:00,gdpnow_tracking.xlsx
gdpnow,US,rgdp_growth,2015Q1,2015-03-13,point,,0.7653296654130948,saar_pct,0.1908,advance,2026-07-06T11:16:55+00:00,gdpnow_tracking.xlsx
gdpnow,US,rgdp_growth,2015Q1,2015-03-16,point,,0.42244240080846485,saar_pct,0.1054,advance,2026-07-06T11:16:55+00:00,gdpnow_tracking.xlsx
gdpnow,US,rgdp_growth,2015Q1,2015-03-17,point,,0.3142407936876701,saar_pct,0.0785,advance,2026-07-06T11:16:55+00:00,gdpnow_tracking.xlsx
gdpnow,US,rgdp_growth,2015Q1,2015-03-23,point,,0.3458388950658975,saar_pct,0.0863,advance,2026-07-06T11:16:55+00:00,gdpnow_tracking.xlsx
gdpnow,US,rgdp_growth,2015Q1,2015-03-24,point,,0.34578279241701537,saar_pct,0.0863,advance,2026-07-06T11:16:55+00:00,gdpnow_tracking.xlsx
gdpnow,US,rgdp_growth,2015Q1,2015-03-25,point,,0.22365754853597153,saar_pct,0.0559,advance,2026-07-06T11:16:55+00:00,gdpnow_tracking.xlsx
gdpnow,US,rgdp_growth,2015Q1,2015-03-30,point,,0.22242661057489954,saar_pct,0.0556,advance,2026-07-06T11:16:55+00:00,gdpnow_tracking.xlsx
gdpnow,US,rgdp_growth,2015Q1,2015-04-01,point,,0.010638250188943488,saar_pct,0.0027,advance,2026-07-06T11:16:55+00:00,gdpnow_tracking.xlsx
gdpnow,US,rgdp_growth,2015Q1,2015-04-02,point,,0.13389995848589464,saar_pct,0.0335,advance,2026-07-06T11:16:55+00:00,gdpnow_tracking.xlsx
gdpnow,US,rgdp_growth,2015Q1,2015-04-03,point,,0.23214638463544546,saar_pct,0.058,advance,2026-07-06T11:16:55+00:00,gdpnow_tracking.xlsx
gdpnow,US,rgdp_growth,2015Q1,2015-04-06,point,,0.24006358634562908,saar_pct,0.06,advance,2026-07-06T11:16:55+00:00,gdpnow_tracking.xlsx
gdpnow,US,rgdp_growth,2015Q1,2015-04-09,point,,0.3416624872273788,saar_pct,0.0853,advance,2026-07-06T11:16:55+00:00,gdpnow_tracking.xlsx
gdpnow,US,rgdp_growth,2015Q1,2015-04-10,point,,0.2892913218686566,saar_pct,0.0722,advance,2026-07-06T11:16:55+00:00,gdpnow_tracking.xlsx
gdpnow,US,rgdp_growth,2015Q1,2015-04-13,point,,0.21866534130938753,saar_pct,0.0546,advance,2026-07-06T11:16:55+00:00,gdpnow_tracking.xlsx
gdpnow,US,rgdp_growth,2015Q1,2015-04-14,point,,0.16325411574109605,saar_pct,0.0408,advance,2026-07-06T11:16:55+00:00,gdpnow_tracking.xlsx
gdpnow,US,rgdp_growth,2015Q1,2015-04-15,point,,0.14341655669758424,saar_pct,0.0358,advance,2026-07-06T11:16:55+00:00,gdpnow_tracking.xlsx
gdpnow,US,rgdp_growth,2015Q1,2015-04-16,point,,0.09288952246224724,saar_pct,0.0232,advance,2026-07-06T11:16:55+00:00,gdpnow_tracking.xlsx
gdpnow,US,rgdp_growth,2015Q1,2015-04-17,point,,0.13099960341731443,saar_pct,0.0327,advance,2026-07-06T11:16:55+00:00,gdpnow_tracking.xlsx
gdpnow,US,rgdp_growth,2015Q1,2015-04-22,point,,0.19021856026621986,saar_pct,0.0475,advance,2026-07-06T11:16:55+00:00,gdpnow_tracking.xlsx
gdpnow,US,rgdp_growth,2015Q1,2015-04-23,point,,0.1994831751604309,saar_pct,0.0498,advance,2026-07-06T11:16:55+00:00,gdpnow_tracking.xlsx
gdpnow,US,rgdp_growth,2015Q1,2015-04-24,point,,0.09875645704413571,saar_pct,0.0247,advance,2026-07-06T11:16:55+00:00,gdpnow_tracking.xlsx
gdpnow,US,rgdp_growth,2015Q2,2015-04-30,point,,0.9310164254746844,saar_pct,0.2319,advance,2026-07-06T11:16:55+00:00,gdpnow_tracking.xlsx
gdpnow,US,rgdp_growth,2015Q2,2015-05-01,point,,0.8281747509905513,saar_pct,0.2064,advance,2026-07-06T11:16:55+00:00,gdpnow_tracking.xlsx
gdpnow,US,rgdp_growth,2015Q2,2015-05-04,point,,0.8598607752836385,saar_pct,0.2143,advance,2026-07-06T11:16:55+00:00,gdpnow_tracking.xlsx
gdpnow,US,rgdp_growth,2015Q2,2015-05-05,point,,0.7641473066827942,saar_pct,0.1905,advance,2026-07-06T11:16:55+00:00,gdpnow_tracking.xlsx
gdpnow,US,rgdp_growth,2015Q2,2015-05-08,point,,0.8126257629629929,saar_pct,0.2025,advance,2026-07-06T11:16:55+00:00,gdpnow_tracking.xlsx
gdpnow,US,rgdp_growth,2015Q2,2015-05-12,point,,0.7841417621992974,saar_pct,0.1955,advance,2026-07-06T11:16:55+00:00,gdpnow_tracking.xlsx
gdpnow,US,rgdp_growth,2015Q2,2015-05-13,point,,0.7387252417508039,saar_pct,0.1842,advance,2026-07-06T11:16:55+00:00,gdpnow_tracking.xlsx
gdpnow,US,rgdp_growth,2015Q2,2015-05-15,point,,0.5808921361892816,saar_pct,0.1449,advance,2026-07-06T11:16:55+00:00,gdpnow_tracking.xlsx
gdpnow,US,rgdp_growth,2015Q2,2015-05-19,point,,0.6715357238840758,saar_pct,0.1675,advance,2026-07-06T11:16:55+00:00,gdpnow_tracking.xlsx
gdpnow,US,rgdp_growth,2015Q2,2015-05-21,point,,0.5594016074336849,saar_pct,0.1396,advance,2026-07-06T11:16:55+00:00,gdpnow_tracking.xlsx
gdpnow,US,rgdp_growth,2015Q2,2015-05-22,point,,0.5698186979911757,saar_pct,0.1422,advance,2026-07-06T11:16:55+00:00,gdpnow_tracking.xlsx
gdpnow,US,rgdp_growth,2015Q2,2015-05-26,point,,0.8075568772465624,saar_pct,0.2013,advance,2026-07-06T11:16:55+00:00,gdpnow_tracking.xlsx
gdpnow,US,rgdp_growth,2015Q2,2015-06-01,point,,0.7832317971516289,saar_pct,0.1952,advance,2026-07-06T11:16:55+00:00,gdpnow_tracking.xlsx
gdpnow,US,rgdp_growth,2015Q2,2015-06-02,point,,0.7657340482974284,saar_pct,0.1909,advance,2026-07-06T11:16:55+00:00,gdpnow_tracking.xlsx
gdpnow,US,rgdp_growth,2015Q2,2015-06-03,point,,1.1057486636909752,saar_pct,0.2753,advance,2026-07-06T11:16:55+00:00,gdpnow_tracking.xlsx
gdpnow,US,rgdp_growth,2015Q2,2015-06-04,point,,1.3775484930317994,saar_pct,0.3426,advance,2026-07-06T11:16:55+00:00,gdpnow_tracking.xlsx
gdpnow,US,rgdp_growth,2015Q2,2015-06-05,point,,1.4636251838626713,saar_pct,0.3639,advance,2026-07-06T11:16:55+00:00,gdpnow_tracking.xlsx
gdpnow,US,rgdp_growth,2015Q2,2015-06-09,point,,1.5177262359858945,saar_pct,0.3773,advance,2026-07-06T11:16:55+00:00,gdpnow_tracking.xlsx
gdpnow,US,rgdp_growth,2015Q2,2015-06-10,point,,1.4949160286224839,saar_pct,0.3717,advance,2026-07-06T11:16:55+00:00,gdpnow_tracking.xlsx
gdpnow,US,rgdp_growth,2015Q2,2015-06-11,point,,1.9340200738412694,saar_pct,0.48,advance,2026-07-06T11:16:55+00:00,gdpnow_tracking.xlsx
gdpnow,US,rgdp_growth,2015Q2,2015-06-15,point,,1.9792026736053625,saar_pct,0.4912,advance,2026-07-06T11:16:55+00:00,gdpnow_tracking.xlsx
gdpnow,US,rgdp_growth,2015Q2,2015-06-16,point,,1.9159897556819239,saar_pct,0.4756,advance,2026-07-06T11:16:55+00:00,gdpnow_tracking.xlsx
gdpnow,US,rgdp_growth,2015Q2,2015-06-18,point,,1.9462496551962305,saar_pct,0.4831,advance,2026-07-06T11:16:55+00:00,gdpnow_tracking.xlsx
gdpnow,US,rgdp_growth,2015Q2,2015-06-22,point,,2.0188348010926394,saar_pct,0.5009,advance,2026-07-06T11:16:55+00:00,gdpnow_tracking.xlsx
gdpnow,US,rgdp_growth,2015Q2,2015-06-23,point,,1.975010304568614,saar_pct,0.4901,advance,2026-07-06T11:16:55+00:00,gdpnow_tracking.xlsx
gdpnow,US,rgdp_growth,2015Q2,2015-06-25,point,,2.054929814103912,saar_pct,0.5098,advance,2026-07-06T11:16:55+00:00,gdpnow_tracking.xlsx
gdpnow,US,rgdp_growth,2015Q2,2015-07-01,point,,2.1528449802541205,saar_pct,0.5339,advance,2026-07-06T11:16:55+00:00,gdpnow_tracking.xlsx
gdpnow,US,rgdp_growth,2015Q2,2015-07-02,point,,2.1599906353565013,saar_pct,0.5357,advance,2026-07-06T11:16:55+00:00,gdpnow_tracking.xlsx
gdpnow,US,rgdp_growth,2015Q2,2015-07-06,point,,2.084357289110783,saar_pct,0.5171,advance,2026-07-06T11:16:55+00:00,gdpnow_tracking.xlsx
gdpnow,US,rgdp_growth,2015Q2,2015-07-07,point,,2.308702212068603,saar_pct,0.5722,advance,2026-07-06T11:16:55+00:00,gdpnow_tracking.xlsx
gdpnow,US,rgdp_growth,2015Q2,2015-07-10,point,,2.482951545194978,saar_pct,0.615,advance,2026-07-06T11:16:55+00:00,gdpnow_tracking.xlsx
gdpnow,US,rgdp_growth,2015Q2,2015-07-13,point,,2.6105070149437193,saar_pct,0.6463,advance,2026-07-06T11:16:55+00:00,gdpnow_tracking.xlsx
gdpnow,US,rgdp_growth,2015Q2,2015-07-14,point,,2.3680690706700647,saar_pct,0.5868,advance,2026-07-06T11:16:55+00:00,gdpnow_tracking.xlsx
gdpnow,US,rgdp_growth,2015Q2,2015-07-15,point,,2.3492811244327116,saar_pct,0.5822,advance,2026-07-06T11:16:55+00:00,gdpnow_tracking.xlsx
gdpnow,US,rgdp_growth,2015Q2,2015-07-17,point,,2.36350149872373,saar_pct,0.5857,advance,2026-07-06T11:16:55+00:00,gdpnow_tracking.xlsx
gdpnow,US,rgdp_growth,2015Q2,2015-07-22,point,,2.360647204483368,saar_pct,0.585,advance,2026-07-06T11:16:55+00:00,gdpnow_tracking.xlsx
gdpnow,US,rgdp_growth,2015Q2,2015-07-24,point,,2.3637665155200382,saar_pct,0.5858,advance,2026-07-06T11:16:55+00:00,gdpnow_tracking.xlsx
gdpnow,US,rgdp_growth,2015Q2,2015-07-27,point,,2.4328485868467586,saar_pct,0.6027,advance,2026-07-06T11:16:55+00:00,gdpnow_tracking.xlsx
gdpnow,US,rgdp_growth,2015Q3,2015-08-06,point,,0.9433958041093815,saar_pct,0.235,advance,2026-07-06T11:16:55+00:00,gdpnow_tracking.xlsx
gdpnow,US,rgdp_growth,2015Q3,2015-08-07,point,,0.852728640733913,saar_pct,0.2125,advance,2026-07-06T11:16:55+00:00,gdpnow_tracking.xlsx
gdpnow,US,rgdp_growth,2015Q3,2015-08-11,point,,0.5844646882352089,saar_pct,0.1458,advance,2026-07-06T11:16:55+00:00,gdpnow_tracking.xlsx
gdpnow,US,rgdp_growth,2015Q3,2015-08-12,point,,0.6538749584628079,saar_pct,0.1631,advance,2026-07-06T11:16:55+00:00,gdpnow_tracking.xlsx
gdpnow,US,rgdp_growth,2015Q3,2015-08-13,point,,0.679199471942038,saar_pct,0.1694,advance,2026-07-06T11:16:55+00:00,gdpnow_tracking.xlsx
gdpnow,US,rgdp_growth,2015Q3,2015-08-14,point,,1.1761968544083068,saar_pct,0.2928,advance,2026-07-06T11:16:55+00:00,gdpnow_tracking.xlsx
gdpnow,US,rgdp_growth,2015Q3,2015-08-18,point,,1.3004862525513916,saar_pct,0.3235,advance,2026-07-06T11:16:55+00:00,gdpnow_tracking.xlsx
gdpnow,US,rgdp_growth,2015Q3,2015-08-19,point,,1.2886083763449019,saar_pct,0.3206,advance,2026-07-06T11:16:55+00:00,gdpnow_tracking.xlsx
gdpnow,US,rgdp_growth,2015Q3,2015-08-20,point,,1.2535425610878725,saar_pct,0.3119,advance,2026-07-06T11:16:55+00:00,gdpnow_tracking.xlsx
gdpnow,US,rgdp_growth,2015Q3,2015-08-26,point,,1.387879255055946,saar_pct,0.3452,advance,2026-07-06T11:16:55+00:00,gdpnow_tracking.xlsx
gdpnow,US,rgdp_growth,2015Q3,2015-08-28,point,,1.2091140321716098,saar_pct,0.3009,advance,2026-07-06T11:16:55+00:00,gdpnow_tracking.xlsx
gdpnow,US,rgdp_growth,2015Q3,2015-08-29,point,,1.3988703861772533,saar_pct,0.3479,advance,2026-07-06T11:16:55+00:00,gdpnow_tracking.xlsx
gdpnow,US,rgdp_growth,2015Q3,2015-09-01,point,,1.3451771637006615,saar_pct,0.3346,advance,2026-07-06T11:16:55+00:00,gdpnow_tracking.xlsx
gdpnow,US,rgdp_growth,2015Q3,2015-09-02,point,,1.394074534420553,saar_pct,0.3467,advance,2026-07-06T11:16:55+00:00,gdpnow_tracking.xlsx
gdpnow,US,rgdp_growth,2015Q3,2015-09-03,point,,1.5326355808791048,saar_pct,0.381,advance,2026-07-06T11:16:55+00:00,gdpnow_tracking.xlsx
gdpnow,US,rgdp_growth,2015Q3,2015-09-04,point,,1.4109676990447406,saar_pct,0.3509,advance,2026-07-06T11:16:55+00:00,gdpnow_tracking.xlsx
gdpnow,US,rgdp_growth,2015Q3,2015-09-10,point,,1.4061679590087417,saar_pct,0.3497,advance,2026-07-06T11:16:55+00:00,gdpnow_tracking.xlsx
gdpnow,US,rgdp_growth,2015Q3,2015-09-11,point,,1.2590324863047675,saar_pct,0.3133,advance,2026-07-06T11:16:55+00:00,gdpnow_tracking.xlsx
gdpnow,US,rgdp_growth,2015Q3,2015-09-15,point,,1.4636774721770607,saar_pct,0.3639,advance,2026-07-06T11:16:55+00:00,gdpnow_tracking.xlsx
gdpnow,US,rgdp_growth,2015Q3,2015-09-16,point,,1.3929332880223022,saar_pct,0.3464,advance,2026-07-06T11:16:55+00:00,gdpnow_tracking.xlsx
gdpnow,US,rgdp_growth,2015Q3,2015-09-17,point,,1.4918278031753607,saar_pct,0.3709,advance,2026-07-06T11:16:55+00:00,gdpnow_tracking.xlsx
gdpnow,US,rgdp_growth,2015Q3,2015-09-21,point,,1.4168849590310284,saar_pct,0.3524,advance,2026-07-06T11:16:55+00:00,gdpnow_tracking.xlsx
gdpnow,US,rgdp_growth,2015Q3,2015-09-24,point,,1.3909329471044174,saar_pct,0.3459,advance,2026-07-06T11:16:55+00:00,gdpnow_tracking.xlsx
gdpnow,US,rgdp_growth,2015Q3,2015-09-28,point,,1.7881643623801624,saar_pct,0.4441,advance,2026-07-06T11:16:55+00:00,gdpnow_tracking.xlsx
gdpnow,US,rgdp_growth,2015Q3,2015-09-29,point,,1.071026724931179,saar_pct,0.2667,advance,2026-07-06T11:16:55+00:00,gdpnow_tracking.xlsx
gdpnow,US,rgdp_growth,2015Q3,2015-10-01,point,,0.8882130943997035,saar_pct,0.2213,advance,2026-07-06T11:16:55+00:00,gdpnow_tracking.xlsx
gdpnow,US,rgdp_growth,2015Q3,2015-10-02,point,,0.7438772646079617,saar_pct,0.1855,advance,2026-07-06T11:16:55+00:00,gdpnow_tracking.xlsx
gdpnow,US,rgdp_growth,2015Q3,2015-10-05,point,,0.8688192274817874,saar_pct,0.2165,advance,2026-07-06T11:16:55+00:00,gdpnow_tracking.xlsx
gdpnow,US,rgdp_growth,2015Q3,2015-10-06,point,,1.146794322255884,saar_pct,0.2855,advance,2026-07-06T11:16:55+00:00,gdpnow_tracking.xlsx
gdpnow,US,rgdp_growth,2015Q3,2015-10-09,point,,1.0388481721351317,saar_pct,0.2587,advance,2026-07-06T11:16:55+00:00,gdpnow_tracking.xlsx
gdpnow,US,rgdp_growth,2015Q3,2015-10-14,point,,0.8939521146634766,saar_pct,0.2227,advance,2026-07-06T11:16:55+00:00,gdpnow_tracking.xlsx
gdpnow,US,rgdp_growth,2015Q3,2015-10-15,point,,0.7544397246793011,saar_pct,0.1881,advance,2026-07-06T11:16:55+00:00,gdpnow_tracking.xlsx
gdpnow,US,rgdp_growth,2015Q3,2015-10-16,point,,0.848419440926862,saar_pct,0.2114,advance,2026-07-06T11:16:55+00:00,gdpnow_tracking.xlsx
gdpnow,US,rgdp_growth,2015Q3,2015-10-20,point,,0.8604123051861645,saar_pct,0.2144,advance,2026-07-06T11:16:55+00:00,gdpnow_tracking.xlsx
gdpnow,US,rgdp_growth,2015Q3,2015-10-22,point,,0.9200902861142835,saar_pct,0.2292,advance,2026-07-06T11:16:55+00:00,gdpnow_tracking.xlsx
gdpnow,US,rgdp_growth,2015Q3,2015-10-26,point,,0.9147944414027886,saar_pct,0.2279,advance,2026-07-06T11:16:55+00:00,gdpnow_tracking.xlsx
gdpnow,US,rgdp_growth,2015Q3,2015-10-27,point,,0.7664044789516211,saar_pct,0.1911,advance,2026-07-06T11:16:55+00:00,gdpnow_tracking.xlsx
gdpnow,US,rgdp_growth,2015Q3,2015-10-28,point,,1.0636970345107688,saar_pct,0.2649,advance,2026-07-06T11:16:55+00:00,gdpnow_tracking.xlsx
gdpnow,US,rgdp_growth,2015Q4,2015-10-30,point,,2.541739432343393,saar_pct,0.6295,advance,2026-07-06T11:16:55+00:00,gdpnow_tracking.xlsx
gdpnow,US,rgdp_growth,2015Q4,2015-11-02,point,,1.9471044881226973,saar_pct,0.4833,advance,2026-07-06T11:16:55+00:00,gdpnow_tracking.xlsx
gdpnow,US,rgdp_growth,2015Q4,2015-11-03,point,,1.9162230173863648,saar_pct,0.4757,advance,2026-07-06T11:16:55+00:00,gdpnow_tracking.xlsx
gdpnow,US,rgdp_growth,2015Q4,2015-11-04,point,,2.305182406974393,saar_pct,0.5714,advance,2026-07-06T11:16:55+00:00,gdpnow_tracking.xlsx
gdpnow,US,rgdp_growth,2015Q4,2015-11-06,point,,2.8948994396215566,saar_pct,0.716,advance,2026-07-06T11:16:55+00:00,gdpnow_tracking.xlsx
gdpnow,US,rgdp_growth,2015Q4,2015-11-10,point,,2.5240254139604,saar_pct,0.6251,advance,2026-07-06T11:16:55+00:00,gdpnow_tracking.xlsx
gdpnow,US,rgdp_growth,2015Q4,2015-11-12,point,,2.58000117994468,saar_pct,0.6389,advance,2026-07-06T11:16:55+00:00,gdpnow_tracking.xlsx
gdpnow,US,rgdp_growth,2015Q4,2015-11-13,point,,2.3340423069771354,saar_pct,0.5785,advance,2026-07-06T11:16:55+00:00,gdpnow_tracking.xlsx
gdpnow,US,rgdp_growth,2015Q4,2015-11-17,point,,2.335954832490428,saar_pct,0.5789,advance,2026-07-06T11:16:55+00:00,gdpnow_tracking.xlsx
gdpnow,US,rgdp_growth,2015Q4,2015-11-18,point,,2.324325661844573,saar_pct,0.5761,advance,2026-07-06T11:16:55+00:00,gdpnow_tracking.xlsx
gdpnow,US,rgdp_growth,2015Q4,2015-11-23,point,,2.1589866701535287,saar_pct,0.5354,advance,2026-07-06T11:16:55+00:00,gdpnow_tracking.xlsx
gdpnow,US,rgdp_growth,2015Q4,2015-11-25,point,,1.8167509514163793,saar_pct,0.4511,advance,2026-07-06T11:16:55+00:00,gdpnow_tracking.xlsx
gdpnow,US,rgdp_growth,2015Q4,2015-11-27,point,,1.8428168162037295,saar_pct,0.4576,advance,2026-07-06T11:16:55+00:00,gdpnow_tracking.xlsx
gdpnow,US,rgdp_growth,2015Q4,2015-12-01,point,,1.3751453958991355,saar_pct,0.342,advance,2026-07-06T11:16:55+00:00,gdpnow_tracking.xlsx
gdpnow,US,rgdp_growth,2015Q4,2015-12-02,point,,1.5005680458326065,saar_pct,0.373,advance,2026-07-06T11:16:55+00:00,gdpnow_tracking.xlsx
gdpnow,US,rgdp_growth,2015Q4,2015-12-03,point,,1.6549588792374115,saar_pct,0.4112,advance,2026-07-06T11:16:55+00:00,gdpnow_tracking.xlsx
gdpnow,US,rgdp_growth,2015Q4,2015-12-04,point,,1.5419098594304126,saar_pct,0.3833,advance,2026-07-06T11:16:55+00:00,gdpnow_tracking.xlsx
gdpnow,US,rgdp_growth,2015Q4,2015-12-09,point,,1.6847348947413243,saar_pct,0.4185,advance,2026-07-06T11:16:55+00:00,gdpnow_tracking.xlsx
gdpnow,US,rgdp_growth,2015Q4,2015-12-10,point,,1.6570766031413386,saar_pct,0.4117,advance,2026-07-06T11:16:55+00:00,gdpnow_tracking.xlsx
gdpnow,US,rgdp_growth,2015Q4,2015-12-11,point,,1.8568100387903907,saar_pct,0.461,advance,2026-07-06T11:16:55+00:00,gdpnow_tracking.xlsx
gdpnow,US,rgdp_growth,2015Q4,2015-12-15,point,,1.9783199054992373,saar_pct,0.491,advance,2026-07-06T11:16:55+00:00,gdpnow_tracking.xlsx
gdpnow,US,rgdp_growth,2015Q4,2015-12-16,point,,1.9467263557077397,saar_pct,0.4832,advance,2026-07-06T11:16:55+00:00,gdpnow_tracking.xlsx
gdpnow,US,rgdp_growth,2015Q4,2015-12-23,point,,1.3144003712940222,saar_pct,0.327,advance,2026-07-06T11:16:55+00:00,gdpnow_tracking.xlsx
gdpnow,US,rgdp_growth,2015Q4,2015-12-29,point,,1.19193070000434,saar_pct,0.2967,advance,2026-07-06T11:16:55+00:00,gdpnow_tracking.xlsx
gdpnow,US,rgdp_growth,2015Q4,2016-01-04,point,,0.6563567984542606,saar_pct,0.1637,advance,2026-07-06T11:16:55+00:00,gdpnow_tracking.xlsx
gdpnow,US,rgdp_growth,2015Q4,2016-01-06,point,,0.9683780782071327,saar_pct,0.2412,advance,2026-07-06T11:16:55+00:00,gdpnow_tracking.xlsx
gdpnow,US,rgdp_growth,2015Q4,2016-01-07,point,,0.8950427807346673,saar_pct,0.223,advance,2026-07-06T11:16:55+00:00,gdpnow_tracking.xlsx
gdpnow,US,rgdp_growth,2015Q4,2016-01-08,point,,0.7926887391926263,saar_pct,0.1976,advance,2026-07-06T11:16:55+00:00,gdpnow_tracking.xlsx
gdpnow,US,rgdp_growth,2015Q4,2016-01-13,point,,0.8349432737348117,saar_pct,0.2081,advance,2026-07-06T11:16:55+00:00,gdpnow_tracking.xlsx
gdpnow,US,rgdp_growth,2015Q4,2016-01-14,point,,0.8429560910059308,saar_pct,0.2101,advance,2026-07-06T11:16:55+00:00,gdpnow_tracking.xlsx
gdpnow,US,rgdp_growth,2015Q4,2016-01-15,point,,0.6471527629844376,saar_pct,0.1614,advance,2026-07-06T11:16:55+00:00,gdpnow_tracking.xlsx
gdpnow,US,rgdp_growth,2015Q4,2016-01-20,point,,0.7461726884809394,saar_pct,0.186,advance,2026-07-06T11:16:55+00:00,gdpnow_tracking.xlsx
gdpnow,US,rgdp_growth,2015Q4,2016-01-22,point,,0.8961774152922652,saar_pct,0.2233,advance,2026-07-06T11:16:55+00:00,gdpnow_tracking.xlsx
gdpnow,US,rgdp_growth,2015Q4,2016-01-27,point,,0.8938738294799631,saar_pct,0.2227,advance,2026-07-06T11:16:55+00:00,gdpnow_tracking.xlsx
gdpnow,US,rgdp_growth,2015Q4,2016-01-28,point,,1.0179277488008065,saar_pct,0.2535,advance,2026-07-06T11:16:55+00:00,gdpnow_tracking.xlsx
gdpnow,US,rgdp_growth,2016Q1,2016-02-01,point,,1.2280870455794846,saar_pct,0.3056,advance,2026-07-06T11:16:55+00:00,gdpnow_tracking.xlsx
gdpnow,US,rgdp_growth,2016Q1,2016-02-03,point,,1.4447181457795555,saar_pct,0.3592,advance,2026-07-06T11:16:55+00:00,gdpnow_tracking.xlsx
gdpnow,US,rgdp_growth,2016Q1,2016-02-04,point,,1.5374052115268988,saar_pct,0.3822,advance,2026-07-06T11:16:55+00:00,gdpnow_tracking.xlsx
gdpnow,US,rgdp_growth,2016Q1,2016-02-05,point,,2.2103028818313497,saar_pct,0.5481,advance,2026-07-06T11:16:55+00:00,gdpnow_tracking.xlsx
gdpnow,US,rgdp_growth,2016Q1,2016-02-09,point,,2.457156410262362,saar_pct,0.6087,advance,2026-07-06T11:16:55+00:00,gdpnow_tracking.xlsx
gdpnow,US,rgdp_growth,2016Q1,2016-02-10,point,,2.4651012256854177,saar_pct,0.6107,advance,2026-07-06T11:16:55+00:00,gdpnow_tracking.xlsx
gdpnow,US,rgdp_growth,2016Q1,2016-02-12,point,,2.68076188077078,saar_pct,0.6636,advance,2026-07-06T11:16:55+00:00,gdpnow_tracking.xlsx
gdpnow,US,rgdp_growth,2016Q1,2016-02-17,point,,2.575192123273551,saar_pct,0.6377,advance,2026-07-06T11:16:55+00:00,gdpnow_tracking.xlsx
gdpnow,US,rgdp_growth,2016Q1,2016-02-19,point,,2.4298743509711285,saar_pct,0.602,advance,2026-07-06T11:16:55+00:00,gdpnow_tracking.xlsx
gdpnow,US,rgdp_growth,2016Q1,2016-02-23,point,,2.377251962552984,saar_pct,0.5891,advance,2026-07-06T11:16:55+00:00,gdpnow_tracking.xlsx
gdpnow,US,rgdp_growth,2016Q1,2016-02-24,point,,2.368616388214173,saar_pct,0.587,advance,2026-07-06T11:16:55+00:00,gdpnow_tracking.xlsx
gdpnow,US,rgdp_growth,2016Q1,2016-02-25,point,,2.4783210622268292,saar_pct,0.6139,advance,2026-07-06T11:16:55+00:00,gdpnow_tracking.xlsx
gdpnow,US,rgdp_growth,2016Q1,2016-02-26,point,,2.1396753441039307,saar_pct,0.5307,advance,2026-07-06T11:16:55+00:00,gdpnow_tracking.xlsx
gdpnow,US,rgdp_growth,2016Q1,2016-03-01,point,,1.8929182731831418,saar_pct,0.4699,advance,2026-07-06T11:16:55+00:00,gdpnow_tracking.xlsx
gdpnow,US,rgdp_growth,2016Q1,2016-03-02,point,,1.9381808021768698,saar_pct,0.4811,advance,2026-07-06T11:16:55+00:00,gdpnow_tracking.xlsx
gdpnow,US,rgdp_growth,2016Q1,2016-03-03,point,,1.9812565744969257,saar_pct,0.4917,advance,2026-07-06T11:16:55+00:00,gdpnow_tracking.xlsx
gdpnow,US,rgdp_growth,2016Q1,2016-03-04,point,,2.221216118674074,saar_pct,0.5507,advance,2026-07-06T11:16:55+00:00,gdpnow_tracking.xlsx
gdpnow,US,rgdp_growth,2016Q1,2016-03-09,point,,2.2127110707538256,saar_pct,0.5486,advance,2026-07-06T11:16:55+00:00,gdpnow_tracking.xlsx
gdpnow,US,rgdp_growth,2016Q1,2016-03-10,point,,2.26438032511469,saar_pct,0.5614,advance,2026-07-06T11:16:55+00:00,gdpnow_tracking.xlsx
gdpnow,US,rgdp_growth,2016Q1,2016-03-11,point,,2.30689120768133,saar_pct,0.5718,advance,2026-07-06T11:16:55+00:00,gdpnow_tracking.xlsx
gdpnow,US,rgdp_growth,2016Q1,2016-03-15,point,,1.943115481618074,saar_pct,0.4823,advance,2026-07-06T11:16:55+00:00,gdpnow_tracking.xlsx
gdpnow,US,rgdp_growth,2016Q1,2016-03-16,point,,1.8532096955901523,saar_pct,0.4601,advance,2026-07-06T11:16:55+00:00,gdpnow_tracking.xlsx
gdpnow,US,rgdp_growth,2016Q1,2016-03-21,point,,1.6619630940053254,saar_pct,0.4129,advance,2026-07-06T11:16:55+00:00,gdpnow_tracking.xlsx
gdpnow,US,rgdp_growth,2016Q1,2016-03-23,point,,1.6261129802048968,saar_pct,0.4041,advance,2026-07-06T11:16:55+00:00,gdpnow_tracking.xlsx
gdpnow,US,rgdp_growth,2016Q1,2016-03-24,point,,1.4230433651816643,saar_pct,0.3539,advance,2026-07-06T11:16:55+00:00,gdpnow_tracking.xlsx
gdpnow,US,rgdp_growth,2016Q1,2016-03-28,point,,0.6287551453674434,saar_pct,0.1568,advance,2026-07-06T11:16:55+00:00,gdpnow_tracking.xlsx
gdpnow,US,rgdp_growth,2016Q1,2016-04-01,point,,0.7035399807862497,saar_pct,0.1754,advance,2026-07-06T11:16:55+00:00,gdpnow_tracking.xlsx
gdpnow,US,rgdp_growth,2016Q1,2016-04-04,point,,0.42816021052871633,saar_pct,0.1069,advance,2026-07-06T11:16:55+00:00,gdpnow_tracking.xlsx
gdpnow,US,rgdp_growth,2016Q1,2016-04-05,point,,0.39731835240115476,saar_pct,0.0992,advance,2026-07-06T11:16:55+00:00,gdpnow_tracking.xlsx
gdpnow,US,rgdp_growth,2016Q1,2016-04-08,point,,0.12399369853461906,saar_pct,0.031,advance,2026-07-06T11:16:55+00:00,gdpnow_tracking.xlsx
gdpnow,US,rgdp_growth,2016Q1,2016-04-12,point,,0.120276464195124,saar_pct,0.0301,advance,2026-07-06T11:16:55+00:00,gdpnow_tracking.xlsx
gdpnow,US,rgdp_growth,2016Q1,2016-04-13,point,,0.2760013381858162,saar_pct,0.0689,advance,2026-07-06T11:16:55+00:00,gdpnow_tracking.xlsx
gdpnow,US,rgdp_growth,2016Q1,2016-04-14,point,,0.36375086948812196,saar_pct,0.0908,advance,2026-07-06T11:16:55+00:00,gdpnow_tracking.xlsx
gdpnow,US,rgdp_growth,2016Q1,2016-04-15,point,,0.3544824047922779,saar_pct,0.0885,advance,2026-07-06T11:16:55+00:00,gdpnow_tracking.xlsx
gdpnow,US,rgdp_growth,2016Q1,2016-04-19,point,,0.3369787998602325,saar_pct,0.0841,advance,2026-07-06T11:16:55+00:00,gdpnow_tracking.xlsx
gdpnow,US,rgdp_growth,2016Q1,2016-04-20,point,,0.41408068141843835,saar_pct,0.1034,advance,2026-07-06T11:16:55+00:00,gdpnow_tracking.xlsx
gdpnow,US,rgdp_growth,2016Q1,2016-04-25,point,,0.4129504759369018,saar_pct,0.1031,advance,2026-07-06T11:16:55+00:00,gdpnow_tracking.xlsx
gdpnow,US,rgdp_growth,2016Q1,2016-04-26,point,,0.38922404876247096,saar_pct,0.0972,advance,2026-07-06T11:16:55+00:00,gdpnow_tracking.xlsx
gdpnow,US,rgdp_growth,2016Q1,2016-04-27,point,,0.6208742312950655,saar_pct,0.1549,advance,2026-07-06T11:16:55+00:00,gdpnow_tracking.xlsx
gdpnow,US,rgdp_growth,2016Q2,2016-04-29,point,,1.8312524945390152,saar_pct,0.4547,advance,2026-07-06T11:16:55+00:00,gdpnow_tracking.xlsx
gdpnow,US,rgdp_growth,2016Q2,2016-05-02,point,,1.7792026115925008,saar_pct,0.4419,advance,2026-07-06T11:16:55+00:00,gdpnow_tracking.xlsx
gdpnow,US,rgdp_growth,2016Q2,2016-05-04,point,,1.6704896720703744,saar_pct,0.415,advance,2026-07-06T11:16:55+00:00,gdpnow_tracking.xlsx
gdpnow,US,rgdp_growth,2016Q2,2016-05-05,point,,2.1097851924295474,saar_pct,0.5233,advance,2026-07-06T11:16:55+00:00,gdpnow_tracking.xlsx
gdpnow,US,rgdp_growth,2016Q2,2016-05-06,point,,2.207246505955851,saar_pct,0.5473,advance,2026-07-06T11:16:55+00:00,gdpnow_tracking.xlsx
gdpnow,US,rgdp_growth,2016Q2,2016-05-10,point,,2.155072281301118,saar_pct,0.5345,advance,2026-07-06T11:16:55+00:00,gdpnow_tracking.xlsx
gdpnow,US,rgdp_growth,2016Q2,2016-05-11,point,,2.2613012983885294,saar_pct,0.5606,advance,2026-07-06T11:16:55+00:00,gdpnow_tracking.xlsx
gdpnow,US,rgdp_growth,2016Q2,2016-05-12,point,,2.26822234047002,saar_pct,0.5623,advance,2026-07-06T11:16:55+00:00,gdpnow_tracking.xlsx
gdpnow,US,rgdp_growth,2016Q2,2016-05-13,point,,2.7902565720317574,saar_pct,0.6904,advance,2026-07-06T11:16:55+00:00,gdpnow_tracking.xlsx
gdpnow,US,rgdp_growth,2016Q2,2016-05-17,point,,2.533801797642754,saar_pct,0.6275,advance,2026-07-06T11:16:55+00:00,gdpnow_tracking.xlsx
gdpnow,US,rgdp_growth,2016Q2,2016-05-18,point,,2.3693997393280375,saar_pct,0.5872,advance,2026-07-06T11:16:55+00:00,gdpnow_tracking.xlsx
gdpnow,US,rgdp_growth,2016Q2,2016-05-20,point,,2.4113841354145515,saar_pct,0.5975,advance,2026-07-06T11:16:55+00:00,gdpnow_tracking.xlsx
gdpnow,US,rgdp_growth,2016Q2,2016-05-24,point,,2.567517697928845,saar_pct,0.6358,advance,2026-07-06T11:16:55+00:00,gdpnow_tracking.xlsx
gdpnow,US,rgdp_growth,2016Q2,2016-05-25,point,,2.7780511561482646,saar_pct,0.6874,advance,2026-07-06T11:16:55+00:00,gdpnow_tracking.xlsx
gdpnow,US,rgdp_growth,2016Q2,2016-05-26,point,,2.8874720305357204,saar_pct,0.7142,advance,2026-07-06T11:16:55+00:00,gdpnow_tracking.xlsx
gdpnow,US,rgdp_growth,2016Q2,2016-05-31,point,,2.9365859175831455,saar_pct,0.7262,advance,2026-07-06T11:16:55+00:00,gdpnow_tracking.xlsx
gdpnow,US,rgdp_growth,2016Q2,2016-06-01,point,,2.475494231429276,saar_pct,0.6132,advance,2026-07-06T11:16:55+00:00,gdpnow_tracking.xlsx
gdpnow,US,rgdp_growth,2016Q2,2016-06-02,point,,2.4814528994868468,saar_pct,0.6147,advance,2026-07-06T11:16:55+00:00,gdpnow_tracking.xlsx
gdpnow,US,rgdp_growth,2016Q2,2016-06-03,point,,2.4862286952667123,saar_pct,0.6158,advance,2026-07-06T11:16:55+00:00,gdpnow_tracking.xlsx
gdpnow,US,rgdp_growth,2016Q2,2016-06-09,point,,2.527855310984095,saar_pct,0.6261,advance,2026-07-06T11:16:55+00:00,gdpnow_tracking.xlsx
gdpnow,US,rgdp_growth,2016Q2,2016-06-10,point,,2.48506165458946,saar_pct,0.6156,advance,2026-07-06T11:16:55+00:00,gdpnow_tracking.xlsx
gdpnow,US,rgdp_growth,2016Q2,2016-06-14,point,,2.7809150543620653,saar_pct,0.6881,advance,2026-07-06T11:16:55+00:00,gdpnow_tracking.xlsx
gdpnow,US,rgdp_growth,2016Q2,2016-06-15,point,,2.6605882135997794,saar_pct,0.6586,advance,2026-07-06T11:16:55+00:00,gdpnow_tracking.xlsx
gdpnow,US,rgdp_growth,2016Q2,2016-06-16,point,,2.7025921964572097,saar_pct,0.6689,advance,2026-07-06T11:16:55+00:00,gdpnow_tracking.xlsx
gdpnow,US,rgdp_growth,2016Q2,2016-06-17,point,,2.7504689381530945,saar_pct,0.6806,advance,2026-07-06T11:16:55+00:00,gdpnow_tracking.xlsx
gdpnow,US,rgdp_growth,2016Q2,2016-06-22,point,,2.751990886244271,saar_pct,0.681,advance,2026-07-06T11:16:55+00:00,gdpnow_tracking.xlsx
gdpnow,US,rgdp_growth,2016Q2,2016-06-23,point,,2.680207532516321,saar_pct,0.6634,advance,2026-07-06T11:16:55+00:00,gdpnow_tracking.xlsx
gdpnow,US,rgdp_growth,2016Q2,2016-06-24,point,,2.5824668589032207,saar_pct,0.6395,advance,2026-07-06T11:16:55+00:00,gdpnow_tracking.xlsx
gdpnow,US,rgdp_growth,2016Q2,2016-06-27,point,,2.505967048100244,saar_pct,0.6207,advance,2026-07-06T11:16:55+00:00,gdpnow_tracking.xlsx
gdpnow,US,rgdp_growth,2016Q2,2016-06-29,point,,2.6570683818832874,saar_pct,0.6577,advance,2026-07-06T11:16:55+00:00,gdpnow_tracking.xlsx
gdpnow,US,rgdp_growth,2016Q2,2016-07-01,point,,2.5649838004761616,saar_pct,0.6352,advance,2026-07-06T11:16:55+00:00,gdpnow_tracking.xlsx
gdpnow,US,rgdp_growth,2016Q2,2016-07-05,point,,2.3975295437524524,saar_pct,0.5941,advance,2026-07-06T11:16:55+00:00,gdpnow_tracking.xlsx
gdpnow,US,rgdp_growth,2016Q2,2016-07-06,point,,2.385594272415603,saar_pct,0.5911,advance,2026-07-06T11:16:55+00:00,gdpnow_tracking.xlsx
gdpnow,US,rgdp_growth,2016Q2,2016-07-08,point,,2.3666030265378835,saar_pct,0.5865,advance,2026-07-06T11:16:55+00:00,gdpnow_tracking.xlsx
gdpnow,US,rgdp_growth,2016Q2,2016-07-12,point,,2.3158260517722518,saar_pct,0.574,advance,2026-07-06T11:16:55+00:00,gdpnow_tracking.xlsx
gdpnow,US,rgdp_growth,2016Q2,2016-07-13,point,,2.306769957349819,saar_pct,0.5718,advance,2026-07-06T11:16:55+00:00,gdpnow_tracking.xlsx
gdpnow,US,rgdp_growth,2016Q2,2016-07-15,point,,2.4112865201310507,saar_pct,0.5974,advance,2026-07-06T11:16:55+00:00,gdpnow_tracking.xlsx
gdpnow,US,rgdp_growth,2016Q2,2016-07-19,point,,2.4151036530880132,saar_pct,0.5984,advance,2026-07-06T11:16:55+00:00,gdpnow_tracking.xlsx
gdpnow,US,rgdp_growth,2016Q2,2016-07-21,point,,2.410097329337324,saar_pct,0.5972,advance,2026-07-06T11:16:55+00:00,gdpnow_tracking.xlsx
gdpnow,US,rgdp_growth,2016Q2,2016-07-26,point,,2.365674791574679,saar_pct,0.5862,advance,2026-07-06T11:16:55+00:00,gdpnow_tracking.xlsx
gdpnow,US,rgdp_growth,2016Q2,2016-07-27,point,,2.267141298055031,saar_pct,0.562,advance,2026-07-06T11:16:55+00:00,gdpnow_tracking.xlsx
gdpnow,US,rgdp_growth,2016Q2,2016-07-28,point,,1.8332561587395713,saar_pct,0.4552,advance,2026-07-06T11:16:55+00:00,gdpnow_tracking.xlsx
gdpnow,US,rgdp_growth,2016Q3,2016-08-03,point,,3.6384142518287366,saar_pct,0.8974,advance,2026-07-06T11:16:55+00:00,gdpnow_tracking.xlsx
gdpnow,US,rgdp_growth,2016Q3,2016-08-04,point,,3.6714290478139677,saar_pct,0.9055,advance,2026-07-06T11:16:55+00:00,gdpnow_tracking.xlsx
gdpnow,US,rgdp_growth,2016Q3,2016-08-05,point,,3.804959266712493,saar_pct,0.938,advance,2026-07-06T11:16:55+00:00,gdpnow_tracking.xlsx
gdpnow,US,rgdp_growth,2016Q3,2016-08-09,point,,3.6947463486563192,saar_pct,0.9112,advance,2026-07-06T11:16:55+00:00,gdpnow_tracking.xlsx
gdpnow,US,rgdp_growth,2016Q3,2016-08-10,point,,3.6741784931482835,saar_pct,0.9062,advance,2026-07-06T11:16:55+00:00,gdpnow_tracking.xlsx
gdpnow,US,rgdp_growth,2016Q3,2016-08-11,point,,3.684185350730873,saar_pct,0.9086,advance,2026-07-06T11:16:55+00:00,gdpnow_tracking.xlsx
gdpnow,US,rgdp_growth,2016Q3,2016-08-12,point,,3.51573939966143,saar_pct,0.8676,advance,2026-07-06T11:16:55+00:00,gdpnow_tracking.xlsx
gdpnow,US,rgdp_growth,2016Q3,2016-08-16,point,,3.645220664853932,saar_pct,0.8991,advance,2026-07-06T11:16:55+00:00,gdpnow_tracking.xlsx
gdpnow,US,rgdp_growth,2016Q3,2016-08-23,point,,3.575980306864035,saar_pct,0.8823,advance,2026-07-06T11:16:55+00:00,gdpnow_tracking.xlsx
gdpnow,US,rgdp_growth,2016Q3,2016-08-24,point,,3.4321992814114077,saar_pct,0.8472,advance,2026-07-06T11:16:55+00:00,gdpnow_tracking.xlsx
gdpnow,US,rgdp_growth,2016Q3,2016-08-25,point,,3.4078953183493077,saar_pct,0.8413,advance,2026-07-06T11:16:55+00:00,gdpnow_tracking.xlsx
gdpnow,US,rgdp_growth,2016Q3,2016-08-29,point,,3.479599621661267,saar_pct,0.8588,advance,2026-07-06T11:16:55+00:00,gdpnow_tracking.xlsx
gdpnow,US,rgdp_growth,2016Q3,2016-09-01,point,,3.2305541382414926,saar_pct,0.798,advance,2026-07-06T11:16:55+00:00,gdpnow_tracking.xlsx
gdpnow,US,rgdp_growth,2016Q3,2016-09-02,point,,3.4992584645805236,saar_pct,0.8636,advance,2026-07-06T11:16:55+00:00,gdpnow_tracking.xlsx
gdpnow,US,rgdp_growth,2016Q3,2016-09-06,point,,3.3503207341122554,saar_pct,0.8273,advance,2026-07-06T11:16:55+00:00,gdpnow_tracking.xlsx
gdpnow,US,rgdp_growth,2016Q3,2016-09-09,point,,3.2956716945495,saar_pct,0.8139,advance,2026-07-06T11:16:55+00:00,gdpnow_tracking.xlsx
gdpnow,US,rgdp_growth,2016Q3,2016-09-13,point,,3.216465762406706,saar_pct,0.7946,advance,2026-07-06T11:16:55+00:00,gdpnow_tracking.xlsx
gdpnow,US,rgdp_growth,2016Q3,2016-09-14,point,,3.2238216404073317,saar_pct,0.7964,advance,2026-07-06T11:16:55+00:00,gdpnow_tracking.xlsx
gdpnow,US,rgdp_growth,2016Q3,2016-09-15,point,,3.0204689855019007,saar_pct,0.7467,advance,2026-07-06T11:16:55+00:00,gdpnow_tracking.xlsx
gdpnow,US,rgdp_growth,2016Q3,2016-09-16,point,,2.9429325259543226,saar_pct,0.7278,advance,2026-07-06T11:16:55+00:00,gdpnow_tracking.xlsx
gdpnow,US,rgdp_growth,2016Q3,2016-09-20,point,,2.938820897939798,saar_pct,0.7267,advance,2026-07-06T11:16:55+00:00,gdpnow_tracking.xlsx
gdpnow,US,rgdp_growth,2016Q3,2016-09-22,point,,2.8848081590807872,saar_pct,0.7135,advance,2026-07-06T11:16:55+00:00,gdpnow_tracking.xlsx
gdpnow,US,rgdp_growth,2016Q3,2016-09-26,point,,2.8326808625754207,saar_pct,0.7008,advance,2026-07-06T11:16:55+00:00,gdpnow_tracking.xlsx
gdpnow,US,rgdp_growth,2016Q3,2016-09-28,point,,2.778440737764676,saar_pct,0.6875,advance,2026-07-06T11:16:55+00:00,gdpnow_tracking.xlsx
gdpnow,US,rgdp_growth,2016Q3,2016-09-30,point,,2.413084753636352,saar_pct,0.5979,advance,2026-07-06T11:16:55+00:00,gdpnow_tracking.xlsx
gdpnow,US,rgdp_growth,2016Q3,2016-10-03,point,,2.1969280402641678,saar_pct,0.5448,advance,2026-07-06T11:16:55+00:00,gdpnow_tracking.xlsx
gdpnow,US,rgdp_growth,2016Q3,2016-10-05,point,,2.2000526587152125,saar_pct,0.5455,advance,2026-07-06T11:16:55+00:00,gdpnow_tracking.xlsx
gdpnow,US,rgdp_growth,2016Q3,2016-10-07,point,,2.13991079746507,saar_pct,0.5307,advance,2026-07-06T11:16:55+00:00,gdpnow_tracking.xlsx
gdpnow,US,rgdp_growth,2016Q3,2016-10-13,point,,2.1249358284297637,saar_pct,0.5271,advance,2026-07-06T11:16:55+00:00,gdpnow_tracking.xlsx
gdpnow,US,rgdp_growth,2016Q3,2016-10-14,point,,1.9346160834704973,saar_pct,0.4802,advance,2026-07-06T11:16:55+00:00,gdpnow_tracking.xlsx
gdpnow,US,rgdp_growth,2016Q3,2016-10-15,point,,2.0013987116367815,saar_pct,0.4966,advance,2026-07-06T11:16:55+00:00,gdpnow_tracking.xlsx
gdpnow,US,rgdp_growth,2016Q3,2016-10-17,point,,2.0193293272625867,saar_pct,0.5011,advance,2026-07-06T11:16:55+00:00,gdpnow_tracking.xlsx
gdpnow,US,rgdp_growth,2016Q3,2016-10-18,point,,2.028674037501288,saar_pct,0.5034,advance,2026-07-06T11:16:55+00:00,gdpnow_tracking.xlsx
gdpnow,US,rgdp_growth,2016Q3,2016-10-19,point,,2.028951366878995,saar_pct,0.5034,advance,2026-07-06T11:16:55+00:00,gdpnow_tracking.xlsx
gdpnow,US,rgdp_growth,2016Q3,2016-10-20,point,,2.0874170331736774,saar_pct,0.5178,advance,2026-07-06T11:16:55+00:00,gdpnow_tracking.xlsx
gdpnow,US,rgdp_growth,2016Q3,2016-10-26,point,,2.146787560729635,saar_pct,0.5324,advance,2026-07-06T11:16:55+00:00,gdpnow_tracking.xlsx
gdpnow,US,rgdp_growth,2016Q3,2016-10-27,point,,2.095337500694061,saar_pct,0.5198,advance,2026-07-06T11:16:55+00:00,gdpnow_tracking.xlsx
gdpnow,US,rgdp_growth,2016Q4,2016-10-31,point,,2.677656956742558,saar_pct,0.6628,advance,2026-07-06T11:16:55+00:00,gdpnow_tracking.xlsx
gdpnow,US,rgdp_growth,2016Q4,2016-11-01,point,,2.312350600837476,saar_pct,0.5731,advance,2026-07-06T11:16:55+00:00,gdpnow_tracking.xlsx
gdpnow,US,rgdp_growth,2016Q4,2016-11-02,point,,2.9407030181629823,saar_pct,0.7272,advance,2026-07-06T11:16:55+00:00,gdpnow_tracking.xlsx
gdpnow,US,rgdp_growth,2016Q4,2016-11-03,point,,3.097237038381495,saar_pct,0.7655,advance,2026-07-06T11:16:55+00:00,gdpnow_tracking.xlsx
gdpnow,US,rgdp_growth,2016Q4,2016-11-04,point,,3.0842654032513073,saar_pct,0.7623,advance,2026-07-06T11:16:55+00:00,gdpnow_tracking.xlsx
gdpnow,US,rgdp_growth,2016Q4,2016-11-09,point,,3.124147481202022,saar_pct,0.772,advance,2026-07-06T11:16:55+00:00,gdpnow_tracking.xlsx
gdpnow,US,rgdp_growth,2016Q4,2016-11-10,point,,3.07112960309948,saar_pct,0.7591,advance,2026-07-06T11:16:55+00:00,gdpnow_tracking.xlsx
gdpnow,US,rgdp_growth,2016Q4,2016-11-15,point,,3.3273638811047723,saar_pct,0.8217,advance,2026-07-06T11:16:55+00:00,gdpnow_tracking.xlsx
gdpnow,US,rgdp_growth,2016Q4,2016-11-16,point,,3.341818212247194,saar_pct,0.8252,advance,2026-07-06T11:16:55+00:00,gdpnow_tracking.xlsx
gdpnow,US,rgdp_growth,2016Q4,2016-11-17,point,,3.5891631417325653,saar_pct,0.8855,advance,2026-07-06T11:16:55+00:00,gdpnow_tracking.xlsx
gdpnow,US,rgdp_growth,2016Q4,2016-11-22,point,,3.5594269244017873,saar_pct,0.8782,advance,2026-07-06T11:16:55+00:00,gdpnow_tracking.xlsx
gdpnow,US,rgdp_growth,2016Q4,2016-11-23,point,,3.575135997391987,saar_pct,0.882,advance,2026-07-06T11:16:55+00:00,gdpnow_tracking.xlsx
gdpnow,US,rgdp_growth,2016Q4,2016-11-25,point,,3.1341747200194447,saar_pct,0.7745,advance,2026-07-06T11:16:55+00:00,gdpnow_tracking.xlsx
gdpnow,US,rgdp_growth,2016Q4,2016-11-30,point,,2.4439180006089467,saar_pct,0.6055,advance,2026-07-06T11:16:55+00:00,gdpnow_tracking.xlsx
gdpnow,US,rgdp_growth,2016Q4,2016-12-01,point,,2.913516477243161,saar_pct,0.7206,advance,2026-07-06T11:16:55+00:00,gdpnow_tracking.xlsx
gdpnow,US,rgdp_growth,2016Q4,2016-12-02,point,,2.6238191114360765,saar_pct,0.6496,advance,2026-07-06T11:16:55+00:00,gdpnow_tracking.xlsx
gdpnow,US,rgdp_growth,2016Q4,2016-12-05,point,,2.635587107088466,saar_pct,0.6525,advance,2026-07-06T11:16:55+00:00,gdpnow_tracking.xlsx
gdpnow,US,rgdp_growth,2016Q4,2016-12-06,point,,2.6184153908210384,saar_pct,0.6483,advance,2026-07-06T11:16:55+00:00,gdpnow_tracking.xlsx
gdpnow,US,rgdp_growth,2016Q4,2016-12-09,point,,2.5742413188903024,saar_pct,0.6374,advance,2026-07-06T11:16:55+00:00,gdpnow_tracking.xlsx
gdpnow,US,rgdp_growth,2016Q4,2016-12-12,point,,2.63445516745657,saar_pct,0.6522,advance,2026-07-06T11:16:55+00:00,gdpnow_tracking.xlsx
gdpnow,US,rgdp_growth,2016Q4,2016-12-13,point,,2.612946674092642,saar_pct,0.6469,advance,2026-07-06T11:16:55+00:00,gdpnow_tracking.xlsx
gdpnow,US,rgdp_growth,2016Q4,2016-12-14,point,,2.4465441016973566,saar_pct,0.6061,advance,2026-07-06T11:16:55+00:00,gdpnow_tracking.xlsx
gdpnow,US,rgdp_growth,2016Q4,2016-12-15,point,,2.608624174483909,saar_pct,0.6459,advance,2026-07-06T11:16:55+00:00,gdpnow_tracking.xlsx
gdpnow,US,rgdp_growth,2016Q4,2016-12-16,point,,2.5607633184300482,saar_pct,0.6341,advance,2026-07-06T11:16:55+00:00,gdpnow_tracking.xlsx
gdpnow,US,rgdp_growth,2016Q4,2016-12-21,point,,2.5377509372899176,saar_pct,0.6285,advance,2026-07-06T11:16:55+00:00,gdpnow_tracking.xlsx
gdpnow,US,rgdp_growth,2016Q4,2016-12-22,point,,2.5481579009914768,saar_pct,0.631,advance,2026-07-06T11:16:55+00:00,gdpnow_tracking.xlsx
gdpnow,US,rgdp_growth,2016Q4,2016-12-23,point,,2.549672646985579,saar_pct,0.6314,advance,2026-07-06T11:16:55+00:00,gdpnow_tracking.xlsx
gdpnow,US,rgdp_growth,2016Q4,2016-12-29,point,,2.508144878977081,saar_pct,0.6212,advance,2026-07-06T11:16:55+00:00,gdpnow_tracking.xlsx
gdpnow,US,rgdp_growth,2016Q4,2017-01-03,point,,2.8597880436323386,saar_pct,0.7074,advance,2026-07-06T11:16:55+00:00,gdpnow_tracking.xlsx
gdpnow,US,rgdp_growth,2016Q4,2017-01-05,point,,2.9049725867312137,saar_pct,0.7185,advance,2026-07-06T11:16:55+00:00,gdpnow_tracking.xlsx
gdpnow,US,rgdp_growth,2016Q4,2017-01-06,point,,2.8712604702342492,saar_pct,0.7102,advance,2026-07-06T11:16:55+00:00,gdpnow_tracking.xlsx
gdpnow,US,rgdp_growth,2016Q4,2017-01-10,point,,2.9073814614008375,saar_pct,0.7191,advance,2026-07-06T11:16:55+00:00,gdpnow_tracking.xlsx
gdpnow,US,rgdp_growth,2016Q4,2017-01-12,point,,2.87605054823983,saar_pct,0.7114,advance,2026-07-06T11:16:55+00:00,gdpnow_tracking.xlsx
gdpnow,US,rgdp_growth,2016Q4,2017-01-13,point,,2.7815641214616216,saar_pct,0.6883,advance,2026-07-06T11:16:55+00:00,gdpnow_tracking.xlsx
gdpnow,US,rgdp_growth,2016Q4,2017-01-18,point,,2.819311269208913,saar_pct,0.6975,advance,2026-07-06T11:16:55+00:00,gdpnow_tracking.xlsx
gdpnow,US,rgdp_growth,2016Q4,2017-01-19,point,,2.8031083965835535,saar_pct,0.6935,advance,2026-07-06T11:16:55+00:00,gdpnow_tracking.xlsx
gdpnow,US,rgdp_growth,2016Q4,2017-01-24,point,,2.781852369283744,saar_pct,0.6883,advance,2026-07-06T11:16:55+00:00,gdpnow_tracking.xlsx
gdpnow,US,rgdp_growth,2016Q4,2017-01-26,point,,2.881424767469243,saar_pct,0.7127,advance,2026-07-06T11:16:55+00:00,gdpnow_tracking.xlsx
gdpnow,US,rgdp_growth,2017Q1,2017-01-30,point,,2.344861085714145,saar_pct,0.5811,advance,2026-07-06T11:16:55+00:00,gdpnow_tracking.xlsx
gdpnow,US,rgdp_growth,2017Q1,2017-02-01,point,,3.376659722575859,saar_pct,0.8337,advance,2026-07-06T11:16:55+00:00,gdpnow_tracking.xlsx
gdpnow,US,rgdp_growth,2017Q1,2017-02-02,point,,3.050661365135654,saar_pct,0.7541,advance,2026-07-06T11:16:55+00:00,gdpnow_tracking.xlsx
gdpnow,US,rgdp_growth,2017Q1,2017-02-03,point,,2.6659976777857253,saar_pct,0.6599,advance,2026-07-06T11:16:55+00:00,gdpnow_tracking.xlsx
gdpnow,US,rgdp_growth,2017Q1,2017-02-07,point,,2.6986816597713847,saar_pct,0.6679,advance,2026-07-06T11:16:55+00:00,gdpnow_tracking.xlsx
gdpnow,US,rgdp_growth,2017Q1,2017-02-09,point,,2.7444056318779664,saar_pct,0.6792,advance,2026-07-06T11:16:55+00:00,gdpnow_tracking.xlsx
gdpnow,US,rgdp_growth,2017Q1,2017-02-10,point,,2.7131259476792513,saar_pct,0.6715,advance,2026-07-06T11:16:55+00:00,gdpnow_tracking.xlsx
gdpnow,US,rgdp_growth,2017Q1,2017-02-15,point,,2.2159074234653353,saar_pct,0.5494,advance,2026-07-06T11:16:55+00:00,gdpnow_tracking.xlsx
gdpnow,US,rgdp_growth,2017Q1,2017-02-16,point,,2.3700935168595505,saar_pct,0.5873,advance,2026-07-06T11:16:55+00:00,gdpnow_tracking.xlsx
gdpnow,US,rgdp_growth,2017Q1,2017-02-22,point,,2.507529424755006,saar_pct,0.6211,advance,2026-07-06T11:16:55+00:00,gdpnow_tracking.xlsx
gdpnow,US,rgdp_growth,2017Q1,2017-02-24,point,,2.483589803678532,saar_pct,0.6152,advance,2026-07-06T11:16:55+00:00,gdpnow_tracking.xlsx
gdpnow,US,rgdp_growth,2017Q1,2017-02-27,point,,2.4797942846820797,saar_pct,0.6143,advance,2026-07-06T11:16:55+00:00,gdpnow_tracking.xlsx
gdpnow,US,rgdp_growth,2017Q1,2017-02-28,point,,2.236782693913475,saar_pct,0.5546,advance,2026-07-06T11:16:55+00:00,gdpnow_tracking.xlsx
gdpnow,US,rgdp_growth,2017Q1,2017-03-01,point,,1.7910848306732063,saar_pct,0.4448,advance,2026-07-06T11:16:55+00:00,gdpnow_tracking.xlsx
gdpnow,US,rgdp_growth,2017Q1,2017-03-02,point,,1.5265727360695092,saar_pct,0.3795,advance,2026-07-06T11:16:55+00:00,gdpnow_tracking.xlsx
gdpnow,US,rgdp_growth,2017Q1,2017-03-03,point,,1.5071105050730393,saar_pct,0.3747,advance,2026-07-06T11:16:55+00:00,gdpnow_tracking.xlsx
gdpnow,US,rgdp_growth,2017Q1,2017-03-06,point,,1.2950966746611225,saar_pct,0.3222,advance,2026-07-06T11:16:55+00:00,gdpnow_tracking.xlsx
gdpnow,US,rgdp_growth,2017Q1,2017-03-07,point,,1.3122010732792289,saar_pct,0.3264,advance,2026-07-06T11:16:55+00:00,gdpnow_tracking.xlsx
gdpnow,US,rgdp_growth,2017Q1,2017-03-08,point,,1.245697852376959,saar_pct,0.31,advance,2026-07-06T11:16:55+00:00,gdpnow_tracking.xlsx
gdpnow,US,rgdp_growth,2017Q1,2017-03-09,point,,1.2292244723181023,saar_pct,0.3059,advance,2026-07-06T11:16:55+00:00,gdpnow_tracking.xlsx
gdpnow,US,rgdp_growth,2017Q1,2017-03-10,point,,0.9367830736150662,saar_pct,0.2334,advance,2026-07-06T11:16:55+00:00,gdpnow_tracking.xlsx
gdpnow,US,rgdp_growth,2017Q1,2017-03-14,point,,0.9235120477281811,saar_pct,0.2301,advance,2026-07-06T11:16:55+00:00,gdpnow_tracking.xlsx
gdpnow,US,rgdp_growth,2017Q1,2017-03-15,point,,0.9139704889129519,saar_pct,0.2277,advance,2026-07-06T11:16:55+00:00,gdpnow_tracking.xlsx
gdpnow,US,rgdp_growth,2017Q1,2017-03-16,point,,0.9058721192737318,saar_pct,0.2257,advance,2026-07-06T11:16:55+00:00,gdpnow_tracking.xlsx
gdpnow,US,rgdp_growth,2017Q1,2017-03-17,point,,0.9639584473920992,saar_pct,0.2401,advance,2026-07-06T11:16:55+00:00,gdpnow_tracking.xlsx
gdpnow,US,rgdp_growth,2017Q1,2017-03-22,point,,0.8568186448592252,saar_pct,0.2135,advance,2026-07-06T11:16:55+00:00,gdpnow_tracking.xlsx
gdpnow,US,rgdp_growth,2017Q1,2017-03-23,point,,0.9679567245523435,saar_pct,0.2411,advance,2026-07-06T11:16:55+00:00,gdpnow_tracking.xlsx
gdpnow,US,rgdp_growth,2017Q1,2017-03-24,point,,1.003736618571649,saar_pct,0.25,advance,2026-07-06T11:16:55+00:00,gdpnow_tracking.xlsx
gdpnow,US,rgdp_growth,2017Q1,2017-03-27,point,,1.0616070320417226,saar_pct,0.2644,advance,2026-07-06T11:16:55+00:00,gdpnow_tracking.xlsx
gdpnow,US,rgdp_growth,2017Q1,2017-03-28,point,,1.3027842371094556,saar_pct,0.3241,advance,2026-07-06T11:16:55+00:00,gdpnow_tracking.xlsx
gdpnow,US,rgdp_growth,2017Q1,2017-03-31,point,,0.8980358781023767,saar_pct,0.2238,advance,2026-07-06T11:16:55+00:00,gdpnow_tracking.xlsx
gdpnow,US,rgdp_growth,2017Q1,2017-04-03,point,,1.1883424463066117,saar_pct,0.2958,advance,2026-07-06T11:16:55+00:00,gdpnow_tracking.xlsx
gdpnow,US,rgdp_growth,2017Q1,2017-04-04,point,,1.233172289839568,saar_pct,0.3069,advance,2026-07-06T11:16:55+00:00,gdpnow_tracking.xlsx
gdpnow,US,rgdp_growth,2017Q1,2017-04-05,point,,0.8212671319669074,saar_pct,0.2047,advance,2026-07-06T11:16:55+00:00,gdpnow_tracking.xlsx
gdpnow,US,rgdp_growth,2017Q1,2017-04-07,point,,0.6328051521648836,saar_pct,0.1578,advance,2026-07-06T11:16:55+00:00,gdpnow_tracking.xlsx
gdpnow,US,rgdp_growth,2017Q1,2017-04-12,point,,0.697082620284295,saar_pct,0.1738,advance,2026-07-06T11:16:55+00:00,gdpnow_tracking.xlsx
gdpnow,US,rgdp_growth,2017Q1,2017-04-13,point,,0.6952995586625654,saar_pct,0.1734,advance,2026-07-06T11:16:55+00:00,gdpnow_tracking.xlsx
gdpnow,US,rgdp_growth,2017Q1,2017-04-14,point,,0.49353791744932707,saar_pct,0.1232,advance,2026-07-06T11:16:55+00:00,gdpnow_tracking.xlsx
gdpnow,US,rgdp_growth,2017Q1,2017-04-18,point,,0.4518825503294188,saar_pct,0.1128,advance,2026-07-06T11:16:55+00:00,gdpnow_tracking.xlsx
gdpnow,US,rgdp_growth,2017Q1,2017-04-21,point,,0.4810533447390686,saar_pct,0.12,advance,2026-07-06T11:16:55+00:00,gdpnow_tracking.xlsx
gdpnow,US,rgdp_growth,2017Q1,2017-04-25,point,,0.4682687925936291,saar_pct,0.1169,advance,2026-07-06T11:16:55+00:00,gdpnow_tracking.xlsx
gdpnow,US,rgdp_growth,2017Q1,2017-04-26,point,,0.43523577560355964,saar_pct,0.1086,advance,2026-07-06T11:16:55+00:00,gdpnow_tracking.xlsx
gdpnow,US,rgdp_growth,2017Q1,2017-04-27,point,,0.16987861360426848,saar_pct,0.0424,advance,2026-07-06T11:16:55+00:00,gdpnow_tracking.xlsx
gdpnow,US,rgdp_growth,2017Q2,2017-05-01,point,,4.273394166127953,saar_pct,1.0516,advance,2026-07-06T11:16:55+00:00,gdpnow_tracking.xlsx
gdpnow,US,rgdp_growth,2017Q2,2017-05-03,point,,4.030708280697981,saar_pct,0.9928,advance,2026-07-06T11:16:55+00:00,gdpnow_tracking.xlsx
gdpnow,US,rgdp_growth,2017Q2,2017-05-04,point,,4.179450364283399,saar_pct,1.0289,advance,2026-07-06T11:16:55+00:00,gdpnow_tracking.xlsx
gdpnow,US,rgdp_growth,2017Q2,2017-05-05,point,,3.728306505223644,saar_pct,0.9193,advance,2026-07-06T11:16:55+00:00,gdpnow_tracking.xlsx
gdpnow,US,rgdp_growth,2017Q2,2017-05-09,point,,3.6004641502534573,saar_pct,0.8882,advance,2026-07-06T11:16:55+00:00,gdpnow_tracking.xlsx
gdpnow,US,rgdp_growth,2017Q2,2017-05-10,point,,3.514309855701958,saar_pct,0.8672,advance,2026-07-06T11:16:55+00:00,gdpnow_tracking.xlsx
gdpnow,US,rgdp_growth,2017Q2,2017-05-12,point,,3.647269584970858,saar_pct,0.8996,advance,2026-07-06T11:16:55+00:00,gdpnow_tracking.xlsx
gdpnow,US,rgdp_growth,2017Q2,2017-05-16,point,,4.085041165641501,saar_pct,1.006,advance,2026-07-06T11:16:55+00:00,gdpnow_tracking.xlsx
gdpnow,US,rgdp_growth,2017Q2,2017-05-18,point,,3.99059094813623,saar_pct,0.9831,advance,2026-07-06T11:16:55+00:00,gdpnow_tracking.xlsx
gdpnow,US,rgdp_growth,2017Q2,2017-05-23,point,,3.8867499701191743,saar_pct,0.9578,advance,2026-07-06T11:16:55+00:00,gdpnow_tracking.xlsx
gdpnow,US,rgdp_growth,2017Q2,2017-05-24,point,,3.7846227646729957,saar_pct,0.933,advance,2026-07-06T11:16:55+00:00,gdpnow_tracking.xlsx
gdpnow,US,rgdp_growth,2017Q2,2017-05-25,point,,3.5574370861934934,saar_pct,0.8777,advance,2026-07-06T11:16:55+00:00,gdpnow_tracking.xlsx
gdpnow,US,rgdp_growth,2017Q2,2017-05-26,point,,3.67323485494806,saar_pct,0.9059,advance,2026-07-06T11:16:55+00:00,gdpnow_tracking.xlsx
gdpnow,US,rgdp_growth,2017Q2,2017-05-30,point,,3.8188768587336774,saar_pct,0.9413,advance,2026-07-06T11:16:55+00:00,gdpnow_tracking.xlsx
gdpnow,US,rgdp_growth,2017Q2,2017-06-01,point,,3.9758216012043324,saar_pct,0.9795,advance,2026-07-06T11:16:55+00:00,gdpnow_tracking.xlsx
gdpnow,US,rgdp_growth,2017Q2,2017-06-02,point,,3.4216423931550555,saar_pct,0.8446,advance,2026-07-06T11:16:55+00:00,gdpnow_tracking.xlsx
gdpnow,US,rgdp_growth,2017Q2,2017-06-05,point,,3.0924982034140625,saar_pct,0.7643,advance,2026-07-06T11:16:55+00:00,gdpnow_tracking.xlsx
gdpnow,US,rgdp_growth,2017Q2,2017-06-09,point,,2.987508731192756,saar_pct,0.7387,advance,2026-07-06T11:16:55+00:00,gdpnow_tracking.xlsx
gdpnow,US,rgdp_growth,2017Q2,2017-06-12,point,,2.9714226957404666,saar_pct,0.7347,advance,2026-07-06T11:16:55+00:00,gdpnow_tracking.xlsx
gdpnow,US,rgdp_growth,2017Q2,2017-06-13,point,,3.0039532815522296,saar_pct,0.7427,advance,2026-07-06T11:16:55+00:00,gdpnow_tracking.xlsx
gdpnow,US,rgdp_growth,2017Q2,2017-06-14,point,,3.158477034013951,saar_pct,0.7804,advance,2026-07-06T11:16:55+00:00,gdpnow_tracking.xlsx
gdpnow,US,rgdp_growth,2017Q2,2017-06-15,point,,2.934221581668872,saar_pct,0.7256,advance,2026-07-06T11:16:55+00:00,gdpnow_tracking.xlsx
gdpnow,US,rgdp_growth,2017Q2,2017-06-16,point,,2.8779246375264966,saar_pct,0.7118,advance,2026-07-06T11:16:55+00:00,gdpnow_tracking.xlsx
gdpnow,US,rgdp_growth,2017Q2,2017-06-21,point,,2.8491316709522208,saar_pct,0.7048,advance,2026-07-06T11:16:55+00:00,gdpnow_tracking.xlsx
gdpnow,US,rgdp_growth,2017Q2,2017-06-23,point,,2.959847217135647,saar_pct,0.7319,advance,2026-07-06T11:16:55+00:00,gdpnow_tracking.xlsx
gdpnow,US,rgdp_growth,2017Q2,2017-06-26,point,,2.8609906714779143,saar_pct,0.7077,advance,2026-07-06T11:16:55+00:00,gdpnow_tracking.xlsx
gdpnow,US,rgdp_growth,2017Q2,2017-06-28,point,,2.693525382850459,saar_pct,0.6667,advance,2026-07-06T11:16:55+00:00,gdpnow_tracking.xlsx
gdpnow,US,rgdp_growth,2017Q2,2017-06-30,point,,2.718289274264807,saar_pct,0.6728,advance,2026-07-06T11:16:55+00:00,gdpnow_tracking.xlsx
gdpnow,US,rgdp_growth,2017Q2,2017-07-03,point,,2.951550279040438,saar_pct,0.7299,advance,2026-07-06T11:16:55+00:00,gdpnow_tracking.xlsx
gdpnow,US,rgdp_growth,2017Q2,2017-07-05,point,,2.5949043948350736,saar_pct,0.6425,advance,2026-07-06T11:16:55+00:00,gdpnow_tracking.xlsx
gdpnow,US,rgdp_growth,2017Q2,2017-07-06,point,,2.6789207874315935,saar_pct,0.6631,advance,2026-07-06T11:16:55+00:00,gdpnow_tracking.xlsx
gdpnow,US,rgdp_growth,2017Q2,2017-07-07,point,,2.521628750140459,saar_pct,0.6245,advance,2026-07-06T11:16:55+00:00,gdpnow_tracking.xlsx
gdpnow,US,rgdp_growth,2017Q2,2017-07-11,point,,2.5542228633319786,saar_pct,0.6325,advance,2026-07-06T11:16:55+00:00,gdpnow_tracking.xlsx
gdpnow,US,rgdp_growth,2017Q2,2017-07-13,point,,2.6704654142283957,saar_pct,0.661,advance,2026-07-06T11:16:55+00:00,gdpnow_tracking.xlsx
gdpnow,US,rgdp_growth,2017Q2,2017-07-14,point,,2.441496861588921,saar_pct,0.6049,advance,2026-07-06T11:16:55+00:00,gdpnow_tracking.xlsx
gdpnow,US,rgdp_growth,2017Q2,2017-07-18,point,,2.499273445670558,saar_pct,0.619,advance,2026-07-06T11:16:55+00:00,gdpnow_tracking.xlsx
gdpnow,US,rgdp_growth,2017Q2,2017-07-19,point,,2.540778295907198,saar_pct,0.6292,advance,2026-07-06T11:16:55+00:00,gdpnow_tracking.xlsx
gdpnow,US,rgdp_growth,2017Q2,2017-07-24,point,,2.5159022335914605,saar_pct,0.6231,advance,2026-07-06T11:16:55+00:00,gdpnow_tracking.xlsx
gdpnow,US,rgdp_growth,2017Q2,2017-07-26,point,,2.499350612926743,saar_pct,0.6191,advance,2026-07-06T11:16:55+00:00,gdpnow_tracking.xlsx
gdpnow,US,rgdp_growth,2017Q2,2017-07-27,point,,2.819379321981952,saar_pct,0.6975,advance,2026-07-06T11:16:55+00:00,gdpnow_tracking.xlsx
gdpnow,US,rgdp_growth,2017Q3,2017-08-03,point,,4.023880490859044,saar_pct,0.9911,advance,2026-07-06T11:16:55+00:00,gdpnow_tracking.xlsx
gdpnow,US,rgdp_growth,2017Q3,2017-08-04,point,,3.6652434076942964,saar_pct,0.904,advance,2026-07-06T11:16:55+00:00,gdpnow_tracking.xlsx
gdpnow,US,rgdp_growth,2017Q3,2017-08-09,point,,3.548799609904396,saar_pct,0.8756,advance,2026-07-06T11:16:55+00:00,gdpnow_tracking.xlsx
gdpnow,US,rgdp_growth,2017Q3,2017-08-10,point,,3.581526206204222,saar_pct,0.8836,advance,2026-07-06T11:16:55+00:00,gdpnow_tracking.xlsx
gdpnow,US,rgdp_growth,2017Q3,2017-08-15,point,,3.6904963215040887,saar_pct,0.9101,advance,2026-07-06T11:16:55+00:00,gdpnow_tracking.xlsx
gdpnow,US,rgdp_growth,2017Q3,2017-08-16,point,,3.849024400837475,saar_pct,0.9487,advance,2026-07-06T11:16:55+00:00,gdpnow_tracking.xlsx
gdpnow,US,rgdp_growth,2017Q3,2017-08-17,point,,3.496615510393686,saar_pct,0.8629,advance,2026-07-06T11:16:55+00:00,gdpnow_tracking.xlsx
gdpnow,US,rgdp_growth,2017Q3,2017-08-23,point,,3.3721872796024233,saar_pct,0.8326,advance,2026-07-06T11:16:55+00:00,gdpnow_tracking.xlsx
gdpnow,US,rgdp_growth,2017Q3,2017-08-24,point,,3.3496640820657175,saar_pct,0.8271,advance,2026-07-06T11:16:55+00:00,gdpnow_tracking.xlsx
gdpnow,US,rgdp_growth,2017Q3,2017-08-25,point,,3.4095758740690707,saar_pct,0.8417,advance,2026-07-06T11:16:55+00:00,gdpnow_tracking.xlsx
gdpnow,US,rgdp_growth,2017Q3,2017-08-28,point,,3.325188865513895,saar_pct,0.8211,advance,2026-07-06T11:16:55+00:00,gdpnow_tracking.xlsx
gdpnow,US,rgdp_growth,2017Q3,2017-08-31,point,,3.3291734372423276,saar_pct,0.8221,advance,2026-07-06T11:16:55+00:00,gdpnow_tracking.xlsx
gdpnow,US,rgdp_growth,2017Q3,2017-09-01,point,,3.165780011804231,saar_pct,0.7822,advance,2026-07-06T11:16:55+00:00,gdpnow_tracking.xlsx
gdpnow,US,rgdp_growth,2017Q3,2017-09-05,point,,2.7644428214976147,saar_pct,0.6841,advance,2026-07-06T11:16:55+00:00,gdpnow_tracking.xlsx
gdpnow,US,rgdp_growth,2017Q3,2017-09-06,point,,2.9260077076703084,saar_pct,0.7236,advance,2026-07-06T11:16:55+00:00,gdpnow_tracking.xlsx
gdpnow,US,rgdp_growth,2017Q3,2017-09-08,point,,2.992710901691731,saar_pct,0.7399,advance,2026-07-06T11:16:55+00:00,gdpnow_tracking.xlsx
gdpnow,US,rgdp_growth,2017Q3,2017-09-13,point,,2.9742242300986765,saar_pct,0.7354,advance,2026-07-06T11:16:55+00:00,gdpnow_tracking.xlsx
gdpnow,US,rgdp_growth,2017Q3,2017-09-15,point,,2.2477651737879967,saar_pct,0.5573,advance,2026-07-06T11:16:55+00:00,gdpnow_tracking.xlsx
gdpnow,US,rgdp_growth,2017Q3,2017-09-19,point,,2.2063618233028937,saar_pct,0.5471,advance,2026-07-06T11:16:55+00:00,gdpnow_tracking.xlsx
gdpnow,US,rgdp_growth,2017Q3,2017-09-20,point,,2.1260839196940884,saar_pct,0.5273,advance,2026-07-06T11:16:55+00:00,gdpnow_tracking.xlsx
gdpnow,US,rgdp_growth,2017Q3,2017-09-26,point,,2.1015945593921836,saar_pct,0.5213,advance,2026-07-06T11:16:55+00:00,gdpnow_tracking.xlsx
gdpnow,US,rgdp_growth,2017Q3,2017-09-27,point,,2.1430885187363025,saar_pct,0.5315,advance,2026-07-06T11:16:55+00:00,gdpnow_tracking.xlsx
gdpnow,US,rgdp_growth,2017Q3,2017-09-29,point,,2.307932573628846,saar_pct,0.5721,advance,2026-07-06T11:16:55+00:00,gdpnow_tracking.xlsx
gdpnow,US,rgdp_growth,2017Q3,2017-10-02,point,,2.7343019245307687,saar_pct,0.6767,advance,2026-07-06T11:16:55+00:00,gdpnow_tracking.xlsx
gdpnow,US,rgdp_growth,2017Q3,2017-10-04,point,,2.8906608701283476,saar_pct,0.715,advance,2026-07-06T11:16:55+00:00,gdpnow_tracking.xlsx
gdpnow,US,rgdp_growth,2017Q3,2017-10-05,point,,2.819740705484519,saar_pct,0.6976,advance,2026-07-06T11:16:55+00:00,gdpnow_tracking.xlsx
gdpnow,US,rgdp_growth,2017Q3,2017-10-06,point,,2.495259556366225,saar_pct,0.6181,advance,2026-07-06T11:16:55+00:00,gdpnow_tracking.xlsx
gdpnow,US,rgdp_growth,2017Q3,2017-10-12,point,,2.4981101146529294,saar_pct,0.6188,advance,2026-07-06T11:16:55+00:00,gdpnow_tracking.xlsx
gdpnow,US,rgdp_growth,2017Q3,2017-10-13,point,,2.696569612055133,saar_pct,0.6674,advance,2026-07-06T11:16:55+00:00,gdpnow_tracking.xlsx
gdpnow,US,rgdp_growth,2017Q3,2017-10-17,point,,2.7266303341156206,saar_pct,0.6748,advance,2026-07-06T11:16:55+00:00,gdpnow_tracking.xlsx
gdpnow,US,rgdp_growth,2017Q3,2017-10-18,point,,2.7157789460112935,saar_pct,0.6721,advance,2026-07-06T11:16:55+00:00,gdpnow_tracking.xlsx
gdpnow,US,rgdp_growth,2017Q3,2017-10-20,point,,2.620825112914593,saar_pct,0.6489,advance,2026-07-06T11:16:55+00:00,gdpnow_tracking.xlsx
gdpnow,US,rgdp_growth,2017Q3,2017-10-25,point,,2.718164084006891,saar_pct,0.6727,advance,2026-07-06T11:16:55+00:00,gdpnow_tracking.xlsx
gdpnow,US,rgdp_growth,2017Q3,2017-10-26,point,,2.520085344626244,saar_pct,0.6242,advance,2026-07-06T11:16:55+00:00,gdpnow_tracking.xlsx
gdpnow,US,rgdp_growth,2017Q4,2017-10-30,point,,2.933511006926892,saar_pct,0.7254,advance,2026-07-06T11:16:55+00:00,gdpnow_tracking.xlsx
gdpnow,US,rgdp_growth,2017Q4,2017-11-01,point,,4.480901692451922,saar_pct,1.1019,advance,2026-07-06T11:16:55+00:00,gdpnow_tracking.xlsx
gdpnow,US,rgdp_growth,2017Q4,2017-11-02,point,,4.3245637632925105,saar_pct,1.064,advance,2026-07-06T11:16:55+00:00,gdpnow_tracking.xlsx
gdpnow,US,rgdp_growth,2017Q4,2017-11-03,point,,3.304075311892296,saar_pct,0.816,advance,2026-07-06T11:16:55+00:00,gdpnow_tracking.xlsx
gdpnow,US,rgdp_growth,2017Q4,2017-11-09,point,,3.281134973881672,saar_pct,0.8104,advance,2026-07-06T11:16:55+00:00,gdpnow_tracking.xlsx
gdpnow,US,rgdp_growth,2017Q4,2017-11-13,point,,3.2904575141469383,saar_pct,0.8127,advance,2026-07-06T11:16:55+00:00,gdpnow_tracking.xlsx
gdpnow,US,rgdp_growth,2017Q4,2017-11-14,point,,3.295038419491525,saar_pct,0.8138,advance,2026-07-06T11:16:55+00:00,gdpnow_tracking.xlsx
gdpnow,US,rgdp_growth,2017Q4,2017-11-15,point,,3.2449834370692487,saar_pct,0.8016,advance,2026-07-06T11:16:55+00:00,gdpnow_tracking.xlsx
gdpnow,US,rgdp_growth,2017Q4,2017-11-16,point,,3.501047770029575,saar_pct,0.864,advance,2026-07-06T11:16:55+00:00,gdpnow_tracking.xlsx
gdpnow,US,rgdp_growth,2017Q4,2017-11-17,point,,3.418246372239908,saar_pct,0.8438,advance,2026-07-06T11:16:55+00:00,gdpnow_tracking.xlsx
gdpnow,US,rgdp_growth,2017Q4,2017-11-21,point,,3.4384702210414453,saar_pct,0.8488,advance,2026-07-06T11:16:55+00:00,gdpnow_tracking.xlsx
gdpnow,US,rgdp_growth,2017Q4,2017-11-22,point,,3.396177503766862,saar_pct,0.8384,advance,2026-07-06T11:16:55+00:00,gdpnow_tracking.xlsx
gdpnow,US,rgdp_growth,2017Q4,2017-11-27,point,,3.51134741410144,saar_pct,0.8665,advance,2026-07-06T11:16:55+00:00,gdpnow_tracking.xlsx
gdpnow,US,rgdp_growth,2017Q4,2017-11-28,point,,3.0485182278329637,saar_pct,0.7536,advance,2026-07-06T11:16:55+00:00,gdpnow_tracking.xlsx
gdpnow,US,rgdp_growth,2017Q4,2017-11-30,point,,2.7400250767002143,saar_pct,0.6781,advance,2026-07-06T11:16:55+00:00,gdpnow_tracking.xlsx
gdpnow,US,rgdp_growth,2017Q4,2017-12-01,point,,3.471796521714987,saar_pct,0.8569,advance,2026-07-06T11:16:55+00:00,gdpnow_tracking.xlsx
gdpnow,US,rgdp_growth,2017Q4,2017-12-04,point,,3.1623725522263335,saar_pct,0.7814,advance,2026-07-06T11:16:55+00:00,gdpnow_tracking.xlsx
gdpnow,US,rgdp_growth,2017Q4,2017-12-05,point,,3.2162668446164,saar_pct,0.7945,advance,2026-07-06T11:16:55+00:00,gdpnow_tracking.xlsx
gdpnow,US,rgdp_growth,2017Q4,2017-12-08,point,,2.882063869187834,saar_pct,0.7129,advance,2026-07-06T11:16:55+00:00,gdpnow_tracking.xlsx
gdpnow,US,rgdp_growth,2017Q4,2017-12-12,point,,2.8196657908339473,saar_pct,0.6976,advance,2026-07-06T11:16:55+00:00,gdpnow_tracking.xlsx
gdpnow,US,rgdp_growth,2017Q4,2017-12-14,point,,3.312936954785628,saar_pct,0.8181,advance,2026-07-06T11:16:55+00:00,gdpnow_tracking.xlsx
gdpnow,US,rgdp_growth,2017Q4,2017-12-15,point,,3.1287492049502763,saar_pct,0.7732,advance,2026-07-06T11:16:55+00:00,gdpnow_tracking.xlsx
gdpnow,US,rgdp_growth,2017Q4,2017-12-19,point,,3.258945898488186,saar_pct,0.805,advance,2026-07-06T11:16:55+00:00,gdpnow_tracking.xlsx
gdpnow,US,rgdp_growth,2017Q4,2017-12-20,point,,3.333177717029212,saar_pct,0.8231,advance,2026-07-06T11:16:55+00:00,gdpnow_tracking.xlsx
gdpnow,US,rgdp_growth,2017Q4,2017-12-22,point,,2.8216061324223496,saar_pct,0.6981,advance,2026-07-06T11:16:55+00:00,gdpnow_tracking.xlsx
gdpnow,US,rgdp_growth,2017Q4,2017-12-28,point,,2.749613874868162,saar_pct,0.6804,advance,2026-07-06T11:16:55+00:00,gdpnow_tracking.xlsx
gdpnow,US,rgdp_growth,2017Q4,2018-01-03,point,,3.153449805521835,saar_pct,0.7792,advance,2026-07-06T11:16:55+00:00,gdpnow_tracking.xlsx
gdpnow,US,rgdp_growth,2017Q4,2018-01-04,point,,3.1137262358142737,saar_pct,0.7695,advance,2026-07-06T11:16:55+00:00,gdpnow_tracking.xlsx
gdpnow,US,rgdp_growth,2017Q4,2018-01-05,point,,2.7081485588755783,saar_pct,0.6703,advance,2026-07-06T11:16:55+00:00,gdpnow_tracking.xlsx
gdpnow,US,rgdp_growth,2017Q4,2018-01-10,point,,2.780700162646399,saar_pct,0.688,advance,2026-07-06T11:16:55+00:00,gdpnow_tracking.xlsx
gdpnow,US,rgdp_growth,2017Q4,2018-01-11,point,,2.7648561937546168,saar_pct,0.6842,advance,2026-07-06T11:16:55+00:00,gdpnow_tracking.xlsx
gdpnow,US,rgdp_growth,2017Q4,2018-01-12,point,,3.2650155755687083,saar_pct,0.8064,advance,2026-07-06T11:16:55+00:00,gdpnow_tracking.xlsx
gdpnow,US,rgdp_growth,2017Q4,2018-01-17,point,,3.436053579541065,saar_pct,0.8482,advance,2026-07-06T11:16:55+00:00,gdpnow_tracking.xlsx
gdpnow,US,rgdp_growth,2017Q4,2018-01-18,point,,3.4219736612759455,saar_pct,0.8447,advance,2026-07-06T11:16:55+00:00,gdpnow_tracking.xlsx
gdpnow,US,rgdp_growth,2017Q4,2018-01-24,point,,3.3910490968982687,saar_pct,0.8372,advance,2026-07-06T11:16:55+00:00,gdpnow_tracking.xlsx
gdpnow,US,rgdp_growth,2017Q4,2018-01-25,point,,3.406012219614585,saar_pct,0.8408,advance,2026-07-06T11:16:55+00:00,gdpnow_tracking.xlsx
gdpnow,US,rgdp_growth,2018Q1,2018-01-29,point,,4.157121973629496,saar_pct,1.0235,advance,2026-07-06T11:16:55+00:00,gdpnow_tracking.xlsx
gdpnow,US,rgdp_growth,2018Q1,2018-02-01,point,,5.375535384100116,saar_pct,1.3176,advance,2026-07-06T11:16:55+00:00,gdpnow_tracking.xlsx
gdpnow,US,rgdp_growth,2018Q1,2018-02-02,point,,3.9919340475826903,saar_pct,0.9834,advance,2026-07-06T11:16:55+00:00,gdpnow_tracking.xlsx
gdpnow,US,rgdp_growth,2018Q1,2018-02-05,point,,4.047658866872816,saar_pct,0.9969,advance,2026-07-06T11:16:55+00:00,gdpnow_tracking.xlsx
gdpnow,US,rgdp_growth,2018Q1,2018-02-06,point,,4.025079775922702,saar_pct,0.9914,advance,2026-07-06T11:16:55+00:00,gdpnow_tracking.xlsx
gdpnow,US,rgdp_growth,2018Q1,2018-02-09,point,,4.010438074131417,saar_pct,0.9879,advance,2026-07-06T11:16:55+00:00,gdpnow_tracking.xlsx
gdpnow,US,rgdp_growth,2018Q1,2018-02-12,point,,4.015869620133716,saar_pct,0.9892,advance,2026-07-06T11:16:55+00:00,gdpnow_tracking.xlsx
gdpnow,US,rgdp_growth,2018Q1,2018-02-14,point,,3.2498874642388653,saar_pct,0.8028,advance,2026-07-06T11:16:55+00:00,gdpnow_tracking.xlsx
gdpnow,US,rgdp_growth,2018Q1,2018-02-15,point,,3.0929745173313705,saar_pct,0.7644,advance,2026-07-06T11:16:55+00:00,gdpnow_tracking.xlsx
gdpnow,US,rgdp_growth,2018Q1,2018-02-16,point,,3.19780648568746,saar_pct,0.79,advance,2026-07-06T11:16:55+00:00,gdpnow_tracking.xlsx
gdpnow,US,rgdp_growth,2018Q1,2018-02-21,point,,3.090947340793204,saar_pct,0.7639,advance,2026-07-06T11:16:55+00:00,gdpnow_tracking.xlsx
gdpnow,US,rgdp_growth,2018Q1,2018-02-26,point,,2.989144036198832,saar_pct,0.7391,advance,2026-07-06T11:16:55+00:00,gdpnow_tracking.xlsx
gdpnow,US,rgdp_growth,2018Q1,2018-02-27,point,,2.580947232188602,saar_pct,0.6391,advance,2026-07-06T11:16:55+00:00,gdpnow_tracking.xlsx
gdpnow,US,rgdp_growth,2018Q1,2018-03-01,point,,3.539122049714871,saar_pct,0.8733,advance,2026-07-06T11:16:55+00:00,gdpnow_tracking.xlsx
gdpnow,US,rgdp_growth,2018Q1,2018-03-02,point,,3.1536029854523084,saar_pct,0.7792,advance,2026-07-06T11:16:55+00:00,gdpnow_tracking.xlsx
gdpnow,US,rgdp_growth,2018Q1,2018-03-05,point,,3.1362428082887917,saar_pct,0.775,advance,2026-07-06T11:16:55+00:00,gdpnow_tracking.xlsx
gdpnow,US,rgdp_growth,2018Q1,2018-03-06,point,,2.9536339181526428,saar_pct,0.7304,advance,2026-07-06T11:16:55+00:00,gdpnow_tracking.xlsx
gdpnow,US,rgdp_growth,2018Q1,2018-03-07,point,,2.8138410286259408,saar_pct,0.6962,advance,2026-07-06T11:16:55+00:00,gdpnow_tracking.xlsx
gdpnow,US,rgdp_growth,2018Q1,2018-03-09,point,,2.4778672411343017,saar_pct,0.6138,advance,2026-07-06T11:16:55+00:00,gdpnow_tracking.xlsx
gdpnow,US,rgdp_growth,2018Q1,2018-03-12,point,,2.465604903955887,saar_pct,0.6108,advance,2026-07-06T11:16:55+00:00,gdpnow_tracking.xlsx
gdpnow,US,rgdp_growth,2018Q1,2018-03-14,point,,1.8516332638984112,saar_pct,0.4597,advance,2026-07-06T11:16:55+00:00,gdpnow_tracking.xlsx
gdpnow,US,rgdp_growth,2018Q1,2018-03-15,point,,1.8133812643714942,saar_pct,0.4503,advance,2026-07-06T11:16:55+00:00,gdpnow_tracking.xlsx
gdpnow,US,rgdp_growth,2018Q1,2018-03-16,point,,1.801315327037889,saar_pct,0.4473,advance,2026-07-06T11:16:55+00:00,gdpnow_tracking.xlsx
gdpnow,US,rgdp_growth,2018Q1,2018-03-21,point,,1.862994007367491,saar_pct,0.4625,advance,2026-07-06T11:16:55+00:00,gdpnow_tracking.xlsx
gdpnow,US,rgdp_growth,2018Q1,2018-03-23,point,,1.7903174022861679,saar_pct,0.4446,advance,2026-07-06T11:16:55+00:00,gdpnow_tracking.xlsx
gdpnow,US,rgdp_growth,2018Q1,2018-03-29,point,,2.370264201736827,saar_pct,0.5874,advance,2026-07-06T11:16:55+00:00,gdpnow_tracking.xlsx
gdpnow,US,rgdp_growth,2018Q1,2018-04-02,point,,2.798171407107519,saar_pct,0.6923,advance,2026-07-06T11:16:55+00:00,gdpnow_tracking.xlsx
gdpnow,US,rgdp_growth,2018Q1,2018-04-04,point,,2.512847772369642,saar_pct,0.6224,advance,2026-07-06T11:16:55+00:00,gdpnow_tracking.xlsx
gdpnow,US,rgdp_growth,2018Q1,2018-04-05,point,,2.3163174030306877,saar_pct,0.5741,advance,2026-07-06T11:16:55+00:00,gdpnow_tracking.xlsx
gdpnow,US,rgdp_growth,2018Q1,2018-04-06,point,,1.9899451674604274,saar_pct,0.4938,advance,2026-07-06T11:16:55+00:00,gdpnow_tracking.xlsx
gdpnow,US,rgdp_growth,2018Q1,2018-04-10,point,,1.9721313972629995,saar_pct,0.4894,advance,2026-07-06T11:16:55+00:00,gdpnow_tracking.xlsx
gdpnow,US,rgdp_growth,2018Q1,2018-04-11,point,,2.0100395587668185,saar_pct,0.4988,advance,2026-07-06T11:16:55+00:00,gdpnow_tracking.xlsx
gdpnow,US,rgdp_growth,2018Q1,2018-04-12,point,,2.031604606090065,saar_pct,0.5041,advance,2026-07-06T11:16:55+00:00,gdpnow_tracking.xlsx
gdpnow,US,rgdp_growth,2018Q1,2018-04-16,point,,1.9084210640998744,saar_pct,0.4737,advance,2026-07-06T11:16:55+00:00,gdpnow_tracking.xlsx
gdpnow,US,rgdp_growth,2018Q1,2018-04-17,point,,1.9669743907020587,saar_pct,0.4882,advance,2026-07-06T11:16:55+00:00,gdpnow_tracking.xlsx
gdpnow,US,rgdp_growth,2018Q1,2018-04-23,point,,1.9802607918826487,saar_pct,0.4914,advance,2026-07-06T11:16:55+00:00,gdpnow_tracking.xlsx
gdpnow,US,rgdp_growth,2018Q1,2018-04-24,point,,2.0105989837089444,saar_pct,0.4989,advance,2026-07-06T11:16:55+00:00,gdpnow_tracking.xlsx
gdpnow,US,rgdp_growth,2018Q1,2018-04-26,point,,1.9833678127606058,saar_pct,0.4922,advance,2026-07-06T11:16:55+00:00,gdpnow_tracking.xlsx
gdpnow,US,rgdp_growth,2018Q2,2018-04-30,point,,4.067151343983233,saar_pct,1.0016,advance,2026-07-06T11:16:55+00:00,gdpnow_tracking.xlsx
gdpnow,US,rgdp_growth,2018Q2,2018-05-01,point,,4.136687335664679,saar_pct,1.0185,advance,2026-07-06T11:16:55+00:00,gdpnow_tracking.xlsx
gdpnow,US,rgdp_growth,2018Q2,2018-05-02,point,,3.9416310172589064,saar_pct,0.9712,advance,2026-07-06T11:16:55+00:00,gdpnow_tracking.xlsx
gdpnow,US,rgdp_growth,2018Q2,2018-05-03,point,,3.9911476714855176,saar_pct,0.9832,advance,2026-07-06T11:16:55+00:00,gdpnow_tracking.xlsx
gdpnow,US,rgdp_growth,2018Q2,2018-05-04,point,,3.9296024810775654,saar_pct,0.9682,advance,2026-07-06T11:16:55+00:00,gdpnow_tracking.xlsx
gdpnow,US,rgdp_growth,2018Q2,2018-05-09,point,,4.031869618200634,saar_pct,0.9931,advance,2026-07-06T11:16:55+00:00,gdpnow_tracking.xlsx
gdpnow,US,rgdp_growth,2018Q2,2018-05-10,point,,4.043263726497193,saar_pct,0.9958,advance,2026-07-06T11:16:55+00:00,gdpnow_tracking.xlsx
gdpnow,US,rgdp_growth,2018Q2,2018-05-11,point,,4.03412014584712,saar_pct,0.9936,advance,2026-07-06T11:16:55+00:00,gdpnow_tracking.xlsx
gdpnow,US,rgdp_growth,2018Q2,2018-05-15,point,,4.069263078590835,saar_pct,1.0022,advance,2026-07-06T11:16:55+00:00,gdpnow_tracking.xlsx
gdpnow,US,rgdp_growth,2018Q2,2018-05-16,point,,4.1287585892687995,saar_pct,1.0166,advance,2026-07-06T11:16:55+00:00,gdpnow_tracking.xlsx
gdpnow,US,rgdp_growth,2018Q2,2018-05-17,point,,4.241388324599393,saar_pct,1.0439,advance,2026-07-06T11:16:55+00:00,gdpnow_tracking.xlsx
gdpnow,US,rgdp_growth,2018Q2,2018-05-23,point,,4.327364425689173,saar_pct,1.0647,advance,2026-07-06T11:16:55+00:00,gdpnow_tracking.xlsx
gdpnow,US,rgdp_growth,2018Q2,2018-05-24,point,,4.155003506688937,saar_pct,1.0229,advance,2026-07-06T11:16:55+00:00,gdpnow_tracking.xlsx
gdpnow,US,rgdp_growth,2018Q2,2018-05-25,point,,4.035101496156002,saar_pct,0.9939,advance,2026-07-06T11:16:55+00:00,gdpnow_tracking.xlsx
gdpnow,US,rgdp_growth,2018Q2,2018-05-29,point,,4.111848733221657,saar_pct,1.0125,advance,2026-07-06T11:16:55+00:00,gdpnow_tracking.xlsx
gdpnow,US,rgdp_growth,2018Q2,2018-05-31,point,,4.673251835371728,saar_pct,1.1484,advance,2026-07-06T11:16:55+00:00,gdpnow_tracking.xlsx
gdpnow,US,rgdp_growth,2018Q2,2018-06-01,point,,4.843626642118504,saar_pct,1.1895,advance,2026-07-06T11:16:55+00:00,gdpnow_tracking.xlsx
gdpnow,US,rgdp_growth,2018Q2,2018-06-04,point,,4.548371903283432,saar_pct,1.1182,advance,2026-07-06T11:16:55+00:00,gdpnow_tracking.xlsx
gdpnow,US,rgdp_growth,2018Q2,2018-06-05,point,,4.566880596490908,saar_pct,1.1227,advance,2026-07-06T11:16:55+00:00,gdpnow_tracking.xlsx
gdpnow,US,rgdp_growth,2018Q2,2018-06-06,point,,4.489652543027467,saar_pct,1.104,advance,2026-07-06T11:16:55+00:00,gdpnow_tracking.xlsx
gdpnow,US,rgdp_growth,2018Q2,2018-06-08,point,,4.557093928363121,saar_pct,1.1203,advance,2026-07-06T11:16:55+00:00,gdpnow_tracking.xlsx
gdpnow,US,rgdp_growth,2018Q2,2018-06-12,point,,4.630547026898624,saar_pct,1.1381,advance,2026-07-06T11:16:55+00:00,gdpnow_tracking.xlsx
gdpnow,US,rgdp_growth,2018Q2,2018-06-13,point,,4.589019945248429,saar_pct,1.128,advance,2026-07-06T11:16:55+00:00,gdpnow_tracking.xlsx
gdpnow,US,rgdp_growth,2018Q2,2018-06-14,point,,4.803871863164888,saar_pct,1.1799,advance,2026-07-06T11:16:55+00:00,gdpnow_tracking.xlsx
gdpnow,US,rgdp_growth,2018Q2,2018-06-15,point,,4.601955555672799,saar_pct,1.1312,advance,2026-07-06T11:16:55+00:00,gdpnow_tracking.xlsx
gdpnow,US,rgdp_growth,2018Q2,2018-06-19,point,,4.708819320741076,saar_pct,1.157,advance,2026-07-06T11:16:55+00:00,gdpnow_tracking.xlsx
gdpnow,US,rgdp_growth,2018Q2,2018-06-20,point,,4.678883415038126,saar_pct,1.1497,advance,2026-07-06T11:16:55+00:00,gdpnow_tracking.xlsx
gdpnow,US,rgdp_growth,2018Q2,2018-06-25,point,,4.623558270402994,saar_pct,1.1364,advance,2026-07-06T11:16:55+00:00,gdpnow_tracking.xlsx
gdpnow,US,rgdp_growth,2018Q2,2018-06-27,point,,4.481626887483947,saar_pct,1.1021,advance,2026-07-06T11:16:55+00:00,gdpnow_tracking.xlsx
gdpnow,US,rgdp_growth,2018Q2,2018-06-29,point,,3.8340092848631047,saar_pct,0.945,advance,2026-07-06T11:16:55+00:00,gdpnow_tracking.xlsx
gdpnow,US,rgdp_growth,2018Q2,2018-07-02,point,,4.086144674340808,saar_pct,1.0062,advance,2026-07-06T11:16:55+00:00,gdpnow_tracking.xlsx
gdpnow,US,rgdp_growth,2018Q2,2018-07-03,point,,3.9842835485136785,saar_pct,0.9815,advance,2026-07-06T11:16:55+00:00,gdpnow_tracking.xlsx
gdpnow,US,rgdp_growth,2018Q2,2018-07-05,point,,3.9153688401802,saar_pct,0.9648,advance,2026-07-06T11:16:55+00:00,gdpnow_tracking.xlsx
gdpnow,US,rgdp_growth,2018Q2,2018-07-06,point,,3.8380454754887383,saar_pct,0.946,advance,2026-07-06T11:16:55+00:00,gdpnow_tracking.xlsx
gdpnow,US,rgdp_growth,2018Q2,2018-07-11,point,,3.89624133383919,saar_pct,0.9601,advance,2026-07-06T11:16:55+00:00,gdpnow_tracking.xlsx
gdpnow,US,rgdp_growth,2018Q2,2018-07-12,point,,4.168969795649247,saar_pct,1.0263,advance,2026-07-06T11:16:55+00:00,gdpnow_tracking.xlsx
gdpnow,US,rgdp_growth,2018Q2,2018-07-13,point,,4.1827436270999385,saar_pct,1.0297,advance,2026-07-06T11:16:55+00:00,gdpnow_tracking.xlsx
gdpnow,US,rgdp_growth,2018Q2,2018-07-16,point,,4.532327149308135,saar_pct,1.1143,advance,2026-07-06T11:16:55+00:00,gdpnow_tracking.xlsx
gdpnow,US,rgdp_growth,2018Q2,2018-07-17,point,,4.530714953859549,saar_pct,1.1139,advance,2026-07-06T11:16:55+00:00,gdpnow_tracking.xlsx
gdpnow,US,rgdp_growth,2018Q2,2018-07-18,point,,4.512909131867793,saar_pct,1.1096,advance,2026-07-06T11:16:55+00:00,gdpnow_tracking.xlsx
gdpnow,US,rgdp_growth,2018Q2,2018-07-23,point,,4.493796612103185,saar_pct,1.105,advance,2026-07-06T11:16:55+00:00,gdpnow_tracking.xlsx
gdpnow,US,rgdp_growth,2018Q2,2018-07-25,point,,4.411545738367706,saar_pct,1.0851,advance,2026-07-06T11:16:55+00:00,gdpnow_tracking.xlsx
gdpnow,US,rgdp_growth,2018Q2,2018-07-26,point,,3.8224618554500767,saar_pct,0.9422,advance,2026-07-06T11:16:55+00:00,gdpnow_tracking.xlsx
gdpnow,US,rgdp_growth,2018Q3,2018-07-31,point,,4.686256950212364,saar_pct,1.1515,advance,2026-07-06T11:16:55+00:00,gdpnow_tracking.xlsx
gdpnow,US,rgdp_growth,2018Q3,2018-08-01,point,,4.950681190302064,saar_pct,1.2153,advance,2026-07-06T11:16:55+00:00,gdpnow_tracking.xlsx
gdpnow,US,rgdp_growth,2018Q3,2018-08-02,point,,4.928524480858765,saar_pct,1.21,advance,2026-07-06T11:16:55+00:00,gdpnow_tracking.xlsx
gdpnow,US,rgdp_growth,2018Q3,2018-08-03,point,,4.370490263933169,saar_pct,1.0752,advance,2026-07-06T11:16:55+00:00,gdpnow_tracking.xlsx
gdpnow,US,rgdp_growth,2018Q3,2018-08-09,point,,4.324409038855337,saar_pct,1.064,advance,2026-07-06T11:16:55+00:00,gdpnow_tracking.xlsx
gdpnow,US,rgdp_growth,2018Q3,2018-08-10,point,,4.388433929666968,saar_pct,1.0795,advance,2026-07-06T11:16:55+00:00,gdpnow_tracking.xlsx
gdpnow,US,rgdp_growth,2018Q3,2018-08-14,point,,4.39053103895426,saar_pct,1.08,advance,2026-07-06T11:16:55+00:00,gdpnow_tracking.xlsx
gdpnow,US,rgdp_growth,2018Q3,2018-08-15,point,,4.319659740236559,saar_pct,1.0628,advance,2026-07-06T11:16:55+00:00,gdpnow_tracking.xlsx
gdpnow,US,rgdp_growth,2018Q3,2018-08-16,point,,4.254075438684857,saar_pct,1.047,advance,2026-07-06T11:16:55+00:00,gdpnow_tracking.xlsx
gdpnow,US,rgdp_growth,2018Q3,2018-08-22,point,,4.266955326265998,saar_pct,1.0501,advance,2026-07-06T11:16:55+00:00,gdpnow_tracking.xlsx
gdpnow,US,rgdp_growth,2018Q3,2018-08-23,point,,4.415547830626765,saar_pct,1.0861,advance,2026-07-06T11:16:55+00:00,gdpnow_tracking.xlsx
gdpnow,US,rgdp_growth,2018Q3,2018-08-24,point,,4.592940970862958,saar_pct,1.129,advance,2026-07-06T11:16:55+00:00,gdpnow_tracking.xlsx
gdpnow,US,rgdp_growth,2018Q3,2018-08-28,point,,4.097479446303476,saar_pct,1.009,advance,2026-07-06T11:16:55+00:00,gdpnow_tracking.xlsx
gdpnow,US,rgdp_growth,2018Q3,2018-08-30,point,,4.0806944089293085,saar_pct,1.0049,advance,2026-07-06T11:16:55+00:00,gdpnow_tracking.xlsx
gdpnow,US,rgdp_growth,2018Q3,2018-09-04,point,,4.657323214858455,saar_pct,1.1445,advance,2026-07-06T11:16:55+00:00,gdpnow_tracking.xlsx
gdpnow,US,rgdp_growth,2018Q3,2018-09-05,point,,4.355671900282854,saar_pct,1.0716,advance,2026-07-06T11:16:55+00:00,gdpnow_tracking.xlsx
gdpnow,US,rgdp_growth,2018Q3,2018-09-06,point,,4.275655751815566,saar_pct,1.0522,advance,2026-07-06T11:16:55+00:00,gdpnow_tracking.xlsx
gdpnow,US,rgdp_growth,2018Q3,2018-09-07,point,,3.820082398356739,saar_pct,0.9416,advance,2026-07-06T11:16:55+00:00,gdpnow_tracking.xlsx
gdpnow,US,rgdp_growth,2018Q3,2018-09-11,point,,3.7827155374478894,saar_pct,0.9326,advance,2026-07-06T11:16:55+00:00,gdpnow_tracking.xlsx
gdpnow,US,rgdp_growth,2018Q3,2018-09-12,point,,3.8033684343616647,saar_pct,0.9376,advance,2026-07-06T11:16:55+00:00,gdpnow_tracking.xlsx
gdpnow,US,rgdp_growth,2018Q3,2018-09-13,point,,3.897431043623456,saar_pct,0.9604,advance,2026-07-06T11:16:55+00:00,gdpnow_tracking.xlsx
gdpnow,US,rgdp_growth,2018Q3,2018-09-14,point,,4.425546340302633,saar_pct,1.0885,advance,2026-07-06T11:16:55+00:00,gdpnow_tracking.xlsx
gdpnow,US,rgdp_growth,2018Q3,2018-09-19,point,,4.447166736465391,saar_pct,1.0937,advance,2026-07-06T11:16:55+00:00,gdpnow_tracking.xlsx
gdpnow,US,rgdp_growth,2018Q3,2018-09-20,point,,4.414216147103134,saar_pct,1.0857,advance,2026-07-06T11:16:55+00:00,gdpnow_tracking.xlsx
gdpnow,US,rgdp_growth,2018Q3,2018-09-26,point,,4.437065822500608,saar_pct,1.0913,advance,2026-07-06T11:16:55+00:00,gdpnow_tracking.xlsx
gdpnow,US,rgdp_growth,2018Q3,2018-09-27,point,,3.8302932863161665,saar_pct,0.9441,advance,2026-07-06T11:16:55+00:00,gdpnow_tracking.xlsx
gdpnow,US,rgdp_growth,2018Q3,2018-09-28,point,,3.627118860782219,saar_pct,0.8947,advance,2026-07-06T11:16:55+00:00,gdpnow_tracking.xlsx
gdpnow,US,rgdp_growth,2018Q3,2018-10-01,point,,4.082262461903952,saar_pct,1.0053,advance,2026-07-06T11:16:55+00:00,gdpnow_tracking.xlsx
gdpnow,US,rgdp_growth,2018Q3,2018-10-03,point,,4.126963034389264,saar_pct,1.0161,advance,2026-07-06T11:16:55+00:00,gdpnow_tracking.xlsx
gdpnow,US,rgdp_growth,2018Q3,2018-10-04,point,,4.070911355369611,saar_pct,1.0026,advance,2026-07-06T11:16:55+00:00,gdpnow_tracking.xlsx
gdpnow,US,rgdp_growth,2018Q3,2018-10-05,point,,4.08359585384106,saar_pct,1.0056,advance,2026-07-06T11:16:55+00:00,gdpnow_tracking.xlsx
gdpnow,US,rgdp_growth,2018Q3,2018-10-10,point,,4.194914174708431,saar_pct,1.0326,advance,2026-07-06T11:16:55+00:00,gdpnow_tracking.xlsx
gdpnow,US,rgdp_growth,2018Q3,2018-10-11,point,,4.19812580056842,saar_pct,1.0334,advance,2026-07-06T11:16:55+00:00,gdpnow_tracking.xlsx
gdpnow,US,rgdp_growth,2018Q3,2018-10-12,point,,4.221601498963801,saar_pct,1.0391,advance,2026-07-06T11:16:55+00:00,gdpnow_tracking.xlsx
gdpnow,US,rgdp_growth,2018Q3,2018-10-15,point,,4.003581105317222,saar_pct,0.9862,advance,2026-07-06T11:16:55+00:00,gdpnow_tracking.xlsx
gdpnow,US,rgdp_growth,2018Q3,2018-10-16,point,,3.847497129911037,saar_pct,0.9483,advance,2026-07-06T11:16:55+00:00,gdpnow_tracking.xlsx
gdpnow,US,rgdp_growth,2018Q3,2018-10-17,point,,3.8514056999721102,saar_pct,0.9492,advance,2026-07-06T11:16:55+00:00,gdpnow_tracking.xlsx
gdpnow,US,rgdp_growth,2018Q3,2018-10-19,point,,3.8104017756284136,saar_pct,0.9393,advance,2026-07-06T11:16:55+00:00,gdpnow_tracking.xlsx
gdpnow,US,rgdp_growth,2018Q3,2018-10-24,point,,3.7452997336006266,saar_pct,0.9235,advance,2026-07-06T11:16:55+00:00,gdpnow_tracking.xlsx
gdpnow,US,rgdp_growth,2018Q3,2018-10-25,point,,3.5536936988304513,saar_pct,0.8768,advance,2026-07-06T11:16:55+00:00,gdpnow_tracking.xlsx
gdpnow,US,rgdp_growth,2018Q4,2018-10-29,point,,2.646808694136138,saar_pct,0.6552,advance,2026-07-06T11:16:55+00:00,gdpnow_tracking.xlsx
gdpnow,US,rgdp_growth,2018Q4,2018-11-01,point,,2.9642284189426604,saar_pct,0.733,advance,2026-07-06T11:16:55+00:00,gdpnow_tracking.xlsx
gdpnow,US,rgdp_growth,2018Q4,2018-11-02,point,,2.8989712400158574,saar_pct,0.717,advance,2026-07-06T11:16:55+00:00,gdpnow_tracking.xlsx
gdpnow,US,rgdp_growth,2018Q4,2018-11-05,point,,2.9291885648837335,saar_pct,0.7244,advance,2026-07-06T11:16:55+00:00,gdpnow_tracking.xlsx
gdpnow,US,rgdp_growth,2018Q4,2018-11-09,point,,2.8969014048081165,saar_pct,0.7165,advance,2026-07-06T11:16:55+00:00,gdpnow_tracking.xlsx
gdpnow,US,rgdp_growth,2018Q4,2018-11-13,point,,2.9062098640934897,saar_pct,0.7188,advance,2026-07-06T11:16:55+00:00,gdpnow_tracking.xlsx
gdpnow,US,rgdp_growth,2018Q4,2018-11-14,point,,2.906684430523132,saar_pct,0.7189,advance,2026-07-06T11:16:55+00:00,gdpnow_tracking.xlsx
gdpnow,US,rgdp_growth,2018Q4,2018-11-15,point,,2.755348641965405,saar_pct,0.6818,advance,2026-07-06T11:16:55+00:00,gdpnow_tracking.xlsx
gdpnow,US,rgdp_growth,2018Q4,2018-11-16,point,,2.6165404087954203,saar_pct,0.6478,advance,2026-07-06T11:16:55+00:00,gdpnow_tracking.xlsx
gdpnow,US,rgdp_growth,2018Q4,2018-11-20,point,,2.458129672027898,saar_pct,0.6089,advance,2026-07-06T11:16:55+00:00,gdpnow_tracking.xlsx
gdpnow,US,rgdp_growth,2018Q4,2018-11-21,point,,2.490876987611812,saar_pct,0.617,advance,2026-07-06T11:16:55+00:00,gdpnow_tracking.xlsx
gdpnow,US,rgdp_growth,2018Q4,2018-11-29,point,,2.6210243445315085,saar_pct,0.6489,advance,2026-07-06T11:16:55+00:00,gdpnow_tracking.xlsx
gdpnow,US,rgdp_growth,2018Q4,2018-12-03,point,,2.8003358505319653,saar_pct,0.6929,advance,2026-07-06T11:16:55+00:00,gdpnow_tracking.xlsx
gdpnow,US,rgdp_growth,2018Q4,2018-12-04,point,,2.7090506292367422,saar_pct,0.6705,advance,2026-07-06T11:16:55+00:00,gdpnow_tracking.xlsx
gdpnow,US,rgdp_growth,2018Q4,2018-12-06,point,,2.6642978607315237,saar_pct,0.6595,advance,2026-07-06T11:16:55+00:00,gdpnow_tracking.xlsx
gdpnow,US,rgdp_growth,2018Q4,2018-12-07,point,,2.3825393437626907,saar_pct,0.5904,advance,2026-07-06T11:16:55+00:00,gdpnow_tracking.xlsx
gdpnow,US,rgdp_growth,2018Q4,2018-12-11,point,,2.4371497730663494,saar_pct,0.6038,advance,2026-07-06T11:16:55+00:00,gdpnow_tracking.xlsx
gdpnow,US,rgdp_growth,2018Q4,2018-12-12,point,,2.4262026864013464,saar_pct,0.6011,advance,2026-07-06T11:16:55+00:00,gdpnow_tracking.xlsx
gdpnow,US,rgdp_growth,2018Q4,2018-12-13,point,,2.500305469878339,saar_pct,0.6193,advance,2026-07-06T11:16:55+00:00,gdpnow_tracking.xlsx
gdpnow,US,rgdp_growth,2018Q4,2018-12-14,point,,2.99541528297933,saar_pct,0.7406,advance,2026-07-06T11:16:55+00:00,gdpnow_tracking.xlsx
gdpnow,US,rgdp_growth,2018Q4,2018-12-18,point,,2.921189078582409,saar_pct,0.7224,advance,2026-07-06T11:16:55+00:00,gdpnow_tracking.xlsx
gdpnow,US,rgdp_growth,2018Q4,2018-12-19,point,,2.972374627170904,saar_pct,0.735,advance,2026-07-06T11:16:55+00:00,gdpnow_tracking.xlsx
gdpnow,US,rgdp_growth,2018Q4,2018-12-21,point,,2.714419219567832,saar_pct,0.6718,advance,2026-07-06T11:16:55+00:00,gdpnow_tracking.xlsx
gdpnow,US,rgdp_growth,2018Q4,2019-01-03,point,,2.5869711312205723,saar_pct,0.6406,advance,2026-07-06T11:16:55+00:00,gdpnow_tracking.xlsx
gdpnow,US,rgdp_growth,2018Q4,2019-01-04,point,,2.7928790660161074,saar_pct,0.691,advance,2026-07-06T11:16:55+00:00,gdpnow_tracking.xlsx
gdpnow,US,rgdp_growth,2018Q4,2019-01-07,point,,2.794085106916011,saar_pct,0.6913,advance,2026-07-06T11:16:55+00:00,gdpnow_tracking.xlsx
gdpnow,US,rgdp_growth,2018Q4,2019-01-11,point,,2.796567058164756,saar_pct,0.6919,advance,2026-07-06T11:16:55+00:00,gdpnow_tracking.xlsx
gdpnow,US,rgdp_growth,2018Q4,2019-01-15,point,,2.8146250459996747,saar_pct,0.6963,advance,2026-07-06T11:16:55+00:00,gdpnow_tracking.xlsx
gdpnow,US,rgdp_growth,2018Q4,2019-01-16,point,,2.7879547911946245,saar_pct,0.6898,advance,2026-07-06T11:16:55+00:00,gdpnow_tracking.xlsx
gdpnow,US,rgdp_growth,2018Q4,2019-01-18,point,,2.795317910999695,saar_pct,0.6916,advance,2026-07-06T11:16:55+00:00,gdpnow_tracking.xlsx
gdpnow,US,rgdp_growth,2018Q4,2019-01-22,point,,2.7221128932423344,saar_pct,0.6737,advance,2026-07-06T11:16:55+00:00,gdpnow_tracking.xlsx
gdpnow,US,rgdp_growth,2018Q4,2019-01-31,point,,2.6947142153147086,saar_pct,0.667,advance,2026-07-06T11:16:55+00:00,gdpnow_tracking.xlsx
gdpnow,US,rgdp_growth,2018Q4,2019-02-01,point,,2.4900268574648887,saar_pct,0.6168,advance,2026-07-06T11:16:55+00:00,gdpnow_tracking.xlsx
gdpnow,US,rgdp_growth,2018Q4,2019-02-04,point,,2.396057272998897,saar_pct,0.5937,advance,2026-07-06T11:16:55+00:00,gdpnow_tracking.xlsx
gdpnow,US,rgdp_growth,2018Q4,2019-02-05,point,,2.3960367916696423,saar_pct,0.5937,advance,2026-07-06T11:16:55+00:00,gdpnow_tracking.xlsx
gdpnow,US,rgdp_growth,2018Q4,2019-02-06,point,,2.7329398986620124,saar_pct,0.6763,advance,2026-07-06T11:16:55+00:00,gdpnow_tracking.xlsx
gdpnow,US,rgdp_growth,2018Q4,2019-02-12,point,,2.6625381247786795,saar_pct,0.6591,advance,2026-07-06T11:16:55+00:00,gdpnow_tracking.xlsx
gdpnow,US,rgdp_growth,2018Q4,2019-02-13,point,,2.5850050789331336,saar_pct,0.6401,advance,2026-07-06T11:16:55+00:00,gdpnow_tracking.xlsx
gdpnow,US,rgdp_growth,2018Q4,2019-02-14,point,,1.5252106475567517,saar_pct,0.3791,advance,2026-07-06T11:16:55+00:00,gdpnow_tracking.xlsx
gdpnow,US,rgdp_growth,2018Q4,2019-02-21,point,,1.4170726468668349,saar_pct,0.3524,advance,2026-07-06T11:16:55+00:00,gdpnow_tracking.xlsx
gdpnow,US,rgdp_growth,2018Q4,2019-02-25,point,,1.8555336051686577,saar_pct,0.4607,advance,2026-07-06T11:16:55+00:00,gdpnow_tracking.xlsx
gdpnow,US,rgdp_growth,2018Q4,2019-02-26,point,,1.7982177413237377,saar_pct,0.4466,advance,2026-07-06T11:16:55+00:00,gdpnow_tracking.xlsx
gdpnow,US,rgdp_growth,2018Q4,2019-02-27,point,,1.8465759136188309,saar_pct,0.4585,advance,2026-07-06T11:16:55+00:00,gdpnow_tracking.xlsx
gdpnow,US,rgdp_growth,2019Q1,2019-03-01,point,,0.3431287640500047,saar_pct,0.0857,advance,2026-07-06T11:16:55+00:00,gdpnow_tracking.xlsx
gdpnow,US,rgdp_growth,2019Q1,2019-03-04,point,,0.2668756423904073,saar_pct,0.0667,advance,2026-07-06T11:16:55+00:00,gdpnow_tracking.xlsx
gdpnow,US,rgdp_growth,2019Q1,2019-03-05,point,,0.5336931254835697,saar_pct,0.1332,advance,2026-07-06T11:16:55+00:00,gdpnow_tracking.xlsx
gdpnow,US,rgdp_growth,2019Q1,2019-03-06,point,,0.5220532328582328,saar_pct,0.1303,advance,2026-07-06T11:16:55+00:00,gdpnow_tracking.xlsx
gdpnow,US,rgdp_growth,2019Q1,2019-03-08,point,,0.4761906517894765,saar_pct,0.1188,advance,2026-07-06T11:16:55+00:00,gdpnow_tracking.xlsx
gdpnow,US,rgdp_growth,2019Q1,2019-03-11,point,,0.17022971343190196,saar_pct,0.0425,advance,2026-07-06T11:16:55+00:00,gdpnow_tracking.xlsx
gdpnow,US,rgdp_growth,2019Q1,2019-03-12,point,,0.17019430838762784,saar_pct,0.0425,advance,2026-07-06T11:16:55+00:00,gdpnow_tracking.xlsx
gdpnow,US,rgdp_growth,2019Q1,2019-03-13,point,,0.3817560311640378,saar_pct,0.0953,advance,2026-07-06T11:16:55+00:00,gdpnow_tracking.xlsx
gdpnow,US,rgdp_growth,2019Q1,2019-03-14,point,,0.368969528037133,saar_pct,0.0921,advance,2026-07-06T11:16:55+00:00,gdpnow_tracking.xlsx
gdpnow,US,rgdp_growth,2019Q1,2019-03-15,point,,0.46479745539438344,saar_pct,0.116,advance,2026-07-06T11:16:55+00:00,gdpnow_tracking.xlsx
gdpnow,US,rgdp_growth,2019Q1,2019-03-19,point,,0.6192162089358355,saar_pct,0.1544,advance,2026-07-06T11:16:55+00:00,gdpnow_tracking.xlsx
gdpnow,US,rgdp_growth,2019Q1,2019-03-22,point,,1.225685486564121,saar_pct,0.305,advance,2026-07-06T11:16:55+00:00,gdpnow_tracking.xlsx
gdpnow,US,rgdp_growth,2019Q1,2019-03-25,point,,1.2536773091724962,saar_pct,0.312,advance,2026-07-06T11:16:55+00:00,gdpnow_tracking.xlsx
gdpnow,US,rgdp_growth,2019Q1,2019-03-26,point,,1.2777940833162527,saar_pct,0.3179,advance,2026-07-06T11:16:55+00:00,gdpnow_tracking.xlsx
gdpnow,US,rgdp_growth,2019Q1,2019-03-27,point,,1.533902761587358,saar_pct,0.3813,advance,2026-07-06T11:16:55+00:00,gdpnow_tracking.xlsx
gdpnow,US,rgdp_growth,2019Q1,2019-03-29,point,,1.707007060719068,saar_pct,0.424,advance,2026-07-06T11:16:55+00:00,gdpnow_tracking.xlsx
gdpnow,US,rgdp_growth,2019Q1,2019-04-01,point,,2.1257730004298647,saar_pct,0.5273,advance,2026-07-06T11:16:55+00:00,gdpnow_tracking.xlsx
gdpnow,US,rgdp_growth,2019Q1,2019-04-02,point,,2.0735217121154115,saar_pct,0.5144,advance,2026-07-06T11:16:55+00:00,gdpnow_tracking.xlsx
gdpnow,US,rgdp_growth,2019Q1,2019-04-03,point,,2.137605749832705,saar_pct,0.5302,advance,2026-07-06T11:16:55+00:00,gdpnow_tracking.xlsx
gdpnow,US,rgdp_growth,2019Q1,2019-04-05,point,,2.177520965926849,saar_pct,0.54,advance,2026-07-06T11:16:55+00:00,gdpnow_tracking.xlsx
gdpnow,US,rgdp_growth,2019Q1,2019-04-08,point,,2.2734624708570017,saar_pct,0.5636,advance,2026-07-06T11:16:55+00:00,gdpnow_tracking.xlsx
gdpnow,US,rgdp_growth,2019Q1,2019-04-10,point,,2.184743909114517,saar_pct,0.5418,advance,2026-07-06T11:16:55+00:00,gdpnow_tracking.xlsx
gdpnow,US,rgdp_growth,2019Q1,2019-04-11,point,,2.2043401895795567,saar_pct,0.5466,advance,2026-07-06T11:16:55+00:00,gdpnow_tracking.xlsx
gdpnow,US,rgdp_growth,2019Q1,2019-04-12,point,,2.2521723628209367,saar_pct,0.5583,advance,2026-07-06T11:16:55+00:00,gdpnow_tracking.xlsx
gdpnow,US,rgdp_growth,2019Q1,2019-04-16,point,,2.2703552601631705,saar_pct,0.5628,advance,2026-07-06T11:16:55+00:00,gdpnow_tracking.xlsx
gdpnow,US,rgdp_growth,2019Q1,2019-04-17,point,,2.4261690765137844,saar_pct,0.6011,advance,2026-07-06T11:16:55+00:00,gdpnow_tracking.xlsx
gdpnow,US,rgdp_growth,2019Q1,2019-04-18,point,,2.7885790606822614,saar_pct,0.69,advance,2026-07-06T11:16:55+00:00,gdpnow_tracking.xlsx
gdpnow,US,rgdp_growth,2019Q1,2019-04-19,point,,2.7676829118618684,saar_pct,0.6849,advance,2026-07-06T11:16:55+00:00,gdpnow_tracking.xlsx
gdpnow,US,rgdp_growth,2019Q1,2019-04-22,point,,2.7186379478790323,saar_pct,0.6728,advance,2026-07-06T11:16:55+00:00,gdpnow_tracking.xlsx
gdpnow,US,rgdp_growth,2019Q1,2019-04-23,point,,2.669456826981409,saar_pct,0.6608,advance,2026-07-06T11:16:55+00:00,gdpnow_tracking.xlsx
gdpnow,US,rgdp_growth,2019Q1,2019-04-25,point,,2.6710882502737565,saar_pct,0.6612,advance,2026-07-06T11:16:55+00:00,gdpnow_tracking.xlsx
gdpnow,US,rgdp_growth,2019Q2,2019-04-29,point,,1.251517949403791,saar_pct,0.3114,advance,2026-07-06T11:16:55+00:00,gdpnow_tracking.xlsx
gdpnow,US,rgdp_growth,2019Q2,2019-05-01,point,,1.2169335515136437,saar_pct,0.3029,advance,2026-07-06T11:16:55+00:00,gdpnow_tracking.xlsx
gdpnow,US,rgdp_growth,2019Q2,2019-05-02,point,,0.9141485882480982,saar_pct,0.2278,advance,2026-07-06T11:16:55+00:00,gdpnow_tracking.xlsx
gdpnow,US,rgdp_growth,2019Q2,2019-05-03,point,,1.667629860495845,saar_pct,0.4143,advance,2026-07-06T11:16:55+00:00,gdpnow_tracking.xlsx
gdpnow,US,rgdp_growth,2019Q2,2019-05-09,point,,1.5747327089561614,saar_pct,0.3914,advance,2026-07-06T11:16:55+00:00,gdpnow_tracking.xlsx
gdpnow,US,rgdp_growth,2019Q2,2019-05-10,point,,1.5598212881831053,saar_pct,0.3877,advance,2026-07-06T11:16:55+00:00,gdpnow_tracking.xlsx
gdpnow,US,rgdp_growth,2019Q2,2019-05-14,point,,1.5596877694975975,saar_pct,0.3877,advance,2026-07-06T11:16:55+00:00,gdpnow_tracking.xlsx
gdpnow,US,rgdp_growth,2019Q2,2019-05-15,point,,1.0873601359049578,saar_pct,0.2707,advance,2026-07-06T11:16:55+00:00,gdpnow_tracking.xlsx
gdpnow,US,rgdp_growth,2019Q2,2019-05-16,point,,1.1646595759150724,saar_pct,0.2899,advance,2026-07-06T11:16:55+00:00,gdpnow_tracking.xlsx
gdpnow,US,rgdp_growth,2019Q2,2019-05-21,point,,1.1826078552381603,saar_pct,0.2943,advance,2026-07-06T11:16:55+00:00,gdpnow_tracking.xlsx
gdpnow,US,rgdp_growth,2019Q2,2019-05-23,point,,1.278452621173054,saar_pct,0.3181,advance,2026-07-06T11:16:55+00:00,gdpnow_tracking.xlsx
gdpnow,US,rgdp_growth,2019Q2,2019-05-24,point,,1.2610679522784052,saar_pct,0.3138,advance,2026-07-06T11:16:55+00:00,gdpnow_tracking.xlsx
gdpnow,US,rgdp_growth,2019Q2,2019-05-30,point,,1.1737429182058001,saar_pct,0.2922,advance,2026-07-06T11:16:55+00:00,gdpnow_tracking.xlsx
gdpnow,US,rgdp_growth,2019Q2,2019-05-31,point,,1.1652567871658803,saar_pct,0.29,advance,2026-07-06T11:16:55+00:00,gdpnow_tracking.xlsx
gdpnow,US,rgdp_growth,2019Q2,2019-06-03,point,,1.25617578083288,saar_pct,0.3126,advance,2026-07-06T11:16:55+00:00,gdpnow_tracking.xlsx
gdpnow,US,rgdp_growth,2019Q2,2019-06-04,point,,1.4421232903567338,saar_pct,0.3586,advance,2026-07-06T11:16:55+00:00,gdpnow_tracking.xlsx
gdpnow,US,rgdp_growth,2019Q2,2019-06-05,point,,1.4981171442269625,saar_pct,0.3724,advance,2026-07-06T11:16:55+00:00,gdpnow_tracking.xlsx
gdpnow,US,rgdp_growth,2019Q2,2019-06-06,point,,1.4739891315413534,saar_pct,0.3665,advance,2026-07-06T11:16:55+00:00,gdpnow_tracking.xlsx
gdpnow,US,rgdp_growth,2019Q2,2019-06-07,point,,1.3872392233164055,saar_pct,0.345,advance,2026-07-06T11:16:55+00:00,gdpnow_tracking.xlsx
gdpnow,US,rgdp_growth,2019Q2,2019-06-11,point,,1.4031231637509078,saar_pct,0.349,advance,2026-07-06T11:16:55+00:00,gdpnow_tracking.xlsx
gdpnow,US,rgdp_growth,2019Q2,2019-06-12,point,,1.4737856590224085,saar_pct,0.3664,advance,2026-07-06T11:16:55+00:00,gdpnow_tracking.xlsx
gdpnow,US,rgdp_growth,2019Q2,2019-06-13,point,,1.454812457051613,saar_pct,0.3617,advance,2026-07-06T11:16:55+00:00,gdpnow_tracking.xlsx
gdpnow,US,rgdp_growth,2019Q2,2019-06-14,point,,2.0515275255649223,saar_pct,0.509,advance,2026-07-06T11:16:55+00:00,gdpnow_tracking.xlsx
gdpnow,US,rgdp_growth,2019Q2,2019-06-18,point,,2.0478232077702607,saar_pct,0.5081,advance,2026-07-06T11:16:55+00:00,gdpnow_tracking.xlsx
gdpnow,US,rgdp_growth,2019Q2,2019-06-21,point,,2.084937547589627,saar_pct,0.5172,advance,2026-07-06T11:16:55+00:00,gdpnow_tracking.xlsx
gdpnow,US,rgdp_growth,2019Q2,2019-06-25,point,,2.027291717483237,saar_pct,0.503,advance,2026-07-06T11:16:55+00:00,gdpnow_tracking.xlsx
gdpnow,US,rgdp_growth,2019Q2,2019-06-26,point,,1.8817944241880769,saar_pct,0.4672,advance,2026-07-06T11:16:55+00:00,gdpnow_tracking.xlsx
gdpnow,US,rgdp_growth,2019Q2,2019-06-28,point,,1.4956838078306278,saar_pct,0.3718,advance,2026-07-06T11:16:55+00:00,gdpnow_tracking.xlsx
gdpnow,US,rgdp_growth,2019Q2,2019-07-01,point,,1.4702206105890125,saar_pct,0.3655,advance,2026-07-06T11:16:55+00:00,gdpnow_tracking.xlsx
gdpnow,US,rgdp_growth,2019Q2,2019-07-03,point,,1.3087505378203135,saar_pct,0.3256,advance,2026-07-06T11:16:55+00:00,gdpnow_tracking.xlsx
gdpnow,US,rgdp_growth,2019Q2,2019-07-05,point,,1.4135151100775456,saar_pct,0.3515,advance,2026-07-06T11:16:55+00:00,gdpnow_tracking.xlsx
gdpnow,US,rgdp_growth,2019Q2,2019-07-10,point,,1.397627349296937,saar_pct,0.3476,advance,2026-07-06T11:16:55+00:00,gdpnow_tracking.xlsx
gdpnow,US,rgdp_growth,2019Q2,2019-07-11,point,,1.2297070289827738,saar_pct,0.306,advance,2026-07-06T11:16:55+00:00,gdpnow_tracking.xlsx
gdpnow,US,rgdp_growth,2019Q2,2019-07-12,point,,1.2762164274933152,saar_pct,0.3175,advance,2026-07-06T11:16:55+00:00,gdpnow_tracking.xlsx
gdpnow,US,rgdp_growth,2019Q2,2019-07-16,point,,1.6027058166382613,saar_pct,0.3983,advance,2026-07-06T11:16:55+00:00,gdpnow_tracking.xlsx
gdpnow,US,rgdp_growth,2019Q2,2019-07-17,point,,1.605038146208182,saar_pct,0.3989,advance,2026-07-06T11:16:55+00:00,gdpnow_tracking.xlsx
gdpnow,US,rgdp_growth,2019Q2,2019-07-23,point,,1.5897436388779607,saar_pct,0.3951,advance,2026-07-06T11:16:55+00:00,gdpnow_tracking.xlsx
gdpnow,US,rgdp_growth,2019Q2,2019-07-24,point,,1.566218187430879,saar_pct,0.3893,advance,2026-07-06T11:16:55+00:00,gdpnow_tracking.xlsx
gdpnow,US,rgdp_growth,2019Q2,2019-07-25,point,,1.33344120041059,saar_pct,0.3317,advance,2026-07-06T11:16:55+00:00,gdpnow_tracking.xlsx
gdpnow,US,rgdp_growth,2019Q3,2019-07-30,point,,1.9636396090144448,saar_pct,0.4873,advance,2026-07-06T11:16:55+00:00,gdpnow_tracking.xlsx
gdpnow,US,rgdp_growth,2019Q3,2019-08-01,point,,2.224519790130852,saar_pct,0.5516,advance,2026-07-06T11:16:55+00:00,gdpnow_tracking.xlsx
gdpnow,US,rgdp_growth,2019Q3,2019-08-02,point,,1.9394289660197739,saar_pct,0.4814,advance,2026-07-06T11:16:55+00:00,gdpnow_tracking.xlsx
gdpnow,US,rgdp_growth,2019Q3,2019-08-05,point,,1.8793169650744623,saar_pct,0.4666,advance,2026-07-06T11:16:55+00:00,gdpnow_tracking.xlsx
gdpnow,US,rgdp_growth,2019Q3,2019-08-08,point,,1.9445785734249155,saar_pct,0.4826,advance,2026-07-06T11:16:55+00:00,gdpnow_tracking.xlsx
gdpnow,US,rgdp_growth,2019Q3,2019-08-09,point,,1.9385548951007303,saar_pct,0.4812,advance,2026-07-06T11:16:55+00:00,gdpnow_tracking.xlsx
gdpnow,US,rgdp_growth,2019Q3,2019-08-12,point,,1.847394476939046,saar_pct,0.4587,advance,2026-07-06T11:16:55+00:00,gdpnow_tracking.xlsx
gdpnow,US,rgdp_growth,2019Q3,2019-08-13,point,,1.8462841787967976,saar_pct,0.4584,advance,2026-07-06T11:16:55+00:00,gdpnow_tracking.xlsx
gdpnow,US,rgdp_growth,2019Q3,2019-08-14,point,,1.8427078955955967,saar_pct,0.4575,advance,2026-07-06T11:16:55+00:00,gdpnow_tracking.xlsx
gdpnow,US,rgdp_growth,2019Q3,2019-08-15,point,,2.1589528931400537,saar_pct,0.5354,advance,2026-07-06T11:16:55+00:00,gdpnow_tracking.xlsx
gdpnow,US,rgdp_growth,2019Q3,2019-08-16,point,,2.2280314806429224,saar_pct,0.5524,advance,2026-07-06T11:16:55+00:00,gdpnow_tracking.xlsx
gdpnow,US,rgdp_growth,2019Q3,2019-08-21,point,,2.311622138062397,saar_pct,0.573,advance,2026-07-06T11:16:55+00:00,gdpnow_tracking.xlsx
gdpnow,US,rgdp_growth,2019Q3,2019-08-23,point,,2.2693954811593864,saar_pct,0.5626,advance,2026-07-06T11:16:55+00:00,gdpnow_tracking.xlsx
gdpnow,US,rgdp_growth,2019Q3,2019-08-26,point,,2.2648307144434554,saar_pct,0.5615,advance,2026-07-06T11:16:55+00:00,gdpnow_tracking.xlsx
gdpnow,US,rgdp_growth,2019Q3,2019-08-30,point,,2.042112438726651,saar_pct,0.5067,advance,2026-07-06T11:16:55+00:00,gdpnow_tracking.xlsx
gdpnow,US,rgdp_growth,2019Q3,2019-09-03,point,,1.6818850865932156,saar_pct,0.4178,advance,2026-07-06T11:16:55+00:00,gdpnow_tracking.xlsx
gdpnow,US,rgdp_growth,2019Q3,2019-09-04,point,,1.4665372145923339,saar_pct,0.3646,advance,2026-07-06T11:16:55+00:00,gdpnow_tracking.xlsx
gdpnow,US,rgdp_growth,2019Q3,2019-09-05,point,,1.6845519995352776,saar_pct,0.4185,advance,2026-07-06T11:16:55+00:00,gdpnow_tracking.xlsx
gdpnow,US,rgdp_growth,2019Q3,2019-09-06,point,,1.833478762625984,saar_pct,0.4553,advance,2026-07-06T11:16:55+00:00,gdpnow_tracking.xlsx
gdpnow,US,rgdp_growth,2019Q3,2019-09-11,point,,1.8770236909630311,saar_pct,0.466,advance,2026-07-06T11:16:55+00:00,gdpnow_tracking.xlsx
gdpnow,US,rgdp_growth,2019Q3,2019-09-12,point,,1.827270356733779,saar_pct,0.4537,advance,2026-07-06T11:16:55+00:00,gdpnow_tracking.xlsx
gdpnow,US,rgdp_growth,2019Q3,2019-09-13,point,,1.8045997742542896,saar_pct,0.4481,advance,2026-07-06T11:16:55+00:00,gdpnow_tracking.xlsx
gdpnow,US,rgdp_growth,2019Q3,2019-09-17,point,,1.866816215380318,saar_pct,0.4635,advance,2026-07-06T11:16:55+00:00,gdpnow_tracking.xlsx
gdpnow,US,rgdp_growth,2019Q3,2019-09-18,point,,1.9354777968118686,saar_pct,0.4804,advance,2026-07-06T11:16:55+00:00,gdpnow_tracking.xlsx
gdpnow,US,rgdp_growth,2019Q3,2019-09-19,point,,1.9313591585748968,saar_pct,0.4794,advance,2026-07-06T11:16:55+00:00,gdpnow_tracking.xlsx
gdpnow,US,rgdp_growth,2019Q3,2019-09-25,point,,2.0046011981439182,saar_pct,0.4974,advance,2026-07-06T11:16:55+00:00,gdpnow_tracking.xlsx
gdpnow,US,rgdp_growth,2019Q3,2019-09-27,point,,2.1076226613169657,saar_pct,0.5228,advance,2026-07-06T11:16:55+00:00,gdpnow_tracking.xlsx
gdpnow,US,rgdp_growth,2019Q3,2019-10-01,point,,1.7788702054964967,saar_pct,0.4418,advance,2026-07-06T11:16:55+00:00,gdpnow_tracking.xlsx
gdpnow,US,rgdp_growth,2019Q3,2019-10-02,point,,1.8388991737563254,saar_pct,0.4566,advance,2026-07-06T11:16:55+00:00,gdpnow_tracking.xlsx
gdpnow,US,rgdp_growth,2019Q3,2019-10-03,point,,1.7515983637881982,saar_pct,0.4351,advance,2026-07-06T11:16:55+00:00,gdpnow_tracking.xlsx
gdpnow,US,rgdp_growth,2019Q3,2019-10-04,point,,1.7618263275123835,saar_pct,0.4376,advance,2026-07-06T11:16:55+00:00,gdpnow_tracking.xlsx
gdpnow,US,rgdp_growth,2019Q3,2019-10-08,point,,1.8291476175843702,saar_pct,0.4542,advance,2026-07-06T11:16:55+00:00,gdpnow_tracking.xlsx
gdpnow,US,rgdp_growth,2019Q3,2019-10-09,point,,1.724275281959553,saar_pct,0.4283,advance,2026-07-06T11:16:55+00:00,gdpnow_tracking.xlsx
gdpnow,US,rgdp_growth,2019Q3,2019-10-10,point,,1.723744581499309,saar_pct,0.4282,advance,2026-07-06T11:16:55+00:00,gdpnow_tracking.xlsx
gdpnow,US,rgdp_growth,2019Q3,2019-10-11,point,,1.753661400924389,saar_pct,0.4356,advance,2026-07-06T11:16:55+00:00,gdpnow_tracking.xlsx
gdpnow,US,rgdp_growth,2019Q3,2019-10-16,point,,1.7656985799928027,saar_pct,0.4385,advance,2026-07-06T11:16:55+00:00,gdpnow_tracking.xlsx
gdpnow,US,rgdp_growth,2019Q3,2019-10-17,point,,1.8057655516698023,saar_pct,0.4484,advance,2026-07-06T11:16:55+00:00,gdpnow_tracking.xlsx
gdpnow,US,rgdp_growth,2019Q3,2019-10-22,point,,1.7953218452239739,saar_pct,0.4458,advance,2026-07-06T11:16:55+00:00,gdpnow_tracking.xlsx
gdpnow,US,rgdp_growth,2019Q3,2019-10-24,point,,1.7617953578462409,saar_pct,0.4376,advance,2026-07-06T11:16:55+00:00,gdpnow_tracking.xlsx
gdpnow,US,rgdp_growth,2019Q3,2019-10-25,point,,1.7621409636948693,saar_pct,0.4377,advance,2026-07-06T11:16:55+00:00,gdpnow_tracking.xlsx
gdpnow,US,rgdp_growth,2019Q3,2019-10-28,point,,1.6751546468520617,saar_pct,0.4162,advance,2026-07-06T11:16:55+00:00,gdpnow_tracking.xlsx
gdpnow,US,rgdp_growth,2019Q4,2019-10-31,point,,1.4622142609010513,saar_pct,0.3636,advance,2026-07-06T11:16:55+00:00,gdpnow_tracking.xlsx
gdpnow,US,rgdp_growth,2019Q4,2019-11-01,point,,1.0707314713166216,saar_pct,0.2666,advance,2026-07-06T11:16:55+00:00,gdpnow_tracking.xlsx
gdpnow,US,rgdp_growth,2019Q4,2019-11-04,point,,0.9167262210598048,saar_pct,0.2284,advance,2026-07-06T11:16:55+00:00,gdpnow_tracking.xlsx
gdpnow,US,rgdp_growth,2019Q4,2019-11-05,point,,0.9501153285349728,saar_pct,0.2367,advance,2026-07-06T11:16:55+00:00,gdpnow_tracking.xlsx
gdpnow,US,rgdp_growth,2019Q4,2019-11-08,point,,1.0131016209873112,saar_pct,0.2523,advance,2026-07-06T11:16:55+00:00,gdpnow_tracking.xlsx
gdpnow,US,rgdp_growth,2019Q4,2019-11-13,point,,0.9565476425453578,saar_pct,0.2383,advance,2026-07-06T11:16:55+00:00,gdpnow_tracking.xlsx
gdpnow,US,rgdp_growth,2019Q4,2019-11-14,point,,0.9579461896575658,saar_pct,0.2386,advance,2026-07-06T11:16:55+00:00,gdpnow_tracking.xlsx
gdpnow,US,rgdp_growth,2019Q4,2019-11-15,point,,0.31324770071721186,saar_pct,0.0782,advance,2026-07-06T11:16:55+00:00,gdpnow_tracking.xlsx
gdpnow,US,rgdp_growth,2019Q4,2019-11-19,point,,0.4225749937196044,saar_pct,0.1055,advance,2026-07-06T11:16:55+00:00,gdpnow_tracking.xlsx
gdpnow,US,rgdp_growth,2019Q4,2019-11-21,point,,0.5691435476757656,saar_pct,0.142,advance,2026-07-06T11:16:55+00:00,gdpnow_tracking.xlsx
gdpnow,US,rgdp_growth,2019Q4,2019-11-26,point,,1.3971452299004428,saar_pct,0.3475,advance,2026-07-06T11:16:55+00:00,gdpnow_tracking.xlsx
gdpnow,US,rgdp_growth,2019Q4,2019-11-27,point,,1.6558945413473358,saar_pct,0.4114,advance,2026-07-06T11:16:55+00:00,gdpnow_tracking.xlsx
gdpnow,US,rgdp_growth,2019Q4,2019-12-02,point,,1.3410158244725912,saar_pct,0.3336,advance,2026-07-06T11:16:55+00:00,gdpnow_tracking.xlsx
gdpnow,US,rgdp_growth,2019Q4,2019-12-04,point,,1.5478376926495896,saar_pct,0.3847,advance,2026-07-06T11:16:55+00:00,gdpnow_tracking.xlsx
gdpnow,US,rgdp_growth,2019Q4,2019-12-05,point,,1.4843469463429848,saar_pct,0.369,advance,2026-07-06T11:16:55+00:00,gdpnow_tracking.xlsx
gdpnow,US,rgdp_growth,2019Q4,2019-12-06,point,,1.9643975509836098,saar_pct,0.4875,advance,2026-07-06T11:16:55+00:00,gdpnow_tracking.xlsx
gdpnow,US,rgdp_growth,2019Q4,2019-12-11,point,,2.065097809557148,saar_pct,0.5123,advance,2026-07-06T11:16:55+00:00,gdpnow_tracking.xlsx
gdpnow,US,rgdp_growth,2019Q4,2019-12-12,point,,2.063461182251758,saar_pct,0.5119,advance,2026-07-06T11:16:55+00:00,gdpnow_tracking.xlsx
gdpnow,US,rgdp_growth,2019Q4,2019-12-13,point,,1.9501840119757752,saar_pct,0.484,advance,2026-07-06T11:16:55+00:00,gdpnow_tracking.xlsx
gdpnow,US,rgdp_growth,2019Q4,2019-12-17,point,,2.3410009517854657,saar_pct,0.5802,advance,2026-07-06T11:16:55+00:00,gdpnow_tracking.xlsx
gdpnow,US,rgdp_growth,2019Q4,2019-12-19,point,,2.2610827202098838,saar_pct,0.5605,advance,2026-07-06T11:16:55+00:00,gdpnow_tracking.xlsx
gdpnow,US,rgdp_growth,2019Q4,2019-12-20,point,,2.143125846364291,saar_pct,0.5315,advance,2026-07-06T11:16:55+00:00,gdpnow_tracking.xlsx
gdpnow,US,rgdp_growth,2019Q4,2019-12-23,point,,2.278621773392686,saar_pct,0.5649,advance,2026-07-06T11:16:55+00:00,gdpnow_tracking.xlsx
gdpnow,US,rgdp_growth,2019Q4,2019-12-30,point,,2.4278252252052823,saar_pct,0.6015,advance,2026-07-06T11:16:55+00:00,gdpnow_tracking.xlsx
gdpnow,US,rgdp_growth,2019Q4,2020-01-03,point,,2.3303073287564313,saar_pct,0.5776,advance,2026-07-06T11:16:55+00:00,gdpnow_tracking.xlsx
gdpnow,US,rgdp_growth,2019Q4,2020-01-06,point,,2.256356497584555,saar_pct,0.5594,advance,2026-07-06T11:16:55+00:00,gdpnow_tracking.xlsx
gdpnow,US,rgdp_growth,2019Q4,2020-01-07,point,,2.33219819254884,saar_pct,0.578,advance,2026-07-06T11:16:55+00:00,gdpnow_tracking.xlsx
gdpnow,US,rgdp_growth,2019Q4,2020-01-10,point,,2.272174745238531,saar_pct,0.5633,advance,2026-07-06T11:16:55+00:00,gdpnow_tracking.xlsx
gdpnow,US,rgdp_growth,2019Q4,2020-01-13,point,,2.334068100290798,saar_pct,0.5785,advance,2026-07-06T11:16:55+00:00,gdpnow_tracking.xlsx
gdpnow,US,rgdp_growth,2019Q4,2020-01-14,point,,2.3358583799401478,saar_pct,0.5789,advance,2026-07-06T11:16:55+00:00,gdpnow_tracking.xlsx
gdpnow,US,rgdp_growth,2019Q4,2020-01-15,point,,2.335432733712439,saar_pct,0.5788,advance,2026-07-06T11:16:55+00:00,gdpnow_tracking.xlsx
gdpnow,US,rgdp_growth,2019Q4,2020-01-16,point,,1.8353232889154913,saar_pct,0.4557,advance,2026-07-06T11:16:55+00:00,gdpnow_tracking.xlsx
gdpnow,US,rgdp_growth,2019Q4,2020-01-17,point,,1.7889702063753177,saar_pct,0.4443,advance,2026-07-06T11:16:55+00:00,gdpnow_tracking.xlsx
gdpnow,US,rgdp_growth,2019Q4,2020-01-22,point,,1.820420571991832,saar_pct,0.452,advance,2026-07-06T11:16:55+00:00,gdpnow_tracking.xlsx
gdpnow,US,rgdp_growth,2019Q4,2020-01-27,point,,1.7841121630452594,saar_pct,0.4431,advance,2026-07-06T11:16:55+00:00,gdpnow_tracking.xlsx
gdpnow,US,rgdp_growth,2019Q4,2020-01-28,point,,1.8520564599998846,saar_pct,0.4598,advance,2026-07-06T11:16:55+00:00,gdpnow_tracking.xlsx
gdpnow,US,rgdp_growth,2019Q4,2020-01-29,point,,1.7393524232547142,saar_pct,0.432,advance,2026-07-06T11:16:55+00:00,gdpnow_tracking.xlsx
gdpnow,US,rgdp_growth,2020Q1,2020-01-31,point,,2.7392530975895113,saar_pct,0.6779,advance,2026-07-06T11:16:55+00:00,gdpnow_tracking.xlsx
gdpnow,US,rgdp_growth,2020Q1,2020-02-03,point,,2.890541431262572,saar_pct,0.7149,advance,2026-07-06T11:16:55+00:00,gdpnow_tracking.xlsx
gdpnow,US,rgdp_growth,2020Q1,2020-02-04,point,,2.8847269622896077,saar_pct,0.7135,advance,2026-07-06T11:16:55+00:00,gdpnow_tracking.xlsx
gdpnow,US,rgdp_growth,2020Q1,2020-02-05,point,,2.8986582749044754,saar_pct,0.7169,advance,2026-07-06T11:16:55+00:00,gdpnow_tracking.xlsx
gdpnow,US,rgdp_growth,2020Q1,2020-02-07,point,,2.674679762047516,saar_pct,0.6621,advance,2026-07-06T11:16:55+00:00,gdpnow_tracking.xlsx
gdpnow,US,rgdp_growth,2020Q1,2020-02-12,point,,2.722271746148519,saar_pct,0.6737,advance,2026-07-06T11:16:55+00:00,gdpnow_tracking.xlsx
gdpnow,US,rgdp_growth,2020Q1,2020-02-13,point,,2.7254470190473112,saar_pct,0.6745,advance,2026-07-06T11:16:55+00:00,gdpnow_tracking.xlsx
gdpnow,US,rgdp_growth,2020Q1,2020-02-14,point,,2.3537584943195577,saar_pct,0.5833,advance,2026-07-06T11:16:55+00:00,gdpnow_tracking.xlsx
gdpnow,US,rgdp_growth,2020Q1,2020-02-19,point,,2.5697727805964243,saar_pct,0.6363,advance,2026-07-06T11:16:55+00:00,gdpnow_tracking.xlsx
gdpnow,US,rgdp_growth,2020Q1,2020-02-21,point,,2.533502546280819,saar_pct,0.6274,advance,2026-07-06T11:16:55+00:00,gdpnow_tracking.xlsx
gdpnow,US,rgdp_growth,2020Q1,2020-02-26,point,,2.7782923473216092,saar_pct,0.6875,advance,2026-07-06T11:16:55+00:00,gdpnow_tracking.xlsx
gdpnow,US,rgdp_growth,2020Q1,2020-02-27,point,,2.7084706781819845,saar_pct,0.6703,advance,2026-07-06T11:16:55+00:00,gdpnow_tracking.xlsx
gdpnow,US,rgdp_growth,2020Q1,2020-02-28,point,,2.5912153960766737,saar_pct,0.6416,advance,2026-07-06T11:16:55+00:00,gdpnow_tracking.xlsx
gdpnow,US,rgdp_growth,2020Q1,2020-03-02,point,,2.6655708842900028,saar_pct,0.6598,advance,2026-07-06T11:16:55+00:00,gdpnow_tracking.xlsx
gdpnow,US,rgdp_growth,2020Q1,2020-03-04,point,,2.7775597561860765,saar_pct,0.6873,advance,2026-07-06T11:16:55+00:00,gdpnow_tracking.xlsx
gdpnow,US,rgdp_growth,2020Q1,2020-03-05,point,,2.685728992025016,saar_pct,0.6648,advance,2026-07-06T11:16:55+00:00,gdpnow_tracking.xlsx
gdpnow,US,rgdp_growth,2020Q1,2020-03-06,point,,3.050936214725386,saar_pct,0.7542,advance,2026-07-06T11:16:55+00:00,gdpnow_tracking.xlsx
gdpnow,US,rgdp_growth,2020Q1,2020-03-11,point,,3.0591461556308097,saar_pct,0.7562,advance,2026-07-06T11:16:55+00:00,gdpnow_tracking.xlsx
gdpnow,US,rgdp_growth,2020Q1,2020-03-12,point,,3.101539648823226,saar_pct,0.7665,advance,2026-07-06T11:16:55+00:00,gdpnow_tracking.xlsx
gdpnow,US,rgdp_growth,2020Q1,2020-03-13,point,,3.0854225755529097,saar_pct,0.7626,advance,2026-07-06T11:16:55+00:00,gdpnow_tracking.xlsx
gdpnow,US,rgdp_growth,2020Q1,2020-03-17,point,,2.934958069200011,saar_pct,0.7258,advance,2026-07-06T11:16:55+00:00,gdpnow_tracking.xlsx
gdpnow,US,rgdp_growth,2020Q1,2020-03-18,point,,3.1332616186040774,saar_pct,0.7743,advance,2026-07-06T11:16:55+00:00,gdpnow_tracking.xlsx
gdpnow,US,rgdp_growth,2020Q1,2020-03-20,point,,3.251467626306259,saar_pct,0.8031,advance,2026-07-06T11:16:55+00:00,gdpnow_tracking.xlsx
gdpnow,US,rgdp_growth,2020Q1,2020-03-24,point,,3.1701913879342625,saar_pct,0.7833,advance,2026-07-06T11:16:55+00:00,gdpnow_tracking.xlsx
gdpnow,US,rgdp_growth,2020Q1,2020-03-25,point,,3.1278773034627116,saar_pct,0.773,advance,2026-07-06T11:16:55+00:00,gdpnow_tracking.xlsx
gdpnow,US,rgdp_growth,2020Q1,2020-03-27,point,,2.680026578999728,saar_pct,0.6634,advance,2026-07-06T11:16:55+00:00,gdpnow_tracking.xlsx
gdpnow,US,rgdp_growth,2020Q1,2020-04-01,point,,2.1519203000466725,saar_pct,0.5337,advance,2026-07-06T11:16:55+00:00,gdpnow_tracking.xlsx
gdpnow,US,rgdp_growth,2020Q1,2020-04-02,point,,1.2525565724168297,saar_pct,0.3117,advance,2026-07-06T11:16:55+00:00,gdpnow_tracking.xlsx
gdpnow,US,rgdp_growth,2020Q1,2020-04-03,point,,0.9816471102460644,saar_pct,0.2445,advance,2026-07-06T11:16:55+00:00,gdpnow_tracking.xlsx
gdpnow,US,rgdp_growth,2020Q1,2020-04-09,point,,0.9619512881410719,saar_pct,0.2396,advance,2026-07-06T11:16:55+00:00,gdpnow_tracking.xlsx
gdpnow,US,rgdp_growth,2020Q1,2020-04-10,point,,0.9969127432215119,saar_pct,0.2483,advance,2026-07-06T11:16:55+00:00,gdpnow_tracking.xlsx
gdpnow,US,rgdp_growth,2020Q1,2020-04-14,point,,0.9825135370474802,saar_pct,0.2447,advance,2026-07-06T11:16:55+00:00,gdpnow_tracking.xlsx
gdpnow,US,rgdp_growth,2020Q1,2020-04-15,point,,-0.3177504382701035,saar_pct,-0.0795,advance,2026-07-06T11:16:55+00:00,gdpnow_tracking.xlsx
gdpnow,US,rgdp_growth,2020Q1,2020-04-16,point,,-0.2639797027873758,saar_pct,-0.0661,advance,2026-07-06T11:16:55+00:00,gdpnow_tracking.xlsx
gdpnow,US,rgdp_growth,2020Q1,2020-04-21,point,,-0.26943803477866846,saar_pct,-0.0674,advance,2026-07-06T11:16:55+00:00,gdpnow_tracking.xlsx
gdpnow,US,rgdp_growth,2020Q1,2020-04-23,point,,-0.3313628315877115,saar_pct,-0.0829,advance,2026-07-06T11:16:55+00:00,gdpnow_tracking.xlsx
gdpnow,US,rgdp_growth,2020Q1,2020-04-24,point,,-0.252728585653883,saar_pct,-0.0632,advance,2026-07-06T11:16:55+00:00,gdpnow_tracking.xlsx
gdpnow,US,rgdp_growth,2020Q1,2020-04-28,point,,-0.9690554159619835,saar_pct,-0.2431,advance,2026-07-06T11:16:55+00:00,gdpnow_tracking.xlsx
gdpnow,US,rgdp_growth,2020Q2,2020-04-30,point,,-12.052744275855144,saar_pct,-3.1598,advance,2026-07-06T11:16:55+00:00,gdpnow_tracking.xlsx
gdpnow,US,rgdp_growth,2020Q2,2020-05-01,point,,-16.642243762734555,saar_pct,-4.4487,advance,2026-07-06T11:16:55+00:00,gdpnow_tracking.xlsx
gdpnow,US,rgdp_growth,2020Q2,2020-05-04,point,,-17.415819287514868,saar_pct,-4.6712,advance,2026-07-06T11:16:55+00:00,gdpnow_tracking.xlsx
gdpnow,US,rgdp_growth,2020Q2,2020-05-05,point,,-17.60547900496644,saar_pct,-4.726,advance,2026-07-06T11:16:55+00:00,gdpnow_tracking.xlsx
gdpnow,US,rgdp_growth,2020Q2,2020-05-08,point,,-34.85909543939558,saar_pct,-10.1613,advance,2026-07-06T11:16:55+00:00,gdpnow_tracking.xlsx
gdpnow,US,rgdp_growth,2020Q2,2020-05-12,point,,-35.11708795403635,saar_pct,-10.2504,advance,2026-07-06T11:16:55+00:00,gdpnow_tracking.xlsx
gdpnow,US,rgdp_growth,2020Q2,2020-05-13,point,,-35.15600907467008,saar_pct,-10.2638,advance,2026-07-06T11:16:55+00:00,gdpnow_tracking.xlsx
gdpnow,US,rgdp_growth,2020Q2,2020-05-14,point,,-35.16629231605384,saar_pct,-10.2674,advance,2026-07-06T11:16:55+00:00,gdpnow_tracking.xlsx
gdpnow,US,rgdp_growth,2020Q2,2020-05-15,point,,-42.81304981194781,saar_pct,-13.0391,advance,2026-07-06T11:16:55+00:00,gdpnow_tracking.xlsx
gdpnow,US,rgdp_growth,2020Q2,2020-05-19,point,,-41.906764438638774,saar_pct,-12.6966,advance,2026-07-06T11:16:55+00:00,gdpnow_tracking.xlsx
gdpnow,US,rgdp_growth,2020Q2,2020-05-21,point,,-41.50785596426739,saar_pct,-12.5471,advance,2026-07-06T11:16:55+00:00,gdpnow_tracking.xlsx
gdpnow,US,rgdp_growth,2020Q2,2020-05-26,point,,-41.41327353633477,saar_pct,-12.5117,advance,2026-07-06T11:16:55+00:00,gdpnow_tracking.xlsx
gdpnow,US,rgdp_growth,2020Q2,2020-05-28,point,,-40.387484043776276,saar_pct,-12.1313,advance,2026-07-06T11:16:55+00:00,gdpnow_tracking.xlsx
gdpnow,US,rgdp_growth,2020Q2,2020-05-29,point,,-51.158587763821075,saar_pct,-16.4018,advance,2026-07-06T11:16:55+00:00,gdpnow_tracking.xlsx
gdpnow,US,rgdp_growth,2020Q2,2020-06-01,point,,-52.7976191939397,saar_pct,-17.1121,advance,2026-07-06T11:16:55+00:00,gdpnow_tracking.xlsx
gdpnow,US,rgdp_growth,2020Q2,2020-06-03,point,,-52.183745268682245,saar_pct,-16.8439,advance,2026-07-06T11:16:55+00:00,gdpnow_tracking.xlsx
gdpnow,US,rgdp_growth,2020Q2,2020-06-04,point,,-53.76059737021892,saar_pct,-17.5382,advance,2026-07-06T11:16:55+00:00,gdpnow_tracking.xlsx
gdpnow,US,rgdp_growth,2020Q2,2020-06-05,point,,-49.136542486675374,saar_pct,-15.5496,advance,2026-07-06T11:16:55+00:00,gdpnow_tracking.xlsx
gdpnow,US,rgdp_growth,2020Q2,2020-06-09,point,,-48.46647702080288,saar_pct,-15.2729,advance,2026-07-06T11:16:55+00:00,gdpnow_tracking.xlsx
gdpnow,US,rgdp_growth,2020Q2,2020-06-10,point,,-48.44222822311794,saar_pct,-15.2629,advance,2026-07-06T11:16:55+00:00,gdpnow_tracking.xlsx
gdpnow,US,rgdp_growth,2020Q2,2020-06-11,point,,-48.432809651194056,saar_pct,-15.259,advance,2026-07-06T11:16:55+00:00,gdpnow_tracking.xlsx
gdpnow,US,rgdp_growth,2020Q2,2020-06-12,point,,-48.44055965011592,saar_pct,-15.2622,advance,2026-07-06T11:16:55+00:00,gdpnow_tracking.xlsx
gdpnow,US,rgdp_growth,2020Q2,2020-06-16,point,,-45.354191322924954,saar_pct,-14.0216,advance,2026-07-06T11:16:55+00:00,gdpnow_tracking.xlsx
gdpnow,US,rgdp_growth,2020Q2,2020-06-17,point,,-45.50856356991413,saar_pct,-14.0824,advance,2026-07-06T11:16:55+00:00,gdpnow_tracking.xlsx
gdpnow,US,rgdp_growth,2020Q2,2020-06-22,point,,-45.78182141813638,saar_pct,-14.1903,advance,2026-07-06T11:16:55+00:00,gdpnow_tracking.xlsx
gdpnow,US,rgdp_growth,2020Q2,2020-06-23,point,,-45.89952589957388,saar_pct,-14.2369,advance,2026-07-06T11:16:55+00:00,gdpnow_tracking.xlsx
gdpnow,US,rgdp_growth,2020Q2,2020-06-25,point,,-46.631193637868954,saar_pct,-14.5284,advance,2026-07-06T11:16:55+00:00,gdpnow_tracking.xlsx
gdpnow,US,rgdp_growth,2020Q2,2020-06-26,point,,-39.45327738697284,saar_pct,-11.789,advance,2026-07-06T11:16:55+00:00,gdpnow_tracking.xlsx
gdpnow,US,rgdp_growth,2020Q2,2020-07-01,point,,-36.773866913134114,saar_pct,-10.8289,advance,2026-07-06T11:16:55+00:00,gdpnow_tracking.xlsx
gdpnow,US,rgdp_growth,2020Q2,2020-07-02,point,,-35.179751410699026,saar_pct,-10.2721,advance,2026-07-06T11:16:55+00:00,gdpnow_tracking.xlsx
gdpnow,US,rgdp_growth,2020Q2,2020-07-06,point,,-35.381886617726174,saar_pct,-10.3421,advance,2026-07-06T11:16:55+00:00,gdpnow_tracking.xlsx
gdpnow,US,rgdp_growth,2020Q2,2020-07-09,point,,-35.468251723220504,saar_pct,-10.3721,advance,2026-07-06T11:16:55+00:00,gdpnow_tracking.xlsx
gdpnow,US,rgdp_growth,2020Q2,2020-07-10,point,,-35.48183953654858,saar_pct,-10.3768,advance,2026-07-06T11:16:55+00:00,gdpnow_tracking.xlsx
gdpnow,US,rgdp_growth,2020Q2,2020-07-14,point,,-35.42522767884621,saar_pct,-10.3571,advance,2026-07-06T11:16:55+00:00,gdpnow_tracking.xlsx
gdpnow,US,rgdp_growth,2020Q2,2020-07-15,point,,-34.66668225920998,saar_pct,-10.095,advance,2026-07-06T11:16:55+00:00,gdpnow_tracking.xlsx
gdpnow,US,rgdp_growth,2020Q2,2020-07-16,point,,-34.47494165950713,saar_pct,-10.0291,advance,2026-07-06T11:16:55+00:00,gdpnow_tracking.xlsx
gdpnow,US,rgdp_growth,2020Q2,2020-07-17,point,,-34.70781875503142,saar_pct,-10.1092,advance,2026-07-06T11:16:55+00:00,gdpnow_tracking.xlsx
gdpnow,US,rgdp_growth,2020Q2,2020-07-22,point,,-34.74547732212433,saar_pct,-10.1222,advance,2026-07-06T11:16:55+00:00,gdpnow_tracking.xlsx
gdpnow,US,rgdp_growth,2020Q2,2020-07-24,point,,-34.77301966790339,saar_pct,-10.1316,advance,2026-07-06T11:16:55+00:00,gdpnow_tracking.xlsx
gdpnow,US,rgdp_growth,2020Q2,2020-07-27,point,,-34.28202850051358,saar_pct,-9.963,advance,2026-07-06T11:16:55+00:00,gdpnow_tracking.xlsx
gdpnow,US,rgdp_growth,2020Q2,2020-07-29,point,,-32.084420930756444,saar_pct,-9.2195,advance,2026-07-06T11:16:55+00:00,gdpnow_tracking.xlsx
gdpnow,US,rgdp_growth,2020Q3,2020-07-31,point,,11.884487203498107,saar_pct,2.8472,advance,2026-07-06T11:16:55+00:00,gdpnow_tracking.xlsx
gdpnow,US,rgdp_growth,2020Q3,2020-08-03,point,,19.64143786043282,saar_pct,4.5852,advance,2026-07-06T11:16:55+00:00,gdpnow_tracking.xlsx
gdpnow,US,rgdp_growth,2020Q3,2020-08-04,point,,20.00624059861473,saar_pct,4.6649,advance,2026-07-06T11:16:55+00:00,gdpnow_tracking.xlsx
gdpnow,US,rgdp_growth,2020Q3,2020-08-05,point,,20.258861954040654,saar_pct,4.7199,advance,2026-07-06T11:16:55+00:00,gdpnow_tracking.xlsx
gdpnow,US,rgdp_growth,2020Q3,2020-08-07,point,,20.511414501055892,saar_pct,4.7748,advance,2026-07-06T11:16:55+00:00,gdpnow_tracking.xlsx
gdpnow,US,rgdp_growth,2020Q3,2020-08-11,point,,20.549267844129737,saar_pct,4.7831,advance,2026-07-06T11:16:55+00:00,gdpnow_tracking.xlsx
gdpnow,US,rgdp_growth,2020Q3,2020-08-12,point,,20.58407034346721,saar_pct,4.7906,advance,2026-07-06T11:16:55+00:00,gdpnow_tracking.xlsx
gdpnow,US,rgdp_growth,2020Q3,2020-08-13,point,,20.54197679364993,saar_pct,4.7815,advance,2026-07-06T11:16:55+00:00,gdpnow_tracking.xlsx
gdpnow,US,rgdp_growth,2020Q3,2020-08-14,point,,26.220963391460405,saar_pct,5.9944,advance,2026-07-06T11:16:55+00:00,gdpnow_tracking.xlsx
gdpnow,US,rgdp_growth,2020Q3,2020-08-18,point,,25.566408829519904,saar_pct,5.8567,advance,2026-07-06T11:16:55+00:00,gdpnow_tracking.xlsx
gdpnow,US,rgdp_growth,2020Q3,2020-08-21,point,,25.393901926633866,saar_pct,5.8203,advance,2026-07-06T11:16:55+00:00,gdpnow_tracking.xlsx
gdpnow,US,rgdp_growth,2020Q3,2020-08-25,point,,25.37040899498315,saar_pct,5.8154,advance,2026-07-06T11:16:55+00:00,gdpnow_tracking.xlsx
gdpnow,US,rgdp_growth,2020Q3,2020-08-26,point,,25.607533660910043,saar_pct,5.8654,advance,2026-07-06T11:16:55+00:00,gdpnow_tracking.xlsx
gdpnow,US,rgdp_growth,2020Q3,2020-08-28,point,,28.875908547793806,saar_pct,6.5474,advance,2026-07-06T11:16:55+00:00,gdpnow_tracking.xlsx
gdpnow,US,rgdp_growth,2020Q3,2020-09-01,point,,28.500132778766883,saar_pct,6.4697,advance,2026-07-06T11:16:55+00:00,gdpnow_tracking.xlsx
gdpnow,US,rgdp_growth,2020Q3,2020-09-02,point,,29.80968464251408,saar_pct,6.7399,advance,2026-07-06T11:16:55+00:00,gdpnow_tracking.xlsx
gdpnow,US,rgdp_growth,2020Q3,2020-09-03,point,,29.58394298759228,saar_pct,6.6935,advance,2026-07-06T11:16:55+00:00,gdpnow_tracking.xlsx
gdpnow,US,rgdp_growth,2020Q3,2020-09-04,point,,31.001206863778652,saar_pct,6.984,advance,2026-07-06T11:16:55+00:00,gdpnow_tracking.xlsx
gdpnow,US,rgdp_growth,2020Q3,2020-09-10,point,,30.839115883398428,saar_pct,6.9509,advance,2026-07-06T11:16:55+00:00,gdpnow_tracking.xlsx
gdpnow,US,rgdp_growth,2020Q3,2020-09-11,point,,30.687450785800486,saar_pct,6.9199,advance,2026-07-06T11:16:55+00:00,gdpnow_tracking.xlsx
gdpnow,US,rgdp_growth,2020Q3,2020-09-15,point,,30.20970754450869,saar_pct,6.822,advance,2026-07-06T11:16:55+00:00,gdpnow_tracking.xlsx
gdpnow,US,rgdp_growth,2020Q3,2020-09-16,point,,31.681127607469417,saar_pct,7.1225,advance,2026-07-06T11:16:55+00:00,gdpnow_tracking.xlsx
gdpnow,US,rgdp_growth,2020Q3,2020-09-17,point,,31.953531443701543,saar_pct,7.1779,advance,2026-07-06T11:16:55+00:00,gdpnow_tracking.xlsx
gdpnow,US,rgdp_growth,2020Q3,2020-09-22,point,,32.0298311212482,saar_pct,7.1934,advance,2026-07-06T11:16:55+00:00,gdpnow_tracking.xlsx
gdpnow,US,rgdp_growth,2020Q3,2020-09-24,point,,31.930489850838974,saar_pct,7.1732,advance,2026-07-06T11:16:55+00:00,gdpnow_tracking.xlsx
gdpnow,US,rgdp_growth,2020Q3,2020-09-25,point,,31.995488550282424,saar_pct,7.1864,advance,2026-07-06T11:16:55+00:00,gdpnow_tracking.xlsx
gdpnow,US,rgdp_growth,2020Q3,2020-09-29,point,,33.816361901548106,saar_pct,7.5542,advance,2026-07-06T11:16:55+00:00,gdpnow_tracking.xlsx
gdpnow,US,rgdp_growth,2020Q3,2020-10-01,point,,34.602404900806796,saar_pct,7.7118,advance,2026-07-06T11:16:55+00:00,gdpnow_tracking.xlsx
gdpnow,US,rgdp_growth,2020Q3,2020-10-02,point,,35.44653540682769,saar_pct,7.8803,advance,2026-07-06T11:16:55+00:00,gdpnow_tracking.xlsx
gdpnow,US,rgdp_growth,2020Q3,2020-10-05,point,,35.40648015905905,saar_pct,7.8723,advance,2026-07-06T11:16:55+00:00,gdpnow_tracking.xlsx
gdpnow,US,rgdp_growth,2020Q3,2020-10-06,point,,35.30248151683195,saar_pct,7.8516,advance,2026-07-06T11:16:55+00:00,gdpnow_tracking.xlsx
gdpnow,US,rgdp_growth,2020Q3,2020-10-09,point,,35.231485897629234,saar_pct,7.8374,advance,2026-07-06T11:16:55+00:00,gdpnow_tracking.xlsx
gdpnow,US,rgdp_growth,2020Q3,2020-10-13,point,,35.2343791544004,saar_pct,7.838,advance,2026-07-06T11:16:55+00:00,gdpnow_tracking.xlsx
gdpnow,US,rgdp_growth,2020Q3,2020-10-14,point,,35.19967821172967,saar_pct,7.8311,advance,2026-07-06T11:16:55+00:00,gdpnow_tracking.xlsx
gdpnow,US,rgdp_growth,2020Q3,2020-10-15,point,,35.1595674574031,saar_pct,7.8231,advance,2026-07-06T11:16:55+00:00,gdpnow_tracking.xlsx
gdpnow,US,rgdp_growth,2020Q3,2020-10-16,point,,35.1769459034198,saar_pct,7.8265,advance,2026-07-06T11:16:55+00:00,gdpnow_tracking.xlsx
gdpnow,US,rgdp_growth,2020Q3,2020-10-19,point,,35.14481106015657,saar_pct,7.8201,advance,2026-07-06T11:16:55+00:00,gdpnow_tracking.xlsx
gdpnow,US,rgdp_growth,2020Q3,2020-10-20,point,,35.29340135549796,saar_pct,7.8498,advance,2026-07-06T11:16:55+00:00,gdpnow_tracking.xlsx
gdpnow,US,rgdp_growth,2020Q3,2020-10-22,point,,35.499709020754544,saar_pct,7.8908,advance,2026-07-06T11:16:55+00:00,gdpnow_tracking.xlsx
gdpnow,US,rgdp_growth,2020Q3,2020-10-26,point,,35.46297811155201,saar_pct,7.8835,advance,2026-07-06T11:16:55+00:00,gdpnow_tracking.xlsx
gdpnow,US,rgdp_growth,2020Q3,2020-10-27,point,,36.17942421030622,saar_pct,8.0259,advance,2026-07-06T11:16:55+00:00,gdpnow_tracking.xlsx
gdpnow,US,rgdp_growth,2020Q3,2020-10-28,point,,36.97081046136337,saar_pct,8.1825,advance,2026-07-06T11:16:55+00:00,gdpnow_tracking.xlsx
gdpnow,US,rgdp_growth,2020Q4,2020-10-30,point,,2.24819977332964,saar_pct,0.5574,advance,2026-07-06T11:16:55+00:00,gdpnow_tracking.xlsx
gdpnow,US,rgdp_growth,2020Q4,2020-11-02,point,,3.3557446324608886,saar_pct,0.8286,advance,2026-07-06T11:16:55+00:00,gdpnow_tracking.xlsx
gdpnow,US,rgdp_growth,2020Q4,2020-11-03,point,,3.3119829459612227,saar_pct,0.8179,advance,2026-07-06T11:16:55+00:00,gdpnow_tracking.xlsx
gdpnow,US,rgdp_growth,2020Q4,2020-11-04,point,,3.217046690635228,saar_pct,0.7947,advance,2026-07-06T11:16:55+00:00,gdpnow_tracking.xlsx
gdpnow,US,rgdp_growth,2020Q4,2020-11-06,point,,3.5141234955200273,saar_pct,0.8672,advance,2026-07-06T11:16:55+00:00,gdpnow_tracking.xlsx
gdpnow,US,rgdp_growth,2020Q4,2020-11-12,point,,3.5300421422578054,saar_pct,0.8711,advance,2026-07-06T11:16:55+00:00,gdpnow_tracking.xlsx
gdpnow,US,rgdp_growth,2020Q4,2020-11-13,point,,3.5131313911525686,saar_pct,0.8669,advance,2026-07-06T11:16:55+00:00,gdpnow_tracking.xlsx
gdpnow,US,rgdp_growth,2020Q4,2020-11-17,point,,5.392562786933008,saar_pct,1.3217,advance,2026-07-06T11:16:55+00:00,gdpnow_tracking.xlsx
gdpnow,US,rgdp_growth,2020Q4,2020-11-18,point,,5.572910853575452,saar_pct,1.365,advance,2026-07-06T11:16:55+00:00,gdpnow_tracking.xlsx
gdpnow,US,rgdp_growth,2020Q4,2020-11-19,point,,5.982631099168323,saar_pct,1.4632,advance,2026-07-06T11:16:55+00:00,gdpnow_tracking.xlsx
gdpnow,US,rgdp_growth,2020Q4,2020-11-25,point,,11.010765964382575,saar_pct,2.6458,advance,2026-07-06T11:16:55+00:00,gdpnow_tracking.xlsx
gdpnow,US,rgdp_growth,2020Q4,2020-12-01,point,,11.086346351763844,saar_pct,2.6633,advance,2026-07-06T11:16:55+00:00,gdpnow_tracking.xlsx
gdpnow,US,rgdp_growth,2020Q4,2020-12-02,point,,10.883896028423745,saar_pct,2.6165,advance,2026-07-06T11:16:55+00:00,gdpnow_tracking.xlsx
gdpnow,US,rgdp_growth,2020Q4,2020-12-03,point,,10.818861407737156,saar_pct,2.6014,advance,2026-07-06T11:16:55+00:00,gdpnow_tracking.xlsx
gdpnow,US,rgdp_growth,2020Q4,2020-12-04,point,,11.165395340847684,saar_pct,2.6815,advance,2026-07-06T11:16:55+00:00,gdpnow_tracking.xlsx
gdpnow,US,rgdp_growth,2020Q4,2020-12-09,point,,11.150831153741002,saar_pct,2.6782,advance,2026-07-06T11:16:55+00:00,gdpnow_tracking.xlsx
gdpnow,US,rgdp_growth,2020Q4,2020-12-10,point,,11.114541735671523,saar_pct,2.6698,advance,2026-07-06T11:16:55+00:00,gdpnow_tracking.xlsx
gdpnow,US,rgdp_growth,2020Q4,2020-12-11,point,,11.08613397256173,saar_pct,2.6632,advance,2026-07-06T11:16:55+00:00,gdpnow_tracking.xlsx
gdpnow,US,rgdp_growth,2020Q4,2020-12-15,point,,11.28560896512285,saar_pct,2.7093,advance,2026-07-06T11:16:55+00:00,gdpnow_tracking.xlsx
gdpnow,US,rgdp_growth,2020Q4,2020-12-16,point,,11.0216382349269,saar_pct,2.6483,advance,2026-07-06T11:16:55+00:00,gdpnow_tracking.xlsx
gdpnow,US,rgdp_growth,2020Q4,2020-12-17,point,,11.129314662491542,saar_pct,2.6732,advance,2026-07-06T11:16:55+00:00,gdpnow_tracking.xlsx
gdpnow,US,rgdp_growth,2020Q4,2020-12-22,point,,11.188086987766477,saar_pct,2.6868,advance,2026-07-06T11:16:55+00:00,gdpnow_tracking.xlsx
gdpnow,US,rgdp_growth,2020Q4,2020-12-23,point,,10.41376655403874,saar_pct,2.5075,advance,2026-07-06T11:16:55+00:00,gdpnow_tracking.xlsx
gdpnow,US,rgdp_growth,2020Q4,2020-12-30,point,,8.607419288154228,saar_pct,2.0857,advance,2026-07-06T11:16:55+00:00,gdpnow_tracking.xlsx
gdpnow,US,rgdp_growth,2020Q4,2021-01-04,point,,8.6254242042346,saar_pct,2.0899,advance,2026-07-06T11:16:55+00:00,gdpnow_tracking.xlsx
gdpnow,US,rgdp_growth,2020Q4,2021-01-05,point,,8.887460658044821,saar_pct,2.1514,advance,2026-07-06T11:16:55+00:00,gdpnow_tracking.xlsx
gdpnow,US,rgdp_growth,2020Q4,2021-01-06,point,,8.718313956188162,saar_pct,2.1117,advance,2026-07-06T11:16:55+00:00,gdpnow_tracking.xlsx
gdpnow,US,rgdp_growth,2020Q4,2021-01-07,point,,8.54305202123804,saar_pct,2.0706,advance,2026-07-06T11:16:55+00:00,gdpnow_tracking.xlsx
gdpnow,US,rgdp_growth,2020Q4,2021-01-08,point,,8.664072109602117,saar_pct,2.099,advance,2026-07-06T11:16:55+00:00,gdpnow_tracking.xlsx
gdpnow,US,rgdp_growth,2020Q4,2021-01-13,point,,8.728602521556805,saar_pct,2.1142,advance,2026-07-06T11:16:55+00:00,gdpnow_tracking.xlsx
gdpnow,US,rgdp_growth,2020Q4,2021-01-14,point,,8.752077785546785,saar_pct,2.1197,advance,2026-07-06T11:16:55+00:00,gdpnow_tracking.xlsx
gdpnow,US,rgdp_growth,2020Q4,2021-01-15,point,,7.4489483856737815,saar_pct,1.8124,advance,2026-07-06T11:16:55+00:00,gdpnow_tracking.xlsx
gdpnow,US,rgdp_growth,2020Q4,2021-01-21,point,,7.540768468815262,saar_pct,1.8341,advance,2026-07-06T11:16:55+00:00,gdpnow_tracking.xlsx
gdpnow,US,rgdp_growth,2020Q4,2021-01-22,point,,7.576266809175225,saar_pct,1.8425,advance,2026-07-06T11:16:55+00:00,gdpnow_tracking.xlsx
gdpnow,US,rgdp_growth,2020Q4,2021-01-27,point,,7.160023704999063,saar_pct,1.7439,advance,2026-07-06T11:16:55+00:00,gdpnow_tracking.xlsx
gdpnow,US,rgdp_growth,2021Q1,2021-01-29,point,,5.157560277753981,saar_pct,1.2652,advance,2026-07-06T11:16:55+00:00,gdpnow_tracking.xlsx
gdpnow,US,rgdp_growth,2021Q1,2021-02-01,point,,6.001251524661866,saar_pct,1.4677,advance,2026-07-06T11:16:55+00:00,gdpnow_tracking.xlsx
gdpnow,US,rgdp_growth,2021Q1,2021-02-03,point,,6.0140013872903575,saar_pct,1.4707,advance,2026-07-06T11:16:55+00:00,gdpnow_tracking.xlsx
gdpnow,US,rgdp_growth,2021Q1,2021-02-04,point,,5.976166828962737,saar_pct,1.4617,advance,2026-07-06T11:16:55+00:00,gdpnow_tracking.xlsx
gdpnow,US,rgdp_growth,2021Q1,2021-02-05,point,,4.649567470044302,saar_pct,1.1427,advance,2026-07-06T11:16:55+00:00,gdpnow_tracking.xlsx
gdpnow,US,rgdp_growth,2021Q1,2021-02-10,point,,4.507500473687021,saar_pct,1.1083,advance,2026-07-06T11:16:55+00:00,gdpnow_tracking.xlsx
gdpnow,US,rgdp_growth,2021Q1,2021-02-11,point,,4.527389695471751,saar_pct,1.1131,advance,2026-07-06T11:16:55+00:00,gdpnow_tracking.xlsx
gdpnow,US,rgdp_growth,2021Q1,2021-02-17,point,,9.494952220473852,saar_pct,2.2936,advance,2026-07-06T11:16:55+00:00,gdpnow_tracking.xlsx
gdpnow,US,rgdp_growth,2021Q1,2021-02-18,point,,9.46988953422736,saar_pct,2.2878,advance,2026-07-06T11:16:55+00:00,gdpnow_tracking.xlsx
gdpnow,US,rgdp_growth,2021Q1,2021-02-19,point,,9.536837198014393,saar_pct,2.3034,advance,2026-07-06T11:16:55+00:00,gdpnow_tracking.xlsx
gdpnow,US,rgdp_growth,2021Q1,2021-02-24,point,,9.586482601689372,saar_pct,2.315,advance,2026-07-06T11:16:55+00:00,gdpnow_tracking.xlsx
gdpnow,US,rgdp_growth,2021Q1,2021-02-25,point,,9.603954676635574,saar_pct,2.3191,advance,2026-07-06T11:16:55+00:00,gdpnow_tracking.xlsx
gdpnow,US,rgdp_growth,2021Q1,2021-02-26,point,,8.752437919003242,saar_pct,2.1198,advance,2026-07-06T11:16:55+00:00,gdpnow_tracking.xlsx
gdpnow,US,rgdp_growth,2021Q1,2021-03-01,point,,10.041737879713718,saar_pct,2.4211,advance,2026-07-06T11:16:55+00:00,gdpnow_tracking.xlsx
gdpnow,US,rgdp_growth,2021Q1,2021-03-03,point,,9.085066481912252,saar_pct,2.1977,advance,2026-07-06T11:16:55+00:00,gdpnow_tracking.xlsx
gdpnow,US,rgdp_growth,2021Q1,2021-03-04,point,,8.953857924406194,saar_pct,2.167,advance,2026-07-06T11:16:55+00:00,gdpnow_tracking.xlsx
gdpnow,US,rgdp_growth,2021Q1,2021-03-05,point,,8.346383463455354,saar_pct,2.0243,advance,2026-07-06T11:16:55+00:00,gdpnow_tracking.xlsx
gdpnow,US,rgdp_growth,2021Q1,2021-03-08,point,,8.354139642386915,saar_pct,2.0261,advance,2026-07-06T11:16:55+00:00,gdpnow_tracking.xlsx
gdpnow,US,rgdp_growth,2021Q1,2021-03-10,point,,8.381140217789461,saar_pct,2.0325,advance,2026-07-06T11:16:55+00:00,gdpnow_tracking.xlsx
gdpnow,US,rgdp_growth,2021Q1,2021-03-12,point,,8.290419021266814,saar_pct,2.0111,advance,2026-07-06T11:16:55+00:00,gdpnow_tracking.xlsx
gdpnow,US,rgdp_growth,2021Q1,2021-03-16,point,,5.930659164952945,saar_pct,1.4508,advance,2026-07-06T11:16:55+00:00,gdpnow_tracking.xlsx
gdpnow,US,rgdp_growth,2021Q1,2021-03-17,point,,5.739061434093884,saar_pct,1.4049,advance,2026-07-06T11:16:55+00:00,gdpnow_tracking.xlsx
gdpnow,US,rgdp_growth,2021Q1,2021-03-22,point,,5.6494661293389425,saar_pct,1.3834,advance,2026-07-06T11:16:55+00:00,gdpnow_tracking.xlsx
gdpnow,US,rgdp_growth,2021Q1,2021-03-23,point,,5.567990044487359,saar_pct,1.3638,advance,2026-07-06T11:16:55+00:00,gdpnow_tracking.xlsx
gdpnow,US,rgdp_growth,2021Q1,2021-03-24,point,,5.417989260363409,saar_pct,1.3278,advance,2026-07-06T11:16:55+00:00,gdpnow_tracking.xlsx
gdpnow,US,rgdp_growth,2021Q1,2021-03-26,point,,4.712425658245212,saar_pct,1.1578,advance,2026-07-06T11:16:55+00:00,gdpnow_tracking.xlsx
gdpnow,US,rgdp_growth,2021Q1,2021-04-01,point,,6.031185530132488,saar_pct,1.4748,advance,2026-07-06T11:16:55+00:00,gdpnow_tracking.xlsx
gdpnow,US,rgdp_growth,2021Q1,2021-04-02,point,,6.238816812088088,saar_pct,1.5245,advance,2026-07-06T11:16:55+00:00,gdpnow_tracking.xlsx
gdpnow,US,rgdp_growth,2021Q1,2021-04-05,point,,6.243290099191445,saar_pct,1.5256,advance,2026-07-06T11:16:55+00:00,gdpnow_tracking.xlsx
gdpnow,US,rgdp_growth,2021Q1,2021-04-07,point,,6.189742127632147,saar_pct,1.5128,advance,2026-07-06T11:16:55+00:00,gdpnow_tracking.xlsx
gdpnow,US,rgdp_growth,2021Q1,2021-04-09,point,,6.046966535960041,saar_pct,1.4786,advance,2026-07-06T11:16:55+00:00,gdpnow_tracking.xlsx
gdpnow,US,rgdp_growth,2021Q1,2021-04-12,point,,6.121681663617817,saar_pct,1.4965,advance,2026-07-06T11:16:55+00:00,gdpnow_tracking.xlsx
gdpnow,US,rgdp_growth,2021Q1,2021-04-13,point,,6.122130257578395,saar_pct,1.4966,advance,2026-07-06T11:16:55+00:00,gdpnow_tracking.xlsx
gdpnow,US,rgdp_growth,2021Q1,2021-04-14,point,,6.188589589724747,saar_pct,1.5125,advance,2026-07-06T11:16:55+00:00,gdpnow_tracking.xlsx
gdpnow,US,rgdp_growth,2021Q1,2021-04-15,point,,8.329902574852998,saar_pct,2.0204,advance,2026-07-06T11:16:55+00:00,gdpnow_tracking.xlsx
gdpnow,US,rgdp_growth,2021Q1,2021-04-16,point,,8.320637593594293,saar_pct,2.0182,advance,2026-07-06T11:16:55+00:00,gdpnow_tracking.xlsx
gdpnow,US,rgdp_growth,2021Q1,2021-04-22,point,,8.271803567982406,saar_pct,2.0067,advance,2026-07-06T11:16:55+00:00,gdpnow_tracking.xlsx
gdpnow,US,rgdp_growth,2021Q1,2021-04-23,point,,8.267330026852049,saar_pct,2.0057,advance,2026-07-06T11:16:55+00:00,gdpnow_tracking.xlsx
gdpnow,US,rgdp_growth,2021Q1,2021-04-26,point,,8.184036675638428,saar_pct,1.9861,advance,2026-07-06T11:16:55+00:00,gdpnow_tracking.xlsx
gdpnow,US,rgdp_growth,2021Q1,2021-04-28,point,,7.869407831904041,saar_pct,1.9118,advance,2026-07-06T11:16:55+00:00,gdpnow_tracking.xlsx
gdpnow,US,rgdp_growth,2021Q2,2021-04-30,point,,10.3867222766472,saar_pct,2.5013,advance,2026-07-06T11:16:55+00:00,gdpnow_tracking.xlsx
gdpnow,US,rgdp_growth,2021Q2,2021-05-03,point,,13.174779996461861,saar_pct,3.1424,advance,2026-07-06T11:16:55+00:00,gdpnow_tracking.xlsx
gdpnow,US,rgdp_growth,2021Q2,2021-05-04,point,,13.56717330598558,saar_pct,3.2317,advance,2026-07-06T11:16:55+00:00,gdpnow_tracking.xlsx
gdpnow,US,rgdp_growth,2021Q2,2021-05-05,point,,13.708593476815123,saar_pct,3.2639,advance,2026-07-06T11:16:55+00:00,gdpnow_tracking.xlsx
gdpnow,US,rgdp_growth,2021Q2,2021-05-07,point,,11.002575425787464,saar_pct,2.6439,advance,2026-07-06T11:16:55+00:00,gdpnow_tracking.xlsx
gdpnow,US,rgdp_growth,2021Q2,2021-05-12,point,,11.497627681074363,saar_pct,2.7582,advance,2026-07-06T11:16:55+00:00,gdpnow_tracking.xlsx
gdpnow,US,rgdp_growth,2021Q2,2021-05-13,point,,11.49443297827868,saar_pct,2.7574,advance,2026-07-06T11:16:55+00:00,gdpnow_tracking.xlsx
gdpnow,US,rgdp_growth,2021Q2,2021-05-14,point,,10.541693513466054,saar_pct,2.5372,advance,2026-07-06T11:16:55+00:00,gdpnow_tracking.xlsx
gdpnow,US,rgdp_growth,2021Q2,2021-05-18,point,,10.131849313074204,saar_pct,2.442,advance,2026-07-06T11:16:55+00:00,gdpnow_tracking.xlsx
gdpnow,US,rgdp_growth,2021Q2,2021-05-21,point,,9.653455408121502,saar_pct,2.3306,advance,2026-07-06T11:16:55+00:00,gdpnow_tracking.xlsx
gdpnow,US,rgdp_growth,2021Q2,2021-05-25,point,,9.686991206482642,saar_pct,2.3384,advance,2026-07-06T11:16:55+00:00,gdpnow_tracking.xlsx
gdpnow,US,rgdp_growth,2021Q2,2021-05-27,point,,9.102693594620215,saar_pct,2.2019,advance,2026-07-06T11:16:55+00:00,gdpnow_tracking.xlsx
gdpnow,US,rgdp_growth,2021Q2,2021-05-28,point,,9.310986588181436,saar_pct,2.2506,advance,2026-07-06T11:16:55+00:00,gdpnow_tracking.xlsx
gdpnow,US,rgdp_growth,2021Q2,2021-06-01,point,,10.313457459726937,saar_pct,2.4842,advance,2026-07-06T11:16:55+00:00,gdpnow_tracking.xlsx
gdpnow,US,rgdp_growth,2021Q2,2021-06-03,point,,10.15597759261182,saar_pct,2.4477,advance,2026-07-06T11:16:55+00:00,gdpnow_tracking.xlsx
gdpnow,US,rgdp_growth,2021Q2,2021-06-04,point,,9.299491172415708,saar_pct,2.2479,advance,2026-07-06T11:16:55+00:00,gdpnow_tracking.xlsx
gdpnow,US,rgdp_growth,2021Q2,2021-06-08,point,,9.382336364003407,saar_pct,2.2673,advance,2026-07-06T11:16:55+00:00,gdpnow_tracking.xlsx
gdpnow,US,rgdp_growth,2021Q2,2021-06-09,point,,9.273390565001582,saar_pct,2.2418,advance,2026-07-06T11:16:55+00:00,gdpnow_tracking.xlsx
gdpnow,US,rgdp_growth,2021Q2,2021-06-10,point,,9.1250517176092,saar_pct,2.2071,advance,2026-07-06T11:16:55+00:00,gdpnow_tracking.xlsx
gdpnow,US,rgdp_growth,2021Q2,2021-06-15,point,,10.5252802212559,saar_pct,2.5334,advance,2026-07-06T11:16:55+00:00,gdpnow_tracking.xlsx
gdpnow,US,rgdp_growth,2021Q2,2021-06-16,point,,10.275111479230148,saar_pct,2.4753,advance,2026-07-06T11:16:55+00:00,gdpnow_tracking.xlsx
gdpnow,US,rgdp_growth,2021Q2,2021-06-22,point,,10.151910917237327,saar_pct,2.4467,advance,2026-07-06T11:16:55+00:00,gdpnow_tracking.xlsx
gdpnow,US,rgdp_growth,2021Q2,2021-06-23,point,,10.050645436429129,saar_pct,2.4232,advance,2026-07-06T11:16:55+00:00,gdpnow_tracking.xlsx
gdpnow,US,rgdp_growth,2021Q2,2021-06-24,point,,9.673108596342539,saar_pct,2.3352,advance,2026-07-06T11:16:55+00:00,gdpnow_tracking.xlsx
gdpnow,US,rgdp_growth,2021Q2,2021-06-25,point,,8.343986043516116,saar_pct,2.0237,advance,2026-07-06T11:16:55+00:00,gdpnow_tracking.xlsx
gdpnow,US,rgdp_growth,2021Q2,2021-07-01,point,,8.631605154306875,saar_pct,2.0914,advance,2026-07-06T11:16:55+00:00,gdpnow_tracking.xlsx
gdpnow,US,rgdp_growth,2021Q2,2021-07-02,point,,7.78093579787924,saar_pct,1.8909,advance,2026-07-06T11:16:55+00:00,gdpnow_tracking.xlsx
gdpnow,US,rgdp_growth,2021Q2,2021-07-06,point,,7.787072328317302,saar_pct,1.8924,advance,2026-07-06T11:16:55+00:00,gdpnow_tracking.xlsx
gdpnow,US,rgdp_growth,2021Q2,2021-07-09,point,,7.864600907619956,saar_pct,1.9107,advance,2026-07-06T11:16:55+00:00,gdpnow_tracking.xlsx
gdpnow,US,rgdp_growth,2021Q2,2021-07-13,point,,7.673675392709067,saar_pct,1.8656,advance,2026-07-06T11:16:55+00:00,gdpnow_tracking.xlsx
gdpnow,US,rgdp_growth,2021Q2,2021-07-14,point,,7.6909850552332015,saar_pct,1.8697,advance,2026-07-06T11:16:55+00:00,gdpnow_tracking.xlsx
gdpnow,US,rgdp_growth,2021Q2,2021-07-15,point,,7.481001707179824,saar_pct,1.82,advance,2026-07-06T11:16:55+00:00,gdpnow_tracking.xlsx
gdpnow,US,rgdp_growth,2021Q2,2021-07-16,point,,7.52810935544892,saar_pct,1.8311,advance,2026-07-06T11:16:55+00:00,gdpnow_tracking.xlsx
gdpnow,US,rgdp_growth,2021Q2,2021-07-20,point,,7.570492590405586,saar_pct,1.8411,advance,2026-07-06T11:16:55+00:00,gdpnow_tracking.xlsx
gdpnow,US,rgdp_growth,2021Q2,2021-07-22,point,,7.616222483765367,saar_pct,1.852,advance,2026-07-06T11:16:55+00:00,gdpnow_tracking.xlsx
gdpnow,US,rgdp_growth,2021Q2,2021-07-26,point,,7.56344959546611,saar_pct,1.8395,advance,2026-07-06T11:16:55+00:00,gdpnow_tracking.xlsx
gdpnow,US,rgdp_growth,2021Q2,2021-07-27,point,,7.384554588074277,saar_pct,1.7971,advance,2026-07-06T11:16:55+00:00,gdpnow_tracking.xlsx
gdpnow,US,rgdp_growth,2021Q2,2021-07-28,point,,6.426515456058124,saar_pct,1.5693,advance,2026-07-06T11:16:55+00:00,gdpnow_tracking.xlsx
gdpnow,US,rgdp_growth,2021Q3,2021-07-30,point,,6.088177445006715,saar_pct,1.4885,advance,2026-07-06T11:16:55+00:00,gdpnow_tracking.xlsx
gdpnow,US,rgdp_growth,2021Q3,2021-08-02,point,,6.325612968749428,saar_pct,1.5452,advance,2026-07-06T11:16:55+00:00,gdpnow_tracking.xlsx
gdpnow,US,rgdp_growth,2021Q3,2021-08-03,point,,6.268677447550908,saar_pct,1.5316,advance,2026-07-06T11:16:55+00:00,gdpnow_tracking.xlsx
gdpnow,US,rgdp_growth,2021Q3,2021-08-04,point,,6.059717129035391,saar_pct,1.4817,advance,2026-07-06T11:16:55+00:00,gdpnow_tracking.xlsx
gdpnow,US,rgdp_growth,2021Q3,2021-08-05,point,,6.059478010867569,saar_pct,1.4816,advance,2026-07-06T11:16:55+00:00,gdpnow_tracking.xlsx
gdpnow,US,rgdp_growth,2021Q3,2021-08-06,point,,6.020287406497227,saar_pct,1.4722,advance,2026-07-06T11:16:55+00:00,gdpnow_tracking.xlsx
gdpnow,US,rgdp_growth,2021Q3,2021-08-11,point,,6.030821335070602,saar_pct,1.4748,advance,2026-07-06T11:16:55+00:00,gdpnow_tracking.xlsx
gdpnow,US,rgdp_growth,2021Q3,2021-08-12,point,,6.033550695579093,saar_pct,1.4754,advance,2026-07-06T11:16:55+00:00,gdpnow_tracking.xlsx
gdpnow,US,rgdp_growth,2021Q3,2021-08-13,point,,6.033864503434616,saar_pct,1.4755,advance,2026-07-06T11:16:55+00:00,gdpnow_tracking.xlsx
gdpnow,US,rgdp_growth,2021Q3,2021-08-17,point,,6.2034389313711635,saar_pct,1.516,advance,2026-07-06T11:16:55+00:00,gdpnow_tracking.xlsx
gdpnow,US,rgdp_growth,2021Q3,2021-08-18,point,,6.132884928035076,saar_pct,1.4992,advance,2026-07-06T11:16:55+00:00,gdpnow_tracking.xlsx
gdpnow,US,rgdp_growth,2021Q3,2021-08-23,point,,6.147635949498587,saar_pct,1.5027,advance,2026-07-06T11:16:55+00:00,gdpnow_tracking.xlsx
gdpnow,US,rgdp_growth,2021Q3,2021-08-24,point,,6.023257445090491,saar_pct,1.4729,advance,2026-07-06T11:16:55+00:00,gdpnow_tracking.xlsx
gdpnow,US,rgdp_growth,2021Q3,2021-08-25,point,,5.709801995356978,saar_pct,1.3979,advance,2026-07-06T11:16:55+00:00,gdpnow_tracking.xlsx
gdpnow,US,rgdp_growth,2021Q3,2021-08-27,point,,5.053859122204929,saar_pct,1.2402,advance,2026-07-06T11:16:55+00:00,gdpnow_tracking.xlsx
gdpnow,US,rgdp_growth,2021Q3,2021-09-01,point,,5.296831137785474,saar_pct,1.2987,advance,2026-07-06T11:16:55+00:00,gdpnow_tracking.xlsx
gdpnow,US,rgdp_growth,2021Q3,2021-09-02,point,,3.6613557490047244,saar_pct,0.903,advance,2026-07-06T11:16:55+00:00,gdpnow_tracking.xlsx
gdpnow,US,rgdp_growth,2021Q3,2021-09-03,point,,3.672611862614561,saar_pct,0.9058,advance,2026-07-06T11:16:55+00:00,gdpnow_tracking.xlsx
gdpnow,US,rgdp_growth,2021Q3,2021-09-10,point,,3.6566370008406235,saar_pct,0.9019,advance,2026-07-06T11:16:55+00:00,gdpnow_tracking.xlsx
gdpnow,US,rgdp_growth,2021Q3,2021-09-13,point,,3.565439485162636,saar_pct,0.8797,advance,2026-07-06T11:16:55+00:00,gdpnow_tracking.xlsx
gdpnow,US,rgdp_growth,2021Q3,2021-09-14,point,,3.579064370502172,saar_pct,0.883,advance,2026-07-06T11:16:55+00:00,gdpnow_tracking.xlsx
gdpnow,US,rgdp_growth,2021Q3,2021-09-15,point,,3.6500750290336503,saar_pct,0.9003,advance,2026-07-06T11:16:55+00:00,gdpnow_tracking.xlsx
gdpnow,US,rgdp_growth,2021Q3,2021-09-16,point,,3.6496966596408553,saar_pct,0.9002,advance,2026-07-06T11:16:55+00:00,gdpnow_tracking.xlsx
gdpnow,US,rgdp_growth,2021Q3,2021-09-21,point,,3.661653547908972,saar_pct,0.9031,advance,2026-07-06T11:16:55+00:00,gdpnow_tracking.xlsx
gdpnow,US,rgdp_growth,2021Q3,2021-09-22,point,,3.5770746431862177,saar_pct,0.8825,advance,2026-07-06T11:16:55+00:00,gdpnow_tracking.xlsx
gdpnow,US,rgdp_growth,2021Q3,2021-09-24,point,,3.4896196973802196,saar_pct,0.8612,advance,2026-07-06T11:16:55+00:00,gdpnow_tracking.xlsx
gdpnow,US,rgdp_growth,2021Q3,2021-09-27,point,,3.1664771043011353,saar_pct,0.7824,advance,2026-07-06T11:16:55+00:00,gdpnow_tracking.xlsx
gdpnow,US,rgdp_growth,2021Q3,2021-09-28,point,,2.97768361547619,saar_pct,0.7362,advance,2026-07-06T11:16:55+00:00,gdpnow_tracking.xlsx
gdpnow,US,rgdp_growth,2021Q3,2021-10-01,point,,2.2662183799180946,saar_pct,0.5618,advance,2026-07-06T11:16:55+00:00,gdpnow_tracking.xlsx
gdpnow,US,rgdp_growth,2021Q3,2021-10-04,point,,1.3380159437772265,saar_pct,0.3328,advance,2026-07-06T11:16:55+00:00,gdpnow_tracking.xlsx
gdpnow,US,rgdp_growth,2021Q3,2021-10-05,point,,1.333183400909066,saar_pct,0.3316,advance,2026-07-06T11:16:55+00:00,gdpnow_tracking.xlsx
gdpnow,US,rgdp_growth,2021Q3,2021-10-08,point,,1.3056406956307498,saar_pct,0.3248,advance,2026-07-06T11:16:55+00:00,gdpnow_tracking.xlsx
gdpnow,US,rgdp_growth,2021Q3,2021-10-13,point,,1.3218392628747466,saar_pct,0.3288,advance,2026-07-06T11:16:55+00:00,gdpnow_tracking.xlsx
gdpnow,US,rgdp_growth,2021Q3,2021-10-14,point,,1.2942796628520714,saar_pct,0.322,advance,2026-07-06T11:16:55+00:00,gdpnow_tracking.xlsx
gdpnow,US,rgdp_growth,2021Q3,2021-10-15,point,,1.1653354861598464,saar_pct,0.2901,advance,2026-07-06T11:16:55+00:00,gdpnow_tracking.xlsx
gdpnow,US,rgdp_growth,2021Q3,2021-10-18,point,,0.5147302360655193,saar_pct,0.1284,advance,2026-07-06T11:16:55+00:00,gdpnow_tracking.xlsx
gdpnow,US,rgdp_growth,2021Q3,2021-10-19,point,,0.532810832443853,saar_pct,0.1329,advance,2026-07-06T11:16:55+00:00,gdpnow_tracking.xlsx
gdpnow,US,rgdp_growth,2021Q3,2021-10-21,point,,0.6367673251715944,saar_pct,0.1588,advance,2026-07-06T11:16:55+00:00,gdpnow_tracking.xlsx
gdpnow,US,rgdp_growth,2021Q3,2021-10-22,point,,0.41065534223967415,saar_pct,0.1025,advance,2026-07-06T11:16:55+00:00,gdpnow_tracking.xlsx
gdpnow,US,rgdp_growth,2021Q3,2021-10-26,point,,0.43114131603503303,saar_pct,0.1076,advance,2026-07-06T11:16:55+00:00,gdpnow_tracking.xlsx
gdpnow,US,rgdp_growth,2021Q3,2021-10-27,point,,0.1949612950940871,saar_pct,0.0487,advance,2026-07-06T11:16:55+00:00,gdpnow_tracking.xlsx
gdpnow,US,rgdp_growth,2021Q4,2021-10-29,point,,6.6046485489055895,saar_pct,1.6118,advance,2026-07-06T11:16:55+00:00,gdpnow_tracking.xlsx
gdpnow,US,rgdp_growth,2021Q4,2021-11-01,point,,8.163665045806567,saar_pct,1.9813,advance,2026-07-06T11:16:55+00:00,gdpnow_tracking.xlsx
gdpnow,US,rgdp_growth,2021Q4,2021-11-03,point,,8.515420450188893,saar_pct,2.0641,advance,2026-07-06T11:16:55+00:00,gdpnow_tracking.xlsx
gdpnow,US,rgdp_growth,2021Q4,2021-11-04,point,,8.535922787260297,saar_pct,2.0689,advance,2026-07-06T11:16:55+00:00,gdpnow_tracking.xlsx
gdpnow,US,rgdp_growth,2021Q4,2021-11-05,point,,8.371909548875944,saar_pct,2.0303,advance,2026-07-06T11:16:55+00:00,gdpnow_tracking.xlsx
gdpnow,US,rgdp_growth,2021Q4,2021-11-09,point,,8.379064601157559,saar_pct,2.032,advance,2026-07-06T11:16:55+00:00,gdpnow_tracking.xlsx
gdpnow,US,rgdp_growth,2021Q4,2021-11-10,point,,8.171971629693676,saar_pct,1.9832,advance,2026-07-06T11:16:55+00:00,gdpnow_tracking.xlsx
gdpnow,US,rgdp_growth,2021Q4,2021-11-11,point,,8.066259198381598,saar_pct,1.9583,advance,2026-07-06T11:16:55+00:00,gdpnow_tracking.xlsx
gdpnow,US,rgdp_growth,2021Q4,2021-11-16,point,,8.672343276991135,saar_pct,2.1009,advance,2026-07-06T11:16:55+00:00,gdpnow_tracking.xlsx
gdpnow,US,rgdp_growth,2021Q4,2021-11-17,point,,8.20853870897269,saar_pct,1.9918,advance,2026-07-06T11:16:55+00:00,gdpnow_tracking.xlsx
gdpnow,US,rgdp_growth,2021Q4,2021-11-22,point,,8.195843806496672,saar_pct,1.9888,advance,2026-07-06T11:16:55+00:00,gdpnow_tracking.xlsx
gdpnow,US,rgdp_growth,2021Q4,2021-11-24,point,,8.572873370035982,saar_pct,2.0776,advance,2026-07-06T11:16:55+00:00,gdpnow_tracking.xlsx
gdpnow,US,rgdp_growth,2021Q4,2021-12-01,point,,9.738934338852667,saar_pct,2.3506,advance,2026-07-06T11:16:55+00:00,gdpnow_tracking.xlsx
gdpnow,US,rgdp_growth,2021Q4,2021-12-03,point,,8.921571468679513,saar_pct,2.1594,advance,2026-07-06T11:16:55+00:00,gdpnow_tracking.xlsx
gdpnow,US,rgdp_growth,2021Q4,2021-12-07,point,,8.637783313003155,saar_pct,2.0928,advance,2026-07-06T11:16:55+00:00,gdpnow_tracking.xlsx
gdpnow,US,rgdp_growth,2021Q4,2021-12-09,point,,8.722038463989046,saar_pct,2.1126,advance,2026-07-06T11:16:55+00:00,gdpnow_tracking.xlsx
gdpnow,US,rgdp_growth,2021Q4,2021-12-10,point,,8.76282785096214,saar_pct,2.1222,advance,2026-07-06T11:16:55+00:00,gdpnow_tracking.xlsx
gdpnow,US,rgdp_growth,2021Q4,2021-12-14,point,,8.747377763762799,saar_pct,2.1186,advance,2026-07-06T11:16:55+00:00,gdpnow_tracking.xlsx
gdpnow,US,rgdp_growth,2021Q4,2021-12-15,point,,6.970052859267617,saar_pct,1.6987,advance,2026-07-06T11:16:55+00:00,gdpnow_tracking.xlsx
gdpnow,US,rgdp_growth,2021Q4,2021-12-16,point,,7.16030047958387,saar_pct,1.7439,advance,2026-07-06T11:16:55+00:00,gdpnow_tracking.xlsx
gdpnow,US,rgdp_growth,2021Q4,2021-12-22,point,,7.14839478911149,saar_pct,1.7411,advance,2026-07-06T11:16:55+00:00,gdpnow_tracking.xlsx
gdpnow,US,rgdp_growth,2021Q4,2021-12-23,point,,7.641026903883419,saar_pct,1.8578,advance,2026-07-06T11:16:55+00:00,gdpnow_tracking.xlsx
gdpnow,US,rgdp_growth,2021Q4,2021-12-29,point,,7.275230223138052,saar_pct,1.7712,advance,2026-07-06T11:16:55+00:00,gdpnow_tracking.xlsx
gdpnow,US,rgdp_growth,2021Q4,2022-01-03,point,,7.22861007301916,saar_pct,1.7601,advance,2026-07-06T11:16:55+00:00,gdpnow_tracking.xlsx
gdpnow,US,rgdp_growth,2021Q4,2022-01-04,point,,7.35924648614334,saar_pct,1.7911,advance,2026-07-06T11:16:55+00:00,gdpnow_tracking.xlsx
gdpnow,US,rgdp_growth,2021Q4,2022-01-06,point,,6.7310236237190235,saar_pct,1.6419,advance,2026-07-06T11:16:55+00:00,gdpnow_tracking.xlsx
gdpnow,US,rgdp_growth,2021Q4,2022-01-07,point,,6.713667753243868,saar_pct,1.6377,advance,2026-07-06T11:16:55+00:00,gdpnow_tracking.xlsx
gdpnow,US,rgdp_growth,2021Q4,2022-01-10,point,,6.7813708783250215,saar_pct,1.6539,advance,2026-07-06T11:16:55+00:00,gdpnow_tracking.xlsx
gdpnow,US,rgdp_growth,2021Q4,2022-01-12,point,,6.728835895780461,saar_pct,1.6414,advance,2026-07-06T11:16:55+00:00,gdpnow_tracking.xlsx
gdpnow,US,rgdp_growth,2021Q4,2022-01-13,point,,6.778631246081557,saar_pct,1.6532,advance,2026-07-06T11:16:55+00:00,gdpnow_tracking.xlsx
gdpnow,US,rgdp_growth,2021Q4,2022-01-14,point,,5.0460403718048275,saar_pct,1.2383,advance,2026-07-06T11:16:55+00:00,gdpnow_tracking.xlsx
gdpnow,US,rgdp_growth,2021Q4,2022-01-19,point,,5.137391358932875,saar_pct,1.2603,advance,2026-07-06T11:16:55+00:00,gdpnow_tracking.xlsx
gdpnow,US,rgdp_growth,2021Q4,2022-01-20,point,,5.1152845385004975,saar_pct,1.255,advance,2026-07-06T11:16:55+00:00,gdpnow_tracking.xlsx
gdpnow,US,rgdp_growth,2021Q4,2022-01-26,point,,6.498600154134548,saar_pct,1.5865,advance,2026-07-06T11:16:55+00:00,gdpnow_tracking.xlsx
gdpnow,US,rgdp_growth,2022Q1,2022-01-28,point,,0.05053908365251214,saar_pct,0.0126,advance,2026-07-06T11:16:55+00:00,gdpnow_tracking.xlsx
gdpnow,US,rgdp_growth,2022Q1,2022-02-01,point,,0.1436151378419348,saar_pct,0.0359,advance,2026-07-06T11:16:55+00:00,gdpnow_tracking.xlsx
gdpnow,US,rgdp_growth,2022Q1,2022-02-02,point,,1.3204038144042363,saar_pct,0.3285,advance,2026-07-06T11:16:55+00:00,gdpnow_tracking.xlsx
gdpnow,US,rgdp_growth,2022Q1,2022-02-03,point,,1.244027748063714,saar_pct,0.3096,advance,2026-07-06T11:16:55+00:00,gdpnow_tracking.xlsx
gdpnow,US,rgdp_growth,2022Q1,2022-02-04,point,,0.8820888665127313,saar_pct,0.2198,advance,2026-07-06T11:16:55+00:00,gdpnow_tracking.xlsx
gdpnow,US,rgdp_growth,2022Q1,2022-02-08,point,,0.7309607077310432,saar_pct,0.1822,advance,2026-07-06T11:16:55+00:00,gdpnow_tracking.xlsx
gdpnow,US,rgdp_growth,2022Q1,2022-02-09,point,,0.712622243457095,saar_pct,0.1777,advance,2026-07-06T11:16:55+00:00,gdpnow_tracking.xlsx
gdpnow,US,rgdp_growth,2022Q1,2022-02-10,point,,0.6439711957554106,saar_pct,0.1606,advance,2026-07-06T11:16:55+00:00,gdpnow_tracking.xlsx
gdpnow,US,rgdp_growth,2022Q1,2022-02-15,point,,0.6413730562623732,saar_pct,0.16,advance,2026-07-06T11:16:55+00:00,gdpnow_tracking.xlsx
gdpnow,US,rgdp_growth,2022Q1,2022-02-16,point,,1.5399600492184362,saar_pct,0.3828,advance,2026-07-06T11:16:55+00:00,gdpnow_tracking.xlsx
gdpnow,US,rgdp_growth,2022Q1,2022-02-17,point,,1.2847200175915674,saar_pct,0.3196,advance,2026-07-06T11:16:55+00:00,gdpnow_tracking.xlsx
gdpnow,US,rgdp_growth,2022Q1,2022-02-18,point,,1.6513459489280846,saar_pct,0.4103,advance,2026-07-06T11:16:55+00:00,gdpnow_tracking.xlsx
gdpnow,US,rgdp_growth,2022Q1,2022-02-25,point,,0.6312577526397467,saar_pct,0.1574,advance,2026-07-06T11:16:55+00:00,gdpnow_tracking.xlsx
gdpnow,US,rgdp_growth,2022Q1,2022-02-28,point,,-0.47800035226027715,saar_pct,-0.1197,advance,2026-07-06T11:16:55+00:00,gdpnow_tracking.xlsx
gdpnow,US,rgdp_growth,2022Q1,2022-03-01,point,,0.040506360737357916,saar_pct,0.0101,advance,2026-07-06T11:16:55+00:00,gdpnow_tracking.xlsx
gdpnow,US,rgdp_growth,2022Q1,2022-03-02,point,,-0.23473037145338438,saar_pct,-0.0587,advance,2026-07-06T11:16:55+00:00,gdpnow_tracking.xlsx
gdpnow,US,rgdp_growth,2022Q1,2022-03-03,point,,-0.3754623747743491,saar_pct,-0.094,advance,2026-07-06T11:16:55+00:00,gdpnow_tracking.xlsx
gdpnow,US,rgdp_growth,2022Q1,2022-03-04,point,,-0.22065219313344153,saar_pct,-0.0552,advance,2026-07-06T11:16:55+00:00,gdpnow_tracking.xlsx
gdpnow,US,rgdp_growth,2022Q1,2022-03-08,point,,0.5170182887914043,saar_pct,0.129,advance,2026-07-06T11:16:55+00:00,gdpnow_tracking.xlsx
gdpnow,US,rgdp_growth,2022Q1,2022-03-10,point,,0.50200631753472,saar_pct,0.1253,advance,2026-07-06T11:16:55+00:00,gdpnow_tracking.xlsx
gdpnow,US,rgdp_growth,2022Q1,2022-03-15,point,,0.5063208072432657,saar_pct,0.1263,advance,2026-07-06T11:16:55+00:00,gdpnow_tracking.xlsx
gdpnow,US,rgdp_growth,2022Q1,2022-03-16,point,,1.1733711478167486,saar_pct,0.2921,advance,2026-07-06T11:16:55+00:00,gdpnow_tracking.xlsx
gdpnow,US,rgdp_growth,2022Q1,2022-03-17,point,,1.253857139234582,saar_pct,0.312,advance,2026-07-06T11:16:55+00:00,gdpnow_tracking.xlsx
gdpnow,US,rgdp_growth,2022Q1,2022-03-18,point,,1.0427317036972639,saar_pct,0.2597,advance,2026-07-06T11:16:55+00:00,gdpnow_tracking.xlsx
gdpnow,US,rgdp_growth,2022Q1,2022-03-23,point,,1.0206924845881815,saar_pct,0.2542,advance,2026-07-06T11:16:55+00:00,gdpnow_tracking.xlsx
gdpnow,US,rgdp_growth,2022Q1,2022-03-24,point,,0.8667180468441282,saar_pct,0.216,advance,2026-07-06T11:16:55+00:00,gdpnow_tracking.xlsx
gdpnow,US,rgdp_growth,2022Q1,2022-03-28,point,,1.3553415698955185,saar_pct,0.3371,advance,2026-07-06T11:16:55+00:00,gdpnow_tracking.xlsx
gdpnow,US,rgdp_growth,2022Q1,2022-03-31,point,,1.30297833160129,saar_pct,0.3242,advance,2026-07-06T11:16:55+00:00,gdpnow_tracking.xlsx
gdpnow,US,rgdp_growth,2022Q1,2022-04-01,point,,1.5136748511231035,saar_pct,0.3763,advance,2026-07-06T11:16:55+00:00,gdpnow_tracking.xlsx
gdpnow,US,rgdp_growth,2022Q1,2022-04-04,point,,1.3941778932940352,saar_pct,0.3467,advance,2026-07-06T11:16:55+00:00,gdpnow_tracking.xlsx
gdpnow,US,rgdp_growth,2022Q1,2022-04-05,point,,0.884557088640725,saar_pct,0.2204,advance,2026-07-06T11:16:55+00:00,gdpnow_tracking.xlsx
gdpnow,US,rgdp_growth,2022Q1,2022-04-08,point,,1.0577231320697544,saar_pct,0.2634,advance,2026-07-06T11:16:55+00:00,gdpnow_tracking.xlsx
gdpnow,US,rgdp_growth,2022Q1,2022-04-12,point,,0.9028837751954066,saar_pct,0.225,advance,2026-07-06T11:16:55+00:00,gdpnow_tracking.xlsx
gdpnow,US,rgdp_growth,2022Q1,2022-04-13,point,,0.8118737289122491,saar_pct,0.2024,advance,2026-07-06T11:16:55+00:00,gdpnow_tracking.xlsx
gdpnow,US,rgdp_growth,2022Q1,2022-04-14,point,,1.0822884727886173,saar_pct,0.2695,advance,2026-07-06T11:16:55+00:00,gdpnow_tracking.xlsx
gdpnow,US,rgdp_growth,2022Q1,2022-04-15,point,,1.3051716215372489,saar_pct,0.3247,advance,2026-07-06T11:16:55+00:00,gdpnow_tracking.xlsx
gdpnow,US,rgdp_growth,2022Q1,2022-04-19,point,,1.3213820964948608,saar_pct,0.3287,advance,2026-07-06T11:16:55+00:00,gdpnow_tracking.xlsx
gdpnow,US,rgdp_growth,2022Q1,2022-04-20,point,,1.2706818313798163,saar_pct,0.3162,advance,2026-07-06T11:16:55+00:00,gdpnow_tracking.xlsx
gdpnow,US,rgdp_growth,2022Q1,2022-04-25,point,,0.3102451524384042,saar_pct,0.0775,advance,2026-07-06T11:16:55+00:00,gdpnow_tracking.xlsx
gdpnow,US,rgdp_growth,2022Q1,2022-04-26,point,,0.4458665106264803,saar_pct,0.1113,advance,2026-07-06T11:16:55+00:00,gdpnow_tracking.xlsx
gdpnow,US,rgdp_growth,2022Q1,2022-04-27,point,,0.3727729330314622,saar_pct,0.0931,advance,2026-07-06T11:16:55+00:00,gdpnow_tracking.xlsx
gdpnow,US,rgdp_growth,2022Q2,2022-04-29,point,,1.8689355793886087,saar_pct,0.464,advance,2026-07-06T11:16:55+00:00,gdpnow_tracking.xlsx
gdpnow,US,rgdp_growth,2022Q2,2022-05-02,point,,1.6032495257264578,saar_pct,0.3984,advance,2026-07-06T11:16:55+00:00,gdpnow_tracking.xlsx
gdpnow,US,rgdp_growth,2022Q2,2022-05-03,point,,1.5842129490945434,saar_pct,0.3937,advance,2026-07-06T11:16:55+00:00,gdpnow_tracking.xlsx
gdpnow,US,rgdp_growth,2022Q2,2022-05-04,point,,2.1564259583013223,saar_pct,0.5348,advance,2026-07-06T11:16:55+00:00,gdpnow_tracking.xlsx
gdpnow,US,rgdp_growth,2022Q2,2022-05-06,point,,2.037631557659858,saar_pct,0.5056,advance,2026-07-06T11:16:55+00:00,gdpnow_tracking.xlsx
gdpnow,US,rgdp_growth,2022Q2,2022-05-09,point,,1.8480449862933401,saar_pct,0.4588,advance,2026-07-06T11:16:55+00:00,gdpnow_tracking.xlsx
gdpnow,US,rgdp_growth,2022Q2,2022-05-11,point,,1.8971557005926343,saar_pct,0.471,advance,2026-07-06T11:16:55+00:00,gdpnow_tracking.xlsx
gdpnow,US,rgdp_growth,2022Q2,2022-05-12,point,,1.8625729355843612,saar_pct,0.4624,advance,2026-07-06T11:16:55+00:00,gdpnow_tracking.xlsx
gdpnow,US,rgdp_growth,2022Q2,2022-05-13,point,,1.9683146815022923,saar_pct,0.4885,advance,2026-07-06T11:16:55+00:00,gdpnow_tracking.xlsx
gdpnow,US,rgdp_growth,2022Q2,2022-05-17,point,,2.501933463202688,saar_pct,0.6197,advance,2026-07-06T11:16:55+00:00,gdpnow_tracking.xlsx
gdpnow,US,rgdp_growth,2022Q2,2022-05-18,point,,2.398483524110029,saar_pct,0.5943,advance,2026-07-06T11:16:55+00:00,gdpnow_tracking.xlsx
gdpnow,US,rgdp_growth,2022Q2,2022-05-19,point,,2.309760821729734,saar_pct,0.5725,advance,2026-07-06T11:16:55+00:00,gdpnow_tracking.xlsx
gdpnow,US,rgdp_growth,2022Q2,2022-05-24,point,,2.1421331447200265,saar_pct,0.5313,advance,2026-07-06T11:16:55+00:00,gdpnow_tracking.xlsx
gdpnow,US,rgdp_growth,2022Q2,2022-05-25,point,,1.8057927516682115,saar_pct,0.4484,advance,2026-07-06T11:16:55+00:00,gdpnow_tracking.xlsx
gdpnow,US,rgdp_growth,2022Q2,2022-05-27,point,,1.9247745099165936,saar_pct,0.4778,advance,2026-07-06T11:16:55+00:00,gdpnow_tracking.xlsx
gdpnow,US,rgdp_growth,2022Q2,2022-06-01,point,,1.2810057388838114,saar_pct,0.3187,advance,2026-07-06T11:16:55+00:00,gdpnow_tracking.xlsx
gdpnow,US,rgdp_growth,2022Q2,2022-06-02,point,,0.29842805463744515,saar_pct,0.0745,advance,2026-07-06T11:16:55+00:00,gdpnow_tracking.xlsx
gdpnow,US,rgdp_growth,2022Q2,2022-06-03,point,,1.041400296920325,saar_pct,0.2593,advance,2026-07-06T11:16:55+00:00,gdpnow_tracking.xlsx
gdpnow,US,rgdp_growth,2022Q2,2022-06-07,point,,0.8887867951635764,saar_pct,0.2215,advance,2026-07-06T11:16:55+00:00,gdpnow_tracking.xlsx
gdpnow,US,rgdp_growth,2022Q2,2022-06-08,point,,0.8841523096878134,saar_pct,0.2203,advance,2026-07-06T11:16:55+00:00,gdpnow_tracking.xlsx
gdpnow,US,rgdp_growth,2022Q2,2022-06-10,point,,0.7425156425448831,saar_pct,0.1851,advance,2026-07-06T11:16:55+00:00,gdpnow_tracking.xlsx
gdpnow,US,rgdp_growth,2022Q2,2022-06-14,point,,0.7287822867263705,saar_pct,0.1817,advance,2026-07-06T11:16:55+00:00,gdpnow_tracking.xlsx
gdpnow,US,rgdp_growth,2022Q2,2022-06-15,point,,-0.0017390183752463706,saar_pct,-0.0004,advance,2026-07-06T11:16:55+00:00,gdpnow_tracking.xlsx
gdpnow,US,rgdp_growth,2022Q2,2022-06-16,point,,0.027262804051852996,saar_pct,0.0068,advance,2026-07-06T11:16:55+00:00,gdpnow_tracking.xlsx
gdpnow,US,rgdp_growth,2022Q2,2022-06-17,point,,0.3499119835018938,saar_pct,0.0874,advance,2026-07-06T11:16:55+00:00,gdpnow_tracking.xlsx
gdpnow,US,rgdp_growth,2022Q2,2022-06-21,point,,0.2685128044279228,saar_pct,0.0671,advance,2026-07-06T11:16:55+00:00,gdpnow_tracking.xlsx
gdpnow,US,rgdp_growth,2022Q2,2022-06-24,point,,0.22456781986661678,saar_pct,0.0561,advance,2026-07-06T11:16:55+00:00,gdpnow_tracking.xlsx
gdpnow,US,rgdp_growth,2022Q2,2022-06-27,point,,0.25638165165140503,saar_pct,0.064,advance,2026-07-06T11:16:55+00:00,gdpnow_tracking.xlsx
gdpnow,US,rgdp_growth,2022Q2,2022-06-28,point,,0.7238084811838519,saar_pct,0.1805,advance,2026-07-06T11:16:55+00:00,gdpnow_tracking.xlsx
gdpnow,US,rgdp_growth,2022Q2,2022-06-30,point,,-1.0082764121350896,saar_pct,-0.253,advance,2026-07-06T11:16:55+00:00,gdpnow_tracking.xlsx
gdpnow,US,rgdp_growth,2022Q2,2022-07-01,point,,-2.0775228422377556,saar_pct,-0.5235,advance,2026-07-06T11:16:55+00:00,gdpnow_tracking.xlsx
gdpnow,US,rgdp_growth,2022Q2,2022-07-05,point,,-1.8278566285201303,saar_pct,-0.4601,advance,2026-07-06T11:16:55+00:00,gdpnow_tracking.xlsx
gdpnow,US,rgdp_growth,2022Q2,2022-07-06,point,,-1.8071974191536166,saar_pct,-0.4549,advance,2026-07-06T11:16:55+00:00,gdpnow_tracking.xlsx
gdpnow,US,rgdp_growth,2022Q2,2022-07-07,point,,-1.8651034115785503,saar_pct,-0.4696,advance,2026-07-06T11:16:55+00:00,gdpnow_tracking.xlsx
gdpnow,US,rgdp_growth,2022Q2,2022-07-08,point,,-1.2393263199065974,saar_pct,-0.3113,advance,2026-07-06T11:16:55+00:00,gdpnow_tracking.xlsx
gdpnow,US,rgdp_growth,2022Q2,2022-07-13,point,,-1.3027437204546133,saar_pct,-0.3273,advance,2026-07-06T11:16:55+00:00,gdpnow_tracking.xlsx
gdpnow,US,rgdp_growth,2022Q2,2022-07-14,point,,-1.1496366372475197,saar_pct,-0.2887,advance,2026-07-06T11:16:55+00:00,gdpnow_tracking.xlsx
gdpnow,US,rgdp_growth,2022Q2,2022-07-15,point,,-1.524465655778151,saar_pct,-0.3833,advance,2026-07-06T11:16:55+00:00,gdpnow_tracking.xlsx
gdpnow,US,rgdp_growth,2022Q2,2022-07-19,point,,-1.5927493090175382,saar_pct,-0.4006,advance,2026-07-06T11:16:55+00:00,gdpnow_tracking.xlsx
gdpnow,US,rgdp_growth,2022Q2,2022-07-20,point,,-1.6540771387696718,saar_pct,-0.4161,advance,2026-07-06T11:16:55+00:00,gdpnow_tracking.xlsx
gdpnow,US,rgdp_growth,2022Q2,2022-07-26,point,,-1.7602402734778977,saar_pct,-0.443,advance,2026-07-06T11:16:55+00:00,gdpnow_tracking.xlsx
gdpnow,US,rgdp_growth,2022Q2,2022-07-27,point,,-1.2001591391985533,saar_pct,-0.3014,advance,2026-07-06T11:16:55+00:00,gdpnow_tracking.xlsx
gdpnow,US,rgdp_growth,2022Q3,2022-07-29,point,,2.061531165671049,saar_pct,0.5114,advance,2026-07-06T11:16:55+00:00,gdpnow_tracking.xlsx
gdpnow,US,rgdp_growth,2022Q3,2022-08-01,point,,1.2581542516872046,saar_pct,0.3131,advance,2026-07-06T11:16:55+00:00,gdpnow_tracking.xlsx
gdpnow,US,rgdp_growth,2022Q3,2022-08-03,point,,1.6729202290879375,saar_pct,0.4156,advance,2026-07-06T11:16:55+00:00,gdpnow_tracking.xlsx
gdpnow,US,rgdp_growth,2022Q3,2022-08-04,point,,1.448832963223512,saar_pct,0.3603,advance,2026-07-06T11:16:55+00:00,gdpnow_tracking.xlsx
gdpnow,US,rgdp_growth,2022Q3,2022-08-05,point,,2.364648547559689,saar_pct,0.586,advance,2026-07-06T11:16:55+00:00,gdpnow_tracking.xlsx
gdpnow,US,rgdp_growth,2022Q3,2022-08-10,point,,2.4532670380279287,saar_pct,0.6078,advance,2026-07-06T11:16:55+00:00,gdpnow_tracking.xlsx
gdpnow,US,rgdp_growth,2022Q3,2022-08-11,point,,2.5143660077729946,saar_pct,0.6228,advance,2026-07-06T11:16:55+00:00,gdpnow_tracking.xlsx
gdpnow,US,rgdp_growth,2022Q3,2022-08-12,point,,2.5151665246804455,saar_pct,0.6229,advance,2026-07-06T11:16:55+00:00,gdpnow_tracking.xlsx
gdpnow,US,rgdp_growth,2022Q3,2022-08-16,point,,1.8100315545892753,saar_pct,0.4495,advance,2026-07-06T11:16:55+00:00,gdpnow_tracking.xlsx
gdpnow,US,rgdp_growth,2022Q3,2022-08-17,point,,1.623079660024418,saar_pct,0.4033,advance,2026-07-06T11:16:55+00:00,gdpnow_tracking.xlsx
gdpnow,US,rgdp_growth,2022Q3,2022-08-18,point,,1.5362307374116702,saar_pct,0.3819,advance,2026-07-06T11:16:55+00:00,gdpnow_tracking.xlsx
gdpnow,US,rgdp_growth,2022Q3,2022-08-23,point,,1.421976223596677,saar_pct,0.3536,advance,2026-07-06T11:16:55+00:00,gdpnow_tracking.xlsx
gdpnow,US,rgdp_growth,2022Q3,2022-08-24,point,,1.378632621317566,saar_pct,0.3429,advance,2026-07-06T11:16:55+00:00,gdpnow_tracking.xlsx
gdpnow,US,rgdp_growth,2022Q3,2022-08-26,point,,1.5669997843076766,saar_pct,0.3895,advance,2026-07-06T11:16:55+00:00,gdpnow_tracking.xlsx
gdpnow,US,rgdp_growth,2022Q3,2022-09-01,point,,2.5916821067603513,saar_pct,0.6417,advance,2026-07-06T11:16:55+00:00,gdpnow_tracking.xlsx
gdpnow,US,rgdp_growth,2022Q3,2022-09-02,point,,1.351912876316952,saar_pct,0.3363,advance,2026-07-06T11:16:55+00:00,gdpnow_tracking.xlsx
gdpnow,US,rgdp_growth,2022Q3,2022-09-06,point,,1.3535505822518612,saar_pct,0.3367,advance,2026-07-06T11:16:55+00:00,gdpnow_tracking.xlsx
gdpnow,US,rgdp_growth,2022Q3,2022-09-07,point,,1.3612181423981573,saar_pct,0.3386,advance,2026-07-06T11:16:55+00:00,gdpnow_tracking.xlsx
gdpnow,US,rgdp_growth,2022Q3,2022-09-09,point,,1.302318548380077,saar_pct,0.324,advance,2026-07-06T11:16:55+00:00,gdpnow_tracking.xlsx
gdpnow,US,rgdp_growth,2022Q3,2022-09-13,point,,1.4291422014478083,saar_pct,0.3554,advance,2026-07-06T11:16:55+00:00,gdpnow_tracking.xlsx
gdpnow,US,rgdp_growth,2022Q3,2022-09-14,point,,1.5298535397703539,saar_pct,0.3803,advance,2026-07-06T11:16:55+00:00,gdpnow_tracking.xlsx
gdpnow,US,rgdp_growth,2022Q3,2022-09-15,point,,0.5214222342764474,saar_pct,0.1301,advance,2026-07-06T11:16:55+00:00,gdpnow_tracking.xlsx
gdpnow,US,rgdp_growth,2022Q3,2022-09-20,point,,0.3067757469796817,saar_pct,0.0766,advance,2026-07-06T11:16:55+00:00,gdpnow_tracking.xlsx
gdpnow,US,rgdp_growth,2022Q3,2022-09-21,point,,0.19848556260724237,saar_pct,0.0496,advance,2026-07-06T11:16:55+00:00,gdpnow_tracking.xlsx
gdpnow,US,rgdp_growth,2022Q3,2022-09-27,point,,0.2705483464326086,saar_pct,0.0676,advance,2026-07-06T11:16:55+00:00,gdpnow_tracking.xlsx
gdpnow,US,rgdp_growth,2022Q3,2022-09-28,point,,1.580980276991828,saar_pct,0.3929,advance,2026-07-06T11:16:55+00:00,gdpnow_tracking.xlsx
gdpnow,US,rgdp_growth,2022Q3,2022-09-30,point,,2.42481898852274,saar_pct,0.6008,advance,2026-07-06T11:16:55+00:00,gdpnow_tracking.xlsx
gdpnow,US,rgdp_growth,2022Q3,2022-10-03,point,,2.283574714445824,saar_pct,0.5661,advance,2026-07-06T11:16:55+00:00,gdpnow_tracking.xlsx
gdpnow,US,rgdp_growth,2022Q3,2022-10-04,point,,2.45676305859861,saar_pct,0.6086,advance,2026-07-06T11:16:55+00:00,gdpnow_tracking.xlsx
gdpnow,US,rgdp_growth,2022Q3,2022-10-05,point,,2.696914416873142,saar_pct,0.6675,advance,2026-07-06T11:16:55+00:00,gdpnow_tracking.xlsx
gdpnow,US,rgdp_growth,2022Q3,2022-10-07,point,,2.8905382814814917,saar_pct,0.7149,advance,2026-07-06T11:16:55+00:00,gdpnow_tracking.xlsx
gdpnow,US,rgdp_growth,2022Q3,2022-10-12,point,,2.8484660687205565,saar_pct,0.7046,advance,2026-07-06T11:16:55+00:00,gdpnow_tracking.xlsx
gdpnow,US,rgdp_growth,2022Q3,2022-10-13,point,,2.8530366202704993,saar_pct,0.7058,advance,2026-07-06T11:16:55+00:00,gdpnow_tracking.xlsx
gdpnow,US,rgdp_growth,2022Q3,2022-10-14,point,,2.8086102065251417,saar_pct,0.6949,advance,2026-07-06T11:16:55+00:00,gdpnow_tracking.xlsx
gdpnow,US,rgdp_growth,2022Q3,2022-10-18,point,,2.9009625254837745,saar_pct,0.7175,advance,2026-07-06T11:16:55+00:00,gdpnow_tracking.xlsx
gdpnow,US,rgdp_growth,2022Q3,2022-10-19,point,,2.8522073933826997,saar_pct,0.7055,advance,2026-07-06T11:16:55+00:00,gdpnow_tracking.xlsx
gdpnow,US,rgdp_growth,2022Q3,2022-10-20,point,,2.8400649756970653,saar_pct,0.7026,advance,2026-07-06T11:16:55+00:00,gdpnow_tracking.xlsx
gdpnow,US,rgdp_growth,2022Q3,2022-10-21,point,,3.09512769892466,saar_pct,0.765,advance,2026-07-06T11:16:55+00:00,gdpnow_tracking.xlsx
gdpnow,US,rgdp_growth,2022Q3,2022-10-26,point,,3.0884676220862772,saar_pct,0.7633,advance,2026-07-06T11:16:55+00:00,gdpnow_tracking.xlsx
gdpnow,US,rgdp_growth,2022Q4,2022-10-28,point,,3.0667268970247408,saar_pct,0.758,advance,2026-07-06T11:16:55+00:00,gdpnow_tracking.xlsx
gdpnow,US,rgdp_growth,2022Q4,2022-11-01,point,,2.598865559269581,saar_pct,0.6435,advance,2026-07-06T11:16:55+00:00,gdpnow_tracking.xlsx
gdpnow,US,rgdp_growth,2022Q4,2022-11-02,point,,3.7572829752186454,saar_pct,0.9264,advance,2026-07-06T11:16:55+00:00,gdpnow_tracking.xlsx
gdpnow,US,rgdp_growth,2022Q4,2022-11-03,point,,3.603278896735107,saar_pct,0.8889,advance,2026-07-06T11:16:55+00:00,gdpnow_tracking.xlsx
gdpnow,US,rgdp_growth,2022Q4,2022-11-04,point,,3.824810774391718,saar_pct,0.9428,advance,2026-07-06T11:16:55+00:00,gdpnow_tracking.xlsx
gdpnow,US,rgdp_growth,2022Q4,2022-11-09,point,,4.0014531087803284,saar_pct,0.9857,advance,2026-07-06T11:16:55+00:00,gdpnow_tracking.xlsx
gdpnow,US,rgdp_growth,2022Q4,2022-11-10,point,,4.018215128135072,saar_pct,0.9898,advance,2026-07-06T11:16:55+00:00,gdpnow_tracking.xlsx
gdpnow,US,rgdp_growth,2022Q4,2022-11-15,point,,4.006979318068571,saar_pct,0.987,advance,2026-07-06T11:16:55+00:00,gdpnow_tracking.xlsx
gdpnow,US,rgdp_growth,2022Q4,2022-11-16,point,,4.382035687882313,saar_pct,1.078,advance,2026-07-06T11:16:55+00:00,gdpnow_tracking.xlsx
gdpnow,US,rgdp_growth,2022Q4,2022-11-17,point,,4.181170275563484,saar_pct,1.0293,advance,2026-07-06T11:16:55+00:00,gdpnow_tracking.xlsx
gdpnow,US,rgdp_growth,2022Q4,2022-11-18,point,,4.146348973026215,saar_pct,1.0208,advance,2026-07-06T11:16:55+00:00,gdpnow_tracking.xlsx
gdpnow,US,rgdp_growth,2022Q4,2022-11-23,point,,4.257807094667254,saar_pct,1.0479,advance,2026-07-06T11:16:55+00:00,gdpnow_tracking.xlsx
gdpnow,US,rgdp_growth,2022Q4,2022-11-30,point,,4.002606192285452,saar_pct,0.986,advance,2026-07-06T11:16:55+00:00,gdpnow_tracking.xlsx
gdpnow,US,rgdp_growth,2022Q4,2022-12-01,point,,2.8374992691983403,saar_pct,0.7019,advance,2026-07-06T11:16:55+00:00,gdpnow_tracking.xlsx
gdpnow,US,rgdp_growth,2022Q4,2022-12-02,point,,3.5901259039388345,saar_pct,0.8857,advance,2026-07-06T11:16:55+00:00,gdpnow_tracking.xlsx
gdpnow,US,rgdp_growth,2022Q4,2022-12-05,point,,3.114853696490205,saar_pct,0.7698,advance,2026-07-06T11:16:55+00:00,gdpnow_tracking.xlsx
gdpnow,US,rgdp_growth,2022Q4,2022-12-06,point,,3.3646540931198565,saar_pct,0.8308,advance,2026-07-06T11:16:55+00:00,gdpnow_tracking.xlsx
gdpnow,US,rgdp_growth,2022Q4,2022-12-09,point,,3.1869334807605787,saar_pct,0.7874,advance,2026-07-06T11:16:55+00:00,gdpnow_tracking.xlsx
gdpnow,US,rgdp_growth,2022Q4,2022-12-12,point,,3.138083199208208,saar_pct,0.7755,advance,2026-07-06T11:16:55+00:00,gdpnow_tracking.xlsx
gdpnow,US,rgdp_growth,2022Q4,2022-12-15,point,,2.7809750239938813,saar_pct,0.6881,advance,2026-07-06T11:16:55+00:00,gdpnow_tracking.xlsx
gdpnow,US,rgdp_growth,2022Q4,2022-12-20,point,,2.727488230429409,saar_pct,0.675,advance,2026-07-06T11:16:55+00:00,gdpnow_tracking.xlsx
gdpnow,US,rgdp_growth,2022Q4,2022-12-23,point,,3.657040362137165,saar_pct,0.902,advance,2026-07-06T11:16:55+00:00,gdpnow_tracking.xlsx
gdpnow,US,rgdp_growth,2022Q4,2022-12-27,point,,3.597583788059544,saar_pct,0.8875,advance,2026-07-06T11:16:55+00:00,gdpnow_tracking.xlsx
gdpnow,US,rgdp_growth,2022Q4,2023-01-03,point,,3.908557907396415,saar_pct,0.9631,advance,2026-07-06T11:16:55+00:00,gdpnow_tracking.xlsx
gdpnow,US,rgdp_growth,2022Q4,2023-01-04,point,,3.98492490183171,saar_pct,0.9817,advance,2026-07-06T11:16:55+00:00,gdpnow_tracking.xlsx
gdpnow,US,rgdp_growth,2022Q4,2023-01-05,point,,3.756458425894471,saar_pct,0.9262,advance,2026-07-06T11:16:55+00:00,gdpnow_tracking.xlsx
gdpnow,US,rgdp_growth,2022Q4,2023-01-06,point,,4.1344920919569095,saar_pct,1.018,advance,2026-07-06T11:16:55+00:00,gdpnow_tracking.xlsx
gdpnow,US,rgdp_growth,2022Q4,2023-01-10,point,,4.069892762159388,saar_pct,1.0023,advance,2026-07-06T11:16:55+00:00,gdpnow_tracking.xlsx
gdpnow,US,rgdp_growth,2022Q4,2023-01-12,point,,4.020670757455402,saar_pct,0.9904,advance,2026-07-06T11:16:55+00:00,gdpnow_tracking.xlsx
gdpnow,US,rgdp_growth,2022Q4,2023-01-13,point,,4.11099962444883,saar_pct,1.0123,advance,2026-07-06T11:16:55+00:00,gdpnow_tracking.xlsx
gdpnow,US,rgdp_growth,2022Q4,2023-01-18,point,,3.4939966383512377,saar_pct,0.8623,advance,2026-07-06T11:16:55+00:00,gdpnow_tracking.xlsx
gdpnow,US,rgdp_growth,2022Q4,2023-01-19,point,,3.5299370937739827,saar_pct,0.871,advance,2026-07-06T11:16:55+00:00,gdpnow_tracking.xlsx
gdpnow,US,rgdp_growth,2022Q4,2023-01-20,point,,3.5294188097213075,saar_pct,0.8709,advance,2026-07-06T11:16:55+00:00,gdpnow_tracking.xlsx
gdpnow,US,rgdp_growth,2023Q1,2023-01-27,point,,0.6739023529150234,saar_pct,0.1681,advance,2026-07-06T11:16:55+00:00,gdpnow_tracking.xlsx
gdpnow,US,rgdp_growth,2023Q1,2023-02-01,point,,0.6752345557880846,saar_pct,0.1684,advance,2026-07-06T11:16:55+00:00,gdpnow_tracking.xlsx
gdpnow,US,rgdp_growth,2023Q1,2023-02-02,point,,2.0742759264642086,saar_pct,0.5146,advance,2026-07-06T11:16:55+00:00,gdpnow_tracking.xlsx
gdpnow,US,rgdp_growth,2023Q1,2023-02-03,point,,2.136624334550241,saar_pct,0.5299,advance,2026-07-06T11:16:55+00:00,gdpnow_tracking.xlsx
gdpnow,US,rgdp_growth,2023Q1,2023-02-07,point,,2.0847333577416416,saar_pct,0.5172,advance,2026-07-06T11:16:55+00:00,gdpnow_tracking.xlsx
gdpnow,US,rgdp_growth,2023Q1,2023-02-08,point,,2.159229434000709,saar_pct,0.5355,advance,2026-07-06T11:16:55+00:00,gdpnow_tracking.xlsx
gdpnow,US,rgdp_growth,2023Q1,2023-02-10,point,,2.1528785752182866,saar_pct,0.5339,advance,2026-07-06T11:16:55+00:00,gdpnow_tracking.xlsx
gdpnow,US,rgdp_growth,2023Q1,2023-02-14,point,,2.1418911143565422,saar_pct,0.5312,advance,2026-07-06T11:16:55+00:00,gdpnow_tracking.xlsx
gdpnow,US,rgdp_growth,2023Q1,2023-02-15,point,,2.422679304167774,saar_pct,0.6002,advance,2026-07-06T11:16:55+00:00,gdpnow_tracking.xlsx
gdpnow,US,rgdp_growth,2023Q1,2023-02-16,point,,2.4949776374239008,saar_pct,0.618,advance,2026-07-06T11:16:55+00:00,gdpnow_tracking.xlsx
gdpnow,US,rgdp_growth,2023Q1,2023-02-17,point,,2.490264024549349,saar_pct,0.6168,advance,2026-07-06T11:16:55+00:00,gdpnow_tracking.xlsx
gdpnow,US,rgdp_growth,2023Q1,2023-02-21,point,,2.474470613275659,saar_pct,0.613,advance,2026-07-06T11:16:55+00:00,gdpnow_tracking.xlsx
gdpnow,US,rgdp_growth,2023Q1,2023-02-24,point,,2.7453612790511173,saar_pct,0.6794,advance,2026-07-06T11:16:55+00:00,gdpnow_tracking.xlsx
gdpnow,US,rgdp_growth,2023Q1,2023-02-27,point,,2.801872927289484,saar_pct,0.6932,advance,2026-07-06T11:16:55+00:00,gdpnow_tracking.xlsx
gdpnow,US,rgdp_growth,2023Q1,2023-02-28,point,,2.2558355906292293,saar_pct,0.5592,advance,2026-07-06T11:16:55+00:00,gdpnow_tracking.xlsx
gdpnow,US,rgdp_growth,2023Q1,2023-03-01,point,,2.2684353315725048,saar_pct,0.5623,advance,2026-07-06T11:16:55+00:00,gdpnow_tracking.xlsx
gdpnow,US,rgdp_growth,2023Q1,2023-03-02,point,,2.0399550286777535,saar_pct,0.5061,advance,2026-07-06T11:16:55+00:00,gdpnow_tracking.xlsx
gdpnow,US,rgdp_growth,2023Q1,2023-03-03,point,,2.051322856152593,saar_pct,0.5089,advance,2026-07-06T11:16:55+00:00,gdpnow_tracking.xlsx
gdpnow,US,rgdp_growth,2023Q1,2023-03-06,point,,2.0430905038070435,saar_pct,0.5069,advance,2026-07-06T11:16:55+00:00,gdpnow_tracking.xlsx
gdpnow,US,rgdp_growth,2023Q1,2023-03-07,point,,2.0434090717311504,saar_pct,0.507,advance,2026-07-06T11:16:55+00:00,gdpnow_tracking.xlsx
gdpnow,US,rgdp_growth,2023Q1,2023-03-08,point,,2.633174147289874,saar_pct,0.6519,advance,2026-07-06T11:16:55+00:00,gdpnow_tracking.xlsx
gdpnow,US,rgdp_growth,2023Q1,2023-03-10,point,,2.802536002071898,saar_pct,0.6934,advance,2026-07-06T11:16:55+00:00,gdpnow_tracking.xlsx
gdpnow,US,rgdp_growth,2023Q1,2023-03-14,point,,2.8302313459292128,saar_pct,0.7002,advance,2026-07-06T11:16:55+00:00,gdpnow_tracking.xlsx
gdpnow,US,rgdp_growth,2023Q1,2023-03-15,point,,3.153204454500358,saar_pct,0.7791,advance,2026-07-06T11:16:55+00:00,gdpnow_tracking.xlsx
gdpnow,US,rgdp_growth,2023Q1,2023-03-16,point,,3.248463926828893,saar_pct,0.8024,advance,2026-07-06T11:16:55+00:00,gdpnow_tracking.xlsx
gdpnow,US,rgdp_growth,2023Q1,2023-03-17,point,,3.242583362909235,saar_pct,0.801,advance,2026-07-06T11:16:55+00:00,gdpnow_tracking.xlsx
gdpnow,US,rgdp_growth,2023Q1,2023-03-21,point,,3.4550951743089753,saar_pct,0.8528,advance,2026-07-06T11:16:55+00:00,gdpnow_tracking.xlsx
gdpnow,US,rgdp_growth,2023Q1,2023-03-23,point,,3.4712009358734086,saar_pct,0.8567,advance,2026-07-06T11:16:55+00:00,gdpnow_tracking.xlsx
gdpnow,US,rgdp_growth,2023Q1,2023-03-24,point,,3.194071851781022,saar_pct,0.7891,advance,2026-07-06T11:16:55+00:00,gdpnow_tracking.xlsx
gdpnow,US,rgdp_growth,2023Q1,2023-03-28,point,,2.6796475463328973,saar_pct,0.6633,advance,2026-07-06T11:16:55+00:00,gdpnow_tracking.xlsx
gdpnow,US,rgdp_growth,2023Q1,2023-03-31,point,,2.48856863442688,saar_pct,0.6164,advance,2026-07-06T11:16:55+00:00,gdpnow_tracking.xlsx
gdpnow,US,rgdp_growth,2023Q1,2023-04-03,point,,1.709180564338264,saar_pct,0.4246,advance,2026-07-06T11:16:55+00:00,gdpnow_tracking.xlsx
gdpnow,US,rgdp_growth,2023Q1,2023-04-04,point,,1.9988026206767762,saar_pct,0.496,advance,2026-07-06T11:16:55+00:00,gdpnow_tracking.xlsx
gdpnow,US,rgdp_growth,2023Q1,2023-04-05,point,,1.4691056929700963,saar_pct,0.3653,advance,2026-07-06T11:16:55+00:00,gdpnow_tracking.xlsx
gdpnow,US,rgdp_growth,2023Q1,2023-04-07,point,,2.2287651187181012,saar_pct,0.5526,advance,2026-07-06T11:16:55+00:00,gdpnow_tracking.xlsx
gdpnow,US,rgdp_growth,2023Q1,2023-04-10,point,,2.1651275365664135,saar_pct,0.5369,advance,2026-07-06T11:16:55+00:00,gdpnow_tracking.xlsx
gdpnow,US,rgdp_growth,2023Q1,2023-04-12,point,,2.2691443972131964,saar_pct,0.5625,advance,2026-07-06T11:16:55+00:00,gdpnow_tracking.xlsx
gdpnow,US,rgdp_growth,2023Q1,2023-04-13,point,,2.289792188843709,saar_pct,0.5676,advance,2026-07-06T11:16:55+00:00,gdpnow_tracking.xlsx
gdpnow,US,rgdp_growth,2023Q1,2023-04-14,point,,2.4679957783761086,saar_pct,0.6114,advance,2026-07-06T11:16:55+00:00,gdpnow_tracking.xlsx
gdpnow,US,rgdp_growth,2023Q1,2023-04-18,point,,2.47751716746174,saar_pct,0.6137,advance,2026-07-06T11:16:55+00:00,gdpnow_tracking.xlsx
gdpnow,US,rgdp_growth,2023Q1,2023-04-20,point,,2.444222626477166,saar_pct,0.6055,advance,2026-07-06T11:16:55+00:00,gdpnow_tracking.xlsx
gdpnow,US,rgdp_growth,2023Q1,2023-04-24,point,,1.2829010810128327,saar_pct,0.3192,advance,2026-07-06T11:16:55+00:00,gdpnow_tracking.xlsx
gdpnow,US,rgdp_growth,2023Q1,2023-04-25,point,,1.4107430443325297,saar_pct,0.3508,advance,2026-07-06T11:16:55+00:00,gdpnow_tracking.xlsx
gdpnow,US,rgdp_growth,2023Q1,2023-04-26,point,,1.132574910266304,saar_pct,0.2819,advance,2026-07-06T11:16:55+00:00,gdpnow_tracking.xlsx
gdpnow,US,rgdp_growth,2023Q2,2023-04-28,point,,1.6602967850755546,saar_pct,0.4125,advance,2026-07-06T11:16:55+00:00,gdpnow_tracking.xlsx
gdpnow,US,rgdp_growth,2023Q2,2023-05-01,point,,1.836917625079315,saar_pct,0.4561,advance,2026-07-06T11:16:55+00:00,gdpnow_tracking.xlsx
gdpnow,US,rgdp_growth,2023Q2,2023-05-02,point,,1.856112638559737,saar_pct,0.4608,advance,2026-07-06T11:16:55+00:00,gdpnow_tracking.xlsx
gdpnow,US,rgdp_growth,2023Q2,2023-05-03,point,,2.6537553436470906,saar_pct,0.6569,advance,2026-07-06T11:16:55+00:00,gdpnow_tracking.xlsx
gdpnow,US,rgdp_growth,2023Q2,2023-05-04,point,,2.660109595310667,saar_pct,0.6585,advance,2026-07-06T11:16:55+00:00,gdpnow_tracking.xlsx
gdpnow,US,rgdp_growth,2023Q2,2023-05-05,point,,2.6715445196167753,saar_pct,0.6613,advance,2026-07-06T11:16:55+00:00,gdpnow_tracking.xlsx
gdpnow,US,rgdp_growth,2023Q2,2023-05-08,point,,2.7476870560440236,saar_pct,0.68,advance,2026-07-06T11:16:55+00:00,gdpnow_tracking.xlsx
gdpnow,US,rgdp_growth,2023Q2,2023-05-10,point,,2.702559971746199,saar_pct,0.6689,advance,2026-07-06T11:16:55+00:00,gdpnow_tracking.xlsx
gdpnow,US,rgdp_growth,2023Q2,2023-05-11,point,,2.70407463211475,saar_pct,0.6693,advance,2026-07-06T11:16:55+00:00,gdpnow_tracking.xlsx
gdpnow,US,rgdp_growth,2023Q2,2023-05-12,point,,2.606006969703256,saar_pct,0.6452,advance,2026-07-06T11:16:55+00:00,gdpnow_tracking.xlsx
gdpnow,US,rgdp_growth,2023Q2,2023-05-16,point,,2.6086613331850694,saar_pct,0.6459,advance,2026-07-06T11:16:55+00:00,gdpnow_tracking.xlsx
gdpnow,US,rgdp_growth,2023Q2,2023-05-17,point,,2.886387671665469,saar_pct,0.7139,advance,2026-07-06T11:16:55+00:00,gdpnow_tracking.xlsx
gdpnow,US,rgdp_growth,2023Q2,2023-05-18,point,,2.892794155085565,saar_pct,0.7155,advance,2026-07-06T11:16:55+00:00,gdpnow_tracking.xlsx
gdpnow,US,rgdp_growth,2023Q2,2023-05-23,point,,2.80955720382261,saar_pct,0.6951,advance,2026-07-06T11:16:55+00:00,gdpnow_tracking.xlsx
gdpnow,US,rgdp_growth,2023Q2,2023-05-26,point,,1.9001360569436354,saar_pct,0.4717,advance,2026-07-06T11:16:55+00:00,gdpnow_tracking.xlsx
gdpnow,US,rgdp_growth,2023Q2,2023-06-01,point,,1.9599159840436142,saar_pct,0.4864,advance,2026-07-06T11:16:55+00:00,gdpnow_tracking.xlsx
gdpnow,US,rgdp_growth,2023Q2,2023-06-02,point,,2.3011608487928825,saar_pct,0.5704,advance,2026-07-06T11:16:55+00:00,gdpnow_tracking.xlsx
gdpnow,US,rgdp_growth,2023Q2,2023-06-05,point,,2.282660688591198,saar_pct,0.5658,advance,2026-07-06T11:16:55+00:00,gdpnow_tracking.xlsx
gdpnow,US,rgdp_growth,2023Q2,2023-06-07,point,,2.2236324644480554,saar_pct,0.5513,advance,2026-07-06T11:16:55+00:00,gdpnow_tracking.xlsx
gdpnow,US,rgdp_growth,2023Q2,2023-06-08,point,,2.195158913447015,saar_pct,0.5443,advance,2026-07-06T11:16:55+00:00,gdpnow_tracking.xlsx
gdpnow,US,rgdp_growth,2023Q2,2023-06-12,point,,2.124940612011983,saar_pct,0.5271,advance,2026-07-06T11:16:55+00:00,gdpnow_tracking.xlsx
gdpnow,US,rgdp_growth,2023Q2,2023-06-13,point,,2.1444833573466493,saar_pct,0.5319,advance,2026-07-06T11:16:55+00:00,gdpnow_tracking.xlsx
gdpnow,US,rgdp_growth,2023Q2,2023-06-14,point,,2.1720268911491702,saar_pct,0.5386,advance,2026-07-06T11:16:55+00:00,gdpnow_tracking.xlsx
gdpnow,US,rgdp_growth,2023Q2,2023-06-15,point,,1.7658105587258666,saar_pct,0.4386,advance,2026-07-06T11:16:55+00:00,gdpnow_tracking.xlsx
gdpnow,US,rgdp_growth,2023Q2,2023-06-20,point,,1.9462997457417863,saar_pct,0.4831,advance,2026-07-06T11:16:55+00:00,gdpnow_tracking.xlsx
gdpnow,US,rgdp_growth,2023Q2,2023-06-22,point,,1.911880115108744,saar_pct,0.4746,advance,2026-07-06T11:16:55+00:00,gdpnow_tracking.xlsx
gdpnow,US,rgdp_growth,2023Q2,2023-06-27,point,,1.7704531984055416,saar_pct,0.4397,advance,2026-07-06T11:16:55+00:00,gdpnow_tracking.xlsx
gdpnow,US,rgdp_growth,2023Q2,2023-06-28,point,,1.639991178266964,saar_pct,0.4075,advance,2026-07-06T11:16:55+00:00,gdpnow_tracking.xlsx
gdpnow,US,rgdp_growth,2023Q2,2023-06-30,point,,2.166234994141081,saar_pct,0.5372,advance,2026-07-06T11:16:55+00:00,gdpnow_tracking.xlsx
gdpnow,US,rgdp_growth,2023Q2,2023-07-03,point,,1.9422065733414984,saar_pct,0.4821,advance,2026-07-06T11:16:55+00:00,gdpnow_tracking.xlsx
gdpnow,US,rgdp_growth,2023Q2,2023-07-05,point,,1.9697251637885715,saar_pct,0.4888,advance,2026-07-06T11:16:55+00:00,gdpnow_tracking.xlsx
gdpnow,US,rgdp_growth,2023Q2,2023-07-06,point,,2.128555411753741,saar_pct,0.5279,advance,2026-07-06T11:16:55+00:00,gdpnow_tracking.xlsx
gdpnow,US,rgdp_growth,2023Q2,2023-07-07,point,,2.230206402319257,saar_pct,0.5529,advance,2026-07-06T11:16:55+00:00,gdpnow_tracking.xlsx
gdpnow,US,rgdp_growth,2023Q2,2023-07-10,point,,2.291350945201631,saar_pct,0.568,advance,2026-07-06T11:16:55+00:00,gdpnow_tracking.xlsx
gdpnow,US,rgdp_growth,2023Q2,2023-07-12,point,,2.2690655719916686,saar_pct,0.5625,advance,2026-07-06T11:16:55+00:00,gdpnow_tracking.xlsx
gdpnow,US,rgdp_growth,2023Q2,2023-07-13,point,,2.3622994147636023,saar_pct,0.5854,advance,2026-07-06T11:16:55+00:00,gdpnow_tracking.xlsx
gdpnow,US,rgdp_growth,2023Q2,2023-07-14,point,,2.412516212980176,saar_pct,0.5977,advance,2026-07-06T11:16:55+00:00,gdpnow_tracking.xlsx
gdpnow,US,rgdp_growth,2023Q2,2023-07-18,point,,2.3859200030782457,saar_pct,0.5912,advance,2026-07-06T11:16:55+00:00,gdpnow_tracking.xlsx
gdpnow,US,rgdp_growth,2023Q2,2023-07-19,point,,2.4221294085417178,saar_pct,0.6001,advance,2026-07-06T11:16:55+00:00,gdpnow_tracking.xlsx
gdpnow,US,rgdp_growth,2023Q2,2023-07-20,point,,2.3999857628203225,saar_pct,0.5947,advance,2026-07-06T11:16:55+00:00,gdpnow_tracking.xlsx
gdpnow,US,rgdp_growth,2023Q2,2023-07-26,point,,2.412575787510307,saar_pct,0.5978,advance,2026-07-06T11:16:55+00:00,gdpnow_tracking.xlsx
gdpnow,US,rgdp_growth,2023Q3,2023-07-28,point,,3.5460409626660416,saar_pct,0.875,advance,2026-07-06T11:16:55+00:00,gdpnow_tracking.xlsx
gdpnow,US,rgdp_growth,2023Q3,2023-08-01,point,,3.865801600456553,saar_pct,0.9527,advance,2026-07-06T11:16:55+00:00,gdpnow_tracking.xlsx
gdpnow,US,rgdp_growth,2023Q3,2023-08-03,point,,4.031177331622815,saar_pct,0.9929,advance,2026-07-06T11:16:55+00:00,gdpnow_tracking.xlsx
gdpnow,US,rgdp_growth,2023Q3,2023-08-04,point,,4.048704145280002,saar_pct,0.9972,advance,2026-07-06T11:16:55+00:00,gdpnow_tracking.xlsx
gdpnow,US,rgdp_growth,2023Q3,2023-08-08,point,,4.121833059025759,saar_pct,1.0149,advance,2026-07-06T11:16:55+00:00,gdpnow_tracking.xlsx
gdpnow,US,rgdp_growth,2023Q3,2023-08-10,point,,4.090114890218199,saar_pct,1.0072,advance,2026-07-06T11:16:55+00:00,gdpnow_tracking.xlsx
gdpnow,US,rgdp_growth,2023Q3,2023-08-11,point,,4.088270269860761,saar_pct,1.0068,advance,2026-07-06T11:16:55+00:00,gdpnow_tracking.xlsx
gdpnow,US,rgdp_growth,2023Q3,2023-08-15,point,,5.032185227648078,saar_pct,1.235,advance,2026-07-06T11:16:55+00:00,gdpnow_tracking.xlsx
gdpnow,US,rgdp_growth,2023Q3,2023-08-16,point,,5.756788118918088,saar_pct,1.4091,advance,2026-07-06T11:16:55+00:00,gdpnow_tracking.xlsx
gdpnow,US,rgdp_growth,2023Q3,2023-08-22,point,,5.73084837764386,saar_pct,1.4029,advance,2026-07-06T11:16:55+00:00,gdpnow_tracking.xlsx
gdpnow,US,rgdp_growth,2023Q3,2023-08-23,point,,5.661282467968443,saar_pct,1.3862,advance,2026-07-06T11:16:55+00:00,gdpnow_tracking.xlsx
gdpnow,US,rgdp_growth,2023Q3,2023-08-24,point,,5.906274758540109,saar_pct,1.4449,advance,2026-07-06T11:16:55+00:00,gdpnow_tracking.xlsx
gdpnow,US,rgdp_growth,2023Q3,2023-08-31,point,,5.630099271624434,saar_pct,1.3787,advance,2026-07-06T11:16:55+00:00,gdpnow_tracking.xlsx
gdpnow,US,rgdp_growth,2023Q3,2023-09-01,point,,5.639456816242072,saar_pct,1.381,advance,2026-07-06T11:16:55+00:00,gdpnow_tracking.xlsx
gdpnow,US,rgdp_growth,2023Q3,2023-09-05,point,,5.4003011127207845,saar_pct,1.3236,advance,2026-07-06T11:16:55+00:00,gdpnow_tracking.xlsx
gdpnow,US,rgdp_growth,2023Q3,2023-09-06,point,,5.575847654457977,saar_pct,1.3657,advance,2026-07-06T11:16:55+00:00,gdpnow_tracking.xlsx
gdpnow,US,rgdp_growth,2023Q3,2023-09-08,point,,5.570638681854301,saar_pct,1.3645,advance,2026-07-06T11:16:55+00:00,gdpnow_tracking.xlsx
gdpnow,US,rgdp_growth,2023Q3,2023-09-13,point,,5.45836636534649,saar_pct,1.3375,advance,2026-07-06T11:16:55+00:00,gdpnow_tracking.xlsx
gdpnow,US,rgdp_growth,2023Q3,2023-09-14,point,,4.9380759111381956,saar_pct,1.2123,advance,2026-07-06T11:16:55+00:00,gdpnow_tracking.xlsx
gdpnow,US,rgdp_growth,2023Q3,2023-09-15,point,,4.885486714034948,saar_pct,1.1996,advance,2026-07-06T11:16:55+00:00,gdpnow_tracking.xlsx
gdpnow,US,rgdp_growth,2023Q3,2023-09-19,point,,4.863692614701587,saar_pct,1.1944,advance,2026-07-06T11:16:55+00:00,gdpnow_tracking.xlsx
gdpnow,US,rgdp_growth,2023Q3,2023-09-21,point,,4.829852143406388,saar_pct,1.1862,advance,2026-07-06T11:16:55+00:00,gdpnow_tracking.xlsx
gdpnow,US,rgdp_growth,2023Q3,2023-09-26,point,,4.811598579913312,saar_pct,1.1818,advance,2026-07-06T11:16:55+00:00,gdpnow_tracking.xlsx
gdpnow,US,rgdp_growth,2023Q3,2023-09-27,point,,4.923371885222982,saar_pct,1.2087,advance,2026-07-06T11:16:55+00:00,gdpnow_tracking.xlsx
gdpnow,US,rgdp_growth,2023Q3,2023-09-29,point,,4.932464774095857,saar_pct,1.2109,advance,2026-07-06T11:16:55+00:00,gdpnow_tracking.xlsx
gdpnow,US,rgdp_growth,2023Q3,2023-10-02,point,,4.869665842234805,saar_pct,1.1958,advance,2026-07-06T11:16:55+00:00,gdpnow_tracking.xlsx
gdpnow,US,rgdp_growth,2023Q3,2023-10-04,point,,4.903154334733184,saar_pct,1.2039,advance,2026-07-06T11:16:55+00:00,gdpnow_tracking.xlsx
gdpnow,US,rgdp_growth,2023Q3,2023-10-05,point,,4.860142563772585,saar_pct,1.1935,advance,2026-07-06T11:16:55+00:00,gdpnow_tracking.xlsx
gdpnow,US,rgdp_growth,2023Q3,2023-10-06,point,,5.133922923354017,saar_pct,1.2595,advance,2026-07-06T11:16:55+00:00,gdpnow_tracking.xlsx
gdpnow,US,rgdp_growth,2023Q3,2023-10-10,point,,5.147066928657207,saar_pct,1.2627,advance,2026-07-06T11:16:55+00:00,gdpnow_tracking.xlsx
gdpnow,US,rgdp_growth,2023Q3,2023-10-11,point,,5.127570711328278,saar_pct,1.258,advance,2026-07-06T11:16:55+00:00,gdpnow_tracking.xlsx
gdpnow,US,rgdp_growth,2023Q3,2023-10-12,point,,5.1421071791839745,saar_pct,1.2615,advance,2026-07-06T11:16:55+00:00,gdpnow_tracking.xlsx
gdpnow,US,rgdp_growth,2023Q3,2023-10-13,point,,5.192803220872078,saar_pct,1.2737,advance,2026-07-06T11:16:55+00:00,gdpnow_tracking.xlsx
gdpnow,US,rgdp_growth,2023Q3,2023-10-17,point,,5.437963092856313,saar_pct,1.3326,advance,2026-07-06T11:16:55+00:00,gdpnow_tracking.xlsx
gdpnow,US,rgdp_growth,2023Q3,2023-10-18,point,,5.410918274684495,saar_pct,1.3261,advance,2026-07-06T11:16:55+00:00,gdpnow_tracking.xlsx
gdpnow,US,rgdp_growth,2023Q3,2023-10-19,point,,5.38265178199302,saar_pct,1.3193,advance,2026-07-06T11:16:55+00:00,gdpnow_tracking.xlsx
gdpnow,US,rgdp_growth,2023Q3,2023-10-20,point,,5.374035357621532,saar_pct,1.3173,advance,2026-07-06T11:16:55+00:00,gdpnow_tracking.xlsx
gdpnow,US,rgdp_growth,2023Q3,2023-10-25,point,,5.405217384992245,saar_pct,1.3247,advance,2026-07-06T11:16:55+00:00,gdpnow_tracking.xlsx
gdpnow,US,rgdp_growth,2023Q4,2023-10-27,point,,2.25660344961649,saar_pct,0.5594,advance,2026-07-06T11:16:55+00:00,gdpnow_tracking.xlsx
gdpnow,US,rgdp_growth,2023Q4,2023-11-01,point,,1.236160201542602,saar_pct,0.3076,advance,2026-07-06T11:16:55+00:00,gdpnow_tracking.xlsx
gdpnow,US,rgdp_growth,2023Q4,2023-11-02,point,,1.4480576348379959,saar_pct,0.3601,advance,2026-07-06T11:16:55+00:00,gdpnow_tracking.xlsx
gdpnow,US,rgdp_growth,2023Q4,2023-11-03,point,,2.1903346646493516,saar_pct,0.5431,advance,2026-07-06T11:16:55+00:00,gdpnow_tracking.xlsx
gdpnow,US,rgdp_growth,2023Q4,2023-11-07,point,,2.0871194320007946,saar_pct,0.5177,advance,2026-07-06T11:16:55+00:00,gdpnow_tracking.xlsx
gdpnow,US,rgdp_growth,2023Q4,2023-11-08,point,,2.061955655559733,saar_pct,0.5116,advance,2026-07-06T11:16:55+00:00,gdpnow_tracking.xlsx
gdpnow,US,rgdp_growth,2023Q4,2023-11-14,point,,2.054371800323551,saar_pct,0.5097,advance,2026-07-06T11:16:55+00:00,gdpnow_tracking.xlsx
gdpnow,US,rgdp_growth,2023Q4,2023-11-15,point,,2.1983338848878375,saar_pct,0.5451,advance,2026-07-06T11:16:55+00:00,gdpnow_tracking.xlsx
gdpnow,US,rgdp_growth,2023Q4,2023-11-16,point,,1.8018288642772662,saar_pct,0.4474,advance,2026-07-06T11:16:55+00:00,gdpnow_tracking.xlsx
gdpnow,US,rgdp_growth,2023Q4,2023-11-17,point,,1.9703689290860416,saar_pct,0.489,advance,2026-07-06T11:16:55+00:00,gdpnow_tracking.xlsx
gdpnow,US,rgdp_growth,2023Q4,2023-11-21,point,,1.9291559248972634,saar_pct,0.4788,advance,2026-07-06T11:16:55+00:00,gdpnow_tracking.xlsx
gdpnow,US,rgdp_growth,2023Q4,2023-11-22,point,,2.102486538889492,saar_pct,0.5215,advance,2026-07-06T11:16:55+00:00,gdpnow_tracking.xlsx
gdpnow,US,rgdp_growth,2023Q4,2023-11-27,point,,1.8628593527241222,saar_pct,0.4625,advance,2026-07-06T11:16:55+00:00,gdpnow_tracking.xlsx
gdpnow,US,rgdp_growth,2023Q4,2023-11-29,point,,1.807254916249179,saar_pct,0.4488,advance,2026-07-06T11:16:55+00:00,gdpnow_tracking.xlsx
gdpnow,US,rgdp_growth,2023Q4,2023-11-30,point,,1.7658579805376995,saar_pct,0.4386,advance,2026-07-06T11:16:55+00:00,gdpnow_tracking.xlsx
gdpnow,US,rgdp_growth,2023Q4,2023-12-01,point,,1.1863040823473892,saar_pct,0.2953,advance,2026-07-06T11:16:55+00:00,gdpnow_tracking.xlsx
gdpnow,US,rgdp_growth,2023Q4,2023-12-04,point,,1.2720014561069748,saar_pct,0.3165,advance,2026-07-06T11:16:55+00:00,gdpnow_tracking.xlsx
gdpnow,US,rgdp_growth,2023Q4,2023-12-05,point,,1.297096800070907,saar_pct,0.3227,advance,2026-07-06T11:16:55+00:00,gdpnow_tracking.xlsx
gdpnow,US,rgdp_growth,2023Q4,2023-12-06,point,,1.2731798271473416,saar_pct,0.3168,advance,2026-07-06T11:16:55+00:00,gdpnow_tracking.xlsx
gdpnow,US,rgdp_growth,2023Q4,2023-12-07,point,,1.246432412259546,saar_pct,0.3102,advance,2026-07-06T11:16:55+00:00,gdpnow_tracking.xlsx
gdpnow,US,rgdp_growth,2023Q4,2023-12-08,point,,2.339158273973241,saar_pct,0.5797,advance,2026-07-06T11:16:55+00:00,gdpnow_tracking.xlsx
gdpnow,US,rgdp_growth,2023Q4,2023-12-12,point,,2.367448648977044,saar_pct,0.5867,advance,2026-07-06T11:16:55+00:00,gdpnow_tracking.xlsx
gdpnow,US,rgdp_growth,2023Q4,2023-12-13,point,,2.389048526958071,saar_pct,0.592,advance,2026-07-06T11:16:55+00:00,gdpnow_tracking.xlsx
gdpnow,US,rgdp_growth,2023Q4,2023-12-14,point,,2.61437801781248,saar_pct,0.6473,advance,2026-07-06T11:16:55+00:00,gdpnow_tracking.xlsx
gdpnow,US,rgdp_growth,2023Q4,2023-12-15,point,,2.5895506420714254,saar_pct,0.6412,advance,2026-07-06T11:16:55+00:00,gdpnow_tracking.xlsx
gdpnow,US,rgdp_growth,2023Q4,2023-12-19,point,,2.6797671346713736,saar_pct,0.6633,advance,2026-07-06T11:16:55+00:00,gdpnow_tracking.xlsx
gdpnow,US,rgdp_growth,2023Q4,2023-12-20,point,,2.6705394259610493,saar_pct,0.6611,advance,2026-07-06T11:16:55+00:00,gdpnow_tracking.xlsx
gdpnow,US,rgdp_growth,2023Q4,2023-12-22,point,,2.2630769529830452,saar_pct,0.561,advance,2026-07-06T11:16:55+00:00,gdpnow_tracking.xlsx
gdpnow,US,rgdp_growth,2023Q4,2023-12-28,point,,1.9105944364238292,saar_pct,0.4743,advance,2026-07-06T11:16:55+00:00,gdpnow_tracking.xlsx
gdpnow,US,rgdp_growth,2023Q4,2024-01-02,point,,2.030270210362195,saar_pct,0.5037,advance,2026-07-06T11:16:55+00:00,gdpnow_tracking.xlsx
gdpnow,US,rgdp_growth,2023Q4,2024-01-03,point,,2.51028412583576,saar_pct,0.6217,advance,2026-07-06T11:16:55+00:00,gdpnow_tracking.xlsx
gdpnow,US,rgdp_growth,2023Q4,2024-01-04,point,,2.4327041164631913,saar_pct,0.6027,advance,2026-07-06T11:16:55+00:00,gdpnow_tracking.xlsx
gdpnow,US,rgdp_growth,2023Q4,2024-01-05,point,,2.0175272265059663,saar_pct,0.5006,advance,2026-07-06T11:16:55+00:00,gdpnow_tracking.xlsx
gdpnow,US,rgdp_growth,2023Q4,2024-01-09,point,,2.234165027463475,saar_pct,0.5539,advance,2026-07-06T11:16:55+00:00,gdpnow_tracking.xlsx
gdpnow,US,rgdp_growth,2023Q4,2024-01-10,point,,2.208291260415285,saar_pct,0.5476,advance,2026-07-06T11:16:55+00:00,gdpnow_tracking.xlsx
gdpnow,US,rgdp_growth,2023Q4,2024-01-11,point,,2.207542215680669,saar_pct,0.5474,advance,2026-07-06T11:16:55+00:00,gdpnow_tracking.xlsx
gdpnow,US,rgdp_growth,2023Q4,2024-01-12,point,,2.2328713222959706,saar_pct,0.5536,advance,2026-07-06T11:16:55+00:00,gdpnow_tracking.xlsx
gdpnow,US,rgdp_growth,2023Q4,2024-01-17,point,,2.412475661204283,saar_pct,0.5977,advance,2026-07-06T11:16:55+00:00,gdpnow_tracking.xlsx
gdpnow,US,rgdp_growth,2023Q4,2024-01-18,point,,2.3910344232867864,saar_pct,0.5925,advance,2026-07-06T11:16:55+00:00,gdpnow_tracking.xlsx
gdpnow,US,rgdp_growth,2023Q4,2024-01-19,point,,2.3834137458038196,saar_pct,0.5906,advance,2026-07-06T11:16:55+00:00,gdpnow_tracking.xlsx
gdpnow,US,rgdp_growth,2024Q1,2024-01-26,point,,3.0461863734394523,saar_pct,0.753,advance,2026-07-06T11:16:55+00:00,gdpnow_tracking.xlsx
gdpnow,US,rgdp_growth,2024Q1,2024-02-01,point,,4.223446321049407,saar_pct,1.0395,advance,2026-07-06T11:16:55+00:00,gdpnow_tracking.xlsx
gdpnow,US,rgdp_growth,2024Q1,2024-02-02,point,,3.471310936557659,saar_pct,0.8568,advance,2026-07-06T11:16:55+00:00,gdpnow_tracking.xlsx
gdpnow,US,rgdp_growth,2024Q1,2024-02-05,point,,3.4775957527332757,saar_pct,0.8583,advance,2026-07-06T11:16:55+00:00,gdpnow_tracking.xlsx
gdpnow,US,rgdp_growth,2024Q1,2024-02-07,point,,3.3929987211603674,saar_pct,0.8377,advance,2026-07-06T11:16:55+00:00,gdpnow_tracking.xlsx
gdpnow,US,rgdp_growth,2024Q1,2024-02-08,point,,3.4231046050467784,saar_pct,0.845,advance,2026-07-06T11:16:55+00:00,gdpnow_tracking.xlsx
gdpnow,US,rgdp_growth,2024Q1,2024-02-12,point,,3.425103208200597,saar_pct,0.8455,advance,2026-07-06T11:16:55+00:00,gdpnow_tracking.xlsx
gdpnow,US,rgdp_growth,2024Q1,2024-02-13,point,,3.425429635528876,saar_pct,0.8456,advance,2026-07-06T11:16:55+00:00,gdpnow_tracking.xlsx
gdpnow,US,rgdp_growth,2024Q1,2024-02-15,point,,2.86354816382548,saar_pct,0.7083,advance,2026-07-06T11:16:55+00:00,gdpnow_tracking.xlsx
gdpnow,US,rgdp_growth,2024Q1,2024-02-16,point,,2.8660872580219765,saar_pct,0.7089,advance,2026-07-06T11:16:55+00:00,gdpnow_tracking.xlsx
gdpnow,US,rgdp_growth,2024Q1,2024-02-22,point,,2.9007337904330077,saar_pct,0.7174,advance,2026-07-06T11:16:55+00:00,gdpnow_tracking.xlsx
gdpnow,US,rgdp_growth,2024Q1,2024-02-26,point,,3.1649724181623373,saar_pct,0.782,advance,2026-07-06T11:16:55+00:00,gdpnow_tracking.xlsx
gdpnow,US,rgdp_growth,2024Q1,2024-02-27,point,,3.24651627587349,saar_pct,0.8019,advance,2026-07-06T11:16:55+00:00,gdpnow_tracking.xlsx
gdpnow,US,rgdp_growth,2024Q1,2024-02-29,point,,2.9546218940665003,saar_pct,0.7306,advance,2026-07-06T11:16:55+00:00,gdpnow_tracking.xlsx
gdpnow,US,rgdp_growth,2024Q1,2024-03-01,point,,2.122201971032611,saar_pct,0.5264,advance,2026-07-06T11:16:55+00:00,gdpnow_tracking.xlsx
gdpnow,US,rgdp_growth,2024Q1,2024-03-05,point,,2.627718716743477,saar_pct,0.6506,advance,2026-07-06T11:16:55+00:00,gdpnow_tracking.xlsx
gdpnow,US,rgdp_growth,2024Q1,2024-03-06,point,,2.543567672692193,saar_pct,0.6299,advance,2026-07-06T11:16:55+00:00,gdpnow_tracking.xlsx
gdpnow,US,rgdp_growth,2024Q1,2024-03-07,point,,2.5346557443534534,saar_pct,0.6277,advance,2026-07-06T11:16:55+00:00,gdpnow_tracking.xlsx
gdpnow,US,rgdp_growth,2024Q1,2024-03-08,point,,3.201349614991167,saar_pct,0.7909,advance,2026-07-06T11:16:55+00:00,gdpnow_tracking.xlsx
gdpnow,US,rgdp_growth,2024Q1,2024-03-12,point,,3.176025003493832,saar_pct,0.7847,advance,2026-07-06T11:16:55+00:00,gdpnow_tracking.xlsx
gdpnow,US,rgdp_growth,2024Q1,2024-03-14,point,,2.3386074274706514,saar_pct,0.5796,advance,2026-07-06T11:16:55+00:00,gdpnow_tracking.xlsx
gdpnow,US,rgdp_growth,2024Q1,2024-03-15,point,,1.9688837584219465,saar_pct,0.4886,advance,2026-07-06T11:16:55+00:00,gdpnow_tracking.xlsx
gdpnow,US,rgdp_growth,2024Q1,2024-03-19,point,,2.0759455831642626,saar_pct,0.515,advance,2026-07-06T11:16:55+00:00,gdpnow_tracking.xlsx
gdpnow,US,rgdp_growth,2024Q1,2024-03-21,point,,2.218263852312119,saar_pct,0.55,advance,2026-07-06T11:16:55+00:00,gdpnow_tracking.xlsx
gdpnow,US,rgdp_growth,2024Q1,2024-03-25,point,,2.190132587828564,saar_pct,0.5431,advance,2026-07-06T11:16:55+00:00,gdpnow_tracking.xlsx
gdpnow,US,rgdp_growth,2024Q1,2024-03-26,point,,2.141495477350608,saar_pct,0.5311,advance,2026-07-06T11:16:55+00:00,gdpnow_tracking.xlsx
gdpnow,US,rgdp_growth,2024Q1,2024-03-29,point,,2.334132567836633,saar_pct,0.5785,advance,2026-07-06T11:16:55+00:00,gdpnow_tracking.xlsx
gdpnow,US,rgdp_growth,2024Q1,2024-04-01,point,,2.819373840071271,saar_pct,0.6975,advance,2026-07-06T11:16:55+00:00,gdpnow_tracking.xlsx
gdpnow,US,rgdp_growth,2024Q1,2024-04-02,point,,2.827056358624791,saar_pct,0.6994,advance,2026-07-06T11:16:55+00:00,gdpnow_tracking.xlsx
gdpnow,US,rgdp_growth,2024Q1,2024-04-03,point,,2.4723367283456144,saar_pct,0.6124,advance,2026-07-06T11:16:55+00:00,gdpnow_tracking.xlsx
gdpnow,US,rgdp_growth,2024Q1,2024-04-04,point,,2.4662639116808105,saar_pct,0.6109,advance,2026-07-06T11:16:55+00:00,gdpnow_tracking.xlsx
gdpnow,US,rgdp_growth,2024Q1,2024-04-05,point,,2.319674081294254,saar_pct,0.5749,advance,2026-07-06T11:16:55+00:00,gdpnow_tracking.xlsx
gdpnow,US,rgdp_growth,2024Q1,2024-04-10,point,,2.357908591071922,saar_pct,0.5843,advance,2026-07-06T11:16:55+00:00,gdpnow_tracking.xlsx
gdpnow,US,rgdp_growth,2024Q1,2024-04-11,point,,2.370293564675441,saar_pct,0.5874,advance,2026-07-06T11:16:55+00:00,gdpnow_tracking.xlsx
gdpnow,US,rgdp_growth,2024Q1,2024-04-12,point,,2.416289365910318,saar_pct,0.5987,advance,2026-07-06T11:16:55+00:00,gdpnow_tracking.xlsx
gdpnow,US,rgdp_growth,2024Q1,2024-04-15,point,,2.796054228728573,saar_pct,0.6918,advance,2026-07-06T11:16:55+00:00,gdpnow_tracking.xlsx
gdpnow,US,rgdp_growth,2024Q1,2024-04-16,point,,2.897098941383458,saar_pct,0.7165,advance,2026-07-06T11:16:55+00:00,gdpnow_tracking.xlsx
gdpnow,US,rgdp_growth,2024Q1,2024-04-18,point,,2.8537800794256496,saar_pct,0.7059,advance,2026-07-06T11:16:55+00:00,gdpnow_tracking.xlsx
gdpnow,US,rgdp_growth,2024Q1,2024-04-23,point,,2.7558026954565884,saar_pct,0.6819,advance,2026-07-06T11:16:55+00:00,gdpnow_tracking.xlsx
gdpnow,US,rgdp_growth,2024Q1,2024-04-24,point,,2.7046941949433245,saar_pct,0.6694,advance,2026-07-06T11:16:55+00:00,gdpnow_tracking.xlsx
gdpnow,US,rgdp_growth,2024Q2,2024-04-26,point,,3.881236469933347,saar_pct,0.9565,advance,2026-07-06T11:16:55+00:00,gdpnow_tracking.xlsx
gdpnow,US,rgdp_growth,2024Q2,2024-05-01,point,,3.2707698442872912,saar_pct,0.8079,advance,2026-07-06T11:16:55+00:00,gdpnow_tracking.xlsx
gdpnow,US,rgdp_growth,2024Q2,2024-05-02,point,,3.307604526740726,saar_pct,0.8168,advance,2026-07-06T11:16:55+00:00,gdpnow_tracking.xlsx
gdpnow,US,rgdp_growth,2024Q2,2024-05-03,point,,4.142649221078454,saar_pct,1.02,advance,2026-07-06T11:16:55+00:00,gdpnow_tracking.xlsx
gdpnow,US,rgdp_growth,2024Q2,2024-05-08,point,,4.176755217132011,saar_pct,1.0282,advance,2026-07-06T11:16:55+00:00,gdpnow_tracking.xlsx
gdpnow,US,rgdp_growth,2024Q2,2024-05-10,point,,4.166607108673803,saar_pct,1.0258,advance,2026-07-06T11:16:55+00:00,gdpnow_tracking.xlsx
gdpnow,US,rgdp_growth,2024Q2,2024-05-14,point,,4.168152978558193,saar_pct,1.0261,advance,2026-07-06T11:16:55+00:00,gdpnow_tracking.xlsx
gdpnow,US,rgdp_growth,2024Q2,2024-05-15,point,,3.7711644237009567,saar_pct,0.9297,advance,2026-07-06T11:16:55+00:00,gdpnow_tracking.xlsx
gdpnow,US,rgdp_growth,2024Q2,2024-05-16,point,,3.595240776183428,saar_pct,0.8869,advance,2026-07-06T11:16:55+00:00,gdpnow_tracking.xlsx
gdpnow,US,rgdp_growth,2024Q2,2024-05-22,point,,3.5668865278698725,saar_pct,0.88,advance,2026-07-06T11:16:55+00:00,gdpnow_tracking.xlsx
gdpnow,US,rgdp_growth,2024Q2,2024-05-23,point,,3.4364737009453084,saar_pct,0.8483,advance,2026-07-06T11:16:55+00:00,gdpnow_tracking.xlsx
gdpnow,US,rgdp_growth,2024Q2,2024-05-24,point,,3.521738437339872,saar_pct,0.869,advance,2026-07-06T11:16:55+00:00,gdpnow_tracking.xlsx
gdpnow,US,rgdp_growth,2024Q2,2024-05-31,point,,2.661451846637952,saar_pct,0.6588,advance,2026-07-06T11:16:55+00:00,gdpnow_tracking.xlsx
gdpnow,US,rgdp_growth,2024Q2,2024-06-03,point,,1.8457335265463115,saar_pct,0.4583,advance,2026-07-06T11:16:55+00:00,gdpnow_tracking.xlsx
gdpnow,US,rgdp_growth,2024Q2,2024-06-04,point,,2.2534618891333125,saar_pct,0.5587,advance,2026-07-06T11:16:55+00:00,gdpnow_tracking.xlsx
gdpnow,US,rgdp_growth,2024Q2,2024-06-05,point,,2.406011361011462,saar_pct,0.5962,advance,2026-07-06T11:16:55+00:00,gdpnow_tracking.xlsx
gdpnow,US,rgdp_growth,2024Q2,2024-06-06,point,,2.575514592162609,saar_pct,0.6378,advance,2026-07-06T11:16:55+00:00,gdpnow_tracking.xlsx
gdpnow,US,rgdp_growth,2024Q2,2024-06-07,point,,3.1053049952308287,saar_pct,0.7674,advance,2026-07-06T11:16:55+00:00,gdpnow_tracking.xlsx
gdpnow,US,rgdp_growth,2024Q2,2024-06-12,point,,3.1341326452388074,saar_pct,0.7745,advance,2026-07-06T11:16:55+00:00,gdpnow_tracking.xlsx
gdpnow,US,rgdp_growth,2024Q2,2024-06-13,point,,3.2107284993405205,saar_pct,0.7932,advance,2026-07-06T11:16:55+00:00,gdpnow_tracking.xlsx
gdpnow,US,rgdp_growth,2024Q2,2024-06-14,point,,3.192627734308573,saar_pct,0.7888,advance,2026-07-06T11:16:55+00:00,gdpnow_tracking.xlsx
gdpnow,US,rgdp_growth,2024Q2,2024-06-18,point,,3.08533780628355,saar_pct,0.7626,advance,2026-07-06T11:16:55+00:00,gdpnow_tracking.xlsx
gdpnow,US,rgdp_growth,2024Q2,2024-06-20,point,,3.0069804632481656,saar_pct,0.7434,advance,2026-07-06T11:16:55+00:00,gdpnow_tracking.xlsx
gdpnow,US,rgdp_growth,2024Q2,2024-06-21,point,,2.978986680674467,saar_pct,0.7366,advance,2026-07-06T11:16:55+00:00,gdpnow_tracking.xlsx
gdpnow,US,rgdp_growth,2024Q2,2024-06-26,point,,2.954335392948648,saar_pct,0.7305,advance,2026-07-06T11:16:55+00:00,gdpnow_tracking.xlsx
gdpnow,US,rgdp_growth,2024Q2,2024-06-27,point,,2.6892690212033443,saar_pct,0.6656,advance,2026-07-06T11:16:55+00:00,gdpnow_tracking.xlsx
gdpnow,US,rgdp_growth,2024Q2,2024-06-28,point,,2.2478157829772583,saar_pct,0.5573,advance,2026-07-06T11:16:55+00:00,gdpnow_tracking.xlsx
gdpnow,US,rgdp_growth,2024Q2,2024-07-01,point,,1.729068457736882,saar_pct,0.4295,advance,2026-07-06T11:16:55+00:00,gdpnow_tracking.xlsx
gdpnow,US,rgdp_growth,2024Q2,2024-07-03,point,,1.5468512839182935,saar_pct,0.3845,advance,2026-07-06T11:16:55+00:00,gdpnow_tracking.xlsx
gdpnow,US,rgdp_growth,2024Q2,2024-07-05,point,,1.9858240202791366,saar_pct,0.4928,advance,2026-07-06T11:16:55+00:00,gdpnow_tracking.xlsx
gdpnow,US,rgdp_growth,2024Q2,2024-07-10,point,,2.0218475171304817,saar_pct,0.5017,advance,2026-07-06T11:16:55+00:00,gdpnow_tracking.xlsx
gdpnow,US,rgdp_growth,2024Q2,2024-07-11,point,,1.99720187480503,saar_pct,0.4956,advance,2026-07-06T11:16:55+00:00,gdpnow_tracking.xlsx
gdpnow,US,rgdp_growth,2024Q2,2024-07-12,point,,2.03612848643735,saar_pct,0.5052,advance,2026-07-06T11:16:55+00:00,gdpnow_tracking.xlsx
gdpnow,US,rgdp_growth,2024Q2,2024-07-16,point,,2.4542241748477966,saar_pct,0.608,advance,2026-07-06T11:16:55+00:00,gdpnow_tracking.xlsx
gdpnow,US,rgdp_growth,2024Q2,2024-07-17,point,,2.726431643409022,saar_pct,0.6747,advance,2026-07-06T11:16:55+00:00,gdpnow_tracking.xlsx
gdpnow,US,rgdp_growth,2024Q2,2024-07-23,point,,2.6007706740820424,saar_pct,0.6439,advance,2026-07-06T11:16:55+00:00,gdpnow_tracking.xlsx
gdpnow,US,rgdp_growth,2024Q2,2024-07-24,point,,2.613167438748376,saar_pct,0.647,advance,2026-07-06T11:16:55+00:00,gdpnow_tracking.xlsx
gdpnow,US,rgdp_growth,2024Q3,2024-07-26,point,,2.830051291461033,saar_pct,0.7001,advance,2026-07-06T11:16:55+00:00,gdpnow_tracking.xlsx
gdpnow,US,rgdp_growth,2024Q3,2024-08-01,point,,2.545481282156259,saar_pct,0.6304,advance,2026-07-06T11:16:55+00:00,gdpnow_tracking.xlsx
gdpnow,US,rgdp_growth,2024Q3,2024-08-02,point,,2.9094999243120423,saar_pct,0.7196,advance,2026-07-06T11:16:55+00:00,gdpnow_tracking.xlsx
gdpnow,US,rgdp_growth,2024Q3,2024-08-05,point,,2.902324441980131,saar_pct,0.7178,advance,2026-07-06T11:16:55+00:00,gdpnow_tracking.xlsx
gdpnow,US,rgdp_growth,2024Q3,2024-08-06,point,,2.89552371213226,saar_pct,0.7162,advance,2026-07-06T11:16:55+00:00,gdpnow_tracking.xlsx
gdpnow,US,rgdp_growth,2024Q3,2024-08-08,point,,2.9095909844948586,saar_pct,0.7196,advance,2026-07-06T11:16:55+00:00,gdpnow_tracking.xlsx
gdpnow,US,rgdp_growth,2024Q3,2024-08-13,point,,2.8898347602341667,saar_pct,0.7148,advance,2026-07-06T11:16:55+00:00,gdpnow_tracking.xlsx
gdpnow,US,rgdp_growth,2024Q3,2024-08-14,point,,2.890145723839832,saar_pct,0.7148,advance,2026-07-06T11:16:55+00:00,gdpnow_tracking.xlsx
gdpnow,US,rgdp_growth,2024Q3,2024-08-15,point,,2.435154560905106,saar_pct,0.6033,advance,2026-07-06T11:16:55+00:00,gdpnow_tracking.xlsx
gdpnow,US,rgdp_growth,2024Q3,2024-08-16,point,,1.9896251069194903,saar_pct,0.4937,advance,2026-07-06T11:16:55+00:00,gdpnow_tracking.xlsx
gdpnow,US,rgdp_growth,2024Q3,2024-08-22,point,,1.9576397755629138,saar_pct,0.4859,advance,2026-07-06T11:16:55+00:00,gdpnow_tracking.xlsx
gdpnow,US,rgdp_growth,2024Q3,2024-08-23,point,,1.9936428057050648,saar_pct,0.4947,advance,2026-07-06T11:16:55+00:00,gdpnow_tracking.xlsx
gdpnow,US,rgdp_growth,2024Q3,2024-08-26,point,,1.9907684731621522,saar_pct,0.494,advance,2026-07-06T11:16:55+00:00,gdpnow_tracking.xlsx
gdpnow,US,rgdp_growth,2024Q3,2024-08-30,point,,2.5314693208529304,saar_pct,0.6269,advance,2026-07-06T11:16:55+00:00,gdpnow_tracking.xlsx
gdpnow,US,rgdp_growth,2024Q3,2024-09-03,point,,2.038297347850282,saar_pct,0.5057,advance,2026-07-06T11:16:55+00:00,gdpnow_tracking.xlsx
gdpnow,US,rgdp_growth,2024Q3,2024-09-04,point,,2.0902361474595565,saar_pct,0.5185,advance,2026-07-06T11:16:55+00:00,gdpnow_tracking.xlsx
gdpnow,US,rgdp_growth,2024Q3,2024-09-05,point,,1.9662753912230713,saar_pct,0.488,advance,2026-07-06T11:16:55+00:00,gdpnow_tracking.xlsx
gdpnow,US,rgdp_growth,2024Q3,2024-09-06,point,,2.4832938532933113,saar_pct,0.6151,advance,2026-07-06T11:16:55+00:00,gdpnow_tracking.xlsx
gdpnow,US,rgdp_growth,2024Q3,2024-09-09,point,,2.4706600887286045,saar_pct,0.612,advance,2026-07-06T11:16:55+00:00,gdpnow_tracking.xlsx
gdpnow,US,rgdp_growth,2024Q3,2024-09-11,point,,2.4870527005623755,saar_pct,0.616,advance,2026-07-06T11:16:55+00:00,gdpnow_tracking.xlsx
gdpnow,US,rgdp_growth,2024Q3,2024-09-12,point,,2.5262946065726544,saar_pct,0.6257,advance,2026-07-06T11:16:55+00:00,gdpnow_tracking.xlsx
gdpnow,US,rgdp_growth,2024Q3,2024-09-13,point,,2.5699871461993817,saar_pct,0.6364,advance,2026-07-06T11:16:55+00:00,gdpnow_tracking.xlsx
gdpnow,US,rgdp_growth,2024Q3,2024-09-17,point,,2.9931152081617007,saar_pct,0.74,advance,2026-07-06T11:16:55+00:00,gdpnow_tracking.xlsx
gdpnow,US,rgdp_growth,2024Q3,2024-09-18,point,,2.929599123246285,saar_pct,0.7245,advance,2026-07-06T11:16:55+00:00,gdpnow_tracking.xlsx
gdpnow,US,rgdp_growth,2024Q3,2024-09-19,point,,2.8710592203673,saar_pct,0.7102,advance,2026-07-06T11:16:55+00:00,gdpnow_tracking.xlsx
gdpnow,US,rgdp_growth,2024Q3,2024-09-25,point,,2.8065121169274176,saar_pct,0.6944,advance,2026-07-06T11:16:55+00:00,gdpnow_tracking.xlsx
gdpnow,US,rgdp_growth,2024Q3,2024-09-27,point,,3.077308038796689,saar_pct,0.7606,advance,2026-07-06T11:16:55+00:00,gdpnow_tracking.xlsx
gdpnow,US,rgdp_growth,2024Q3,2024-10-01,point,,2.538419431870298,saar_pct,0.6287,advance,2026-07-06T11:16:55+00:00,gdpnow_tracking.xlsx
gdpnow,US,rgdp_growth,2024Q3,2024-10-03,point,,3.083092437078472,saar_pct,0.762,advance,2026-07-06T11:16:55+00:00,gdpnow_tracking.xlsx
gdpnow,US,rgdp_growth,2024Q3,2024-10-04,point,,3.2973354941783883,saar_pct,0.8143,advance,2026-07-06T11:16:55+00:00,gdpnow_tracking.xlsx
gdpnow,US,rgdp_growth,2024Q3,2024-10-08,point,,3.230432330288391,saar_pct,0.798,advance,2026-07-06T11:16:55+00:00,gdpnow_tracking.xlsx
gdpnow,US,rgdp_growth,2024Q3,2024-10-09,point,,3.215523628334682,saar_pct,0.7944,advance,2026-07-06T11:16:55+00:00,gdpnow_tracking.xlsx
gdpnow,US,rgdp_growth,2024Q3,2024-10-10,point,,3.21848099301576,saar_pct,0.7951,advance,2026-07-06T11:16:55+00:00,gdpnow_tracking.xlsx
gdpnow,US,rgdp_growth,2024Q3,2024-10-11,point,,3.221698558381747,saar_pct,0.7959,advance,2026-07-06T11:16:55+00:00,gdpnow_tracking.xlsx
gdpnow,US,rgdp_growth,2024Q3,2024-10-16,point,,3.2353944992055794,saar_pct,0.7992,advance,2026-07-06T11:16:55+00:00,gdpnow_tracking.xlsx
gdpnow,US,rgdp_growth,2024Q3,2024-10-17,point,,3.417706721470104,saar_pct,0.8437,advance,2026-07-06T11:16:55+00:00,gdpnow_tracking.xlsx
gdpnow,US,rgdp_growth,2024Q3,2024-10-18,point,,3.429919401776793,saar_pct,0.8467,advance,2026-07-06T11:16:55+00:00,gdpnow_tracking.xlsx
gdpnow,US,rgdp_growth,2024Q3,2024-10-23,point,,3.4198250343806746,saar_pct,0.8442,advance,2026-07-06T11:16:55+00:00,gdpnow_tracking.xlsx
gdpnow,US,rgdp_growth,2024Q3,2024-10-24,point,,3.46022946917253,saar_pct,0.8541,advance,2026-07-06T11:16:55+00:00,gdpnow_tracking.xlsx
gdpnow,US,rgdp_growth,2024Q3,2024-10-25,point,,3.31298290116233,saar_pct,0.8182,advance,2026-07-06T11:16:55+00:00,gdpnow_tracking.xlsx
gdpnow,US,rgdp_growth,2024Q3,2024-10-29,point,,2.7889759806432,saar_pct,0.6901,advance,2026-07-06T11:16:55+00:00,gdpnow_tracking.xlsx
gdpnow,US,rgdp_growth,2024Q4,2024-10-31,point,,2.66172730675214,saar_pct,0.6589,advance,2026-07-06T11:16:55+00:00,gdpnow_tracking.xlsx
gdpnow,US,rgdp_growth,2024Q4,2024-11-01,point,,2.321792732388528,saar_pct,0.5755,advance,2026-07-06T11:16:55+00:00,gdpnow_tracking.xlsx
gdpnow,US,rgdp_growth,2024Q4,2024-11-04,point,,2.4365512062295425,saar_pct,0.6036,advance,2026-07-06T11:16:55+00:00,gdpnow_tracking.xlsx
gdpnow,US,rgdp_growth,2024Q4,2024-11-05,point,,2.3815911249398747,saar_pct,0.5902,advance,2026-07-06T11:16:55+00:00,gdpnow_tracking.xlsx
gdpnow,US,rgdp_growth,2024Q4,2024-11-07,point,,2.4510450325422095,saar_pct,0.6072,advance,2026-07-06T11:16:55+00:00,gdpnow_tracking.xlsx
gdpnow,US,rgdp_growth,2024Q4,2024-11-13,point,,2.4592752294317233,saar_pct,0.6092,advance,2026-07-06T11:16:55+00:00,gdpnow_tracking.xlsx
gdpnow,US,rgdp_growth,2024Q4,2024-11-14,point,,2.4581044357182558,saar_pct,0.6089,advance,2026-07-06T11:16:55+00:00,gdpnow_tracking.xlsx
gdpnow,US,rgdp_growth,2024Q4,2024-11-15,point,,2.530006507383864,saar_pct,0.6266,advance,2026-07-06T11:16:55+00:00,gdpnow_tracking.xlsx
gdpnow,US,rgdp_growth,2024Q4,2024-11-19,point,,2.5796524759205575,saar_pct,0.6388,advance,2026-07-06T11:16:55+00:00,gdpnow_tracking.xlsx
gdpnow,US,rgdp_growth,2024Q4,2024-11-21,point,,2.6030709899368176,saar_pct,0.6445,advance,2026-07-06T11:16:55+00:00,gdpnow_tracking.xlsx
gdpnow,US,rgdp_growth,2024Q4,2024-11-26,point,,2.804349780770332,saar_pct,0.6938,advance,2026-07-06T11:16:55+00:00,gdpnow_tracking.xlsx
gdpnow,US,rgdp_growth,2024Q4,2024-11-27,point,,2.68895597561201,saar_pct,0.6656,advance,2026-07-06T11:16:55+00:00,gdpnow_tracking.xlsx
gdpnow,US,rgdp_growth,2024Q4,2024-12-02,point,,3.1579234492219665,saar_pct,0.7803,advance,2026-07-06T11:16:55+00:00,gdpnow_tracking.xlsx
gdpnow,US,rgdp_growth,2024Q4,2024-12-04,point,,3.08943438657312,saar_pct,0.7636,advance,2026-07-06T11:16:55+00:00,gdpnow_tracking.xlsx
gdpnow,US,rgdp_growth,2024Q4,2024-12-05,point,,3.2932271553023362,saar_pct,0.8133,advance,2026-07-06T11:16:55+00:00,gdpnow_tracking.xlsx
gdpnow,US,rgdp_growth,2024Q4,2024-12-06,point,,3.3317454717123773,saar_pct,0.8227,advance,2026-07-06T11:16:55+00:00,gdpnow_tracking.xlsx
gdpnow,US,rgdp_growth,2024Q4,2024-12-09,point,,3.3343223778740994,saar_pct,0.8234,advance,2026-07-06T11:16:55+00:00,gdpnow_tracking.xlsx
gdpnow,US,rgdp_growth,2024Q4,2024-12-11,point,,3.3600742830196983,saar_pct,0.8296,advance,2026-07-06T11:16:55+00:00,gdpnow_tracking.xlsx
gdpnow,US,rgdp_growth,2024Q4,2024-12-12,point,,3.332893251289337,saar_pct,0.823,advance,2026-07-06T11:16:55+00:00,gdpnow_tracking.xlsx
gdpnow,US,rgdp_growth,2024Q4,2024-12-13,point,,3.2943140579601238,saar_pct,0.8136,advance,2026-07-06T11:16:55+00:00,gdpnow_tracking.xlsx
gdpnow,US,rgdp_growth,2024Q4,2024-12-17,point,,3.141363177401324,saar_pct,0.7763,advance,2026-07-06T11:16:55+00:00,gdpnow_tracking.xlsx
gdpnow,US,rgdp_growth,2024Q4,2024-12-18,point,,3.163703906640869,saar_pct,0.7817,advance,2026-07-06T11:16:55+00:00,gdpnow_tracking.xlsx
gdpnow,US,rgdp_growth,2024Q4,2024-12-20,point,,3.081672727864726,saar_pct,0.7617,advance,2026-07-06T11:16:55+00:00,gdpnow_tracking.xlsx
gdpnow,US,rgdp_growth,2024Q4,2024-12-24,point,,3.0909689849428545,saar_pct,0.7639,advance,2026-07-06T11:16:55+00:00,gdpnow_tracking.xlsx
gdpnow,US,rgdp_growth,2024Q4,2024-12-27,point,,2.543059330189057,saar_pct,0.6298,advance,2026-07-06T11:16:55+00:00,gdpnow_tracking.xlsx
gdpnow,US,rgdp_growth,2024Q4,2025-01-02,point,,2.5864696140998067,saar_pct,0.6404,advance,2026-07-06T11:16:55+00:00,gdpnow_tracking.xlsx
gdpnow,US,rgdp_growth,2024Q4,2025-01-03,point,,2.4491982805155077,saar_pct,0.6068,advance,2026-07-06T11:16:55+00:00,gdpnow_tracking.xlsx
gdpnow,US,rgdp_growth,2024Q4,2025-01-06,point,,2.558423812142352,saar_pct,0.6336,advance,2026-07-06T11:16:55+00:00,gdpnow_tracking.xlsx
gdpnow,US,rgdp_growth,2024Q4,2025-01-07,point,,2.6802054036874523,saar_pct,0.6634,advance,2026-07-06T11:16:55+00:00,gdpnow_tracking.xlsx
gdpnow,US,rgdp_growth,2024Q4,2025-01-09,point,,2.7255587944853943,saar_pct,0.6745,advance,2026-07-06T11:16:55+00:00,gdpnow_tracking.xlsx
gdpnow,US,rgdp_growth,2024Q4,2025-01-10,point,,2.72174949908222,saar_pct,0.6736,advance,2026-07-06T11:16:55+00:00,gdpnow_tracking.xlsx
gdpnow,US,rgdp_growth,2024Q4,2025-01-14,point,,2.772858514104315,saar_pct,0.6861,advance,2026-07-06T11:16:55+00:00,gdpnow_tracking.xlsx
gdpnow,US,rgdp_growth,2024Q4,2025-01-15,point,,2.776646536330407,saar_pct,0.687,advance,2026-07-06T11:16:55+00:00,gdpnow_tracking.xlsx
gdpnow,US,rgdp_growth,2024Q4,2025-01-16,point,,2.9625899580785875,saar_pct,0.7326,advance,2026-07-06T11:16:55+00:00,gdpnow_tracking.xlsx
gdpnow,US,rgdp_growth,2024Q4,2025-01-17,point,,2.99421316353687,saar_pct,0.7403,advance,2026-07-06T11:16:55+00:00,gdpnow_tracking.xlsx
gdpnow,US,rgdp_growth,2024Q4,2025-01-24,point,,3.00634427964699,saar_pct,0.7433,advance,2026-07-06T11:16:55+00:00,gdpnow_tracking.xlsx
gdpnow,US,rgdp_growth,2024Q4,2025-01-27,point,,3.01270230874695,saar_pct,0.7448,advance,2026-07-06T11:16:55+00:00,gdpnow_tracking.xlsx
gdpnow,US,rgdp_growth,2024Q4,2025-01-28,point,,3.1778703318754653,saar_pct,0.7852,advance,2026-07-06T11:16:55+00:00,gdpnow_tracking.xlsx
gdpnow,US,rgdp_growth,2024Q4,2025-01-29,point,,2.2710870739099054,saar_pct,0.563,advance,2026-07-06T11:16:55+00:00,gdpnow_tracking.xlsx
gdpnow,US,rgdp_growth,2025Q1,2025-01-31,point,,2.889835868978663,saar_pct,0.7148,advance,2026-07-06T11:16:55+00:00,gdpnow_tracking.xlsx
gdpnow,US,rgdp_growth,2025Q1,2025-02-03,point,,3.87875873953962,saar_pct,0.9559,advance,2026-07-06T11:16:55+00:00,gdpnow_tracking.xlsx
gdpnow,US,rgdp_growth,2025Q1,2025-02-04,point,,3.042208623648257,saar_pct,0.752,advance,2026-07-06T11:16:55+00:00,gdpnow_tracking.xlsx
gdpnow,US,rgdp_growth,2025Q1,2025-02-05,point,,2.8860889065351225,saar_pct,0.7138,advance,2026-07-06T11:16:55+00:00,gdpnow_tracking.xlsx
gdpnow,US,rgdp_growth,2025Q1,2025-02-07,point,,2.94159804636232,saar_pct,0.7274,advance,2026-07-06T11:16:55+00:00,gdpnow_tracking.xlsx
gdpnow,US,rgdp_growth,2025Q1,2025-02-12,point,,2.9435945945679665,saar_pct,0.7279,advance,2026-07-06T11:16:55+00:00,gdpnow_tracking.xlsx
gdpnow,US,rgdp_growth,2025Q1,2025-02-13,point,,2.9456588422666075,saar_pct,0.7284,advance,2026-07-06T11:16:55+00:00,gdpnow_tracking.xlsx
gdpnow,US,rgdp_growth,2025Q1,2025-02-14,point,,2.34086730858554,saar_pct,0.5801,advance,2026-07-06T11:16:55+00:00,gdpnow_tracking.xlsx
gdpnow,US,rgdp_growth,2025Q1,2025-02-19,point,,2.3388429872606142,saar_pct,0.5797,advance,2026-07-06T11:16:55+00:00,gdpnow_tracking.xlsx
gdpnow,US,rgdp_growth,2025Q1,2025-02-21,point,,2.32597416365541,saar_pct,0.5765,advance,2026-07-06T11:16:55+00:00,gdpnow_tracking.xlsx
gdpnow,US,rgdp_growth,2025Q1,2025-02-26,point,,2.3210488288696984,saar_pct,0.5753,advance,2026-07-06T11:16:55+00:00,gdpnow_tracking.xlsx
gdpnow,US,rgdp_growth,2025Q1,2025-02-28,point,,-1.4767467891839803,saar_pct,-0.3712,advance,2026-07-06T11:16:55+00:00,gdpnow_tracking.xlsx
gdpnow,US,rgdp_growth,2025Q1,2025-03-03,point,,-2.8246718495502754,saar_pct,-0.7138,advance,2026-07-06T11:16:55+00:00,gdpnow_tracking.xlsx
gdpnow,US,rgdp_growth,2025Q1,2025-03-04,point,,-2.330354903010612,saar_pct,-0.5878,advance,2026-07-06T11:16:55+00:00,gdpnow_tracking.xlsx
gdpnow,US,rgdp_growth,2025Q1,2025-03-05,point,,-2.284178509722745,saar_pct,-0.576,advance,2026-07-06T11:16:55+00:00,gdpnow_tracking.xlsx
gdpnow,US,rgdp_growth,2025Q1,2025-03-06,point,,-2.406758732022174,saar_pct,-0.6072,advance,2026-07-06T11:16:55+00:00,gdpnow_tracking.xlsx
gdpnow,US,rgdp_growth,2025Q1,2025-03-07,point,,-1.61140985580268,saar_pct,-0.4053,advance,2026-07-06T11:16:55+00:00,gdpnow_tracking.xlsx
gdpnow,US,rgdp_growth,2025Q1,2025-03-12,point,,-1.6061880012288587,saar_pct,-0.404,advance,2026-07-06T11:16:55+00:00,gdpnow_tracking.xlsx
gdpnow,US,rgdp_growth,2025Q1,2025-03-13,point,,-1.601519454387823,saar_pct,-0.4028,advance,2026-07-06T11:16:55+00:00,gdpnow_tracking.xlsx
gdpnow,US,rgdp_growth,2025Q1,2025-03-17,point,,-2.0563271323034926,saar_pct,-0.5181,advance,2026-07-06T11:16:55+00:00,gdpnow_tracking.xlsx
gdpnow,US,rgdp_growth,2025Q1,2025-03-18,point,,-1.7578712870223612,saar_pct,-0.4424,advance,2026-07-06T11:16:55+00:00,gdpnow_tracking.xlsx
gdpnow,US,rgdp_growth,2025Q1,2025-03-20,point,,-1.700453089151921,saar_pct,-0.4279,advance,2026-07-06T11:16:55+00:00,gdpnow_tracking.xlsx
gdpnow,US,rgdp_growth,2025Q1,2025-03-25,point,,-1.8517414359671691,saar_pct,-0.4662,advance,2026-07-06T11:16:55+00:00,gdpnow_tracking.xlsx
gdpnow,US,rgdp_growth,2025Q1,2025-03-26,point,,-1.805612244572874,saar_pct,-0.4545,advance,2026-07-06T11:16:55+00:00,gdpnow_tracking.xlsx
gdpnow,US,rgdp_growth,2025Q1,2025-03-28,point,,-2.80406823709215,saar_pct,-0.7085,advance,2026-07-06T11:16:55+00:00,gdpnow_tracking.xlsx
gdpnow,US,rgdp_growth,2025Q1,2025-04-01,point,,-3.6699715170117386,saar_pct,-0.9304,advance,2026-07-06T11:16:55+00:00,gdpnow_tracking.xlsx
gdpnow,US,rgdp_growth,2025Q1,2025-04-02,point,,-3.0231099898912,saar_pct,-0.7645,advance,2026-07-06T11:16:55+00:00,gdpnow_tracking.xlsx
gdpnow,US,rgdp_growth,2025Q1,2025-04-03,point,,-2.847627641615047,saar_pct,-0.7196,advance,2026-07-06T11:16:55+00:00,gdpnow_tracking.xlsx
gdpnow,US,rgdp_growth,2025Q1,2025-04-04,point,,-2.42262579152042,saar_pct,-0.6112,advance,2026-07-06T11:16:55+00:00,gdpnow_tracking.xlsx
gdpnow,US,rgdp_growth,2025Q1,2025-04-09,point,,-2.4160697154585797,saar_pct,-0.6096,advance,2026-07-06T11:16:55+00:00,gdpnow_tracking.xlsx
gdpnow,US,rgdp_growth,2025Q1,2025-04-10,point,,-2.418040553253442,saar_pct,-0.6101,advance,2026-07-06T11:16:55+00:00,gdpnow_tracking.xlsx
gdpnow,US,rgdp_growth,2025Q1,2025-04-11,point,,-2.42834974312876,saar_pct,-0.6127,advance,2026-07-06T11:16:55+00:00,gdpnow_tracking.xlsx
gdpnow,US,rgdp_growth,2025Q1,2025-04-15,point,,-2.5934068750639194,saar_pct,-0.6548,advance,2026-07-06T11:16:55+00:00,gdpnow_tracking.xlsx
gdpnow,US,rgdp_growth,2025Q1,2025-04-16,point,,-2.1651859557053843,saar_pct,-0.5457,advance,2026-07-06T11:16:55+00:00,gdpnow_tracking.xlsx
gdpnow,US,rgdp_growth,2025Q1,2025-04-17,point,,-2.1972693573975577,saar_pct,-0.5539,advance,2026-07-06T11:16:55+00:00,gdpnow_tracking.xlsx
gdpnow,US,rgdp_growth,2025Q1,2025-04-23,point,,-2.278952266659162,saar_pct,-0.5747,advance,2026-07-06T11:16:55+00:00,gdpnow_tracking.xlsx
gdpnow,US,rgdp_growth,2025Q1,2025-04-24,point,,-2.506046108505122,saar_pct,-0.6325,advance,2026-07-06T11:16:55+00:00,gdpnow_tracking.xlsx
gdpnow,US,rgdp_growth,2025Q1,2025-04-29,point,,-2.7317671635041396,saar_pct,-0.6901,advance,2026-07-06T11:16:55+00:00,gdpnow_tracking.xlsx
gdpnow,US,rgdp_growth,2025Q2,2025-04-30,point,,2.3643671709502767,saar_pct,0.5859,advance,2026-07-06T11:16:55+00:00,gdpnow_tracking.xlsx
gdpnow,US,rgdp_growth,2025Q2,2025-05-01,point,,1.1059010581224937,saar_pct,0.2753,advance,2026-07-06T11:16:55+00:00,gdpnow_tracking.xlsx
gdpnow,US,rgdp_growth,2025Q2,2025-05-02,point,,2.20151199362557,saar_pct,0.5459,advance,2026-07-06T11:16:55+00:00,gdpnow_tracking.xlsx
gdpnow,US,rgdp_growth,2025Q2,2025-05-05,point,,2.20148903185713,saar_pct,0.5459,advance,2026-07-06T11:16:55+00:00,gdpnow_tracking.xlsx
gdpnow,US,rgdp_growth,2025Q2,2025-05-06,point,,2.2354350815115165,saar_pct,0.5542,advance,2026-07-06T11:16:55+00:00,gdpnow_tracking.xlsx
gdpnow,US,rgdp_growth,2025Q2,2025-05-08,point,,2.2576810532066727,saar_pct,0.5597,advance,2026-07-06T11:16:55+00:00,gdpnow_tracking.xlsx
gdpnow,US,rgdp_growth,2025Q2,2025-05-12,point,,2.2424463513872,saar_pct,0.556,advance,2026-07-06T11:16:55+00:00,gdpnow_tracking.xlsx
gdpnow,US,rgdp_growth,2025Q2,2025-05-13,point,,2.23968159649903,saar_pct,0.5553,advance,2026-07-06T11:16:55+00:00,gdpnow_tracking.xlsx
gdpnow,US,rgdp_growth,2025Q2,2025-05-15,point,,2.530688664995262,saar_pct,0.6268,advance,2026-07-06T11:16:55+00:00,gdpnow_tracking.xlsx
gdpnow,US,rgdp_growth,2025Q2,2025-05-16,point,,2.354382911682329,saar_pct,0.5835,advance,2026-07-06T11:16:55+00:00,gdpnow_tracking.xlsx
gdpnow,US,rgdp_growth,2025Q2,2025-05-19,point,,2.367523873803856,saar_pct,0.5867,advance,2026-07-06T11:16:55+00:00,gdpnow_tracking.xlsx
gdpnow,US,rgdp_growth,2025Q2,2025-05-22,point,,2.3317119070882075,saar_pct,0.5779,advance,2026-07-06T11:16:55+00:00,gdpnow_tracking.xlsx
gdpnow,US,rgdp_growth,2025Q2,2025-05-23,point,,2.4020494483620203,saar_pct,0.5952,advance,2026-07-06T11:16:55+00:00,gdpnow_tracking.xlsx
gdpnow,US,rgdp_growth,2025Q2,2025-05-27,point,,2.182296193876865,saar_pct,0.5412,advance,2026-07-06T11:16:55+00:00,gdpnow_tracking.xlsx
gdpnow,US,rgdp_growth,2025Q2,2025-05-30,point,,3.8366282044991,saar_pct,0.9457,advance,2026-07-06T11:16:55+00:00,gdpnow_tracking.xlsx
gdpnow,US,rgdp_growth,2025Q2,2025-06-02,point,,4.642428100087437,saar_pct,1.1409,advance,2026-07-06T11:16:55+00:00,gdpnow_tracking.xlsx
gdpnow,US,rgdp_growth,2025Q2,2025-06-03,point,,4.651456428700174,saar_pct,1.1431,advance,2026-07-06T11:16:55+00:00,gdpnow_tracking.xlsx
gdpnow,US,rgdp_growth,2025Q2,2025-06-04,point,,3.50296358799449,saar_pct,0.8645,advance,2026-07-06T11:16:55+00:00,gdpnow_tracking.xlsx
gdpnow,US,rgdp_growth,2025Q2,2025-06-05,point,,3.794655418075865,saar_pct,0.9355,advance,2026-07-06T11:16:55+00:00,gdpnow_tracking.xlsx
gdpnow,US,rgdp_growth,2025Q2,2025-06-06,point,,3.694222578159856,saar_pct,0.911,advance,2026-07-06T11:16:55+00:00,gdpnow_tracking.xlsx
gdpnow,US,rgdp_growth,2025Q2,2025-06-09,point,,3.7693388741848466,saar_pct,0.9293,advance,2026-07-06T11:16:55+00:00,gdpnow_tracking.xlsx
gdpnow,US,rgdp_growth,2025Q2,2025-06-11,point,,3.7341950932716195,saar_pct,0.9208,advance,2026-07-06T11:16:55+00:00,gdpnow_tracking.xlsx
gdpnow,US,rgdp_growth,2025Q2,2025-06-12,point,,3.7412515374896094,saar_pct,0.9225,advance,2026-07-06T11:16:55+00:00,gdpnow_tracking.xlsx
gdpnow,US,rgdp_growth,2025Q2,2025-06-17,point,,3.468893391449912,saar_pct,0.8562,advance,2026-07-06T11:16:55+00:00,gdpnow_tracking.xlsx
gdpnow,US,rgdp_growth,2025Q2,2025-06-18,point,,3.398867266388339,saar_pct,0.8391,advance,2026-07-06T11:16:55+00:00,gdpnow_tracking.xlsx
gdpnow,US,rgdp_growth,2025Q2,2025-06-23,point,,3.4054668925609377,saar_pct,0.8407,advance,2026-07-06T11:16:55+00:00,gdpnow_tracking.xlsx
gdpnow,US,rgdp_growth,2025Q2,2025-06-25,point,,3.351042421974393,saar_pct,0.8274,advance,2026-07-06T11:16:55+00:00,gdpnow_tracking.xlsx
gdpnow,US,rgdp_growth,2025Q2,2025-06-27,point,,2.8514854487345698,saar_pct,0.7054,advance,2026-07-06T11:16:55+00:00,gdpnow_tracking.xlsx
gdpnow,US,rgdp_growth,2025Q2,2025-07-01,point,,2.5455228702700783,saar_pct,0.6304,advance,2026-07-06T11:16:55+00:00,gdpnow_tracking.xlsx
gdpnow,US,rgdp_growth,2025Q2,2025-07-02,point,,2.426465472100392,saar_pct,0.6012,advance,2026-07-06T11:16:55+00:00,gdpnow_tracking.xlsx
gdpnow,US,rgdp_growth,2025Q2,2025-07-03,point,,2.608475580214109,saar_pct,0.6458,advance,2026-07-06T11:16:55+00:00,gdpnow_tracking.xlsx
gdpnow,US,rgdp_growth,2025Q2,2025-07-09,point,,2.583925714621005,saar_pct,0.6398,advance,2026-07-06T11:16:55+00:00,gdpnow_tracking.xlsx
gdpnow,US,rgdp_growth,2025Q2,2025-07-11,point,,2.549237006474714,saar_pct,0.6313,advance,2026-07-06T11:16:55+00:00,gdpnow_tracking.xlsx
gdpnow,US,rgdp_growth,2025Q2,2025-07-15,point,,2.54307973689769,saar_pct,0.6298,advance,2026-07-06T11:16:55+00:00,gdpnow_tracking.xlsx
gdpnow,US,rgdp_growth,2025Q2,2025-07-16,point,,2.66472623048832,saar_pct,0.6596,advance,2026-07-06T11:16:55+00:00,gdpnow_tracking.xlsx
gdpnow,US,rgdp_growth,2025Q2,2025-07-17,point,,2.3932202546518067,saar_pct,0.593,advance,2026-07-06T11:16:55+00:00,gdpnow_tracking.xlsx
gdpnow,US,rgdp_growth,2025Q2,2025-07-18,point,,2.3645366601109608,saar_pct,0.586,advance,2026-07-06T11:16:55+00:00,gdpnow_tracking.xlsx
gdpnow,US,rgdp_growth,2025Q2,2025-07-23,point,,2.34889367374092,saar_pct,0.5821,advance,2026-07-06T11:16:55+00:00,gdpnow_tracking.xlsx
gdpnow,US,rgdp_growth,2025Q2,2025-07-24,point,,2.36508705372818,saar_pct,0.5861,advance,2026-07-06T11:16:55+00:00,gdpnow_tracking.xlsx
gdpnow,US,rgdp_growth,2025Q2,2025-07-25,point,,2.378659515224224,saar_pct,0.5894,advance,2026-07-06T11:16:55+00:00,gdpnow_tracking.xlsx
gdpnow,US,rgdp_growth,2025Q2,2025-07-29,point,,2.90204974653705,saar_pct,0.7177,advance,2026-07-06T11:16:55+00:00,gdpnow_tracking.xlsx
gdpnow,US,rgdp_growth,2025Q3,2025-07-31,point,,2.3372743969581222,saar_pct,0.5793,advance,2026-07-06T11:16:55+00:00,gdpnow_tracking.xlsx
gdpnow,US,rgdp_growth,2025Q3,2025-08-01,point,,2.146417476665796,saar_pct,0.5323,advance,2026-07-06T11:16:55+00:00,gdpnow_tracking.xlsx
gdpnow,US,rgdp_growth,2025Q3,2025-08-04,point,,2.46121547470033,saar_pct,0.6097,advance,2026-07-06T11:16:55+00:00,gdpnow_tracking.xlsx
gdpnow,US,rgdp_growth,2025Q3,2025-08-05,point,,2.4562061833006688,saar_pct,0.6085,advance,2026-07-06T11:16:55+00:00,gdpnow_tracking.xlsx
gdpnow,US,rgdp_growth,2025Q3,2025-08-07,point,,2.5257355900733414,saar_pct,0.6255,advance,2026-07-06T11:16:55+00:00,gdpnow_tracking.xlsx
gdpnow,US,rgdp_growth,2025Q3,2025-08-12,point,,2.5226487662754815,saar_pct,0.6248,advance,2026-07-06T11:16:55+00:00,gdpnow_tracking.xlsx
gdpnow,US,rgdp_growth,2025Q3,2025-08-14,point,,2.518434379160883,saar_pct,0.6237,advance,2026-07-06T11:16:55+00:00,gdpnow_tracking.xlsx
gdpnow,US,rgdp_growth,2025Q3,2025-08-15,point,,2.548834257678001,saar_pct,0.6312,advance,2026-07-06T11:16:55+00:00,gdpnow_tracking.xlsx
gdpnow,US,rgdp_growth,2025Q3,2025-08-19,point,,2.2635741461014103,saar_pct,0.5612,advance,2026-07-06T11:16:55+00:00,gdpnow_tracking.xlsx
gdpnow,US,rgdp_growth,2025Q3,2025-08-21,point,,2.247761640971979,saar_pct,0.5573,advance,2026-07-06T11:16:55+00:00,gdpnow_tracking.xlsx
gdpnow,US,rgdp_growth,2025Q3,2025-08-25,point,,2.165904611520708,saar_pct,0.5371,advance,2026-07-06T11:16:55+00:00,gdpnow_tracking.xlsx
gdpnow,US,rgdp_growth,2025Q3,2025-08-26,point,,2.1766351102843418,saar_pct,0.5398,advance,2026-07-06T11:16:55+00:00,gdpnow_tracking.xlsx
gdpnow,US,rgdp_growth,2025Q3,2025-08-29,point,,3.4704749517094013,saar_pct,0.8566,advance,2026-07-06T11:16:55+00:00,gdpnow_tracking.xlsx
gdpnow,US,rgdp_growth,2025Q3,2025-09-02,point,,3.0399018214242846,saar_pct,0.7515,advance,2026-07-06T11:16:55+00:00,gdpnow_tracking.xlsx
gdpnow,US,rgdp_growth,2025Q3,2025-09-03,point,,3.0445747193150297,saar_pct,0.7526,advance,2026-07-06T11:16:55+00:00,gdpnow_tracking.xlsx
gdpnow,US,rgdp_growth,2025Q3,2025-09-04,point,,2.998306701755604,saar_pct,0.7413,advance,2026-07-06T11:16:55+00:00,gdpnow_tracking.xlsx
gdpnow,US,rgdp_growth,2025Q3,2025-09-05,point,,3.0917213479641825,saar_pct,0.7641,advance,2026-07-06T11:16:55+00:00,gdpnow_tracking.xlsx
gdpnow,US,rgdp_growth,2025Q3,2025-09-10,point,,3.088333582281555,saar_pct,0.7633,advance,2026-07-06T11:16:55+00:00,gdpnow_tracking.xlsx
gdpnow,US,rgdp_growth,2025Q3,2025-09-11,point,,3.113338449544667,saar_pct,0.7694,advance,2026-07-06T11:16:55+00:00,gdpnow_tracking.xlsx
gdpnow,US,rgdp_growth,2025Q3,2025-09-16,point,,3.413223083979866,saar_pct,0.8426,advance,2026-07-06T11:16:55+00:00,gdpnow_tracking.xlsx
gdpnow,US,rgdp_growth,2025Q3,2025-09-17,point,,3.3358161292962096,saar_pct,0.8237,advance,2026-07-06T11:16:55+00:00,gdpnow_tracking.xlsx
gdpnow,US,rgdp_growth,2025Q3,2025-09-24,point,,3.4056516474968657,saar_pct,0.8408,advance,2026-07-06T11:16:55+00:00,gdpnow_tracking.xlsx
gdpnow,US,rgdp_growth,2025Q3,2025-09-26,point,,3.898876480666824,saar_pct,0.9608,advance,2026-07-06T11:16:55+00:00,gdpnow_tracking.xlsx
gdpnow,US,rgdp_growth,2025Q3,2025-10-01,point,,3.841608184158374,saar_pct,0.9469,advance,2026-07-06T11:16:55+00:00,gdpnow_tracking.xlsx
gdpnow,US,rgdp_growth,2025Q3,2025-10-03,point,,3.765556207359677,saar_pct,0.9284,advance,2026-07-06T11:16:55+00:00,gdpnow_tracking.xlsx
gdpnow,US,rgdp_growth,2025Q3,2025-10-16,point,,3.8908189070006483,saar_pct,0.9588,advance,2026-07-06T11:16:55+00:00,gdpnow_tracking.xlsx
gdpnow,US,rgdp_growth,2025Q3,2025-10-23,point,,3.93693829848638,saar_pct,0.97,advance,2026-07-06T11:16:55+00:00,gdpnow_tracking.xlsx
gdpnow,US,rgdp_growth,2025Q3,2025-10-24,point,,3.9263709654952184,saar_pct,0.9675,advance,2026-07-06T11:16:55+00:00,gdpnow_tracking.xlsx
gdpnow,US,rgdp_growth,2025Q3,2025-11-03,point,,3.9894351542548057,saar_pct,0.9828,advance,2026-07-06T11:16:55+00:00,gdpnow_tracking.xlsx
gdpnow,US,rgdp_growth,2025Q3,2025-11-05,point,,3.97726394223763,saar_pct,0.9798,advance,2026-07-06T11:16:55+00:00,gdpnow_tracking.xlsx
gdpnow,US,rgdp_growth,2025Q3,2025-11-17,point,,4.054827481420342,saar_pct,0.9986,advance,2026-07-06T11:16:55+00:00,gdpnow_tracking.xlsx
gdpnow,US,rgdp_growth,2025Q3,2025-11-18,point,,4.044533550591267,saar_pct,0.9961,advance,2026-07-06T11:16:55+00:00,gdpnow_tracking.xlsx
gdpnow,US,rgdp_growth,2025Q3,2025-11-19,point,,4.229331289684346,saar_pct,1.041,advance,2026-07-06T11:16:55+00:00,gdpnow_tracking.xlsx
gdpnow,US,rgdp_growth,2025Q3,2025-11-20,point,,4.165648228448893,saar_pct,1.0255,advance,2026-07-06T11:16:55+00:00,gdpnow_tracking.xlsx
gdpnow,US,rgdp_growth,2025Q3,2025-11-21,point,,4.221803709240346,saar_pct,1.0391,advance,2026-07-06T11:16:55+00:00,gdpnow_tracking.xlsx
gdpnow,US,rgdp_growth,2025Q3,2025-11-24,point,,4.217597569315457,saar_pct,1.0381,advance,2026-07-06T11:16:55+00:00,gdpnow_tracking.xlsx
gdpnow,US,rgdp_growth,2025Q3,2025-11-25,point,,4.022889896307191,saar_pct,0.9909,advance,2026-07-06T11:16:55+00:00,gdpnow_tracking.xlsx
gdpnow,US,rgdp_growth,2025Q3,2025-11-26,point,,3.8556269581101477,saar_pct,0.9503,advance,2026-07-06T11:16:55+00:00,gdpnow_tracking.xlsx
gdpnow,US,rgdp_growth,2025Q3,2025-12-01,point,,3.852724944009722,saar_pct,0.9496,advance,2026-07-06T11:16:55+00:00,gdpnow_tracking.xlsx
gdpnow,US,rgdp_growth,2025Q3,2025-12-03,point,,3.8449713551138354,saar_pct,0.9477,advance,2026-07-06T11:16:55+00:00,gdpnow_tracking.xlsx
gdpnow,US,rgdp_growth,2025Q3,2025-12-04,point,,3.810175048617559,saar_pct,0.9392,advance,2026-07-06T11:16:55+00:00,gdpnow_tracking.xlsx
gdpnow,US,rgdp_growth,2025Q3,2025-12-05,point,,3.528252664303766,saar_pct,0.8706,advance,2026-07-06T11:16:55+00:00,gdpnow_tracking.xlsx
gdpnow,US,rgdp_growth,2025Q3,2025-12-11,point,,3.570528958541508,saar_pct,0.8809,advance,2026-07-06T11:16:55+00:00,gdpnow_tracking.xlsx
gdpnow,US,rgdp_growth,2025Q3,2025-12-16,point,,3.472757826901196,saar_pct,0.8571,advance,2026-07-06T11:16:55+00:00,gdpnow_tracking.xlsx
gdpnow,US,rgdp_growth,2025Q4,2025-12-23,point,,2.9721213343643305,saar_pct,0.7349,advance,2026-07-06T11:16:55+00:00,gdpnow_tracking.xlsx
gdpnow,US,rgdp_growth,2025Q4,2026-01-05,point,,2.6786108614324178,saar_pct,0.663,advance,2026-07-06T11:16:55+00:00,gdpnow_tracking.xlsx
gdpnow,US,rgdp_growth,2025Q4,2026-01-06,point,,2.874722124313478,saar_pct,0.7111,advance,2026-07-06T11:16:55+00:00,gdpnow_tracking.xlsx
gdpnow,US,rgdp_growth,2025Q4,2026-01-07,point,,2.9031401951134406,saar_pct,0.718,advance,2026-07-06T11:16:55+00:00,gdpnow_tracking.xlsx
gdpnow,US,rgdp_growth,2025Q4,2026-01-08,point,,5.447829407579996,saar_pct,1.335,advance,2026-07-06T11:16:55+00:00,gdpnow_tracking.xlsx
gdpnow,US,rgdp_growth,2025Q4,2026-01-09,point,,5.130825586335397,saar_pct,1.2587,advance,2026-07-06T11:16:55+00:00,gdpnow_tracking.xlsx
gdpnow,US,rgdp_growth,2025Q4,2026-01-13,point,,5.109864481541493,saar_pct,1.2537,advance,2026-07-06T11:16:55+00:00,gdpnow_tracking.xlsx
gdpnow,US,rgdp_growth,2025Q4,2026-01-14,point,,5.296166955177606,saar_pct,1.2985,advance,2026-07-06T11:16:55+00:00,gdpnow_tracking.xlsx
gdpnow,US,rgdp_growth,2025Q4,2026-01-15,point,,5.19260979192111,saar_pct,1.2736,advance,2026-07-06T11:16:55+00:00,gdpnow_tracking.xlsx
gdpnow,US,rgdp_growth,2025Q4,2026-01-16,point,,5.274120581205,saar_pct,1.2932,advance,2026-07-06T11:16:55+00:00,gdpnow_tracking.xlsx
gdpnow,US,rgdp_growth,2025Q4,2026-01-21,point,,5.40669273181158,saar_pct,1.3251,advance,2026-07-06T11:16:55+00:00,gdpnow_tracking.xlsx
gdpnow,US,rgdp_growth,2025Q4,2026-01-22,point,,5.372100784479716,saar_pct,1.3168,advance,2026-07-06T11:16:55+00:00,gdpnow_tracking.xlsx
gdpnow,US,rgdp_growth,2025Q4,2026-01-26,point,,5.398831769649237,saar_pct,1.3232,advance,2026-07-06T11:16:55+00:00,gdpnow_tracking.xlsx
gdpnow,US,rgdp_growth,2025Q4,2026-01-29,point,,4.237321854443321,saar_pct,1.0429,advance,2026-07-06T11:16:55+00:00,gdpnow_tracking.xlsx
gdpnow,US,rgdp_growth,2025Q4,2026-01-30,point,,4.231863333423913,saar_pct,1.0416,advance,2026-07-06T11:16:55+00:00,gdpnow_tracking.xlsx
gdpnow,US,rgdp_growth,2025Q4,2026-02-02,point,,4.223474198869526,saar_pct,1.0395,advance,2026-07-06T11:16:55+00:00,gdpnow_tracking.xlsx
gdpnow,US,rgdp_growth,2025Q4,2026-02-04,point,,4.18242227629815,saar_pct,1.0296,advance,2026-07-06T11:16:55+00:00,gdpnow_tracking.xlsx
gdpnow,US,rgdp_growth,2025Q4,2026-02-10,point,,3.6752650158609512,saar_pct,0.9064,advance,2026-07-06T11:16:55+00:00,gdpnow_tracking.xlsx
gdpnow,US,rgdp_growth,2025Q4,2026-02-11,point,,3.67647409425067,saar_pct,0.9067,advance,2026-07-06T11:16:55+00:00,gdpnow_tracking.xlsx
gdpnow,US,rgdp_growth,2025Q4,2026-02-12,point,,3.6423140642753093,saar_pct,0.8984,advance,2026-07-06T11:16:55+00:00,gdpnow_tracking.xlsx
gdpnow,US,rgdp_growth,2025Q4,2026-02-13,point,,3.6403141540449324,saar_pct,0.8979,advance,2026-07-06T11:16:55+00:00,gdpnow_tracking.xlsx
gdpnow,US,rgdp_growth,2025Q4,2026-02-18,point,,3.5892895591493224,saar_pct,0.8855,advance,2026-07-06T11:16:55+00:00,gdpnow_tracking.xlsx
gdpnow,US,rgdp_growth,2025Q4,2026-02-19,point,,2.9989686770822033,saar_pct,0.7415,advance,2026-07-06T11:16:55+00:00,gdpnow_tracking.xlsx
gdpnow,US,rgdp_growth,2026Q1,2026-02-20,point,,3.1261025675693332,saar_pct,0.7725,advance,2026-07-06T11:16:55+00:00,gdpnow_tracking.xlsx
gdpnow,US,rgdp_growth,2026Q1,2026-02-23,point,,3.1420074159159483,saar_pct,0.7764,advance,2026-07-06T11:16:55+00:00,gdpnow_tracking.xlsx
gdpnow,US,rgdp_growth,2026Q1,2026-02-24,point,,3.1361098308263724,saar_pct,0.775,advance,2026-07-06T11:16:55+00:00,gdpnow_tracking.xlsx
gdpnow,US,rgdp_growth,2026Q1,2026-02-27,point,,3.0321085056833175,saar_pct,0.7496,advance,2026-07-06T11:16:55+00:00,gdpnow_tracking.xlsx
gdpnow,US,rgdp_growth,2026Q1,2026-03-02,point,,3.017179073812226,saar_pct,0.7459,advance,2026-07-06T11:16:55+00:00,gdpnow_tracking.xlsx
gdpnow,US,rgdp_growth,2026Q1,2026-03-04,point,,3.20681558107232,saar_pct,0.7922,advance,2026-07-06T11:16:55+00:00,gdpnow_tracking.xlsx
gdpnow,US,rgdp_growth,2026Q1,2026-03-05,point,,3.1820743078091684,saar_pct,0.7862,advance,2026-07-06T11:16:55+00:00,gdpnow_tracking.xlsx
gdpnow,US,rgdp_growth,2026Q1,2026-03-06,point,,2.1227350731324535,saar_pct,0.5265,advance,2026-07-06T11:16:55+00:00,gdpnow_tracking.xlsx
gdpnow,US,rgdp_growth,2026Q1,2026-03-10,point,,2.155596742397914,saar_pct,0.5346,advance,2026-07-06T11:16:55+00:00,gdpnow_tracking.xlsx
gdpnow,US,rgdp_growth,2026Q1,2026-03-11,point,,2.2064554580967455,saar_pct,0.5471,advance,2026-07-06T11:16:55+00:00,gdpnow_tracking.xlsx
gdpnow,US,rgdp_growth,2026Q1,2026-03-12,point,,2.742930021015022,saar_pct,0.6788,advance,2026-07-06T11:16:55+00:00,gdpnow_tracking.xlsx
gdpnow,US,rgdp_growth,2026Q1,2026-03-13,point,,2.697860576042288,saar_pct,0.6677,advance,2026-07-06T11:16:55+00:00,gdpnow_tracking.xlsx
gdpnow,US,rgdp_growth,2026Q1,2026-03-16,point,,2.8367509865529605,saar_pct,0.7018,advance,2026-07-06T11:16:55+00:00,gdpnow_tracking.xlsx
gdpnow,US,rgdp_growth,2026Q1,2026-03-18,point,,2.811439734690424,saar_pct,0.6956,advance,2026-07-06T11:16:55+00:00,gdpnow_tracking.xlsx
gdpnow,US,rgdp_growth,2026Q1,2026-03-19,point,,2.3264203263979155,saar_pct,0.5766,advance,2026-07-06T11:16:55+00:00,gdpnow_tracking.xlsx
gdpnow,US,rgdp_growth,2026Q1,2026-03-23,point,,1.9990569517755574,saar_pct,0.4961,advance,2026-07-06T11:16:55+00:00,gdpnow_tracking.xlsx
gdpnow,US,rgdp_growth,2026Q1,2026-03-25,point,,2.1211542220169077,saar_pct,0.5261,advance,2026-07-06T11:16:55+00:00,gdpnow_tracking.xlsx
gdpnow,US,rgdp_growth,2026Q1,2026-04-01,point,,1.945263345280579,saar_pct,0.4828,advance,2026-07-06T11:16:55+00:00,gdpnow_tracking.xlsx
gdpnow,US,rgdp_growth,2026Q1,2026-04-02,point,,1.6372673305045549,saar_pct,0.4068,advance,2026-07-06T11:16:55+00:00,gdpnow_tracking.xlsx
gdpnow,US,rgdp_growth,2026Q1,2026-04-03,point,,1.4377873759471749,saar_pct,0.3575,advance,2026-07-06T11:16:55+00:00,gdpnow_tracking.xlsx
gdpnow,US,rgdp_growth,2026Q1,2026-04-06,point,,1.4360713319038432,saar_pct,0.3571,advance,2026-07-06T11:16:55+00:00,gdpnow_tracking.xlsx
gdpnow,US,rgdp_growth,2026Q1,2026-04-07,point,,1.320461852530208,saar_pct,0.3285,advance,2026-07-06T11:16:55+00:00,gdpnow_tracking.xlsx
gdpnow,US,rgdp_growth,2026Q1,2026-04-09,point,,1.307771217035758,saar_pct,0.3254,advance,2026-07-06T11:16:55+00:00,gdpnow_tracking.xlsx
gdpnow,US,rgdp_growth,2026Q1,2026-04-10,point,,1.2284048224157296,saar_pct,0.3057,advance,2026-07-06T11:16:55+00:00,gdpnow_tracking.xlsx
gdpnow,US,rgdp_growth,2026Q1,2026-04-13,point,,1.2022199753647378,saar_pct,0.2992,advance,2026-07-06T11:16:55+00:00,gdpnow_tracking.xlsx
gdpnow,US,rgdp_growth,2026Q1,2026-04-14,point,,1.2034842994420147,saar_pct,0.2995,advance,2026-07-06T11:16:55+00:00,gdpnow_tracking.xlsx
gdpnow,US,rgdp_growth,2026Q1,2026-04-15,point,,1.0905653681299,saar_pct,0.2715,advance,2026-07-06T11:16:55+00:00,gdpnow_tracking.xlsx
gdpnow,US,rgdp_growth,2026Q1,2026-04-16,point,,0.9456469333894546,saar_pct,0.2356,advance,2026-07-06T11:16:55+00:00,gdpnow_tracking.xlsx
gdpnow,US,rgdp_growth,2026Q1,2026-04-21,point,,1.2410282671005968,saar_pct,0.3088,advance,2026-07-06T11:16:55+00:00,gdpnow_tracking.xlsx
gdpnow,US,rgdp_growth,2026Q1,2026-04-29,point,,1.23917497408428,saar_pct,0.3084,advance,2026-07-06T11:16:55+00:00,gdpnow_tracking.xlsx
nyfed,US,rgdp_growth,2023Q1,2022-12-02,point,,1.79,saar_pct,0.4445,unspecified,2026-07-06T11:16:55+00:00,nyfed_staff_nowcast.xlsx
nyfed,US,rgdp_growth,2023Q1,2022-12-09,point,,1.76,saar_pct,0.4371,unspecified,2026-07-06T11:16:55+00:00,nyfed_staff_nowcast.xlsx
nyfed,US,rgdp_growth,2023Q1,2022-12-16,point,,1.58,saar_pct,0.3927,unspecified,2026-07-06T11:16:55+00:00,nyfed_staff_nowcast.xlsx
nyfed,US,rgdp_growth,2023Q1,2022-12-23,point,,1.33,saar_pct,0.3309,unspecified,2026-07-06T11:16:55+00:00,nyfed_staff_nowcast.xlsx
nyfed,US,rgdp_growth,2023Q1,2022-12-30,point,,1.31,saar_pct,0.3259,unspecified,2026-07-06T11:16:55+00:00,nyfed_staff_nowcast.xlsx
nyfed,US,rgdp_growth,2023Q1,2023-01-06,point,,1.57,saar_pct,0.3902,unspecified,2026-07-06T11:16:55+00:00,nyfed_staff_nowcast.xlsx
nyfed,US,rgdp_growth,2023Q1,2023-01-13,point,,1.64,saar_pct,0.4075,unspecified,2026-07-06T11:16:55+00:00,nyfed_staff_nowcast.xlsx
nyfed,US,rgdp_growth,2023Q1,2023-01-20,point,,0.79,saar_pct,0.1969,unspecified,2026-07-06T11:16:55+00:00,nyfed_staff_nowcast.xlsx
nyfed,US,rgdp_growth,2023Q1,2023-01-27,point,,1.2,saar_pct,0.2987,unspecified,2026-07-06T11:16:55+00:00,nyfed_staff_nowcast.xlsx
nyfed,US,rgdp_growth,2023Q1,2023-02-03,point,,1.59,saar_pct,0.3952,unspecified,2026-07-06T11:16:55+00:00,nyfed_staff_nowcast.xlsx
nyfed,US,rgdp_growth,2023Q1,2023-02-10,point,,1.48,saar_pct,0.368,unspecified,2026-07-06T11:16:55+00:00,nyfed_staff_nowcast.xlsx
nyfed,US,rgdp_growth,2023Q1,2023-02-17,point,,1.14,saar_pct,0.2838,unspecified,2026-07-06T11:16:55+00:00,nyfed_staff_nowcast.xlsx
nyfed,US,rgdp_growth,2023Q1,2023-02-24,point,,2.84,saar_pct,0.7026,unspecified,2026-07-06T11:16:55+00:00,nyfed_staff_nowcast.xlsx
nyfed,US,rgdp_growth,2023Q1,2023-03-03,point,,1.44,saar_pct,0.3581,unspecified,2026-07-06T11:16:55+00:00,nyfed_staff_nowcast.xlsx
nyfed,US,rgdp_growth,2023Q1,2023-03-10,point,,1.88,saar_pct,0.4667,unspecified,2026-07-06T11:16:55+00:00,nyfed_staff_nowcast.xlsx
nyfed,US,rgdp_growth,2023Q1,2023-03-17,point,,1.89,saar_pct,0.4692,unspecified,2026-07-06T11:16:55+00:00,nyfed_staff_nowcast.xlsx
nyfed,US,rgdp_growth,2023Q1,2023-03-24,point,,1.47,saar_pct,0.3655,unspecified,2026-07-06T11:16:55+00:00,nyfed_staff_nowcast.xlsx
nyfed,US,rgdp_growth,2023Q1,2023-03-31,point,,1.4,saar_pct,0.3482,unspecified,2026-07-06T11:16:55+00:00,nyfed_staff_nowcast.xlsx
nyfed,US,rgdp_growth,2023Q1,2023-04-07,point,,1.34,saar_pct,0.3333,unspecified,2026-07-06T11:16:55+00:00,nyfed_staff_nowcast.xlsx
nyfed,US,rgdp_growth,2023Q1,2023-04-14,point,,1.75,saar_pct,0.4347,unspecified,2026-07-06T11:16:55+00:00,nyfed_staff_nowcast.xlsx
nyfed,US,rgdp_growth,2023Q1,2023-04-21,point,,1.72,saar_pct,0.4273,unspecified,2026-07-06T11:16:55+00:00,nyfed_staff_nowcast.xlsx
nyfed,US,rgdp_growth,2023Q1,2023-04-28,point,,1.86,saar_pct,0.4618,unspecified,2026-07-06T11:16:55+00:00,nyfed_staff_nowcast.xlsx
nyfed,US,rgdp_growth,2023Q2,2023-02-24,point,,2.0,saar_pct,0.4963,unspecified,2026-07-06T11:16:55+00:00,nyfed_staff_nowcast.xlsx
nyfed,US,rgdp_growth,2023Q2,2023-03-03,point,,1.45,saar_pct,0.3605,unspecified,2026-07-06T11:16:55+00:00,nyfed_staff_nowcast.xlsx
nyfed,US,rgdp_growth,2023Q2,2023-03-10,point,,1.53,saar_pct,0.3803,unspecified,2026-07-06T11:16:55+00:00,nyfed_staff_nowcast.xlsx
nyfed,US,rgdp_growth,2023Q2,2023-03-17,point,,1.3,saar_pct,0.3234,unspecified,2026-07-06T11:16:55+00:00,nyfed_staff_nowcast.xlsx
nyfed,US,rgdp_growth,2023Q2,2023-03-24,point,,1.1,saar_pct,0.2739,unspecified,2026-07-06T11:16:55+00:00,nyfed_staff_nowcast.xlsx
nyfed,US,rgdp_growth,2023Q2,2023-03-31,point,,1.08,saar_pct,0.2689,unspecified,2026-07-06T11:16:55+00:00,nyfed_staff_nowcast.xlsx
nyfed,US,rgdp_growth,2023Q2,2023-04-07,point,,0.67,saar_pct,0.1671,unspecified,2026-07-06T11:16:55+00:00,nyfed_staff_nowcast.xlsx
nyfed,US,rgdp_growth,2023Q2,2023-04-14,point,,0.86,saar_pct,0.2143,unspecified,2026-07-06T11:16:55+00:00,nyfed_staff_nowcast.xlsx
nyfed,US,rgdp_growth,2023Q2,2023-04-21,point,,1.12,saar_pct,0.2788,unspecified,2026-07-06T11:16:55+00:00,nyfed_staff_nowcast.xlsx
nyfed,US,rgdp_growth,2023Q2,2023-04-28,point,,0.52,saar_pct,0.1297,unspecified,2026-07-06T11:16:55+00:00,nyfed_staff_nowcast.xlsx
nyfed,US,rgdp_growth,2023Q2,2023-05-05,point,,1.28,saar_pct,0.3185,unspecified,2026-07-06T11:16:55+00:00,nyfed_staff_nowcast.xlsx
nyfed,US,rgdp_growth,2023Q2,2023-05-12,point,,1.19,saar_pct,0.2962,unspecified,2026-07-06T11:16:55+00:00,nyfed_staff_nowcast.xlsx
nyfed,US,rgdp_growth,2023Q2,2023-05-19,point,,1.44,saar_pct,0.3581,unspecified,2026-07-06T11:16:55+00:00,nyfed_staff_nowcast.xlsx
nyfed,US,rgdp_growth,2023Q2,2023-05-26,point,,1.57,saar_pct,0.3902,unspecified,2026-07-06T11:16:55+00:00,nyfed_staff_nowcast.xlsx
nyfed,US,rgdp_growth,2023Q2,2023-06-02,point,,1.61,saar_pct,0.4001,unspecified,2026-07-06T11:16:55+00:00,nyfed_staff_nowcast.xlsx
nyfed,US,rgdp_growth,2023Q2,2023-06-09,point,,1.43,saar_pct,0.3556,unspecified,2026-07-06T11:16:55+00:00,nyfed_staff_nowcast.xlsx
nyfed,US,rgdp_growth,2023Q2,2023-06-16,point,,1.31,saar_pct,0.3259,unspecified,2026-07-06T11:16:55+00:00,nyfed_staff_nowcast.xlsx
nyfed,US,rgdp_growth,2023Q2,2023-06-23,point,,1.52,saar_pct,0.3779,unspecified,2026-07-06T11:16:55+00:00,nyfed_staff_nowcast.xlsx
nyfed,US,rgdp_growth,2023Q2,2023-06-30,point,,1.63,saar_pct,0.405,unspecified,2026-07-06T11:16:55+00:00,nyfed_staff_nowcast.xlsx
nyfed,US,rgdp_growth,2023Q2,2023-07-07,point,,1.16,saar_pct,0.2887,unspecified,2026-07-06T11:16:55+00:00,nyfed_staff_nowcast.xlsx
nyfed,US,rgdp_growth,2023Q2,2023-07-14,point,,1.16,saar_pct,0.2887,unspecified,2026-07-06T11:16:55+00:00,nyfed_staff_nowcast.xlsx
nyfed,US,rgdp_growth,2023Q2,2023-07-21,point,,1.08,saar_pct,0.2689,unspecified,2026-07-06T11:16:55+00:00,nyfed_staff_nowcast.xlsx
nyfed,US,rgdp_growth,2023Q2,2023-07-28,point,,1.07,saar_pct,0.2664,unspecified,2026-07-06T11:16:55+00:00,nyfed_staff_nowcast.xlsx
nyfed,US,rgdp_growth,2023Q3,2023-05-26,point,,2.0,saar_pct,0.4963,unspecified,2026-07-06T11:16:55+00:00,nyfed_staff_nowcast.xlsx
nyfed,US,rgdp_growth,2023Q3,2023-06-02,point,,1.96,saar_pct,0.4864,unspecified,2026-07-06T11:16:55+00:00,nyfed_staff_nowcast.xlsx
nyfed,US,rgdp_growth,2023Q3,2023-06-09,point,,1.9,saar_pct,0.4717,unspecified,2026-07-06T11:16:55+00:00,nyfed_staff_nowcast.xlsx
nyfed,US,rgdp_growth,2023Q3,2023-06-16,point,,1.81,saar_pct,0.4495,unspecified,2026-07-06T11:16:55+00:00,nyfed_staff_nowcast.xlsx
nyfed,US,rgdp_growth,2023Q3,2023-06-23,point,,2.0,saar_pct,0.4963,unspecified,2026-07-06T11:16:55+00:00,nyfed_staff_nowcast.xlsx
nyfed,US,rgdp_growth,2023Q3,2023-06-30,point,,2.07,saar_pct,0.5135,unspecified,2026-07-06T11:16:55+00:00,nyfed_staff_nowcast.xlsx
nyfed,US,rgdp_growth,2023Q3,2023-07-07,point,,1.53,saar_pct,0.3803,unspecified,2026-07-06T11:16:55+00:00,nyfed_staff_nowcast.xlsx
nyfed,US,rgdp_growth,2023Q3,2023-07-14,point,,1.51,saar_pct,0.3754,unspecified,2026-07-06T11:16:55+00:00,nyfed_staff_nowcast.xlsx
nyfed,US,rgdp_growth,2023Q3,2023-07-21,point,,1.25,saar_pct,0.311,unspecified,2026-07-06T11:16:55+00:00,nyfed_staff_nowcast.xlsx
nyfed,US,rgdp_growth,2023Q3,2023-07-28,point,,1.93,saar_pct,0.479,unspecified,2026-07-06T11:16:55+00:00,nyfed_staff_nowcast.xlsx
nyfed,US,rgdp_growth,2023Q3,2023-08-04,point,,1.81,saar_pct,0.4495,unspecified,2026-07-06T11:16:55+00:00,nyfed_staff_nowcast.xlsx
nyfed,US,rgdp_growth,2023Q3,2023-08-11,point,,1.7,saar_pct,0.4223,unspecified,2026-07-06T11:16:55+00:00,nyfed_staff_nowcast.xlsx
nyfed,US,rgdp_growth,2023Q3,2023-08-18,point,,2.34,saar_pct,0.5799,unspecified,2026-07-06T11:16:55+00:00,nyfed_staff_nowcast.xlsx
nyfed,US,rgdp_growth,2023Q3,2023-08-25,point,,2.12,saar_pct,0.5258,unspecified,2026-07-06T11:16:55+00:00,nyfed_staff_nowcast.xlsx
nyfed,US,rgdp_growth,2023Q3,2023-09-01,point,,2.09,saar_pct,0.5185,unspecified,2026-07-06T11:16:55+00:00,nyfed_staff_nowcast.xlsx
nyfed,US,rgdp_growth,2023Q3,2023-09-08,point,,2.25,saar_pct,0.5578,unspecified,2026-07-06T11:16:55+00:00,nyfed_staff_nowcast.xlsx
nyfed,US,rgdp_growth,2023Q3,2023-09-15,point,,2.27,saar_pct,0.5627,unspecified,2026-07-06T11:16:55+00:00,nyfed_staff_nowcast.xlsx
nyfed,US,rgdp_growth,2023Q3,2023-09-22,point,,2.12,saar_pct,0.5258,unspecified,2026-07-06T11:16:55+00:00,nyfed_staff_nowcast.xlsx
nyfed,US,rgdp_growth,2023Q3,2023-09-29,point,,2.08,saar_pct,0.516,unspecified,2026-07-06T11:16:55+00:00,nyfed_staff_nowcast.xlsx
nyfed,US,rgdp_growth,2023Q3,2023-10-06,point,,2.5,saar_pct,0.6192,unspecified,2026-07-06T11:16:55+00:00,nyfed_staff_nowcast.xlsx
nyfed,US,rgdp_growth,2023Q3,2023-10-13,point,,2.5,saar_pct,0.6192,unspecified,2026-07-06T11:16:55+00:00,nyfed_staff_nowcast.xlsx
nyfed,US,rgdp_growth,2023Q3,2023-10-20,point,,2.55,saar_pct,0.6315,unspecified,2026-07-06T11:16:55+00:00,nyfed_staff_nowcast.xlsx
nyfed,US,rgdp_growth,2023Q3,2023-10-27,point,,2.58,saar_pct,0.6389,unspecified,2026-07-06T11:16:55+00:00,nyfed_staff_nowcast.xlsx
nyfed,US,rgdp_growth,2023Q4,2023-09-01,point,,2.21,saar_pct,0.548,unspecified,2026-07-06T11:16:55+00:00,nyfed_staff_nowcast.xlsx
nyfed,US,rgdp_growth,2023Q4,2023-09-08,point,,2.29,saar_pct,0.5676,unspecified,2026-07-06T11:16:55+00:00,nyfed_staff_nowcast.xlsx
nyfed,US,rgdp_growth,2023Q4,2023-09-15,point,,2.35,saar_pct,0.5824,unspecified,2026-07-06T11:16:55+00:00,nyfed_staff_nowcast.xlsx
nyfed,US,rgdp_growth,2023Q4,2023-09-22,point,,1.98,saar_pct,0.4914,unspecified,2026-07-06T11:16:55+00:00,nyfed_staff_nowcast.xlsx
nyfed,US,rgdp_growth,2023Q4,2023-09-29,point,,1.98,saar_pct,0.4914,unspecified,2026-07-06T11:16:55+00:00,nyfed_staff_nowcast.xlsx
nyfed,US,rgdp_growth,2023Q4,2023-10-06,point,,2.404,saar_pct,0.5957,unspecified,2026-07-06T11:16:55+00:00,nyfed_staff_nowcast.xlsx
nyfed,US,rgdp_growth,2023Q4,2023-10-13,point,,2.34,saar_pct,0.5799,unspecified,2026-07-06T11:16:55+00:00,nyfed_staff_nowcast.xlsx
nyfed,US,rgdp_growth,2023Q4,2023-10-20,point,,2.27,saar_pct,0.5627,unspecified,2026-07-06T11:16:55+00:00,nyfed_staff_nowcast.xlsx
nyfed,US,rgdp_growth,2023Q4,2023-10-27,point,,2.79,saar_pct,0.6903,unspecified,2026-07-06T11:16:55+00:00,nyfed_staff_nowcast.xlsx
nyfed,US,rgdp_growth,2023Q4,2023-11-03,point,,2.41,saar_pct,0.5971,unspecified,2026-07-06T11:16:55+00:00,nyfed_staff_nowcast.xlsx
nyfed,US,rgdp_growth,2023Q4,2023-11-10,point,,2.51,saar_pct,0.6217,unspecified,2026-07-06T11:16:55+00:00,nyfed_staff_nowcast.xlsx
nyfed,US,rgdp_growth,2023Q4,2023-11-17,point,,2.45,saar_pct,0.607,unspecified,2026-07-06T11:16:55+00:00,nyfed_staff_nowcast.xlsx
nyfed,US,rgdp_growth,2023Q4,2023-11-24,point,,2.17,saar_pct,0.5381,unspecified,2026-07-06T11:16:55+00:00,nyfed_staff_nowcast.xlsx
nyfed,US,rgdp_growth,2023Q4,2023-12-01,point,,2.26,saar_pct,0.5603,unspecified,2026-07-06T11:16:55+00:00,nyfed_staff_nowcast.xlsx
nyfed,US,rgdp_growth,2023Q4,2023-12-08,point,,2.33,saar_pct,0.5775,unspecified,2026-07-06T11:16:55+00:00,nyfed_staff_nowcast.xlsx
nyfed,US,rgdp_growth,2023Q4,2023-12-15,point,,2.21,saar_pct,0.548,unspecified,2026-07-06T11:16:55+00:00,nyfed_staff_nowcast.xlsx
nyfed,US,rgdp_growth,2023Q4,2023-12-22,point,,2.4,saar_pct,0.5947,unspecified,2026-07-06T11:16:55+00:00,nyfed_staff_nowcast.xlsx
nyfed,US,rgdp_growth,2023Q4,2023-12-29,point,,2.39,saar_pct,0.5922,unspecified,2026-07-06T11:16:55+00:00,nyfed_staff_nowcast.xlsx
nyfed,US,rgdp_growth,2023Q4,2024-01-05,point,,2.54,saar_pct,0.629,unspecified,2026-07-06T11:16:55+00:00,nyfed_staff_nowcast.xlsx
nyfed,US,rgdp_growth,2023Q4,2024-01-12,point,,2.41,saar_pct,0.5971,unspecified,2026-07-06T11:16:55+00:00,nyfed_staff_nowcast.xlsx
nyfed,US,rgdp_growth,2023Q4,2024-01-19,point,,2.41,saar_pct,0.5971,unspecified,2026-07-06T11:16:55+00:00,nyfed_staff_nowcast.xlsx
nyfed,US,rgdp_growth,2023Q4,2024-01-26,point,,2.41,saar_pct,0.5971,unspecified,2026-07-06T11:16:55+00:00,nyfed_staff_nowcast.xlsx
nyfed,US,rgdp_growth,2024Q1,2023-12-01,point,,2.05,saar_pct,0.5086,unspecified,2026-07-06T11:16:55+00:00,nyfed_staff_nowcast.xlsx
nyfed,US,rgdp_growth,2024Q1,2023-12-08,point,,2.13,saar_pct,0.5283,unspecified,2026-07-06T11:16:55+00:00,nyfed_staff_nowcast.xlsx
nyfed,US,rgdp_growth,2024Q1,2023-12-15,point,,1.98,saar_pct,0.4914,unspecified,2026-07-06T11:16:55+00:00,nyfed_staff_nowcast.xlsx
nyfed,US,rgdp_growth,2024Q1,2023-12-22,point,,2.21,saar_pct,0.548,unspecified,2026-07-06T11:16:55+00:00,nyfed_staff_nowcast.xlsx
nyfed,US,rgdp_growth,2024Q1,2023-12-29,point,,2.21,saar_pct,0.548,unspecified,2026-07-06T11:16:55+00:00,nyfed_staff_nowcast.xlsx
nyfed,US,rgdp_growth,2024Q1,2024-01-05,point,,2.68,saar_pct,0.6634,unspecified,2026-07-06T11:16:55+00:00,nyfed_staff_nowcast.xlsx
nyfed,US,rgdp_growth,2024Q1,2024-01-12,point,,2.45,saar_pct,0.607,unspecified,2026-07-06T11:16:55+00:00,nyfed_staff_nowcast.xlsx
nyfed,US,rgdp_growth,2024Q1,2024-01-19,point,,2.42,saar_pct,0.5996,unspecified,2026-07-06T11:16:55+00:00,nyfed_staff_nowcast.xlsx
nyfed,US,rgdp_growth,2024Q1,2024-01-26,point,,2.8,saar_pct,0.6928,unspecified,2026-07-06T11:16:55+00:00,nyfed_staff_nowcast.xlsx
nyfed,US,rgdp_growth,2024Q1,2024-02-02,point,,3.31,saar_pct,0.8174,unspecified,2026-07-06T11:16:55+00:00,nyfed_staff_nowcast.xlsx
nyfed,US,rgdp_growth,2024Q1,2024-02-09,point,,3.33,saar_pct,0.8223,unspecified,2026-07-06T11:16:55+00:00,nyfed_staff_nowcast.xlsx
nyfed,US,rgdp_growth,2024Q1,2024-02-16,point,,2.8,saar_pct,0.6928,unspecified,2026-07-06T11:16:55+00:00,nyfed_staff_nowcast.xlsx
nyfed,US,rgdp_growth,2024Q1,2024-02-23,point,,2.8,saar_pct,0.6928,unspecified,2026-07-06T11:16:55+00:00,nyfed_staff_nowcast.xlsx
nyfed,US,rgdp_growth,2024Q1,2024-03-01,point,,2.12,saar_pct,0.5258,unspecified,2026-07-06T11:16:55+00:00,nyfed_staff_nowcast.xlsx
nyfed,US,rgdp_growth,2024Q1,2024-03-08,point,,2.14,saar_pct,0.5308,unspecified,2026-07-06T11:16:55+00:00,nyfed_staff_nowcast.xlsx
nyfed,US,rgdp_growth,2024Q1,2024-03-15,point,,1.78,saar_pct,0.4421,unspecified,2026-07-06T11:16:55+00:00,nyfed_staff_nowcast.xlsx
nyfed,US,rgdp_growth,2024Q1,2024-03-22,point,,1.9,saar_pct,0.4717,unspecified,2026-07-06T11:16:55+00:00,nyfed_staff_nowcast.xlsx
nyfed,US,rgdp_growth,2024Q1,2024-03-29,point,,1.87,saar_pct,0.4643,unspecified,2026-07-06T11:16:55+00:00,nyfed_staff_nowcast.xlsx
nyfed,US,rgdp_growth,2024Q1,2024-04-05,point,,2.25,saar_pct,0.5578,unspecified,2026-07-06T11:16:55+00:00,nyfed_staff_nowcast.xlsx
nyfed,US,rgdp_growth,2024Q1,2024-04-12,point,,2.23,saar_pct,0.5529,unspecified,2026-07-06T11:16:55+00:00,nyfed_staff_nowcast.xlsx
nyfed,US,rgdp_growth,2024Q1,2024-04-19,point,,2.228,saar_pct,0.5524,unspecified,2026-07-06T11:16:55+00:00,nyfed_staff_nowcast.xlsx
nyfed,US,rgdp_growth,2024Q1,2024-04-26,point,,2.251,saar_pct,0.5581,unspecified,2026-07-06T11:16:55+00:00,nyfed_staff_nowcast.xlsx
nyfed,US,rgdp_growth,2024Q2,2024-03-01,point,,2.52,saar_pct,0.6241,unspecified,2026-07-06T11:16:55+00:00,nyfed_staff_nowcast.xlsx
nyfed,US,rgdp_growth,2024Q2,2024-03-08,point,,2.53,saar_pct,0.6266,unspecified,2026-07-06T11:16:55+00:00,nyfed_staff_nowcast.xlsx
nyfed,US,rgdp_growth,2024Q2,2024-03-15,point,,2.09,saar_pct,0.5185,unspecified,2026-07-06T11:16:55+00:00,nyfed_staff_nowcast.xlsx
nyfed,US,rgdp_growth,2024Q2,2024-03-22,point,,2.19,saar_pct,0.5431,unspecified,2026-07-06T11:16:55+00:00,nyfed_staff_nowcast.xlsx
nyfed,US,rgdp_growth,2024Q2,2024-03-29,point,,2.21,saar_pct,0.548,unspecified,2026-07-06T11:16:55+00:00,nyfed_staff_nowcast.xlsx
nyfed,US,rgdp_growth,2024Q2,2024-04-05,point,,2.62,saar_pct,0.6487,unspecified,2026-07-06T11:16:55+00:00,nyfed_staff_nowcast.xlsx
nyfed,US,rgdp_growth,2024Q2,2024-04-12,point,,2.58,saar_pct,0.6389,unspecified,2026-07-06T11:16:55+00:00,nyfed_staff_nowcast.xlsx
nyfed,US,rgdp_growth,2024Q2,2024-04-19,point,,2.714,saar_pct,0.6717,unspecified,2026-07-06T11:16:55+00:00,nyfed_staff_nowcast.xlsx
nyfed,US,rgdp_growth,2024Q2,2024-04-26,point,,2.738,saar_pct,0.6776,unspecified,2026-07-06T11:16:55+00:00,nyfed_staff_nowcast.xlsx
nyfed,US,rgdp_growth,2024Q2,2024-05-03,point,,2.229,saar_pct,0.5527,unspecified,2026-07-06T11:16:55+00:00,nyfed_staff_nowcast.xlsx
nyfed,US,rgdp_growth,2024Q2,2024-05-10,point,,2.23,saar_pct,0.5529,unspecified,2026-07-06T11:16:55+00:00,nyfed_staff_nowcast.xlsx
nyfed,US,rgdp_growth,2024Q2,2024-05-17,point,,1.88,saar_pct,0.4667,unspecified,2026-07-06T11:16:55+00:00,nyfed_staff_nowcast.xlsx
nyfed,US,rgdp_growth,2024Q2,2024-05-24,point,,2.04,saar_pct,0.5061,unspecified,2026-07-06T11:16:55+00:00,nyfed_staff_nowcast.xlsx
nyfed,US,rgdp_growth,2024Q2,2024-05-31,point,,1.76,saar_pct,0.4371,unspecified,2026-07-06T11:16:55+00:00,nyfed_staff_nowcast.xlsx
nyfed,US,rgdp_growth,2024Q2,2024-06-07,point,,1.902,saar_pct,0.4721,unspecified,2026-07-06T11:16:55+00:00,nyfed_staff_nowcast.xlsx
nyfed,US,rgdp_growth,2024Q2,2024-06-14,point,,1.908,saar_pct,0.4736,unspecified,2026-07-06T11:16:55+00:00,nyfed_staff_nowcast.xlsx
nyfed,US,rgdp_growth,2024Q2,2024-06-21,point,,1.891,saar_pct,0.4694,unspecified,2026-07-06T11:16:55+00:00,nyfed_staff_nowcast.xlsx
nyfed,US,rgdp_growth,2024Q2,2024-06-28,point,,1.928,saar_pct,0.4786,unspecified,2026-07-06T11:16:55+00:00,nyfed_staff_nowcast.xlsx
nyfed,US,rgdp_growth,2024Q2,2024-07-05,point,,1.789,saar_pct,0.4443,unspecified,2026-07-06T11:16:55+00:00,nyfed_staff_nowcast.xlsx
nyfed,US,rgdp_growth,2024Q2,2024-07-12,point,,1.798,saar_pct,0.4465,unspecified,2026-07-06T11:16:55+00:00,nyfed_staff_nowcast.xlsx
nyfed,US,rgdp_growth,2024Q2,2024-07-19,point,,2.011,saar_pct,0.499,unspecified,2026-07-06T11:16:55+00:00,nyfed_staff_nowcast.xlsx
nyfed,US,rgdp_growth,2024Q2,2024-07-26,point,,2.015,saar_pct,0.5,unspecified,2026-07-06T11:16:55+00:00,nyfed_staff_nowcast.xlsx
nyfed,US,rgdp_growth,2024Q3,2024-05-31,point,,1.96,saar_pct,0.4864,unspecified,2026-07-06T11:16:55+00:00,nyfed_staff_nowcast.xlsx
nyfed,US,rgdp_growth,2024Q3,2024-06-07,point,,2.04,saar_pct,0.5061,unspecified,2026-07-06T11:16:55+00:00,nyfed_staff_nowcast.xlsx
nyfed,US,rgdp_growth,2024Q3,2024-06-14,point,,2.134,saar_pct,0.5293,unspecified,2026-07-06T11:16:55+00:00,nyfed_staff_nowcast.xlsx
nyfed,US,rgdp_growth,2024Q3,2024-06-21,point,,2.17,saar_pct,0.5381,unspecified,2026-07-06T11:16:55+00:00,nyfed_staff_nowcast.xlsx
nyfed,US,rgdp_growth,2024Q3,2024-06-28,point,,2.214,saar_pct,0.549,unspecified,2026-07-06T11:16:55+00:00,nyfed_staff_nowcast.xlsx
nyfed,US,rgdp_growth,2024Q3,2024-07-05,point,,2.106,saar_pct,0.5224,unspecified,2026-07-06T11:16:55+00:00,nyfed_staff_nowcast.xlsx
nyfed,US,rgdp_growth,2024Q3,2024-07-12,point,,2.167,saar_pct,0.5374,unspecified,2026-07-06T11:16:55+00:00,nyfed_staff_nowcast.xlsx
nyfed,US,rgdp_growth,2024Q3,2024-07-19,point,,2.664,saar_pct,0.6594,unspecified,2026-07-06T11:16:55+00:00,nyfed_staff_nowcast.xlsx
nyfed,US,rgdp_growth,2024Q3,2024-07-26,point,,2.701,saar_pct,0.6685,unspecified,2026-07-06T11:16:55+00:00,nyfed_staff_nowcast.xlsx
nyfed,US,rgdp_growth,2024Q3,2024-08-02,point,,2.113,saar_pct,0.5241,unspecified,2026-07-06T11:16:55+00:00,nyfed_staff_nowcast.xlsx
nyfed,US,rgdp_growth,2024Q3,2024-08-09,point,,2.238,saar_pct,0.5549,unspecified,2026-07-06T11:16:55+00:00,nyfed_staff_nowcast.xlsx
nyfed,US,rgdp_growth,2024Q3,2024-08-16,point,,1.84,saar_pct,0.4569,unspecified,2026-07-06T11:16:55+00:00,nyfed_staff_nowcast.xlsx
nyfed,US,rgdp_growth,2024Q3,2024-08-23,point,,1.941,saar_pct,0.4818,unspecified,2026-07-06T11:16:55+00:00,nyfed_staff_nowcast.xlsx
nyfed,US,rgdp_growth,2024Q3,2024-08-30,point,,2.488,saar_pct,0.6163,unspecified,2026-07-06T11:16:55+00:00,nyfed_staff_nowcast.xlsx
nyfed,US,rgdp_growth,2024Q3,2024-09-06,point,,2.611,saar_pct,0.6465,unspecified,2026-07-06T11:16:55+00:00,nyfed_staff_nowcast.xlsx
nyfed,US,rgdp_growth,2024Q3,2024-09-13,point,,2.567,saar_pct,0.6357,unspecified,2026-07-06T11:16:55+00:00,nyfed_staff_nowcast.xlsx
nyfed,US,rgdp_growth,2024Q3,2024-09-20,point,,3.004,saar_pct,0.7427,unspecified,2026-07-06T11:16:55+00:00,nyfed_staff_nowcast.xlsx
nyfed,US,rgdp_growth,2024Q3,2024-09-27,point,,2.991,saar_pct,0.7395,unspecified,2026-07-06T11:16:55+00:00,nyfed_staff_nowcast.xlsx
nyfed,US,rgdp_growth,2024Q3,2024-10-04,point,,3.064,saar_pct,0.7574,unspecified,2026-07-06T11:16:55+00:00,nyfed_staff_nowcast.xlsx
nyfed,US,rgdp_growth,2024Q3,2024-10-11,point,,3.099,saar_pct,0.7659,unspecified,2026-07-06T11:16:55+00:00,nyfed_staff_nowcast.xlsx
nyfed,US,rgdp_growth,2024Q3,2024-10-18,point,,2.998,saar_pct,0.7412,unspecified,2026-07-06T11:16:55+00:00,nyfed_staff_nowcast.xlsx
nyfed,US,rgdp_growth,2024Q3,2024-10-25,point,,2.912,saar_pct,0.7202,unspecified,2026-07-06T11:16:55+00:00,nyfed_staff_nowcast.xlsx
nyfed,US,rgdp_growth,2024Q3,2024-11-01,point,,2.88,saar_pct,0.7124,unspecified,2026-07-06T11:16:55+00:00,nyfed_staff_nowcast.xlsx
nyfed,US,rgdp_growth,2024Q4,2024-08-30,point,,2.116,saar_pct,0.5249,unspecified,2026-07-06T11:16:55+00:00,nyfed_staff_nowcast.xlsx
nyfed,US,rgdp_growth,2024Q4,2024-09-06,point,,2.213,saar_pct,0.5487,unspecified,2026-07-06T11:16:55+00:00,nyfed_staff_nowcast.xlsx
nyfed,US,rgdp_growth,2024Q4,2024-09-13,point,,2.175,saar_pct,0.5394,unspecified,2026-07-06T11:16:55+00:00,nyfed_staff_nowcast.xlsx
nyfed,US,rgdp_growth,2024Q4,2024-09-20,point,,2.74,saar_pct,0.6781,unspecified,2026-07-06T11:16:55+00:00,nyfed_staff_nowcast.xlsx
nyfed,US,rgdp_growth,2024Q4,2024-09-27,point,,2.797,saar_pct,0.692,unspecified,2026-07-06T11:16:55+00:00,nyfed_staff_nowcast.xlsx
nyfed,US,rgdp_growth,2024Q4,2024-10-04,point,,2.763,saar_pct,0.6837,unspecified,2026-07-06T11:16:55+00:00,nyfed_staff_nowcast.xlsx
nyfed,US,rgdp_growth,2024Q4,2024-10-11,point,,2.753,saar_pct,0.6813,unspecified,2026-07-06T11:16:55+00:00,nyfed_staff_nowcast.xlsx
nyfed,US,rgdp_growth,2024Q4,2024-10-18,point,,2.607,saar_pct,0.6455,unspecified,2026-07-06T11:16:55+00:00,nyfed_staff_nowcast.xlsx
nyfed,US,rgdp_growth,2024Q4,2024-10-25,point,,2.465,saar_pct,0.6106,unspecified,2026-07-06T11:16:55+00:00,nyfed_staff_nowcast.xlsx
nyfed,US,rgdp_growth,2024Q4,2024-11-01,point,,2.007,saar_pct,0.498,unspecified,2026-07-06T11:16:55+00:00,nyfed_staff_nowcast.xlsx
nyfed,US,rgdp_growth,2024Q4,2024-11-08,point,,2.059,saar_pct,0.5108,unspecified,2026-07-06T11:16:55+00:00,nyfed_staff_nowcast.xlsx
nyfed,US,rgdp_growth,2024Q4,2024-11-15,point,,2.064,saar_pct,0.5121,unspecified,2026-07-06T11:16:55+00:00,nyfed_staff_nowcast.xlsx
nyfed,US,rgdp_growth,2024Q4,2024-11-22,point,,1.909,saar_pct,0.4739,unspecified,2026-07-06T11:16:55+00:00,nyfed_staff_nowcast.xlsx
nyfed,US,rgdp_growth,2024Q4,2024-11-29,point,,1.805,saar_pct,0.4482,unspecified,2026-07-06T11:16:55+00:00,nyfed_staff_nowcast.xlsx
nyfed,US,rgdp_growth,2024Q4,2024-12-06,point,,1.887,saar_pct,0.4684,unspecified,2026-07-06T11:16:55+00:00,nyfed_staff_nowcast.xlsx
nyfed,US,rgdp_growth,2024Q4,2024-12-13,point,,1.853,saar_pct,0.4601,unspecified,2026-07-06T11:16:55+00:00,nyfed_staff_nowcast.xlsx
nyfed,US,rgdp_growth,2024Q4,2024-12-20,point,,1.899,saar_pct,0.4714,unspecified,2026-07-06T11:16:55+00:00,nyfed_staff_nowcast.xlsx
nyfed,US,rgdp_growth,2024Q4,2024-12-27,point,,1.859,saar_pct,0.4615,unspecified,2026-07-06T11:16:55+00:00,nyfed_staff_nowcast.xlsx
nyfed,US,rgdp_growth,2024Q4,2025-01-03,point,,1.896,saar_pct,0.4707,unspecified,2026-07-06T11:16:55+00:00,nyfed_staff_nowcast.xlsx
nyfed,US,rgdp_growth,2024Q4,2025-01-10,point,,2.356,saar_pct,0.5839,unspecified,2026-07-06T11:16:55+00:00,nyfed_staff_nowcast.xlsx
nyfed,US,rgdp_growth,2024Q4,2025-01-17,point,,2.563,saar_pct,0.6347,unspecified,2026-07-06T11:16:55+00:00,nyfed_staff_nowcast.xlsx
nyfed,US,rgdp_growth,2024Q4,2025-01-24,point,,2.563,saar_pct,0.6347,unspecified,2026-07-06T11:16:55+00:00,nyfed_staff_nowcast.xlsx
nyfed,US,rgdp_growth,2024Q4,2025-01-31,point,,2.511,saar_pct,0.6219,unspecified,2026-07-06T11:16:55+00:00,nyfed_staff_nowcast.xlsx
nyfed,US,rgdp_growth,2025Q1,2024-12-06,point,,2.377,saar_pct,0.589,unspecified,2026-07-06T11:16:55+00:00,nyfed_staff_nowcast.xlsx
nyfed,US,rgdp_growth,2025Q1,2024-12-13,point,,2.291,saar_pct,0.5679,unspecified,2026-07-06T11:16:55+00:00,nyfed_staff_nowcast.xlsx
nyfed,US,rgdp_growth,2025Q1,2024-12-20,point,,2.127,saar_pct,0.5276,unspecified,2026-07-06T11:16:55+00:00,nyfed_staff_nowcast.xlsx
nyfed,US,rgdp_growth,2025Q1,2024-12-27,point,,2.082,saar_pct,0.5165,unspecified,2026-07-06T11:16:55+00:00,nyfed_staff_nowcast.xlsx
nyfed,US,rgdp_growth,2025Q1,2025-01-03,point,,2.208,saar_pct,0.5475,unspecified,2026-07-06T11:16:55+00:00,nyfed_staff_nowcast.xlsx
nyfed,US,rgdp_growth,2025Q1,2025-01-10,point,,2.738,saar_pct,0.6776,unspecified,2026-07-06T11:16:55+00:00,nyfed_staff_nowcast.xlsx
nyfed,US,rgdp_growth,2025Q1,2025-01-17,point,,2.9995,saar_pct,0.7416,unspecified,2026-07-06T11:16:55+00:00,nyfed_staff_nowcast.xlsx
nyfed,US,rgdp_growth,2025Q1,2025-01-24,point,,2.9995,saar_pct,0.7416,unspecified,2026-07-06T11:16:55+00:00,nyfed_staff_nowcast.xlsx
nyfed,US,rgdp_growth,2025Q1,2025-01-31,point,,2.915,saar_pct,0.7209,unspecified,2026-07-06T11:16:55+00:00,nyfed_staff_nowcast.xlsx
nyfed,US,rgdp_growth,2025Q1,2025-02-07,point,,3.12,saar_pct,0.771,unspecified,2026-07-06T11:16:55+00:00,nyfed_staff_nowcast.xlsx
nyfed,US,rgdp_growth,2025Q1,2025-02-14,point,,3.015,saar_pct,0.7454,unspecified,2026-07-06T11:16:55+00:00,nyfed_staff_nowcast.xlsx
nyfed,US,rgdp_growth,2025Q1,2025-02-21,point,,2.946,saar_pct,0.7285,unspecified,2026-07-06T11:16:55+00:00,nyfed_staff_nowcast.xlsx
nyfed,US,rgdp_growth,2025Q1,2025-02-28,point,,2.935,saar_pct,0.7258,unspecified,2026-07-06T11:16:55+00:00,nyfed_staff_nowcast.xlsx
nyfed,US,rgdp_growth,2025Q1,2025-03-07,point,,2.672,saar_pct,0.6614,unspecified,2026-07-06T11:16:55+00:00,nyfed_staff_nowcast.xlsx
nyfed,US,rgdp_growth,2025Q1,2025-03-14,point,,2.693,saar_pct,0.6666,unspecified,2026-07-06T11:16:55+00:00,nyfed_staff_nowcast.xlsx
nyfed,US,rgdp_growth,2025Q1,2025-03-21,point,,2.723,saar_pct,0.6739,unspecified,2026-07-06T11:16:55+00:00,nyfed_staff_nowcast.xlsx
nyfed,US,rgdp_growth,2025Q1,2025-03-28,point,,2.862,saar_pct,0.7079,unspecified,2026-07-06T11:16:55+00:00,nyfed_staff_nowcast.xlsx
nyfed,US,rgdp_growth,2025Q1,2025-04-04,point,,2.604,saar_pct,0.6447,unspecified,2026-07-06T11:16:55+00:00,nyfed_staff_nowcast.xlsx
nyfed,US,rgdp_growth,2025Q1,2025-04-11,point,,2.591,saar_pct,0.6415,unspecified,2026-07-06T11:16:55+00:00,nyfed_staff_nowcast.xlsx
nyfed,US,rgdp_growth,2025Q1,2025-04-18,point,,2.578,saar_pct,0.6384,unspecified,2026-07-06T11:16:55+00:00,nyfed_staff_nowcast.xlsx
nyfed,US,rgdp_growth,2025Q1,2025-04-25,point,,2.631,saar_pct,0.6514,unspecified,2026-07-06T11:16:55+00:00,nyfed_staff_nowcast.xlsx
nyfed,US,rgdp_growth,2025Q1,2025-05-02,point,,2.585,saar_pct,0.6401,unspecified,2026-07-06T11:16:55+00:00,nyfed_staff_nowcast.xlsx
nyfed,US,rgdp_growth,2025Q2,2025-02-28,point,,2.849,saar_pct,0.7048,unspecified,2026-07-06T11:16:55+00:00,nyfed_staff_nowcast.xlsx
nyfed,US,rgdp_growth,2025Q2,2025-03-07,point,,2.575,saar_pct,0.6376,unspecified,2026-07-06T11:16:55+00:00,nyfed_staff_nowcast.xlsx
nyfed,US,rgdp_growth,2025Q2,2025-03-14,point,,2.658,saar_pct,0.658,unspecified,2026-07-06T11:16:55+00:00,nyfed_staff_nowcast.xlsx
nyfed,US,rgdp_growth,2025Q2,2025-03-21,point,,2.641,saar_pct,0.6538,unspecified,2026-07-06T11:16:55+00:00,nyfed_staff_nowcast.xlsx
nyfed,US,rgdp_growth,2025Q2,2025-03-28,point,,2.629,saar_pct,0.6509,unspecified,2026-07-06T11:16:55+00:00,nyfed_staff_nowcast.xlsx
nyfed,US,rgdp_growth,2025Q2,2025-04-04,point,,2.438,saar_pct,0.604,unspecified,2026-07-06T11:16:55+00:00,nyfed_staff_nowcast.xlsx
nyfed,US,rgdp_growth,2025Q2,2025-04-11,point,,2.618,saar_pct,0.6482,unspecified,2026-07-06T11:16:55+00:00,nyfed_staff_nowcast.xlsx
nyfed,US,rgdp_growth,2025Q2,2025-04-18,point,,2.605,saar_pct,0.645,unspecified,2026-07-06T11:16:55+00:00,nyfed_staff_nowcast.xlsx
nyfed,US,rgdp_growth,2025Q2,2025-04-25,point,,2.715,saar_pct,0.6719,unspecified,2026-07-06T11:16:55+00:00,nyfed_staff_nowcast.xlsx
nyfed,US,rgdp_growth,2025Q2,2025-05-02,point,,2.335,saar_pct,0.5787,unspecified,2026-07-06T11:16:55+00:00,nyfed_staff_nowcast.xlsx
nyfed,US,rgdp_growth,2025Q2,2025-05-09,point,,2.425,saar_pct,0.6008,unspecified,2026-07-06T11:16:55+00:00,nyfed_staff_nowcast.xlsx
nyfed,US,rgdp_growth,2025Q2,2025-05-16,point,,2.346,saar_pct,0.5814,unspecified,2026-07-06T11:16:55+00:00,nyfed_staff_nowcast.xlsx
nyfed,US,rgdp_growth,2025Q2,2025-05-23,point,,2.429,saar_pct,0.6018,unspecified,2026-07-06T11:16:55+00:00,nyfed_staff_nowcast.xlsx
nyfed,US,rgdp_growth,2025Q2,2025-05-30,point,,2.417,saar_pct,0.5988,unspecified,2026-07-06T11:16:55+00:00,nyfed_staff_nowcast.xlsx
nyfed,US,rgdp_growth,2025Q2,2025-06-06,point,,2.329,saar_pct,0.5772,unspecified,2026-07-06T11:16:55+00:00,nyfed_staff_nowcast.xlsx
nyfed,US,rgdp_growth,2025Q2,2025-06-13,point,,2.339,saar_pct,0.5797,unspecified,2026-07-06T11:16:55+00:00,nyfed_staff_nowcast.xlsx
nyfed,US,rgdp_growth,2025Q2,2025-06-20,point,,1.913,saar_pct,0.4749,unspecified,2026-07-06T11:16:55+00:00,nyfed_staff_nowcast.xlsx
nyfed,US,rgdp_growth,2025Q2,2025-06-27,point,,1.715,saar_pct,0.426,unspecified,2026-07-06T11:16:55+00:00,nyfed_staff_nowcast.xlsx
nyfed,US,rgdp_growth,2025Q2,2025-07-04,point,,1.557,saar_pct,0.387,unspecified,2026-07-06T11:16:55+00:00,nyfed_staff_nowcast.xlsx
nyfed,US,rgdp_growth,2025Q2,2025-07-11,point,,1.56,saar_pct,0.3877,unspecified,2026-07-06T11:16:55+00:00,nyfed_staff_nowcast.xlsx
nyfed,US,rgdp_growth,2025Q2,2025-07-18,point,,1.71,saar_pct,0.4248,unspecified,2026-07-06T11:16:55+00:00,nyfed_staff_nowcast.xlsx
nyfed,US,rgdp_growth,2025Q2,2025-07-25,point,,1.68,saar_pct,0.4174,unspecified,2026-07-06T11:16:55+00:00,nyfed_staff_nowcast.xlsx
nyfed,US,rgdp_growth,2025Q2,2025-08-01,point,,1.66,saar_pct,0.4124,unspecified,2026-07-06T11:16:55+00:00,nyfed_staff_nowcast.xlsx
nyfed,US,rgdp_growth,2025Q3,2025-05-30,point,,2.538,saar_pct,0.6285,unspecified,2026-07-06T11:16:55+00:00,nyfed_staff_nowcast.xlsx
nyfed,US,rgdp_growth,2025Q3,2025-06-06,point,,2.398,saar_pct,0.5942,unspecified,2026-07-06T11:16:55+00:00,nyfed_staff_nowcast.xlsx
nyfed,US,rgdp_growth,2025Q3,2025-06-13,point,,2.504,saar_pct,0.6202,unspecified,2026-07-06T11:16:55+00:00,nyfed_staff_nowcast.xlsx
nyfed,US,rgdp_growth,2025Q3,2025-06-20,point,,2.061,saar_pct,0.5113,unspecified,2026-07-06T11:16:55+00:00,nyfed_staff_nowcast.xlsx
nyfed,US,rgdp_growth,2025Q3,2025-06-27,point,,1.917,saar_pct,0.4758,unspecified,2026-07-06T11:16:55+00:00,nyfed_staff_nowcast.xlsx
nyfed,US,rgdp_growth,2025Q3,2025-07-04,point,,1.781,saar_pct,0.4423,unspecified,2026-07-06T11:16:55+00:00,nyfed_staff_nowcast.xlsx
nyfed,US,rgdp_growth,2025Q3,2025-07-11,point,,1.78,saar_pct,0.4421,unspecified,2026-07-06T11:16:55+00:00,nyfed_staff_nowcast.xlsx
nyfed,US,rgdp_growth,2025Q3,2025-07-18,point,,2.44,saar_pct,0.6045,unspecified,2026-07-06T11:16:55+00:00,nyfed_staff_nowcast.xlsx
nyfed,US,rgdp_growth,2025Q3,2025-07-25,point,,2.37,saar_pct,0.5873,unspecified,2026-07-06T11:16:55+00:00,nyfed_staff_nowcast.xlsx
nyfed,US,rgdp_growth,2025Q3,2025-08-01,point,,2.12,saar_pct,0.5258,unspecified,2026-07-06T11:16:55+00:00,nyfed_staff_nowcast.xlsx
nyfed,US,rgdp_growth,2025Q3,2025-08-08,point,,2.02,saar_pct,0.5012,unspecified,2026-07-06T11:16:55+00:00,nyfed_staff_nowcast.xlsx
nyfed,US,rgdp_growth,2025Q3,2025-08-15,point,,2.06,saar_pct,0.5111,unspecified,2026-07-06T11:16:55+00:00,nyfed_staff_nowcast.xlsx
nyfed,US,rgdp_growth,2025Q3,2025-08-22,point,,2.01,saar_pct,0.4988,unspecified,2026-07-06T11:16:55+00:00,nyfed_staff_nowcast.xlsx
nyfed,US,rgdp_growth,2025Q3,2025-08-29,point,,2.22,saar_pct,0.5504,unspecified,2026-07-06T11:16:55+00:00,nyfed_staff_nowcast.xlsx
nyfed,US,rgdp_growth,2025Q3,2025-09-05,point,,2.1,saar_pct,0.5209,unspecified,2026-07-06T11:16:55+00:00,nyfed_staff_nowcast.xlsx
nyfed,US,rgdp_growth,2025Q3,2025-09-12,point,,2.08,saar_pct,0.516,unspecified,2026-07-06T11:16:55+00:00,nyfed_staff_nowcast.xlsx
nyfed,US,rgdp_growth,2025Q3,2025-09-19,point,,2.1,saar_pct,0.5209,unspecified,2026-07-06T11:16:55+00:00,nyfed_staff_nowcast.xlsx
nyfed,US,rgdp_growth,2025Q3,2025-09-26,point,,2.55,saar_pct,0.6315,unspecified,2026-07-06T11:16:55+00:00,nyfed_staff_nowcast.xlsx
nyfed,US,rgdp_growth,2025Q3,2025-10-03,point,,2.35,saar_pct,0.5824,unspecified,2026-07-06T11:16:55+00:00,nyfed_staff_nowcast.xlsx
nyfed,US,rgdp_growth,2025Q3,2025-10-10,point,,2.34,saar_pct,0.5799,unspecified,2026-07-06T11:16:55+00:00,nyfed_staff_nowcast.xlsx
nyfed,US,rgdp_growth,2025Q3,2025-10-17,point,,2.34,saar_pct,0.5799,unspecified,2026-07-06T11:16:55+00:00,nyfed_staff_nowcast.xlsx
nyfed,US,rgdp_growth,2025Q3,2025-10-24,point,,2.35,saar_pct,0.5824,unspecified,2026-07-06T11:16:55+00:00,nyfed_staff_nowcast.xlsx
nyfed,US,rgdp_growth,2025Q3,2025-10-31,point,,2.35,saar_pct,0.5824,unspecified,2026-07-06T11:16:55+00:00,nyfed_staff_nowcast.xlsx
nyfed,US,rgdp_growth,2025Q3,2025-11-07,point,,2.31,saar_pct,0.5726,unspecified,2026-07-06T11:16:55+00:00,nyfed_staff_nowcast.xlsx
nyfed,US,rgdp_growth,2025Q3,2025-11-14,point,,2.31,saar_pct,0.5726,unspecified,2026-07-06T11:16:55+00:00,nyfed_staff_nowcast.xlsx
nyfed,US,rgdp_growth,2025Q3,2025-11-21,point,,2.31,saar_pct,0.5726,unspecified,2026-07-06T11:16:55+00:00,nyfed_staff_nowcast.xlsx
nyfed,US,rgdp_growth,2025Q3,2025-11-28,point,,2.31,saar_pct,0.5726,unspecified,2026-07-06T11:16:55+00:00,nyfed_staff_nowcast.xlsx
nyfed,US,rgdp_growth,2025Q4,2025-08-29,point,,2.37,saar_pct,0.5873,unspecified,2026-07-06T11:16:55+00:00,nyfed_staff_nowcast.xlsx
nyfed,US,rgdp_growth,2025Q4,2025-09-05,point,,2.28,saar_pct,0.5652,unspecified,2026-07-06T11:16:55+00:00,nyfed_staff_nowcast.xlsx
nyfed,US,rgdp_growth,2025Q4,2025-09-12,point,,2.16,saar_pct,0.5357,unspecified,2026-07-06T11:16:55+00:00,nyfed_staff_nowcast.xlsx
nyfed,US,rgdp_growth,2025Q4,2025-09-19,point,,2.18,saar_pct,0.5406,unspecified,2026-07-06T11:16:55+00:00,nyfed_staff_nowcast.xlsx
nyfed,US,rgdp_growth,2025Q4,2025-09-26,point,,2.46,saar_pct,0.6094,unspecified,2026-07-06T11:16:55+00:00,nyfed_staff_nowcast.xlsx
nyfed,US,rgdp_growth,2025Q4,2025-10-03,point,,2.25,saar_pct,0.5578,unspecified,2026-07-06T11:16:55+00:00,nyfed_staff_nowcast.xlsx
nyfed,US,rgdp_growth,2025Q4,2025-10-10,point,,2.23,saar_pct,0.5529,unspecified,2026-07-06T11:16:55+00:00,nyfed_staff_nowcast.xlsx
nyfed,US,rgdp_growth,2025Q4,2025-10-17,point,,2.25,saar_pct,0.5578,unspecified,2026-07-06T11:16:55+00:00,nyfed_staff_nowcast.xlsx
nyfed,US,rgdp_growth,2025Q4,2025-10-24,point,,2.26,saar_pct,0.5603,unspecified,2026-07-06T11:16:55+00:00,nyfed_staff_nowcast.xlsx
nyfed,US,rgdp_growth,2025Q4,2025-10-31,point,,2.26,saar_pct,0.5603,unspecified,2026-07-06T11:16:55+00:00,nyfed_staff_nowcast.xlsx
nyfed,US,rgdp_growth,2025Q4,2025-11-07,point,,2.1,saar_pct,0.5209,unspecified,2026-07-06T11:16:55+00:00,nyfed_staff_nowcast.xlsx
nyfed,US,rgdp_growth,2025Q4,2025-11-14,point,,2.1,saar_pct,0.5209,unspecified,2026-07-06T11:16:55+00:00,nyfed_staff_nowcast.xlsx
nyfed,US,rgdp_growth,2025Q4,2025-11-21,point,,2.31,saar_pct,0.5726,unspecified,2026-07-06T11:16:55+00:00,nyfed_staff_nowcast.xlsx
nyfed,US,rgdp_growth,2025Q4,2025-11-28,point,,2.33,saar_pct,0.5775,unspecified,2026-07-06T11:16:55+00:00,nyfed_staff_nowcast.xlsx
nyfed,US,rgdp_growth,2025Q4,2025-12-05,point,,1.73,saar_pct,0.4297,unspecified,2026-07-06T11:16:55+00:00,nyfed_staff_nowcast.xlsx
nyfed,US,rgdp_growth,2025Q4,2025-12-12,point,,1.81,saar_pct,0.4495,unspecified,2026-07-06T11:16:55+00:00,nyfed_staff_nowcast.xlsx
nyfed,US,rgdp_growth,2025Q4,2025-12-19,point,,1.71,saar_pct,0.4248,unspecified,2026-07-06T11:16:55+00:00,nyfed_staff_nowcast.xlsx
nyfed,US,rgdp_growth,2025Q4,2025-12-26,point,,2.07,saar_pct,0.5135,unspecified,2026-07-06T11:16:55+00:00,nyfed_staff_nowcast.xlsx
nyfed,US,rgdp_growth,2025Q4,2026-01-02,point,,2.07,saar_pct,0.5135,unspecified,2026-07-06T11:16:55+00:00,nyfed_staff_nowcast.xlsx
nyfed,US,rgdp_growth,2025Q4,2026-01-09,point,,2.62,saar_pct,0.6487,unspecified,2026-07-06T11:16:55+00:00,nyfed_staff_nowcast.xlsx
nyfed,US,rgdp_growth,2025Q4,2026-01-16,point,,2.71,saar_pct,0.6707,unspecified,2026-07-06T11:16:55+00:00,nyfed_staff_nowcast.xlsx
nyfed,US,rgdp_growth,2025Q4,2026-01-23,point,,2.74,saar_pct,0.6781,unspecified,2026-07-06T11:16:55+00:00,nyfed_staff_nowcast.xlsx
nyfed,US,rgdp_growth,2025Q4,2026-01-30,point,,2.74,saar_pct,0.6781,unspecified,2026-07-06T11:16:55+00:00,nyfed_staff_nowcast.xlsx
nyfed,US,rgdp_growth,2025Q4,2026-02-06,point,,2.69,saar_pct,0.6658,unspecified,2026-07-06T11:16:55+00:00,nyfed_staff_nowcast.xlsx
nyfed,US,rgdp_growth,2025Q4,2026-02-13,point,,2.71,saar_pct,0.6707,unspecified,2026-07-06T11:16:55+00:00,nyfed_staff_nowcast.xlsx
nyfed,US,rgdp_growth,2025Q4,2026-02-20,point,,2.73,saar_pct,0.6756,unspecified,2026-07-06T11:16:55+00:00,nyfed_staff_nowcast.xlsx
nyfed,US,rgdp_growth,2026Q1,2025-11-28,point,,2.66,saar_pct,0.6585,unspecified,2026-07-06T11:16:55+00:00,nyfed_staff_nowcast.xlsx
nyfed,US,rgdp_growth,2026Q1,2025-12-05,point,,2.22,saar_pct,0.5504,unspecified,2026-07-06T11:16:55+00:00,nyfed_staff_nowcast.xlsx
nyfed,US,rgdp_growth,2026Q1,2025-12-12,point,,2.24,saar_pct,0.5554,unspecified,2026-07-06T11:16:55+00:00,nyfed_staff_nowcast.xlsx
nyfed,US,rgdp_growth,2026Q1,2025-12-19,point,,2.11,saar_pct,0.5234,unspecified,2026-07-06T11:16:55+00:00,nyfed_staff_nowcast.xlsx
nyfed,US,rgdp_growth,2026Q1,2025-12-26,point,,2.17,saar_pct,0.5381,unspecified,2026-07-06T11:16:55+00:00,nyfed_staff_nowcast.xlsx
nyfed,US,rgdp_growth,2026Q1,2026-01-02,point,,2.17,saar_pct,0.5381,unspecified,2026-07-06T11:16:55+00:00,nyfed_staff_nowcast.xlsx
nyfed,US,rgdp_growth,2026Q1,2026-01-09,point,,2.61,saar_pct,0.6462,unspecified,2026-07-06T11:16:55+00:00,nyfed_staff_nowcast.xlsx
nyfed,US,rgdp_growth,2026Q1,2026-01-16,point,,2.75,saar_pct,0.6805,unspecified,2026-07-06T11:16:55+00:00,nyfed_staff_nowcast.xlsx
nyfed,US,rgdp_growth,2026Q1,2026-01-23,point,,2.73,saar_pct,0.6756,unspecified,2026-07-06T11:16:55+00:00,nyfed_staff_nowcast.xlsx
nyfed,US,rgdp_growth,2026Q1,2026-01-30,point,,2.73,saar_pct,0.6756,unspecified,2026-07-06T11:16:55+00:00,nyfed_staff_nowcast.xlsx
nyfed,US,rgdp_growth,2026Q1,2026-02-06,point,,2.59,saar_pct,0.6413,unspecified,2026-07-06T11:16:55+00:00,nyfed_staff_nowcast.xlsx
nyfed,US,rgdp_growth,2026Q1,2026-02-13,point,,2.63,saar_pct,0.6511,unspecified,2026-07-06T11:16:55+00:00,nyfed_staff_nowcast.xlsx
nyfed,US,rgdp_growth,2026Q1,2026-02-20,point,,2.37,saar_pct,0.5873,unspecified,2026-07-06T11:16:55+00:00,nyfed_staff_nowcast.xlsx
nyfed,US,rgdp_growth,2026Q1,2026-02-27,point,,2.38,saar_pct,0.5898,unspecified,2026-07-06T11:16:55+00:00,nyfed_staff_nowcast.xlsx
nyfed,US,rgdp_growth,2026Q1,2026-03-06,point,,2.23,saar_pct,0.5529,unspecified,2026-07-06T11:16:55+00:00,nyfed_staff_nowcast.xlsx
nyfed,US,rgdp_growth,2026Q1,2026-03-13,point,,2.09,saar_pct,0.5185,unspecified,2026-07-06T11:16:55+00:00,nyfed_staff_nowcast.xlsx
nyfed,US,rgdp_growth,2026Q1,2026-03-20,point,,2.07,saar_pct,0.5135,unspecified,2026-07-06T11:16:55+00:00,nyfed_staff_nowcast.xlsx
nyfed,US,rgdp_growth,2026Q1,2026-03-27,point,,2.09,saar_pct,0.5185,unspecified,2026-07-06T11:16:55+00:00,nyfed_staff_nowcast.xlsx
nyfed,US,rgdp_growth,2026Q1,2026-04-03,point,,2.41,saar_pct,0.5971,unspecified,2026-07-06T11:16:55+00:00,nyfed_staff_nowcast.xlsx
nyfed,US,rgdp_growth,2026Q1,2026-04-10,point,,2.31,saar_pct,0.5726,unspecified,2026-07-06T11:16:55+00:00,nyfed_staff_nowcast.xlsx
nyfed,US,rgdp_growth,2026Q1,2026-04-17,point,,2.31,saar_pct,0.5726,unspecified,2026-07-06T11:16:55+00:00,nyfed_staff_nowcast.xlsx
nyfed,US,rgdp_growth,2026Q1,2026-04-24,point,,2.36,saar_pct,0.5848,unspecified,2026-07-06T11:16:55+00:00,nyfed_staff_nowcast.xlsx
nyfed,US,rgdp_growth,2026Q1,2026-05-01,point,,2.35,saar_pct,0.5824,unspecified,2026-07-06T11:16:55+00:00,nyfed_staff_nowcast.xlsx
nyfed,US,rgdp_growth,2026Q2,2026-03-13,point,,2.68,saar_pct,0.6634,unspecified,2026-07-06T11:16:55+00:00,nyfed_staff_nowcast.xlsx
nyfed,US,rgdp_growth,2026Q2,2026-03-20,point,,2.67,saar_pct,0.6609,unspecified,2026-07-06T11:16:55+00:00,nyfed_staff_nowcast.xlsx
nyfed,US,rgdp_growth,2026Q2,2026-03-27,point,,2.68,saar_pct,0.6634,unspecified,2026-07-06T11:16:55+00:00,nyfed_staff_nowcast.xlsx
nyfed,US,rgdp_growth,2026Q2,2026-04-03,point,,2.82,saar_pct,0.6977,unspecified,2026-07-06T11:16:55+00:00,nyfed_staff_nowcast.xlsx
nyfed,US,rgdp_growth,2026Q2,2026-04-10,point,,2.6,saar_pct,0.6438,unspecified,2026-07-06T11:16:55+00:00,nyfed_staff_nowcast.xlsx
nyfed,US,rgdp_growth,2026Q2,2026-04-17,point,,2.75,saar_pct,0.6805,unspecified,2026-07-06T11:16:55+00:00,nyfed_staff_nowcast.xlsx
nyfed,US,rgdp_growth,2026Q2,2026-04-24,point,,2.81,saar_pct,0.6952,unspecified,2026-07-06T11:16:55+00:00,nyfed_staff_nowcast.xlsx
nyfed,US,rgdp_growth,2026Q2,2026-05-01,point,,2.52,saar_pct,0.6241,unspecified,2026-07-06T11:16:55+00:00,nyfed_staff_nowcast.xlsx
nyfed,US,rgdp_growth,2026Q2,2026-05-08,point,,2.59,saar_pct,0.6413,unspecified,2026-07-06T11:16:55+00:00,nyfed_staff_nowcast.xlsx
nyfed,US,rgdp_growth,2026Q2,2026-05-15,point,,2.61,saar_pct,0.6462,unspecified,2026-07-06T11:16:55+00:00,nyfed_staff_nowcast.xlsx
nyfed,US,rgdp_growth,2026Q2,2026-05-22,point,,2.61,saar_pct,0.6462,unspecified,2026-07-06T11:16:55+00:00,nyfed_staff_nowcast.xlsx
nyfed,US,rgdp_growth,2026Q2,2026-05-29,point,,2.5,saar_pct,0.6192,unspecified,2026-07-06T11:16:55+00:00,nyfed_staff_nowcast.xlsx
nyfed,US,rgdp_growth,2026Q2,2026-06-05,point,,2.67,saar_pct,0.6609,unspecified,2026-07-06T11:16:55+00:00,nyfed_staff_nowcast.xlsx
nyfed,US,rgdp_growth,2026Q2,2026-06-12,point,,2.7,saar_pct,0.6683,unspecified,2026-07-06T11:16:55+00:00,nyfed_staff_nowcast.xlsx
nyfed,US,rgdp_growth,2026Q2,2026-06-19,point,,2.68,saar_pct,0.6634,unspecified,2026-07-06T11:16:55+00:00,nyfed_staff_nowcast.xlsx
nyfed,US,rgdp_growth,2026Q2,2026-06-26,point,,2.7,saar_pct,0.6683,unspecified,2026-07-06T11:16:55+00:00,nyfed_staff_nowcast.xlsx
nyfed,US,rgdp_growth,2026Q2,2026-07-03,point,,2.74,saar_pct,0.6781,unspecified,2026-07-06T11:16:55+00:00,nyfed_staff_nowcast.xlsx
nyfed,US,rgdp_growth,2026Q3,2026-05-29,point,,2.36,saar_pct,0.5848,unspecified,2026-07-06T11:16:55+00:00,nyfed_staff_nowcast.xlsx
nyfed,US,rgdp_growth,2026Q3,2026-06-05,point,,2.47,saar_pct,0.6119,unspecified,2026-07-06T11:16:55+00:00,nyfed_staff_nowcast.xlsx
nyfed,US,rgdp_growth,2026Q3,2026-06-12,point,,2.46,saar_pct,0.6094,unspecified,2026-07-06T11:16:55+00:00,nyfed_staff_nowcast.xlsx
nyfed,US,rgdp_growth,2026Q3,2026-06-19,point,,2.45,saar_pct,0.607,unspecified,2026-07-06T11:16:55+00:00,nyfed_staff_nowcast.xlsx
nyfed,US,rgdp_growth,2026Q3,2026-06-26,point,,2.42,saar_pct,0.5996,unspecified,2026-07-06T11:16:55+00:00,nyfed_staff_nowcast.xlsx
nyfed,US,rgdp_growth,2026Q3,2026-07-03,point,,2.37,saar_pct,0.5873,unspecified,2026-07-06T11:16:55+00:00,nyfed_staff_nowcast.xlsx
spf_ecb,EA,rgdp_growth,1999,1999-01-15,point,,2.0514,yoy_pct,,unspecified,2026-07-06T11:16:55+00:00,spf_ecb_individual.zip:1999Q1.csv
spf_ecb,EA,rgdp_growth,1999,1999-04-15,point,,1.9549,yoy_pct,,unspecified,2026-07-06T11:16:55+00:00,spf_ecb_individual.zip:1999Q2.csv
spf_ecb,EA,rgdp_growth,1999,1999-07-15,point,,1.9398,yoy_pct,,unspecified,2026-07-06T11:16:55+00:00,spf_ecb_individual.zip:1999Q3.csv
spf_ecb,EA,rgdp_growth,1999,1999-10-15,point,,1.9928,yoy_pct,,unspecified,2026-07-06T11:16:55+00:00,spf_ecb_individual.zip:1999Q4.csv
spf_ecb,EA,rgdp_growth,1999Q3,1999-01-15,point,,2.061,yoy_pct,,unspecified,2026-07-06T11:16:55+00:00,spf_ecb_individual.zip:1999Q1.csv
spf_ecb,EA,rgdp_growth,1999Q4,1999-04-15,point,,2.2309,yoy_pct,,unspecified,2026-07-06T11:16:55+00:00,spf_ecb_individual.zip:1999Q2.csv
spf_ecb,EA,rgdp_growth,2000,1999-01-15,point,,2.4145,yoy_pct,,unspecified,2026-07-06T11:16:55+00:00,spf_ecb_individual.zip:1999Q1.csv
spf_ecb,EA,rgdp_growth,2000,1999-04-15,point,,2.4493,yoy_pct,,unspecified,2026-07-06T11:16:55+00:00,spf_ecb_individual.zip:1999Q2.csv
spf_ecb,EA,rgdp_growth,2000,1999-07-15,point,,2.5955,yoy_pct,,unspecified,2026-07-06T11:16:55+00:00,spf_ecb_individual.zip:1999Q3.csv
spf_ecb,EA,rgdp_growth,2000,1999-10-15,point,,2.7849,yoy_pct,,unspecified,2026-07-06T11:16:55+00:00,spf_ecb_individual.zip:1999Q4.csv
spf_ecb,EA,rgdp_growth,2000,2000-01-15,point,,3.0605,yoy_pct,,unspecified,2026-07-06T11:16:55+00:00,spf_ecb_individual.zip:2000Q1.csv
spf_ecb,EA,rgdp_growth,2000,2000-04-15,point,,3.3292,yoy_pct,,unspecified,2026-07-06T11:16:55+00:00,spf_ecb_individual.zip:2000Q2.csv
spf_ecb,EA,rgdp_growth,2000,2000-07-15,point,,3.4994,yoy_pct,,unspecified,2026-07-06T11:16:55+00:00,spf_ecb_individual.zip:2000Q3.csv
spf_ecb,EA,rgdp_growth,2000,2000-10-15,point,,3.4597,yoy_pct,,unspecified,2026-07-06T11:16:55+00:00,spf_ecb_individual.zip:2000Q4.csv
spf_ecb,EA,rgdp_growth,2000Q1,1999-07-15,point,,2.4152,yoy_pct,,unspecified,2026-07-06T11:16:55+00:00,spf_ecb_individual.zip:1999Q3.csv
spf_ecb,EA,rgdp_growth,2000Q2,1999-10-15,point,,2.8308,yoy_pct,,unspecified,2026-07-06T11:16:55+00:00,spf_ecb_individual.zip:1999Q4.csv
spf_ecb,EA,rgdp_growth,2000Q3,1999-01-15,point,,2.497,yoy_pct,,unspecified,2026-07-06T11:16:55+00:00,spf_ecb_individual.zip:1999Q1.csv
spf_ecb,EA,rgdp_growth,2000Q3,2000-01-15,point,,3.0633,yoy_pct,,unspecified,2026-07-06T11:16:55+00:00,spf_ecb_individual.zip:2000Q1.csv
spf_ecb,EA,rgdp_growth,2000Q4,1999-04-15,point,,2.5435,yoy_pct,,unspecified,2026-07-06T11:16:55+00:00,spf_ecb_individual.zip:1999Q2.csv
spf_ecb,EA,rgdp_growth,2000Q4,2000-04-15,point,,3.2477,yoy_pct,,unspecified,2026-07-06T11:16:55+00:00,spf_ecb_individual.zip:2000Q2.csv
spf_ecb,EA,rgdp_growth,2001,2000-01-15,point,,2.9397,yoy_pct,,unspecified,2026-07-06T11:16:55+00:00,spf_ecb_individual.zip:2000Q1.csv
spf_ecb,EA,rgdp_growth,2001,2000-04-15,point,,3.0905,yoy_pct,,unspecified,2026-07-06T11:16:55+00:00,spf_ecb_individual.zip:2000Q2.csv
spf_ecb,EA,rgdp_growth,2001,2000-07-15,point,,3.2267,yoy_pct,,unspecified,2026-07-06T11:16:55+00:00,spf_ecb_individual.zip:2000Q3.csv
spf_ecb,EA,rgdp_growth,2001,2000-10-15,point,,3.0888,yoy_pct,,unspecified,2026-07-06T11:16:55+00:00,spf_ecb_individual.zip:2000Q4.csv
spf_ecb,EA,rgdp_growth,2001,2001-01-15,point,,2.7251,yoy_pct,,unspecified,2026-07-06T11:16:55+00:00,spf_ecb_individual.zip:2001Q1.csv
spf_ecb,EA,rgdp_growth,2001,2001-04-15,point,,2.49,yoy_pct,,unspecified,2026-07-06T11:16:55+00:00,spf_ecb_individual.zip:2001Q2.csv
spf_ecb,EA,rgdp_growth,2001,2001-07-15,point,,2.042,yoy_pct,,unspecified,2026-07-06T11:16:55+00:00,spf_ecb_individual.zip:2001Q3.csv
spf_ecb,EA,rgdp_growth,2001,2001-10-15,point,,1.5343,yoy_pct,,unspecified,2026-07-06T11:16:55+00:00,spf_ecb_individual.zip:2001Q4.csv
spf_ecb,EA,rgdp_growth,2001Q1,1999-07-15,point,,2.6669,yoy_pct,,unspecified,2026-07-06T11:16:55+00:00,spf_ecb_individual.zip:1999Q3.csv
spf_ecb,EA,rgdp_growth,2001Q1,2000-07-15,point,,3.3644,yoy_pct,,unspecified,2026-07-06T11:16:55+00:00,spf_ecb_individual.zip:2000Q3.csv
spf_ecb,EA,rgdp_growth,2001Q2,1999-10-15,point,,2.7449,yoy_pct,,unspecified,2026-07-06T11:16:55+00:00,spf_ecb_individual.zip:1999Q4.csv
spf_ecb,EA,rgdp_growth,2001Q2,2000-10-15,point,,3.0667,yoy_pct,,unspecified,2026-07-06T11:16:55+00:00,spf_ecb_individual.zip:2000Q4.csv
spf_ecb,EA,rgdp_growth,2001Q3,2000-01-15,point,,2.8642,yoy_pct,,unspecified,2026-07-06T11:16:55+00:00,spf_ecb_individual.zip:2000Q1.csv
spf_ecb,EA,rgdp_growth,2001Q3,2001-01-15,point,,2.7015,yoy_pct,,unspecified,2026-07-06T11:16:55+00:00,spf_ecb_individual.zip:2001Q1.csv
spf_ecb,EA,rgdp_growth,2001Q4,2000-04-15,point,,2.9242,yoy_pct,,unspecified,2026-07-06T11:16:55+00:00,spf_ecb_individual.zip:2000Q2.csv
spf_ecb,EA,rgdp_growth,2001Q4,2001-04-15,point,,2.3644,yoy_pct,,unspecified,2026-07-06T11:16:55+00:00,spf_ecb_individual.zip:2001Q2.csv
spf_ecb,EA,rgdp_growth,2002,2000-07-15,point,,2.9223,yoy_pct,,unspecified,2026-07-06T11:16:55+00:00,spf_ecb_individual.zip:2000Q3.csv
spf_ecb,EA,rgdp_growth,2002,2000-10-15,point,,2.8923,yoy_pct,,unspecified,2026-07-06T11:16:55+00:00,spf_ecb_individual.zip:2000Q4.csv
spf_ecb,EA,rgdp_growth,2002,2001-01-15,point,,2.7697,yoy_pct,,unspecified,2026-07-06T11:16:55+00:00,spf_ecb_individual.zip:2001Q1.csv
spf_ecb,EA,rgdp_growth,2002,2001-04-15,point,,2.644,yoy_pct,,unspecified,2026-07-06T11:16:55+00:00,spf_ecb_individual.zip:2001Q2.csv
spf_ecb,EA,rgdp_growth,2002,2001-07-15,point,,2.3796,yoy_pct,,unspecified,2026-07-06T11:16:55+00:00,spf_ecb_individual.zip:2001Q3.csv
spf_ecb,EA,rgdp_growth,2002,2001-10-15,point,,1.5444,yoy_pct,,unspecified,2026-07-06T11:16:55+00:00,spf_ecb_individual.zip:2001Q4.csv
spf_ecb,EA,rgdp_growth,2002,2002-01-15,point,,1.3348,yoy_pct,,unspecified,2026-07-06T11:16:55+00:00,spf_ecb_individual.zip:2002Q1.csv
spf_ecb,EA,rgdp_growth,2002,2002-04-15,point,,1.3922,yoy_pct,,unspecified,2026-07-06T11:16:55+00:00,spf_ecb_individual.zip:2002Q2.csv
spf_ecb,EA,rgdp_growth,2002,2002-07-15,point,,1.1817,yoy_pct,,unspecified,2026-07-06T11:16:55+00:00,spf_ecb_individual.zip:2002Q3.csv
spf_ecb,EA,rgdp_growth,2002,2002-10-15,point,,0.8269,yoy_pct,,unspecified,2026-07-06T11:16:55+00:00,spf_ecb_individual.zip:2002Q4.csv
spf_ecb,EA,rgdp_growth,2002Q1,2000-07-15,point,,2.9669,yoy_pct,,unspecified,2026-07-06T11:16:55+00:00,spf_ecb_individual.zip:2000Q3.csv
spf_ecb,EA,rgdp_growth,2002Q1,2001-07-15,point,,1.9762,yoy_pct,,unspecified,2026-07-06T11:16:55+00:00,spf_ecb_individual.zip:2001Q3.csv
spf_ecb,EA,rgdp_growth,2002Q2,2000-10-15,point,,2.8751,yoy_pct,,unspecified,2026-07-06T11:16:55+00:00,spf_ecb_individual.zip:2000Q4.csv
spf_ecb,EA,rgdp_growth,2002Q2,2001-10-15,point,,1.2448,yoy_pct,,unspecified,2026-07-06T11:16:55+00:00,spf_ecb_individual.zip:2001Q4.csv
spf_ecb,EA,rgdp_growth,2002Q3,2001-01-15,point,,2.7258,yoy_pct,,unspecified,2026-07-06T11:16:55+00:00,spf_ecb_individual.zip:2001Q1.csv
spf_ecb,EA,rgdp_growth,2002Q3,2002-01-15,point,,1.67,yoy_pct,,unspecified,2026-07-06T11:16:55+00:00,spf_ecb_individual.zip:2002Q1.csv
spf_ecb,EA,rgdp_growth,2002Q4,2001-04-15,point,,2.7725,yoy_pct,,unspecified,2026-07-06T11:16:55+00:00,spf_ecb_individual.zip:2001Q2.csv
spf_ecb,EA,rgdp_growth,2002Q4,2002-04-15,point,,2.3593,yoy_pct,,unspecified,2026-07-06T11:16:55+00:00,spf_ecb_individual.zip:2002Q2.csv
spf_ecb,EA,rgdp_growth,2003,1999-01-15,point,,2.4642,yoy_pct,,unspecified,2026-07-06T11:16:55+00:00,spf_ecb_individual.zip:1999Q1.csv
spf_ecb,EA,rgdp_growth,2003,2001-07-15,point,,2.6025,yoy_pct,,unspecified,2026-07-06T11:16:55+00:00,spf_ecb_individual.zip:2001Q3.csv
spf_ecb,EA,rgdp_growth,2003,2001-10-15,point,,2.533,yoy_pct,,unspecified,2026-07-06T11:16:55+00:00,spf_ecb_individual.zip:2001Q4.csv
spf_ecb,EA,rgdp_growth,2003,2002-01-15,point,,2.55,yoy_pct,,unspecified,2026-07-06T11:16:55+00:00,spf_ecb_individual.zip:2002Q1.csv
spf_ecb,EA,rgdp_growth,2003,2002-04-15,point,,2.6518,yoy_pct,,unspecified,2026-07-06T11:16:55+00:00,spf_ecb_individual.zip:2002Q2.csv
spf_ecb,EA,rgdp_growth,2003,2002-07-15,point,,2.5081,yoy_pct,,unspecified,2026-07-06T11:16:55+00:00,spf_ecb_individual.zip:2002Q3.csv
spf_ecb,EA,rgdp_growth,2003,2002-10-15,point,,1.8076,yoy_pct,,unspecified,2026-07-06T11:16:55+00:00,spf_ecb_individual.zip:2002Q4.csv
spf_ecb,EA,rgdp_growth,2003,2003-01-15,point,,1.4142,yoy_pct,,unspecified,2026-07-06T11:16:55+00:00,spf_ecb_individual.zip:2003Q1.csv
spf_ecb,EA,rgdp_growth,2003,2003-04-15,point,,1.024,yoy_pct,,unspecified,2026-07-06T11:16:55+00:00,spf_ecb_individual.zip:2003Q2.csv
spf_ecb,EA,rgdp_growth,2003,2003-07-15,point,,0.6508,yoy_pct,,unspecified,2026-07-06T11:16:55+00:00,spf_ecb_individual.zip:2003Q3.csv
spf_ecb,EA,rgdp_growth,2003,2003-10-15,point,,0.4597,yoy_pct,,unspecified,2026-07-06T11:16:55+00:00,spf_ecb_individual.zip:2003Q4.csv
spf_ecb,EA,rgdp_growth,2003Q1,2001-07-15,point,,2.5629,yoy_pct,,unspecified,2026-07-06T11:16:55+00:00,spf_ecb_individual.zip:2001Q3.csv
spf_ecb,EA,rgdp_growth,2003Q1,2002-07-15,point,,2.4452,yoy_pct,,unspecified,2026-07-06T11:16:55+00:00,spf_ecb_individual.zip:2002Q3.csv
spf_ecb,EA,rgdp_growth,2003Q2,2001-10-15,point,,2.4802,yoy_pct,,unspecified,2026-07-06T11:16:55+00:00,spf_ecb_individual.zip:2001Q4.csv
spf_ecb,EA,rgdp_growth,2003Q2,2002-10-15,point,,1.6972,yoy_pct,,unspecified,2026-07-06T11:16:55+00:00,spf_ecb_individual.zip:2002Q4.csv
spf_ecb,EA,rgdp_growth,2003Q3,2002-01-15,point,,2.6333,yoy_pct,,unspecified,2026-07-06T11:16:55+00:00,spf_ecb_individual.zip:2002Q1.csv
spf_ecb,EA,rgdp_growth,2003Q3,2003-01-15,point,,1.5358,yoy_pct,,unspecified,2026-07-06T11:16:55+00:00,spf_ecb_individual.zip:2003Q1.csv
spf_ecb,EA,rgdp_growth,2003Q4,1999-01-15,point,,2.4492,yoy_pct,,unspecified,2026-07-06T11:16:55+00:00,spf_ecb_individual.zip:1999Q1.csv
spf_ecb,EA,rgdp_growth,2003Q4,2002-04-15,point,,2.5804,yoy_pct,,unspecified,2026-07-06T11:16:55+00:00,spf_ecb_individual.zip:2002Q2.csv
spf_ecb,EA,rgdp_growth,2003Q4,2003-04-15,point,,1.3047,yoy_pct,,unspecified,2026-07-06T11:16:55+00:00,spf_ecb_individual.zip:2003Q2.csv
spf_ecb,EA,rgdp_growth,2004,2000-01-15,point,,2.5214,yoy_pct,,unspecified,2026-07-06T11:16:55+00:00,spf_ecb_individual.zip:2000Q1.csv
spf_ecb,EA,rgdp_growth,2004,2002-07-15,point,,2.5364,yoy_pct,,unspecified,2026-07-06T11:16:55+00:00,spf_ecb_individual.zip:2002Q3.csv
spf_ecb,EA,rgdp_growth,2004,2002-10-15,point,,2.4651,yoy_pct,,unspecified,2026-07-06T11:16:55+00:00,spf_ecb_individual.zip:2002Q4.csv
spf_ecb,EA,rgdp_growth,2004,2003-01-15,point,,2.3027,yoy_pct,,unspecified,2026-07-06T11:16:55+00:00,spf_ecb_individual.zip:2003Q1.csv
spf_ecb,EA,rgdp_growth,2004,2003-04-15,point,,2.0951,yoy_pct,,unspecified,2026-07-06T11:16:55+00:00,spf_ecb_individual.zip:2003Q2.csv
spf_ecb,EA,rgdp_growth,2004,2003-07-15,point,,1.6697,yoy_pct,,unspecified,2026-07-06T11:16:55+00:00,spf_ecb_individual.zip:2003Q3.csv
spf_ecb,EA,rgdp_growth,2004,2003-10-15,point,,1.6737,yoy_pct,,unspecified,2026-07-06T11:16:55+00:00,spf_ecb_individual.zip:2003Q4.csv
spf_ecb,EA,rgdp_growth,2004,2004-01-15,point,,1.7925,yoy_pct,,unspecified,2026-07-06T11:16:55+00:00,spf_ecb_individual.zip:2004Q1.csv
spf_ecb,EA,rgdp_growth,2004,2004-04-15,point,,1.6247,yoy_pct,,unspecified,2026-07-06T11:16:55+00:00,spf_ecb_individual.zip:2004Q2.csv
spf_ecb,EA,rgdp_growth,2004,2004-07-15,point,,1.775,yoy_pct,,unspecified,2026-07-06T11:16:55+00:00,spf_ecb_individual.zip:2004Q3.csv
spf_ecb,EA,rgdp_growth,2004,2004-10-15,point,,1.8872,yoy_pct,,unspecified,2026-07-06T11:16:55+00:00,spf_ecb_individual.zip:2004Q4.csv
spf_ecb,EA,rgdp_growth,2004Q1,2002-07-15,point,,2.5298,yoy_pct,,unspecified,2026-07-06T11:16:55+00:00,spf_ecb_individual.zip:2002Q3.csv
spf_ecb,EA,rgdp_growth,2004Q1,2003-07-15,point,,1.2021,yoy_pct,,unspecified,2026-07-06T11:16:55+00:00,spf_ecb_individual.zip:2003Q3.csv
spf_ecb,EA,rgdp_growth,2004Q2,2002-10-15,point,,2.5114,yoy_pct,,unspecified,2026-07-06T11:16:55+00:00,spf_ecb_individual.zip:2002Q4.csv
spf_ecb,EA,rgdp_growth,2004Q2,2003-10-15,point,,1.6006,yoy_pct,,unspecified,2026-07-06T11:16:55+00:00,spf_ecb_individual.zip:2003Q4.csv
spf_ecb,EA,rgdp_growth,2004Q3,2000-01-15,point,,2.5386,yoy_pct,,unspecified,2026-07-06T11:16:55+00:00,spf_ecb_individual.zip:2000Q1.csv
spf_ecb,EA,rgdp_growth,2004Q3,2003-01-15,point,,2.3566,yoy_pct,,unspecified,2026-07-06T11:16:55+00:00,spf_ecb_individual.zip:2003Q1.csv
spf_ecb,EA,rgdp_growth,2004Q3,2004-01-15,point,,1.9731,yoy_pct,,unspecified,2026-07-06T11:16:55+00:00,spf_ecb_individual.zip:2004Q1.csv
spf_ecb,EA,rgdp_growth,2004Q4,2003-04-15,point,,2.3457,yoy_pct,,unspecified,2026-07-06T11:16:55+00:00,spf_ecb_individual.zip:2003Q2.csv
spf_ecb,EA,rgdp_growth,2004Q4,2004-04-15,point,,1.9672,yoy_pct,,unspecified,2026-07-06T11:16:55+00:00,spf_ecb_individual.zip:2004Q2.csv
spf_ecb,EA,rgdp_growth,2005,2001-01-15,point,,2.7022,yoy_pct,,unspecified,2026-07-06T11:16:55+00:00,spf_ecb_individual.zip:2001Q1.csv
spf_ecb,EA,rgdp_growth,2005,2001-04-15,point,,2.6711,yoy_pct,,unspecified,2026-07-06T11:16:55+00:00,spf_ecb_individual.zip:2001Q2.csv
spf_ecb,EA,rgdp_growth,2005,2003-07-15,point,,2.3071,yoy_pct,,unspecified,2026-07-06T11:16:55+00:00,spf_ecb_individual.zip:2003Q3.csv
spf_ecb,EA,rgdp_growth,2005,2003-10-15,point,,2.2867,yoy_pct,,unspecified,2026-07-06T11:16:55+00:00,spf_ecb_individual.zip:2003Q4.csv
spf_ecb,EA,rgdp_growth,2005,2004-01-15,point,,2.2233,yoy_pct,,unspecified,2026-07-06T11:16:55+00:00,spf_ecb_individual.zip:2004Q1.csv
spf_ecb,EA,rgdp_growth,2005,2004-04-15,point,,2.134,yoy_pct,,unspecified,2026-07-06T11:16:55+00:00,spf_ecb_individual.zip:2004Q2.csv
spf_ecb,EA,rgdp_growth,2005,2004-07-15,point,,2.1467,yoy_pct,,unspecified,2026-07-06T11:16:55+00:00,spf_ecb_individual.zip:2004Q3.csv
spf_ecb,EA,rgdp_growth,2005,2004-10-15,point,,2.0295,yoy_pct,,unspecified,2026-07-06T11:16:55+00:00,spf_ecb_individual.zip:2004Q4.csv
spf_ecb,EA,rgdp_growth,2005,2005-01-15,point,,1.7832,yoy_pct,,unspecified,2026-07-06T11:16:55+00:00,spf_ecb_individual.zip:2005Q1.csv
spf_ecb,EA,rgdp_growth,2005,2005-04-15,point,,1.5631,yoy_pct,,unspecified,2026-07-06T11:16:55+00:00,spf_ecb_individual.zip:2005Q2.csv
spf_ecb,EA,rgdp_growth,2005,2005-07-15,point,,1.3567,yoy_pct,,unspecified,2026-07-06T11:16:55+00:00,spf_ecb_individual.zip:2005Q3.csv
spf_ecb,EA,rgdp_growth,2005,2005-10-15,point,,1.3112,yoy_pct,,unspecified,2026-07-06T11:16:55+00:00,spf_ecb_individual.zip:2005Q4.csv
spf_ecb,EA,rgdp_growth,2005Q1,2003-07-15,point,,2.1376,yoy_pct,,unspecified,2026-07-06T11:16:55+00:00,spf_ecb_individual.zip:2003Q3.csv
spf_ecb,EA,rgdp_growth,2005Q1,2004-07-15,point,,2.0564,yoy_pct,,unspecified,2026-07-06T11:16:55+00:00,spf_ecb_individual.zip:2004Q3.csv
spf_ecb,EA,rgdp_growth,2005Q2,2003-10-15,point,,2.2227,yoy_pct,,unspecified,2026-07-06T11:16:55+00:00,spf_ecb_individual.zip:2003Q4.csv
spf_ecb,EA,rgdp_growth,2005Q2,2004-10-15,point,,1.9566,yoy_pct,,unspecified,2026-07-06T11:16:55+00:00,spf_ecb_individual.zip:2004Q4.csv
spf_ecb,EA,rgdp_growth,2005Q3,2001-01-15,point,,2.7191,yoy_pct,,unspecified,2026-07-06T11:16:55+00:00,spf_ecb_individual.zip:2001Q1.csv
spf_ecb,EA,rgdp_growth,2005Q3,2004-01-15,point,,2.275,yoy_pct,,unspecified,2026-07-06T11:16:55+00:00,spf_ecb_individual.zip:2004Q1.csv
spf_ecb,EA,rgdp_growth,2005Q3,2005-01-15,point,,1.8669,yoy_pct,,unspecified,2026-07-06T11:16:55+00:00,spf_ecb_individual.zip:2005Q1.csv
spf_ecb,EA,rgdp_growth,2005Q4,2004-04-15,point,,2.2308,yoy_pct,,unspecified,2026-07-06T11:16:55+00:00,spf_ecb_individual.zip:2004Q2.csv
spf_ecb,EA,rgdp_growth,2005Q4,2005-04-15,point,,1.8699,yoy_pct,,unspecified,2026-07-06T11:16:55+00:00,spf_ecb_individual.zip:2005Q2.csv
spf_ecb,EA,rgdp_growth,2006,2001-07-15,point,,2.6081,yoy_pct,,unspecified,2026-07-06T11:16:55+00:00,spf_ecb_individual.zip:2001Q3.csv
spf_ecb,EA,rgdp_growth,2006,2001-10-15,point,,2.5421,yoy_pct,,unspecified,2026-07-06T11:16:55+00:00,spf_ecb_individual.zip:2001Q4.csv
spf_ecb,EA,rgdp_growth,2006,2002-01-15,point,,2.5337,yoy_pct,,unspecified,2026-07-06T11:16:55+00:00,spf_ecb_individual.zip:2002Q1.csv
spf_ecb,EA,rgdp_growth,2006,2002-04-15,point,,2.5261,yoy_pct,,unspecified,2026-07-06T11:16:55+00:00,spf_ecb_individual.zip:2002Q2.csv
spf_ecb,EA,rgdp_growth,2006,2004-07-15,point,,2.2574,yoy_pct,,unspecified,2026-07-06T11:16:55+00:00,spf_ecb_individual.zip:2004Q3.csv
spf_ecb,EA,rgdp_growth,2006,2004-10-15,point,,2.2176,yoy_pct,,unspecified,2026-07-06T11:16:55+00:00,spf_ecb_individual.zip:2004Q4.csv
spf_ecb,EA,rgdp_growth,2006,2005-01-15,point,,2.1316,yoy_pct,,unspecified,2026-07-06T11:16:55+00:00,spf_ecb_individual.zip:2005Q1.csv
spf_ecb,EA,rgdp_growth,2006,2005-04-15,point,,1.9979,yoy_pct,,unspecified,2026-07-06T11:16:55+00:00,spf_ecb_individual.zip:2005Q2.csv
spf_ecb,EA,rgdp_growth,2006,2005-07-15,point,,1.8019,yoy_pct,,unspecified,2026-07-06T11:16:55+00:00,spf_ecb_individual.zip:2005Q3.csv
spf_ecb,EA,rgdp_growth,2006,2005-10-15,point,,1.731,yoy_pct,,unspecified,2026-07-06T11:16:55+00:00,spf_ecb_individual.zip:2005Q4.csv
spf_ecb,EA,rgdp_growth,2006,2006-01-15,point,,1.9598,yoy_pct,,unspecified,2026-07-06T11:16:55+00:00,spf_ecb_individual.zip:2006Q1.csv
spf_ecb,EA,rgdp_growth,2006,2006-04-15,point,,2.0826,yoy_pct,,unspecified,2026-07-06T11:16:55+00:00,spf_ecb_individual.zip:2006Q2.csv
spf_ecb,EA,rgdp_growth,2006,2006-07-15,point,,2.1539,yoy_pct,,unspecified,2026-07-06T11:16:55+00:00,spf_ecb_individual.zip:2006Q3.csv
spf_ecb,EA,rgdp_growth,2006,2006-10-15,point,,2.5673,yoy_pct,,unspecified,2026-07-06T11:16:55+00:00,spf_ecb_individual.zip:2006Q4.csv
spf_ecb,EA,rgdp_growth,2006Q1,2004-07-15,point,,2.2652,yoy_pct,,unspecified,2026-07-06T11:16:55+00:00,spf_ecb_individual.zip:2004Q3.csv
spf_ecb,EA,rgdp_growth,2006Q1,2005-07-15,point,,1.6387,yoy_pct,,unspecified,2026-07-06T11:16:55+00:00,spf_ecb_individual.zip:2005Q3.csv
spf_ecb,EA,rgdp_growth,2006Q2,2004-10-15,point,,2.1782,yoy_pct,,unspecified,2026-07-06T11:16:55+00:00,spf_ecb_individual.zip:2004Q4.csv
spf_ecb,EA,rgdp_growth,2006Q2,2005-10-15,point,,1.6916,yoy_pct,,unspecified,2026-07-06T11:16:55+00:00,spf_ecb_individual.zip:2005Q4.csv
spf_ecb,EA,rgdp_growth,2006Q3,2005-01-15,point,,2.169,yoy_pct,,unspecified,2026-07-06T11:16:55+00:00,spf_ecb_individual.zip:2005Q1.csv
spf_ecb,EA,rgdp_growth,2006Q3,2006-01-15,point,,1.911,yoy_pct,,unspecified,2026-07-06T11:16:55+00:00,spf_ecb_individual.zip:2006Q1.csv
spf_ecb,EA,rgdp_growth,2006Q4,2005-04-15,point,,2.0501,yoy_pct,,unspecified,2026-07-06T11:16:55+00:00,spf_ecb_individual.zip:2005Q2.csv
spf_ecb,EA,rgdp_growth,2006Q4,2006-04-15,point,,2.1856,yoy_pct,,unspecified,2026-07-06T11:16:55+00:00,spf_ecb_individual.zip:2006Q2.csv
spf_ecb,EA,rgdp_growth,2007,2002-07-15,point,,2.5098,yoy_pct,,unspecified,2026-07-06T11:16:55+00:00,spf_ecb_individual.zip:2002Q3.csv
spf_ecb,EA,rgdp_growth,2007,2002-10-15,point,,2.4298,yoy_pct,,unspecified,2026-07-06T11:16:55+00:00,spf_ecb_individual.zip:2002Q4.csv
spf_ecb,EA,rgdp_growth,2007,2003-01-15,point,,2.4402,yoy_pct,,unspecified,2026-07-06T11:16:55+00:00,spf_ecb_individual.zip:2003Q1.csv
spf_ecb,EA,rgdp_growth,2007,2003-04-15,point,,2.3939,yoy_pct,,unspecified,2026-07-06T11:16:55+00:00,spf_ecb_individual.zip:2003Q2.csv
spf_ecb,EA,rgdp_growth,2007,2005-07-15,point,,2.0128,yoy_pct,,unspecified,2026-07-06T11:16:55+00:00,spf_ecb_individual.zip:2005Q3.csv
spf_ecb,EA,rgdp_growth,2007,2005-10-15,point,,2.0357,yoy_pct,,unspecified,2026-07-06T11:16:55+00:00,spf_ecb_individual.zip:2005Q4.csv
spf_ecb,EA,rgdp_growth,2007,2006-01-15,point,,1.9071,yoy_pct,,unspecified,2026-07-06T11:16:55+00:00,spf_ecb_individual.zip:2006Q1.csv
spf_ecb,EA,rgdp_growth,2007,2006-04-15,point,,1.9127,yoy_pct,,unspecified,2026-07-06T11:16:55+00:00,spf_ecb_individual.zip:2006Q2.csv
spf_ecb,EA,rgdp_growth,2007,2006-07-15,point,,1.8462,yoy_pct,,unspecified,2026-07-06T11:16:55+00:00,spf_ecb_individual.zip:2006Q3.csv
spf_ecb,EA,rgdp_growth,2007,2006-10-15,point,,2.0324,yoy_pct,,unspecified,2026-07-06T11:16:55+00:00,spf_ecb_individual.zip:2006Q4.csv
spf_ecb,EA,rgdp_growth,2007,2007-01-15,point,,2.1464,yoy_pct,,unspecified,2026-07-06T11:16:55+00:00,spf_ecb_individual.zip:2007Q1.csv
spf_ecb,EA,rgdp_growth,2007,2007-04-15,point,,2.4662,yoy_pct,,unspecified,2026-07-06T11:16:55+00:00,spf_ecb_individual.zip:2007Q2.csv
spf_ecb,EA,rgdp_growth,2007,2007-07-15,point,,2.7201,yoy_pct,,unspecified,2026-07-06T11:16:55+00:00,spf_ecb_individual.zip:2007Q3.csv
spf_ecb,EA,rgdp_growth,2007,2007-10-15,point,,2.5657,yoy_pct,,unspecified,2026-07-06T11:16:55+00:00,spf_ecb_individual.zip:2007Q4.csv
spf_ecb,EA,rgdp_growth,2007Q1,2005-07-15,point,,1.9981,yoy_pct,,unspecified,2026-07-06T11:16:55+00:00,spf_ecb_individual.zip:2005Q3.csv
spf_ecb,EA,rgdp_growth,2007Q1,2006-07-15,point,,1.9976,yoy_pct,,unspecified,2026-07-06T11:16:55+00:00,spf_ecb_individual.zip:2006Q3.csv
spf_ecb,EA,rgdp_growth,2007Q2,2005-10-15,point,,2.0095,yoy_pct,,unspecified,2026-07-06T11:16:55+00:00,spf_ecb_individual.zip:2005Q4.csv
spf_ecb,EA,rgdp_growth,2007Q2,2006-10-15,point,,2.0202,yoy_pct,,unspecified,2026-07-06T11:16:55+00:00,spf_ecb_individual.zip:2006Q4.csv
spf_ecb,EA,rgdp_growth,2007Q3,2006-01-15,point,,1.8766,yoy_pct,,unspecified,2026-07-06T11:16:55+00:00,spf_ecb_individual.zip:2006Q1.csv
spf_ecb,EA,rgdp_growth,2007Q3,2007-01-15,point,,2.0615,yoy_pct,,unspecified,2026-07-06T11:16:55+00:00,spf_ecb_individual.zip:2007Q1.csv
spf_ecb,EA,rgdp_growth,2007Q4,2006-04-15,point,,1.8044,yoy_pct,,unspecified,2026-07-06T11:16:55+00:00,spf_ecb_individual.zip:2006Q2.csv
spf_ecb,EA,rgdp_growth,2007Q4,2007-04-15,point,,2.1755,yoy_pct,,unspecified,2026-07-06T11:16:55+00:00,spf_ecb_individual.zip:2007Q2.csv
spf_ecb,EA,rgdp_growth,2008,2003-07-15,point,,2.3956,yoy_pct,,unspecified,2026-07-06T11:16:55+00:00,spf_ecb_individual.zip:2003Q3.csv
spf_ecb,EA,rgdp_growth,2008,2003-10-15,point,,2.4,yoy_pct,,unspecified,2026-07-06T11:16:55+00:00,spf_ecb_individual.zip:2003Q4.csv
spf_ecb,EA,rgdp_growth,2008,2004-01-15,point,,2.3171,yoy_pct,,unspecified,2026-07-06T11:16:55+00:00,spf_ecb_individual.zip:2004Q1.csv
spf_ecb,EA,rgdp_growth,2008,2004-04-15,point,,2.343,yoy_pct,,unspecified,2026-07-06T11:16:55+00:00,spf_ecb_individual.zip:2004Q2.csv
spf_ecb,EA,rgdp_growth,2008,2006-07-15,point,,1.9857,yoy_pct,,unspecified,2026-07-06T11:16:55+00:00,spf_ecb_individual.zip:2006Q3.csv
spf_ecb,EA,rgdp_growth,2008,2006-10-15,point,,2.0222,yoy_pct,,unspecified,2026-07-06T11:16:55+00:00,spf_ecb_individual.zip:2006Q4.csv
spf_ecb,EA,rgdp_growth,2008,2007-01-15,point,,2.1163,yoy_pct,,unspecified,2026-07-06T11:16:55+00:00,spf_ecb_individual.zip:2007Q1.csv
spf_ecb,EA,rgdp_growth,2008,2007-04-15,point,,2.2527,yoy_pct,,unspecified,2026-07-06T11:16:55+00:00,spf_ecb_individual.zip:2007Q2.csv
spf_ecb,EA,rgdp_growth,2008,2007-07-15,point,,2.3491,yoy_pct,,unspecified,2026-07-06T11:16:55+00:00,spf_ecb_individual.zip:2007Q3.csv
spf_ecb,EA,rgdp_growth,2008,2007-10-15,point,,2.0815,yoy_pct,,unspecified,2026-07-06T11:16:55+00:00,spf_ecb_individual.zip:2007Q4.csv
spf_ecb,EA,rgdp_growth,2008,2008-01-15,point,,1.8388,yoy_pct,,unspecified,2026-07-06T11:16:55+00:00,spf_ecb_individual.zip:2008Q1.csv
spf_ecb,EA,rgdp_growth,2008,2008-04-15,point,,1.5904,yoy_pct,,unspecified,2026-07-06T11:16:55+00:00,spf_ecb_individual.zip:2008Q2.csv
spf_ecb,EA,rgdp_growth,2008,2008-07-15,point,,1.6296,yoy_pct,,unspecified,2026-07-06T11:16:55+00:00,spf_ecb_individual.zip:2008Q3.csv
spf_ecb,EA,rgdp_growth,2008,2008-10-15,point,,1.198,yoy_pct,,unspecified,2026-07-06T11:16:55+00:00,spf_ecb_individual.zip:2008Q4.csv
spf_ecb,EA,rgdp_growth,2008Q1,2006-07-15,point,,1.9101,yoy_pct,,unspecified,2026-07-06T11:16:55+00:00,spf_ecb_individual.zip:2006Q3.csv
spf_ecb,EA,rgdp_growth,2008Q1,2007-07-15,point,,2.375,yoy_pct,,unspecified,2026-07-06T11:16:55+00:00,spf_ecb_individual.zip:2007Q3.csv
spf_ecb,EA,rgdp_growth,2008Q2,2006-10-15,point,,1.9665,yoy_pct,,unspecified,2026-07-06T11:16:55+00:00,spf_ecb_individual.zip:2006Q4.csv
spf_ecb,EA,rgdp_growth,2008Q2,2007-10-15,point,,2.1112,yoy_pct,,unspecified,2026-07-06T11:16:55+00:00,spf_ecb_individual.zip:2007Q4.csv
spf_ecb,EA,rgdp_growth,2008Q3,2007-01-15,point,,2.1361,yoy_pct,,unspecified,2026-07-06T11:16:55+00:00,spf_ecb_individual.zip:2007Q1.csv
spf_ecb,EA,rgdp_growth,2008Q3,2008-01-15,point,,1.7204,yoy_pct,,unspecified,2026-07-06T11:16:55+00:00,spf_ecb_individual.zip:2008Q1.csv
spf_ecb,EA,rgdp_growth,2008Q4,2007-04-15,point,,2.2584,yoy_pct,,unspecified,2026-07-06T11:16:55+00:00,spf_ecb_individual.zip:2007Q2.csv
spf_ecb,EA,rgdp_growth,2008Q4,2008-04-15,point,,1.361,yoy_pct,,unspecified,2026-07-06T11:16:55+00:00,spf_ecb_individual.zip:2008Q2.csv
spf_ecb,EA,rgdp_growth,2009,2004-07-15,point,,2.2948,yoy_pct,,unspecified,2026-07-06T11:16:55+00:00,spf_ecb_individual.zip:2004Q3.csv
spf_ecb,EA,rgdp_growth,2009,2004-10-15,point,,2.2447,yoy_pct,,unspecified,2026-07-06T11:16:55+00:00,spf_ecb_individual.zip:2004Q4.csv
spf_ecb,EA,rgdp_growth,2009,2005-01-15,point,,2.2591,yoy_pct,,unspecified,2026-07-06T11:16:55+00:00,spf_ecb_individual.zip:2005Q1.csv
spf_ecb,EA,rgdp_growth,2009,2005-04-15,point,,2.2023,yoy_pct,,unspecified,2026-07-06T11:16:55+00:00,spf_ecb_individual.zip:2005Q2.csv
spf_ecb,EA,rgdp_growth,2009,2007-07-15,point,,2.1762,yoy_pct,,unspecified,2026-07-06T11:16:55+00:00,spf_ecb_individual.zip:2007Q3.csv
spf_ecb,EA,rgdp_growth,2009,2007-10-15,point,,2.1736,yoy_pct,,unspecified,2026-07-06T11:16:55+00:00,spf_ecb_individual.zip:2007Q4.csv
spf_ecb,EA,rgdp_growth,2009,2008-01-15,point,,2.0372,yoy_pct,,unspecified,2026-07-06T11:16:55+00:00,spf_ecb_individual.zip:2008Q1.csv
spf_ecb,EA,rgdp_growth,2009,2008-04-15,point,,1.646,yoy_pct,,unspecified,2026-07-06T11:16:55+00:00,spf_ecb_individual.zip:2008Q2.csv
spf_ecb,EA,rgdp_growth,2009,2008-07-15,point,,1.2699,yoy_pct,,unspecified,2026-07-06T11:16:55+00:00,spf_ecb_individual.zip:2008Q3.csv
spf_ecb,EA,rgdp_growth,2009,2008-10-15,point,,0.3157,yoy_pct,,unspecified,2026-07-06T11:16:55+00:00,spf_ecb_individual.zip:2008Q4.csv
spf_ecb,EA,rgdp_growth,2009,2009-01-15,point,,-1.7124,yoy_pct,,unspecified,2026-07-06T11:16:55+00:00,spf_ecb_individual.zip:2009Q1.csv
spf_ecb,EA,rgdp_growth,2009,2009-04-15,point,,-3.3931,yoy_pct,,unspecified,2026-07-06T11:16:55+00:00,spf_ecb_individual.zip:2009Q2.csv
spf_ecb,EA,rgdp_growth,2009,2009-07-15,point,,-4.4847,yoy_pct,,unspecified,2026-07-06T11:16:55+00:00,spf_ecb_individual.zip:2009Q3.csv
spf_ecb,EA,rgdp_growth,2009,2009-10-15,point,,-3.9369,yoy_pct,,unspecified,2026-07-06T11:16:55+00:00,spf_ecb_individual.zip:2009Q4.csv
spf_ecb,EA,rgdp_growth,2009Q1,2007-07-15,point,,2.2053,yoy_pct,,unspecified,2026-07-06T11:16:55+00:00,spf_ecb_individual.zip:2007Q3.csv
spf_ecb,EA,rgdp_growth,2009Q1,2008-07-15,point,,0.8797,yoy_pct,,unspecified,2026-07-06T11:16:55+00:00,spf_ecb_individual.zip:2008Q3.csv
spf_ecb,EA,rgdp_growth,2009Q2,2007-10-15,point,,2.1722,yoy_pct,,unspecified,2026-07-06T11:16:55+00:00,spf_ecb_individual.zip:2007Q4.csv
spf_ecb,EA,rgdp_growth,2009Q2,2008-10-15,point,,0.1155,yoy_pct,,unspecified,2026-07-06T11:16:55+00:00,spf_ecb_individual.zip:2008Q4.csv
spf_ecb,EA,rgdp_growth,2009Q3,2008-01-15,point,,2.0896,yoy_pct,,unspecified,2026-07-06T11:16:55+00:00,spf_ecb_individual.zip:2008Q1.csv
spf_ecb,EA,rgdp_growth,2009Q3,2009-01-15,point,,-1.7755,yoy_pct,,unspecified,2026-07-06T11:16:55+00:00,spf_ecb_individual.zip:2009Q1.csv
spf_ecb,EA,rgdp_growth,2009Q4,2008-04-15,point,,1.8684,yoy_pct,,unspecified,2026-07-06T11:16:55+00:00,spf_ecb_individual.zip:2008Q2.csv
spf_ecb,EA,rgdp_growth,2009Q4,2009-04-15,point,,-1.9784,yoy_pct,,unspecified,2026-07-06T11:16:55+00:00,spf_ecb_individual.zip:2009Q2.csv
spf_ecb,EA,rgdp_growth,2010,2005-07-15,point,,2.0942,yoy_pct,,unspecified,2026-07-06T11:16:55+00:00,spf_ecb_individual.zip:2005Q3.csv
spf_ecb,EA,rgdp_growth,2010,2005-10-15,point,,2.0988,yoy_pct,,unspecified,2026-07-06T11:16:55+00:00,spf_ecb_individual.zip:2005Q4.csv
spf_ecb,EA,rgdp_growth,2010,2006-01-15,point,,2.0816,yoy_pct,,unspecified,2026-07-06T11:16:55+00:00,spf_ecb_individual.zip:2006Q1.csv
spf_ecb,EA,rgdp_growth,2010,2006-04-15,point,,2.0821,yoy_pct,,unspecified,2026-07-06T11:16:55+00:00,spf_ecb_individual.zip:2006Q2.csv
spf_ecb,EA,rgdp_growth,2010,2008-07-15,point,,1.8385,yoy_pct,,unspecified,2026-07-06T11:16:55+00:00,spf_ecb_individual.zip:2008Q3.csv
spf_ecb,EA,rgdp_growth,2010,2008-10-15,point,,1.3878,yoy_pct,,unspecified,2026-07-06T11:16:55+00:00,spf_ecb_individual.zip:2008Q4.csv
spf_ecb,EA,rgdp_growth,2010,2009-01-15,point,,0.6164,yoy_pct,,unspecified,2026-07-06T11:16:55+00:00,spf_ecb_individual.zip:2009Q1.csv
spf_ecb,EA,rgdp_growth,2010,2009-04-15,point,,0.2363,yoy_pct,,unspecified,2026-07-06T11:16:55+00:00,spf_ecb_individual.zip:2009Q2.csv
spf_ecb,EA,rgdp_growth,2010,2009-07-15,point,,0.305,yoy_pct,,unspecified,2026-07-06T11:16:55+00:00,spf_ecb_individual.zip:2009Q3.csv
spf_ecb,EA,rgdp_growth,2010,2009-10-15,point,,1.0367,yoy_pct,,unspecified,2026-07-06T11:16:55+00:00,spf_ecb_individual.zip:2009Q4.csv
spf_ecb,EA,rgdp_growth,2010,2010-01-15,point,,1.1922,yoy_pct,,unspecified,2026-07-06T11:16:55+00:00,spf_ecb_individual.zip:2010Q1.csv
spf_ecb,EA,rgdp_growth,2010,2010-04-15,point,,1.1068,yoy_pct,,unspecified,2026-07-06T11:16:55+00:00,spf_ecb_individual.zip:2010Q2.csv
spf_ecb,EA,rgdp_growth,2010,2010-07-15,point,,1.1024,yoy_pct,,unspecified,2026-07-06T11:16:55+00:00,spf_ecb_individual.zip:2010Q3.csv
spf_ecb,EA,rgdp_growth,2010,2010-10-15,point,,1.6173,yoy_pct,,unspecified,2026-07-06T11:16:55+00:00,spf_ecb_individual.zip:2010Q4.csv
spf_ecb,EA,rgdp_growth,2010Q1,2008-07-15,point,,1.6817,yoy_pct,,unspecified,2026-07-06T11:16:55+00:00,spf_ecb_individual.zip:2008Q3.csv
spf_ecb,EA,rgdp_growth,2010Q1,2009-07-15,point,,-0.4009,yoy_pct,,unspecified,2026-07-06T11:16:55+00:00,spf_ecb_individual.zip:2009Q3.csv
spf_ecb,EA,rgdp_growth,2010Q2,2008-10-15,point,,1.2468,yoy_pct,,unspecified,2026-07-06T11:16:55+00:00,spf_ecb_individual.zip:2008Q4.csv
spf_ecb,EA,rgdp_growth,2010Q2,2009-10-15,point,,1.1714,yoy_pct,,unspecified,2026-07-06T11:16:55+00:00,spf_ecb_individual.zip:2009Q4.csv
spf_ecb,EA,rgdp_growth,2010Q3,2009-01-15,point,,0.8754,yoy_pct,,unspecified,2026-07-06T11:16:55+00:00,spf_ecb_individual.zip:2009Q1.csv
spf_ecb,EA,rgdp_growth,2010Q3,2010-01-15,point,,1.2347,yoy_pct,,unspecified,2026-07-06T11:16:55+00:00,spf_ecb_individual.zip:2010Q1.csv
spf_ecb,EA,rgdp_growth,2010Q4,2009-04-15,point,,0.9224,yoy_pct,,unspecified,2026-07-06T11:16:55+00:00,spf_ecb_individual.zip:2009Q2.csv
spf_ecb,EA,rgdp_growth,2010Q4,2010-04-15,point,,1.4302,yoy_pct,,unspecified,2026-07-06T11:16:55+00:00,spf_ecb_individual.zip:2010Q2.csv
spf_ecb,EA,rgdp_growth,2011,2006-07-15,point,,2.069,yoy_pct,,unspecified,2026-07-06T11:16:55+00:00,spf_ecb_individual.zip:2006Q3.csv
spf_ecb,EA,rgdp_growth,2011,2006-10-15,point,,2.025,yoy_pct,,unspecified,2026-07-06T11:16:55+00:00,spf_ecb_individual.zip:2006Q4.csv
spf_ecb,EA,rgdp_growth,2011,2007-01-15,point,,2.0533,yoy_pct,,unspecified,2026-07-06T11:16:55+00:00,spf_ecb_individual.zip:2007Q1.csv
spf_ecb,EA,rgdp_growth,2011,2007-04-15,point,,2.1128,yoy_pct,,unspecified,2026-07-06T11:16:55+00:00,spf_ecb_individual.zip:2007Q2.csv
spf_ecb,EA,rgdp_growth,2011,2009-07-15,point,,1.5346,yoy_pct,,unspecified,2026-07-06T11:16:55+00:00,spf_ecb_individual.zip:2009Q3.csv
spf_ecb,EA,rgdp_growth,2011,2009-10-15,point,,1.6439,yoy_pct,,unspecified,2026-07-06T11:16:55+00:00,spf_ecb_individual.zip:2009Q4.csv
spf_ecb,EA,rgdp_growth,2011,2010-01-15,point,,1.5569,yoy_pct,,unspecified,2026-07-06T11:16:55+00:00,spf_ecb_individual.zip:2010Q1.csv
spf_ecb,EA,rgdp_growth,2011,2010-04-15,point,,1.5343,yoy_pct,,unspecified,2026-07-06T11:16:55+00:00,spf_ecb_individual.zip:2010Q2.csv
spf_ecb,EA,rgdp_growth,2011,2010-07-15,point,,1.3527,yoy_pct,,unspecified,2026-07-06T11:16:55+00:00,spf_ecb_individual.zip:2010Q3.csv
spf_ecb,EA,rgdp_growth,2011,2010-10-15,point,,1.4878,yoy_pct,,unspecified,2026-07-06T11:16:55+00:00,spf_ecb_individual.zip:2010Q4.csv
spf_ecb,EA,rgdp_growth,2011,2011-01-15,point,,1.5986,yoy_pct,,unspecified,2026-07-06T11:16:55+00:00,spf_ecb_individual.zip:2011Q1.csv
spf_ecb,EA,rgdp_growth,2011,2011-04-15,point,,1.7006,yoy_pct,,unspecified,2026-07-06T11:16:55+00:00,spf_ecb_individual.zip:2011Q2.csv
spf_ecb,EA,rgdp_growth,2011,2011-07-15,point,,1.9494,yoy_pct,,unspecified,2026-07-06T11:16:55+00:00,spf_ecb_individual.zip:2011Q3.csv
spf_ecb,EA,rgdp_growth,2011,2011-10-15,point,,1.6296,yoy_pct,,unspecified,2026-07-06T11:16:55+00:00,spf_ecb_individual.zip:2011Q4.csv
spf_ecb,EA,rgdp_growth,2011Q1,2009-07-15,point,,1.2623,yoy_pct,,unspecified,2026-07-06T11:16:55+00:00,spf_ecb_individual.zip:2009Q3.csv
spf_ecb,EA,rgdp_growth,2011Q1,2010-07-15,point,,1.3575,yoy_pct,,unspecified,2026-07-06T11:16:55+00:00,spf_ecb_individual.zip:2010Q3.csv
spf_ecb,EA,rgdp_growth,2011Q2,2009-10-15,point,,1.6294,yoy_pct,,unspecified,2026-07-06T11:16:55+00:00,spf_ecb_individual.zip:2009Q4.csv
spf_ecb,EA,rgdp_growth,2011Q2,2010-10-15,point,,1.3478,yoy_pct,,unspecified,2026-07-06T11:16:55+00:00,spf_ecb_individual.zip:2010Q4.csv
spf_ecb,EA,rgdp_growth,2011Q3,2010-01-15,point,,1.6331,yoy_pct,,unspecified,2026-07-06T11:16:55+00:00,spf_ecb_individual.zip:2010Q1.csv
spf_ecb,EA,rgdp_growth,2011Q3,2011-01-15,point,,1.4415,yoy_pct,,unspecified,2026-07-06T11:16:55+00:00,spf_ecb_individual.zip:2011Q1.csv
spf_ecb,EA,rgdp_growth,2011Q4,2010-04-15,point,,1.6443,yoy_pct,,unspecified,2026-07-06T11:16:55+00:00,spf_ecb_individual.zip:2010Q2.csv
spf_ecb,EA,rgdp_growth,2011Q4,2011-04-15,point,,1.6056,yoy_pct,,unspecified,2026-07-06T11:16:55+00:00,spf_ecb_individual.zip:2011Q2.csv
spf_ecb,EA,rgdp_growth,2012,2007-07-15,point,,2.2113,yoy_pct,,unspecified,2026-07-06T11:16:55+00:00,spf_ecb_individual.zip:2007Q3.csv
spf_ecb,EA,rgdp_growth,2012,2007-10-15,point,,2.15,yoy_pct,,unspecified,2026-07-06T11:16:55+00:00,spf_ecb_individual.zip:2007Q4.csv
spf_ecb,EA,rgdp_growth,2012,2008-01-15,point,,2.0829,yoy_pct,,unspecified,2026-07-06T11:16:55+00:00,spf_ecb_individual.zip:2008Q1.csv
spf_ecb,EA,rgdp_growth,2012,2008-04-15,point,,2.1163,yoy_pct,,unspecified,2026-07-06T11:16:55+00:00,spf_ecb_individual.zip:2008Q2.csv
spf_ecb,EA,rgdp_growth,2012,2010-07-15,point,,1.6438,yoy_pct,,unspecified,2026-07-06T11:16:55+00:00,spf_ecb_individual.zip:2010Q3.csv
spf_ecb,EA,rgdp_growth,2012,2010-10-15,point,,1.6668,yoy_pct,,unspecified,2026-07-06T11:16:55+00:00,spf_ecb_individual.zip:2010Q4.csv
spf_ecb,EA,rgdp_growth,2012,2011-01-15,point,,1.7285,yoy_pct,,unspecified,2026-07-06T11:16:55+00:00,spf_ecb_individual.zip:2011Q1.csv
spf_ecb,EA,rgdp_growth,2012,2011-04-15,point,,1.6626,yoy_pct,,unspecified,2026-07-06T11:16:55+00:00,spf_ecb_individual.zip:2011Q2.csv
spf_ecb,EA,rgdp_growth,2012,2011-07-15,point,,1.627,yoy_pct,,unspecified,2026-07-06T11:16:55+00:00,spf_ecb_individual.zip:2011Q3.csv
spf_ecb,EA,rgdp_growth,2012,2011-10-15,point,,0.8189,yoy_pct,,unspecified,2026-07-06T11:16:55+00:00,spf_ecb_individual.zip:2011Q4.csv
spf_ecb,EA,rgdp_growth,2012,2012-01-15,point,,-0.0818,yoy_pct,,unspecified,2026-07-06T11:16:55+00:00,spf_ecb_individual.zip:2012Q1.csv
spf_ecb,EA,rgdp_growth,2012,2012-04-15,point,,-0.2246,yoy_pct,,unspecified,2026-07-06T11:16:55+00:00,spf_ecb_individual.zip:2012Q2.csv
spf_ecb,EA,rgdp_growth,2012,2012-07-15,point,,-0.3417,yoy_pct,,unspecified,2026-07-06T11:16:55+00:00,spf_ecb_individual.zip:2012Q3.csv
spf_ecb,EA,rgdp_growth,2012,2012-10-15,point,,-0.4505,yoy_pct,,unspecified,2026-07-06T11:16:55+00:00,spf_ecb_individual.zip:2012Q4.csv
spf_ecb,EA,rgdp_growth,2012Q1,2010-07-15,point,,1.4454,yoy_pct,,unspecified,2026-07-06T11:16:55+00:00,spf_ecb_individual.zip:2010Q3.csv
spf_ecb,EA,rgdp_growth,2012Q1,2011-07-15,point,,1.4973,yoy_pct,,unspecified,2026-07-06T11:16:55+00:00,spf_ecb_individual.zip:2011Q3.csv
spf_ecb,EA,rgdp_growth,2012Q2,2010-10-15,point,,1.6057,yoy_pct,,unspecified,2026-07-06T11:16:55+00:00,spf_ecb_individual.zip:2010Q4.csv
spf_ecb,EA,rgdp_growth,2012Q2,2011-10-15,point,,0.6821,yoy_pct,,unspecified,2026-07-06T11:16:55+00:00,spf_ecb_individual.zip:2011Q4.csv
spf_ecb,EA,rgdp_growth,2012Q3,2011-01-15,point,,1.7603,yoy_pct,,unspecified,2026-07-06T11:16:55+00:00,spf_ecb_individual.zip:2011Q1.csv
spf_ecb,EA,rgdp_growth,2012Q3,2012-01-15,point,,0.0736,yoy_pct,,unspecified,2026-07-06T11:16:55+00:00,spf_ecb_individual.zip:2012Q1.csv
spf_ecb,EA,rgdp_growth,2012Q4,2011-04-15,point,,1.7629,yoy_pct,,unspecified,2026-07-06T11:16:55+00:00,spf_ecb_individual.zip:2011Q2.csv
spf_ecb,EA,rgdp_growth,2012Q4,2012-04-15,point,,0.2226,yoy_pct,,unspecified,2026-07-06T11:16:55+00:00,spf_ecb_individual.zip:2012Q2.csv
spf_ecb,EA,rgdp_growth,2013,2008-07-15,point,,2.0645,yoy_pct,,unspecified,2026-07-06T11:16:55+00:00,spf_ecb_individual.zip:2008Q3.csv
spf_ecb,EA,rgdp_growth,2013,2008-10-15,point,,2.0397,yoy_pct,,unspecified,2026-07-06T11:16:55+00:00,spf_ecb_individual.zip:2008Q4.csv
spf_ecb,EA,rgdp_growth,2013,2009-01-15,point,,1.9535,yoy_pct,,unspecified,2026-07-06T11:16:55+00:00,spf_ecb_individual.zip:2009Q1.csv
spf_ecb,EA,rgdp_growth,2013,2009-04-15,point,,1.9267,yoy_pct,,unspecified,2026-07-06T11:16:55+00:00,spf_ecb_individual.zip:2009Q2.csv
spf_ecb,EA,rgdp_growth,2013,2011-07-15,point,,1.8267,yoy_pct,,unspecified,2026-07-06T11:16:55+00:00,spf_ecb_individual.zip:2011Q3.csv
spf_ecb,EA,rgdp_growth,2013,2011-10-15,point,,1.5571,yoy_pct,,unspecified,2026-07-06T11:16:55+00:00,spf_ecb_individual.zip:2011Q4.csv
spf_ecb,EA,rgdp_growth,2013,2012-01-15,point,,1.088,yoy_pct,,unspecified,2026-07-06T11:16:55+00:00,spf_ecb_individual.zip:2012Q1.csv
spf_ecb,EA,rgdp_growth,2013,2012-04-15,point,,0.9677,yoy_pct,,unspecified,2026-07-06T11:16:55+00:00,spf_ecb_individual.zip:2012Q2.csv
spf_ecb,EA,rgdp_growth,2013,2012-07-15,point,,0.6498,yoy_pct,,unspecified,2026-07-06T11:16:55+00:00,spf_ecb_individual.zip:2012Q3.csv
spf_ecb,EA,rgdp_growth,2013,2012-10-15,point,,0.2998,yoy_pct,,unspecified,2026-07-06T11:16:55+00:00,spf_ecb_individual.zip:2012Q4.csv
spf_ecb,EA,rgdp_growth,2013,2013-01-15,point,,-0.0429,yoy_pct,,unspecified,2026-07-06T11:16:55+00:00,spf_ecb_individual.zip:2013Q1.csv
spf_ecb,EA,rgdp_growth,2013,2013-04-15,point,,-0.3653,yoy_pct,,unspecified,2026-07-06T11:16:55+00:00,spf_ecb_individual.zip:2013Q2.csv
spf_ecb,EA,rgdp_growth,2013,2013-07-15,point,,-0.6092,yoy_pct,,unspecified,2026-07-06T11:16:55+00:00,spf_ecb_individual.zip:2013Q3.csv
spf_ecb,EA,rgdp_growth,2013,2013-10-15,point,,-0.3929,yoy_pct,,unspecified,2026-07-06T11:16:55+00:00,spf_ecb_individual.zip:2013Q4.csv
spf_ecb,EA,rgdp_growth,2013Q1,2011-07-15,point,,1.8078,yoy_pct,,unspecified,2026-07-06T11:16:55+00:00,spf_ecb_individual.zip:2011Q3.csv
spf_ecb,EA,rgdp_growth,2013Q1,2012-07-15,point,,0.0908,yoy_pct,,unspecified,2026-07-06T11:16:55+00:00,spf_ecb_individual.zip:2012Q3.csv
spf_ecb,EA,rgdp_growth,2013Q2,2011-10-15,point,,1.5031,yoy_pct,,unspecified,2026-07-06T11:16:55+00:00,spf_ecb_individual.zip:2011Q4.csv
spf_ecb,EA,rgdp_growth,2013Q2,2012-10-15,point,,0.1294,yoy_pct,,unspecified,2026-07-06T11:16:55+00:00,spf_ecb_individual.zip:2012Q4.csv
spf_ecb,EA,rgdp_growth,2013Q3,2012-01-15,point,,1.1627,yoy_pct,,unspecified,2026-07-06T11:16:55+00:00,spf_ecb_individual.zip:2012Q1.csv
spf_ecb,EA,rgdp_growth,2013Q3,2013-01-15,point,,0.0959,yoy_pct,,unspecified,2026-07-06T11:16:55+00:00,spf_ecb_individual.zip:2013Q1.csv
spf_ecb,EA,rgdp_growth,2013Q4,2012-04-15,point,,1.2285,yoy_pct,,unspecified,2026-07-06T11:16:55+00:00,spf_ecb_individual.zip:2012Q2.csv
spf_ecb,EA,rgdp_growth,2013Q4,2013-04-15,point,,0.3861,yoy_pct,,unspecified,2026-07-06T11:16:55+00:00,spf_ecb_individual.zip:2013Q2.csv
spf_ecb,EA,rgdp_growth,2014,2009-07-15,point,,1.9173,yoy_pct,,unspecified,2026-07-06T11:16:55+00:00,spf_ecb_individual.zip:2009Q3.csv
spf_ecb,EA,rgdp_growth,2014,2009-10-15,point,,1.9015,yoy_pct,,unspecified,2026-07-06T11:16:55+00:00,spf_ecb_individual.zip:2009Q4.csv
spf_ecb,EA,rgdp_growth,2014,2010-01-15,point,,1.8276,yoy_pct,,unspecified,2026-07-06T11:16:55+00:00,spf_ecb_individual.zip:2010Q1.csv
spf_ecb,EA,rgdp_growth,2014,2010-04-15,point,,1.8353,yoy_pct,,unspecified,2026-07-06T11:16:55+00:00,spf_ecb_individual.zip:2010Q2.csv
spf_ecb,EA,rgdp_growth,2014,2012-07-15,point,,1.3939,yoy_pct,,unspecified,2026-07-06T11:16:55+00:00,spf_ecb_individual.zip:2012Q3.csv
spf_ecb,EA,rgdp_growth,2014,2012-10-15,point,,1.2873,yoy_pct,,unspecified,2026-07-06T11:16:55+00:00,spf_ecb_individual.zip:2012Q4.csv
spf_ecb,EA,rgdp_growth,2014,2013-01-15,point,,1.0565,yoy_pct,,unspecified,2026-07-06T11:16:55+00:00,spf_ecb_individual.zip:2013Q1.csv
spf_ecb,EA,rgdp_growth,2014,2013-04-15,point,,1.0172,yoy_pct,,unspecified,2026-07-06T11:16:55+00:00,spf_ecb_individual.zip:2013Q2.csv
spf_ecb,EA,rgdp_growth,2014,2013-07-15,point,,0.8924,yoy_pct,,unspecified,2026-07-06T11:16:55+00:00,spf_ecb_individual.zip:2013Q3.csv
spf_ecb,EA,rgdp_growth,2014,2013-10-15,point,,1.0483,yoy_pct,,unspecified,2026-07-06T11:16:55+00:00,spf_ecb_individual.zip:2013Q4.csv
spf_ecb,EA,rgdp_growth,2014,2014-01-15,point,,1.0151,yoy_pct,,unspecified,2026-07-06T11:16:55+00:00,spf_ecb_individual.zip:2014Q1.csv
spf_ecb,EA,rgdp_growth,2014,2014-04-15,point,,1.1372,yoy_pct,,unspecified,2026-07-06T11:16:55+00:00,spf_ecb_individual.zip:2014Q2.csv
spf_ecb,EA,rgdp_growth,2014,2014-07-15,point,,1.0069,yoy_pct,,unspecified,2026-07-06T11:16:55+00:00,spf_ecb_individual.zip:2014Q3.csv
spf_ecb,EA,rgdp_growth,2014,2014-10-15,point,,0.7763,yoy_pct,,unspecified,2026-07-06T11:16:55+00:00,spf_ecb_individual.zip:2014Q4.csv
spf_ecb,EA,rgdp_growth,2014Q1,2012-07-15,point,,1.246,yoy_pct,,unspecified,2026-07-06T11:16:55+00:00,spf_ecb_individual.zip:2012Q3.csv
spf_ecb,EA,rgdp_growth,2014Q1,2013-07-15,point,,0.5998,yoy_pct,,unspecified,2026-07-06T11:16:55+00:00,spf_ecb_individual.zip:2013Q3.csv
spf_ecb,EA,rgdp_growth,2014Q2,2012-10-15,point,,1.1977,yoy_pct,,unspecified,2026-07-06T11:16:55+00:00,spf_ecb_individual.zip:2012Q4.csv
spf_ecb,EA,rgdp_growth,2014Q2,2013-10-15,point,,0.9107,yoy_pct,,unspecified,2026-07-06T11:16:55+00:00,spf_ecb_individual.zip:2013Q4.csv
spf_ecb,EA,rgdp_growth,2014Q3,2013-01-15,point,,1.1354,yoy_pct,,unspecified,2026-07-06T11:16:55+00:00,spf_ecb_individual.zip:2013Q1.csv
spf_ecb,EA,rgdp_growth,2014Q3,2014-01-15,point,,1.1157,yoy_pct,,unspecified,2026-07-06T11:16:55+00:00,spf_ecb_individual.zip:2014Q1.csv
spf_ecb,EA,rgdp_growth,2014Q4,2013-04-15,point,,1.2216,yoy_pct,,unspecified,2026-07-06T11:16:55+00:00,spf_ecb_individual.zip:2013Q2.csv
spf_ecb,EA,rgdp_growth,2014Q4,2014-04-15,point,,1.2975,yoy_pct,,unspecified,2026-07-06T11:16:55+00:00,spf_ecb_individual.zip:2014Q2.csv
spf_ecb,EA,rgdp_growth,2015,2010-07-15,point,,1.8469,yoy_pct,,unspecified,2026-07-06T11:16:55+00:00,spf_ecb_individual.zip:2010Q3.csv
spf_ecb,EA,rgdp_growth,2015,2010-10-15,point,,1.8025,yoy_pct,,unspecified,2026-07-06T11:16:55+00:00,spf_ecb_individual.zip:2010Q4.csv
spf_ecb,EA,rgdp_growth,2015,2011-01-15,point,,1.9149,yoy_pct,,unspecified,2026-07-06T11:16:55+00:00,spf_ecb_individual.zip:2011Q1.csv
spf_ecb,EA,rgdp_growth,2015,2011-04-15,point,,1.8874,yoy_pct,,unspecified,2026-07-06T11:16:55+00:00,spf_ecb_individual.zip:2011Q2.csv
spf_ecb,EA,rgdp_growth,2015,2013-01-15,point,,1.5877,yoy_pct,,unspecified,2026-07-06T11:16:55+00:00,spf_ecb_individual.zip:2013Q1.csv
spf_ecb,EA,rgdp_growth,2015,2013-04-15,point,,1.5585,yoy_pct,,unspecified,2026-07-06T11:16:55+00:00,spf_ecb_individual.zip:2013Q2.csv
spf_ecb,EA,rgdp_growth,2015,2013-07-15,point,,1.4603,yoy_pct,,unspecified,2026-07-06T11:16:55+00:00,spf_ecb_individual.zip:2013Q3.csv
spf_ecb,EA,rgdp_growth,2015,2013-10-15,point,,1.5158,yoy_pct,,unspecified,2026-07-06T11:16:55+00:00,spf_ecb_individual.zip:2013Q4.csv
spf_ecb,EA,rgdp_growth,2015,2014-01-15,point,,1.4833,yoy_pct,,unspecified,2026-07-06T11:16:55+00:00,spf_ecb_individual.zip:2014Q1.csv
spf_ecb,EA,rgdp_growth,2015,2014-04-15,point,,1.503,yoy_pct,,unspecified,2026-07-06T11:16:55+00:00,spf_ecb_individual.zip:2014Q2.csv
spf_ecb,EA,rgdp_growth,2015,2014-07-15,point,,1.4681,yoy_pct,,unspecified,2026-07-06T11:16:55+00:00,spf_ecb_individual.zip:2014Q3.csv
spf_ecb,EA,rgdp_growth,2015,2014-10-15,point,,1.1582,yoy_pct,,unspecified,2026-07-06T11:16:55+00:00,spf_ecb_individual.zip:2014Q4.csv
spf_ecb,EA,rgdp_growth,2015,2015-01-15,point,,1.0893,yoy_pct,,unspecified,2026-07-06T11:16:55+00:00,spf_ecb_individual.zip:2015Q1.csv
spf_ecb,EA,rgdp_growth,2015,2015-04-15,point,,1.39,yoy_pct,,unspecified,2026-07-06T11:16:55+00:00,spf_ecb_individual.zip:2015Q2.csv
spf_ecb,EA,rgdp_growth,2015,2015-07-15,point,,1.4391,yoy_pct,,unspecified,2026-07-06T11:16:55+00:00,spf_ecb_individual.zip:2015Q3.csv
spf_ecb,EA,rgdp_growth,2015,2015-10-15,point,,1.4891,yoy_pct,,unspecified,2026-07-06T11:16:55+00:00,spf_ecb_individual.zip:2015Q4.csv
spf_ecb,EA,rgdp_growth,2015Q1,2013-07-15,point,,1.2294,yoy_pct,,unspecified,2026-07-06T11:16:55+00:00,spf_ecb_individual.zip:2013Q3.csv
spf_ecb,EA,rgdp_growth,2015Q1,2014-07-15,point,,1.3037,yoy_pct,,unspecified,2026-07-06T11:16:55+00:00,spf_ecb_individual.zip:2014Q3.csv
spf_ecb,EA,rgdp_growth,2015Q2,2013-10-15,point,,1.4665,yoy_pct,,unspecified,2026-07-06T11:16:55+00:00,spf_ecb_individual.zip:2013Q4.csv
spf_ecb,EA,rgdp_growth,2015Q2,2014-10-15,point,,1.0337,yoy_pct,,unspecified,2026-07-06T11:16:55+00:00,spf_ecb_individual.zip:2014Q4.csv
spf_ecb,EA,rgdp_growth,2015Q3,2014-01-15,point,,1.4929,yoy_pct,,unspecified,2026-07-06T11:16:55+00:00,spf_ecb_individual.zip:2014Q1.csv
spf_ecb,EA,rgdp_growth,2015Q3,2015-01-15,point,,1.2057,yoy_pct,,unspecified,2026-07-06T11:16:55+00:00,spf_ecb_individual.zip:2015Q1.csv
spf_ecb,EA,rgdp_growth,2015Q4,2014-04-15,point,,1.5957,yoy_pct,,unspecified,2026-07-06T11:16:55+00:00,spf_ecb_individual.zip:2014Q2.csv
spf_ecb,EA,rgdp_growth,2015Q4,2015-04-15,point,,1.6998,yoy_pct,,unspecified,2026-07-06T11:16:55+00:00,spf_ecb_individual.zip:2015Q2.csv
spf_ecb,EA,rgdp_growth,2016,2011-07-15,point,,1.8589,yoy_pct,,unspecified,2026-07-06T11:16:55+00:00,spf_ecb_individual.zip:2011Q3.csv
spf_ecb,EA,rgdp_growth,2016,2011-10-15,point,,1.8017,yoy_pct,,unspecified,2026-07-06T11:16:55+00:00,spf_ecb_individual.zip:2011Q4.csv
spf_ecb,EA,rgdp_growth,2016,2012-01-15,point,,1.7548,yoy_pct,,unspecified,2026-07-06T11:16:55+00:00,spf_ecb_individual.zip:2012Q1.csv
spf_ecb,EA,rgdp_growth,2016,2012-04-15,point,,1.7835,yoy_pct,,unspecified,2026-07-06T11:16:55+00:00,spf_ecb_individual.zip:2012Q2.csv
spf_ecb,EA,rgdp_growth,2016,2014-01-15,point,,1.6616,yoy_pct,,unspecified,2026-07-06T11:16:55+00:00,spf_ecb_individual.zip:2014Q1.csv
spf_ecb,EA,rgdp_growth,2016,2014-04-15,point,,1.6767,yoy_pct,,unspecified,2026-07-06T11:16:55+00:00,spf_ecb_individual.zip:2014Q2.csv
spf_ecb,EA,rgdp_growth,2016,2014-07-15,point,,1.7116,yoy_pct,,unspecified,2026-07-06T11:16:55+00:00,spf_ecb_individual.zip:2014Q3.csv
spf_ecb,EA,rgdp_growth,2016,2014-10-15,point,,1.5372,yoy_pct,,unspecified,2026-07-06T11:16:55+00:00,spf_ecb_individual.zip:2014Q4.csv
spf_ecb,EA,rgdp_growth,2016,2015-01-15,point,,1.5159,yoy_pct,,unspecified,2026-07-06T11:16:55+00:00,spf_ecb_individual.zip:2015Q1.csv
spf_ecb,EA,rgdp_growth,2016,2015-04-15,point,,1.7295,yoy_pct,,unspecified,2026-07-06T11:16:55+00:00,spf_ecb_individual.zip:2015Q2.csv
spf_ecb,EA,rgdp_growth,2016,2015-07-15,point,,1.7709,yoy_pct,,unspecified,2026-07-06T11:16:55+00:00,spf_ecb_individual.zip:2015Q3.csv
spf_ecb,EA,rgdp_growth,2016,2015-10-15,point,,1.7293,yoy_pct,,unspecified,2026-07-06T11:16:55+00:00,spf_ecb_individual.zip:2015Q4.csv
spf_ecb,EA,rgdp_growth,2016,2016-01-15,point,,1.6751,yoy_pct,,unspecified,2026-07-06T11:16:55+00:00,spf_ecb_individual.zip:2016Q1.csv
spf_ecb,EA,rgdp_growth,2016,2016-04-15,point,,1.4902,yoy_pct,,unspecified,2026-07-06T11:16:55+00:00,spf_ecb_individual.zip:2016Q2.csv
spf_ecb,EA,rgdp_growth,2016,2016-07-15,point,,1.5305,yoy_pct,,unspecified,2026-07-06T11:16:55+00:00,spf_ecb_individual.zip:2016Q3.csv
spf_ecb,EA,rgdp_growth,2016,2016-10-15,point,,1.5783,yoy_pct,,unspecified,2026-07-06T11:16:55+00:00,spf_ecb_individual.zip:2016Q4.csv
spf_ecb,EA,rgdp_growth,2016Q1,2014-07-15,point,,1.624,yoy_pct,,unspecified,2026-07-06T11:16:55+00:00,spf_ecb_individual.zip:2014Q3.csv
spf_ecb,EA,rgdp_growth,2016Q1,2015-07-15,point,,1.7534,yoy_pct,,unspecified,2026-07-06T11:16:55+00:00,spf_ecb_individual.zip:2015Q3.csv
spf_ecb,EA,rgdp_growth,2016Q2,2014-10-15,point,,1.4689,yoy_pct,,unspecified,2026-07-06T11:16:55+00:00,spf_ecb_individual.zip:2014Q4.csv
spf_ecb,EA,rgdp_growth,2016Q2,2015-10-15,point,,1.719,yoy_pct,,unspecified,2026-07-06T11:16:55+00:00,spf_ecb_individual.zip:2015Q4.csv
spf_ecb,EA,rgdp_growth,2016Q3,2015-01-15,point,,1.5468,yoy_pct,,unspecified,2026-07-06T11:16:55+00:00,spf_ecb_individual.zip:2015Q1.csv
spf_ecb,EA,rgdp_growth,2016Q3,2016-01-15,point,,1.7094,yoy_pct,,unspecified,2026-07-06T11:16:55+00:00,spf_ecb_individual.zip:2016Q1.csv
spf_ecb,EA,rgdp_growth,2016Q4,2015-04-15,point,,1.7554,yoy_pct,,unspecified,2026-07-06T11:16:55+00:00,spf_ecb_individual.zip:2015Q2.csv
spf_ecb,EA,rgdp_growth,2016Q4,2016-04-15,point,,1.6046,yoy_pct,,unspecified,2026-07-06T11:16:55+00:00,spf_ecb_individual.zip:2016Q2.csv
spf_ecb,EA,rgdp_growth,2017,2012-07-15,point,,1.7985,yoy_pct,,unspecified,2026-07-06T11:16:55+00:00,spf_ecb_individual.zip:2012Q3.csv
spf_ecb,EA,rgdp_growth,2017,2012-10-15,point,,1.7507,yoy_pct,,unspecified,2026-07-06T11:16:55+00:00,spf_ecb_individual.zip:2012Q4.csv
spf_ecb,EA,rgdp_growth,2017,2013-01-15,point,,1.7583,yoy_pct,,unspecified,2026-07-06T11:16:55+00:00,spf_ecb_individual.zip:2013Q1.csv
spf_ecb,EA,rgdp_growth,2017,2013-04-15,point,,1.761,yoy_pct,,unspecified,2026-07-06T11:16:55+00:00,spf_ecb_individual.zip:2013Q2.csv
spf_ecb,EA,rgdp_growth,2017,2015-01-15,point,,1.6743,yoy_pct,,unspecified,2026-07-06T11:16:55+00:00,spf_ecb_individual.zip:2015Q1.csv
spf_ecb,EA,rgdp_growth,2017,2015-04-15,point,,1.7815,yoy_pct,,unspecified,2026-07-06T11:16:55+00:00,spf_ecb_individual.zip:2015Q2.csv
spf_ecb,EA,rgdp_growth,2017,2015-07-15,point,,1.8014,yoy_pct,,unspecified,2026-07-06T11:16:55+00:00,spf_ecb_individual.zip:2015Q3.csv
spf_ecb,EA,rgdp_growth,2017,2015-10-15,point,,1.7628,yoy_pct,,unspecified,2026-07-06T11:16:55+00:00,spf_ecb_individual.zip:2015Q4.csv
spf_ecb,EA,rgdp_growth,2017,2016-01-15,point,,1.7648,yoy_pct,,unspecified,2026-07-06T11:16:55+00:00,spf_ecb_individual.zip:2016Q1.csv
spf_ecb,EA,rgdp_growth,2017,2016-04-15,point,,1.6407,yoy_pct,,unspecified,2026-07-06T11:16:55+00:00,spf_ecb_individual.zip:2016Q2.csv
spf_ecb,EA,rgdp_growth,2017,2016-07-15,point,,1.4428,yoy_pct,,unspecified,2026-07-06T11:16:55+00:00,spf_ecb_individual.zip:2016Q3.csv
spf_ecb,EA,rgdp_growth,2017,2016-10-15,point,,1.4337,yoy_pct,,unspecified,2026-07-06T11:16:55+00:00,spf_ecb_individual.zip:2016Q4.csv
spf_ecb,EA,rgdp_growth,2017,2017-01-15,point,,1.5392,yoy_pct,,unspecified,2026-07-06T11:16:55+00:00,spf_ecb_individual.zip:2017Q1.csv
spf_ecb,EA,rgdp_growth,2017,2017-04-15,point,,1.6589,yoy_pct,,unspecified,2026-07-06T11:16:55+00:00,spf_ecb_individual.zip:2017Q2.csv
spf_ecb,EA,rgdp_growth,2017,2017-07-15,point,,1.9378,yoy_pct,,unspecified,2026-07-06T11:16:55+00:00,spf_ecb_individual.zip:2017Q3.csv
spf_ecb,EA,rgdp_growth,2017,2017-10-15,point,,2.1525,yoy_pct,,unspecified,2026-07-06T11:16:55+00:00,spf_ecb_individual.zip:2017Q4.csv
spf_ecb,EA,rgdp_growth,2017Q1,2015-07-15,point,,1.7564,yoy_pct,,unspecified,2026-07-06T11:16:55+00:00,spf_ecb_individual.zip:2015Q3.csv
spf_ecb,EA,rgdp_growth,2017Q1,2016-07-15,point,,1.326,yoy_pct,,unspecified,2026-07-06T11:16:55+00:00,spf_ecb_individual.zip:2016Q3.csv
spf_ecb,EA,rgdp_growth,2017Q2,2015-10-15,point,,1.7402,yoy_pct,,unspecified,2026-07-06T11:16:55+00:00,spf_ecb_individual.zip:2015Q4.csv
spf_ecb,EA,rgdp_growth,2017Q2,2016-10-15,point,,1.3773,yoy_pct,,unspecified,2026-07-06T11:16:55+00:00,spf_ecb_individual.zip:2016Q4.csv
spf_ecb,EA,rgdp_growth,2017Q3,2016-01-15,point,,1.7473,yoy_pct,,unspecified,2026-07-06T11:16:55+00:00,spf_ecb_individual.zip:2016Q1.csv
spf_ecb,EA,rgdp_growth,2017Q3,2017-01-15,point,,1.5661,yoy_pct,,unspecified,2026-07-06T11:16:55+00:00,spf_ecb_individual.zip:2017Q1.csv
spf_ecb,EA,rgdp_growth,2017Q4,2016-04-15,point,,1.6097,yoy_pct,,unspecified,2026-07-06T11:16:55+00:00,spf_ecb_individual.zip:2016Q2.csv
spf_ecb,EA,rgdp_growth,2017Q4,2017-04-15,point,,1.6263,yoy_pct,,unspecified,2026-07-06T11:16:55+00:00,spf_ecb_individual.zip:2017Q2.csv
spf_ecb,EA,rgdp_growth,2018,2013-07-15,point,,1.7179,yoy_pct,,unspecified,2026-07-06T11:16:55+00:00,spf_ecb_individual.zip:2013Q3.csv
spf_ecb,EA,rgdp_growth,2018,2013-10-15,point,,1.6909,yoy_pct,,unspecified,2026-07-06T11:16:55+00:00,spf_ecb_individual.zip:2013Q4.csv
spf_ecb,EA,rgdp_growth,2018,2014-01-15,point,,1.7555,yoy_pct,,unspecified,2026-07-06T11:16:55+00:00,spf_ecb_individual.zip:2014Q1.csv
spf_ecb,EA,rgdp_growth,2018,2014-04-15,point,,1.7489,yoy_pct,,unspecified,2026-07-06T11:16:55+00:00,spf_ecb_individual.zip:2014Q2.csv
spf_ecb,EA,rgdp_growth,2018,2016-01-15,point,,1.7022,yoy_pct,,unspecified,2026-07-06T11:16:55+00:00,spf_ecb_individual.zip:2016Q1.csv
spf_ecb,EA,rgdp_growth,2018,2016-04-15,point,,1.6508,yoy_pct,,unspecified,2026-07-06T11:16:55+00:00,spf_ecb_individual.zip:2016Q2.csv
spf_ecb,EA,rgdp_growth,2018,2016-07-15,point,,1.5668,yoy_pct,,unspecified,2026-07-06T11:16:55+00:00,spf_ecb_individual.zip:2016Q3.csv
spf_ecb,EA,rgdp_growth,2018,2016-10-15,point,,1.5281,yoy_pct,,unspecified,2026-07-06T11:16:55+00:00,spf_ecb_individual.zip:2016Q4.csv
spf_ecb,EA,rgdp_growth,2018,2017-01-15,point,,1.5422,yoy_pct,,unspecified,2026-07-06T11:16:55+00:00,spf_ecb_individual.zip:2017Q1.csv
spf_ecb,EA,rgdp_growth,2018,2017-04-15,point,,1.5967,yoy_pct,,unspecified,2026-07-06T11:16:55+00:00,spf_ecb_individual.zip:2017Q2.csv
spf_ecb,EA,rgdp_growth,2018,2017-07-15,point,,1.7629,yoy_pct,,unspecified,2026-07-06T11:16:55+00:00,spf_ecb_individual.zip:2017Q3.csv
spf_ecb,EA,rgdp_growth,2018,2017-10-15,point,,1.9231,yoy_pct,,unspecified,2026-07-06T11:16:55+00:00,spf_ecb_individual.zip:2017Q4.csv
spf_ecb,EA,rgdp_growth,2018,2018-01-15,point,,2.2576,yoy_pct,,unspecified,2026-07-06T11:16:55+00:00,spf_ecb_individual.zip:2018Q1.csv
spf_ecb,EA,rgdp_growth,2018,2018-04-15,point,,2.383,yoy_pct,,unspecified,2026-07-06T11:16:55+00:00,spf_ecb_individual.zip:2018Q2.csv
spf_ecb,EA,rgdp_growth,2018,2018-07-15,point,,2.1611,yoy_pct,,unspecified,2026-07-06T11:16:55+00:00,spf_ecb_individual.zip:2018Q3.csv
spf_ecb,EA,rgdp_growth,2018,2018-10-15,point,,2.0396,yoy_pct,,unspecified,2026-07-06T11:16:55+00:00,spf_ecb_individual.zip:2018Q4.csv
spf_ecb,EA,rgdp_growth,2018Q1,2016-07-15,point,,1.5391,yoy_pct,,unspecified,2026-07-06T11:16:55+00:00,spf_ecb_individual.zip:2016Q3.csv
spf_ecb,EA,rgdp_growth,2018Q1,2017-07-15,point,,1.8,yoy_pct,,unspecified,2026-07-06T11:16:55+00:00,spf_ecb_individual.zip:2017Q3.csv
spf_ecb,EA,rgdp_growth,2018Q2,2016-10-15,point,,1.5313,yoy_pct,,unspecified,2026-07-06T11:16:55+00:00,spf_ecb_individual.zip:2016Q4.csv
spf_ecb,EA,rgdp_growth,2018Q2,2017-10-15,point,,1.9097,yoy_pct,,unspecified,2026-07-06T11:16:55+00:00,spf_ecb_individual.zip:2017Q4.csv
spf_ecb,EA,rgdp_growth,2018Q3,2017-01-15,point,,1.5582,yoy_pct,,unspecified,2026-07-06T11:16:55+00:00,spf_ecb_individual.zip:2017Q1.csv
spf_ecb,EA,rgdp_growth,2018Q3,2018-01-15,point,,2.2032,yoy_pct,,unspecified,2026-07-06T11:16:55+00:00,spf_ecb_individual.zip:2018Q1.csv
spf_ecb,EA,rgdp_growth,2018Q4,2017-04-15,point,,1.5419,yoy_pct,,unspecified,2026-07-06T11:16:55+00:00,spf_ecb_individual.zip:2017Q2.csv
spf_ecb,EA,rgdp_growth,2018Q4,2018-04-15,point,,2.1761,yoy_pct,,unspecified,2026-07-06T11:16:55+00:00,spf_ecb_individual.zip:2018Q2.csv
spf_ecb,EA,rgdp_growth,2019,2014-07-15,point,,1.7526,yoy_pct,,unspecified,2026-07-06T11:16:55+00:00,spf_ecb_individual.zip:2014Q3.csv
spf_ecb,EA,rgdp_growth,2019,2014-10-15,point,,1.7037,yoy_pct,,unspecified,2026-07-06T11:16:55+00:00,spf_ecb_individual.zip:2014Q4.csv
spf_ecb,EA,rgdp_growth,2019,2015-01-15,point,,1.6964,yoy_pct,,unspecified,2026-07-06T11:16:55+00:00,spf_ecb_individual.zip:2015Q1.csv
spf_ecb,EA,rgdp_growth,2019,2015-04-15,point,,1.7144,yoy_pct,,unspecified,2026-07-06T11:16:55+00:00,spf_ecb_individual.zip:2015Q2.csv
spf_ecb,EA,rgdp_growth,2019,2017-01-15,point,,1.5074,yoy_pct,,unspecified,2026-07-06T11:16:55+00:00,spf_ecb_individual.zip:2017Q1.csv
spf_ecb,EA,rgdp_growth,2019,2017-04-15,point,,1.5303,yoy_pct,,unspecified,2026-07-06T11:16:55+00:00,spf_ecb_individual.zip:2017Q2.csv
spf_ecb,EA,rgdp_growth,2019,2017-07-15,point,,1.6075,yoy_pct,,unspecified,2026-07-06T11:16:55+00:00,spf_ecb_individual.zip:2017Q3.csv
spf_ecb,EA,rgdp_growth,2019,2017-10-15,point,,1.7046,yoy_pct,,unspecified,2026-07-06T11:16:55+00:00,spf_ecb_individual.zip:2017Q4.csv
spf_ecb,EA,rgdp_growth,2019,2018-01-15,point,,1.9312,yoy_pct,,unspecified,2026-07-06T11:16:55+00:00,spf_ecb_individual.zip:2018Q1.csv
spf_ecb,EA,rgdp_growth,2019,2018-04-15,point,,1.9547,yoy_pct,,unspecified,2026-07-06T11:16:55+00:00,spf_ecb_individual.zip:2018Q2.csv
spf_ecb,EA,rgdp_growth,2019,2018-07-15,point,,1.8868,yoy_pct,,unspecified,2026-07-06T11:16:55+00:00,spf_ecb_individual.zip:2018Q3.csv
spf_ecb,EA,rgdp_growth,2019,2018-10-15,point,,1.802,yoy_pct,,unspecified,2026-07-06T11:16:55+00:00,spf_ecb_individual.zip:2018Q4.csv
spf_ecb,EA,rgdp_growth,2019,2019-01-15,point,,1.5274,yoy_pct,,unspecified,2026-07-06T11:16:55+00:00,spf_ecb_individual.zip:2019Q1.csv
spf_ecb,EA,rgdp_growth,2019,2019-04-15,point,,1.1963,yoy_pct,,unspecified,2026-07-06T11:16:55+00:00,spf_ecb_individual.zip:2019Q2.csv
spf_ecb,EA,rgdp_growth,2019,2019-07-15,point,,1.1803,yoy_pct,,unspecified,2026-07-06T11:16:55+00:00,spf_ecb_individual.zip:2019Q3.csv
spf_ecb,EA,rgdp_growth,2019,2019-10-15,point,,1.1117,yoy_pct,,unspecified,2026-07-06T11:16:55+00:00,spf_ecb_individual.zip:2019Q4.csv
spf_ecb,EA,rgdp_growth,2019Q1,2017-07-15,point,,1.6456,yoy_pct,,unspecified,2026-07-06T11:16:55+00:00,spf_ecb_individual.zip:2017Q3.csv
spf_ecb,EA,rgdp_growth,2019Q1,2018-07-15,point,,1.8994,yoy_pct,,unspecified,2026-07-06T11:16:55+00:00,spf_ecb_individual.zip:2018Q3.csv
spf_ecb,EA,rgdp_growth,2019Q2,2017-10-15,point,,1.7198,yoy_pct,,unspecified,2026-07-06T11:16:55+00:00,spf_ecb_individual.zip:2017Q4.csv
spf_ecb,EA,rgdp_growth,2019Q2,2018-10-15,point,,1.8298,yoy_pct,,unspecified,2026-07-06T11:16:55+00:00,spf_ecb_individual.zip:2018Q4.csv
spf_ecb,EA,rgdp_growth,2019Q3,2018-01-15,point,,1.9019,yoy_pct,,unspecified,2026-07-06T11:16:55+00:00,spf_ecb_individual.zip:2018Q1.csv
spf_ecb,EA,rgdp_growth,2019Q3,2019-01-15,point,,1.5549,yoy_pct,,unspecified,2026-07-06T11:16:55+00:00,spf_ecb_individual.zip:2019Q1.csv
spf_ecb,EA,rgdp_growth,2019Q4,2018-04-15,point,,1.8422,yoy_pct,,unspecified,2026-07-06T11:16:55+00:00,spf_ecb_individual.zip:2018Q2.csv
spf_ecb,EA,rgdp_growth,2019Q4,2019-04-15,point,,1.3792,yoy_pct,,unspecified,2026-07-06T11:16:55+00:00,spf_ecb_individual.zip:2019Q2.csv
spf_ecb,EA,rgdp_growth,2020,2015-07-15,point,,1.7083,yoy_pct,,unspecified,2026-07-06T11:16:55+00:00,spf_ecb_individual.zip:2015Q3.csv
spf_ecb,EA,rgdp_growth,2020,2015-10-15,point,,1.6984,yoy_pct,,unspecified,2026-07-06T11:16:55+00:00,spf_ecb_individual.zip:2015Q4.csv
spf_ecb,EA,rgdp_growth,2020,2016-01-15,point,,1.6917,yoy_pct,,unspecified,2026-07-06T11:16:55+00:00,spf_ecb_individual.zip:2016Q1.csv
spf_ecb,EA,rgdp_growth,2020,2016-04-15,point,,1.6594,yoy_pct,,unspecified,2026-07-06T11:16:55+00:00,spf_ecb_individual.zip:2016Q2.csv
spf_ecb,EA,rgdp_growth,2020,2018-01-15,point,,1.7056,yoy_pct,,unspecified,2026-07-06T11:16:55+00:00,spf_ecb_individual.zip:2018Q1.csv
spf_ecb,EA,rgdp_growth,2020,2018-04-15,point,,1.6339,yoy_pct,,unspecified,2026-07-06T11:16:55+00:00,spf_ecb_individual.zip:2018Q2.csv
spf_ecb,EA,rgdp_growth,2020,2018-07-15,point,,1.6327,yoy_pct,,unspecified,2026-07-06T11:16:55+00:00,spf_ecb_individual.zip:2018Q3.csv
spf_ecb,EA,rgdp_growth,2020,2018-10-15,point,,1.5843,yoy_pct,,unspecified,2026-07-06T11:16:55+00:00,spf_ecb_individual.zip:2018Q4.csv
spf_ecb,EA,rgdp_growth,2020,2019-01-15,point,,1.4956,yoy_pct,,unspecified,2026-07-06T11:16:55+00:00,spf_ecb_individual.zip:2019Q1.csv
spf_ecb,EA,rgdp_growth,2020,2019-04-15,point,,1.3897,yoy_pct,,unspecified,2026-07-06T11:16:55+00:00,spf_ecb_individual.zip:2019Q2.csv
spf_ecb,EA,rgdp_growth,2020,2019-07-15,point,,1.2856,yoy_pct,,unspecified,2026-07-06T11:16:55+00:00,spf_ecb_individual.zip:2019Q3.csv
spf_ecb,EA,rgdp_growth,2020,2019-10-15,point,,1.0346,yoy_pct,,unspecified,2026-07-06T11:16:55+00:00,spf_ecb_individual.zip:2019Q4.csv
spf_ecb,EA,rgdp_growth,2020,2020-01-15,point,,1.0531,yoy_pct,,unspecified,2026-07-06T11:16:55+00:00,spf_ecb_individual.zip:2020Q1.csv
spf_ecb,EA,rgdp_growth,2020,2020-04-15,point,,-5.4964,yoy_pct,,unspecified,2026-07-06T11:16:55+00:00,spf_ecb_individual.zip:2020Q2.csv
spf_ecb,EA,rgdp_growth,2020,2020-07-15,point,,-8.3226,yoy_pct,,unspecified,2026-07-06T11:16:55+00:00,spf_ecb_individual.zip:2020Q3.csv
spf_ecb,EA,rgdp_growth,2020,2020-10-15,point,,-7.8259,yoy_pct,,unspecified,2026-07-06T11:16:55+00:00,spf_ecb_individual.zip:2020Q4.csv
spf_ecb,EA,rgdp_growth,2020Q1,2018-07-15,point,,1.7368,yoy_pct,,unspecified,2026-07-06T11:16:55+00:00,spf_ecb_individual.zip:2018Q3.csv
spf_ecb,EA,rgdp_growth,2020Q1,2019-07-15,point,,1.2245,yoy_pct,,unspecified,2026-07-06T11:16:55+00:00,spf_ecb_individual.zip:2019Q3.csv
spf_ecb,EA,rgdp_growth,2020Q2,2018-10-15,point,,1.6206,yoy_pct,,unspecified,2026-07-06T11:16:55+00:00,spf_ecb_individual.zip:2018Q4.csv
spf_ecb,EA,rgdp_growth,2020Q2,2019-10-15,point,,0.9474,yoy_pct,,unspecified,2026-07-06T11:16:55+00:00,spf_ecb_individual.zip:2019Q4.csv
spf_ecb,EA,rgdp_growth,2020Q3,2019-01-15,point,,1.4343,yoy_pct,,unspecified,2026-07-06T11:16:55+00:00,spf_ecb_individual.zip:2019Q1.csv
spf_ecb,EA,rgdp_growth,2020Q3,2020-01-15,point,,1.0822,yoy_pct,,unspecified,2026-07-06T11:16:55+00:00,spf_ecb_individual.zip:2020Q1.csv
spf_ecb,EA,rgdp_growth,2020Q4,2019-04-15,point,,1.3325,yoy_pct,,unspecified,2026-07-06T11:16:55+00:00,spf_ecb_individual.zip:2019Q2.csv
spf_ecb,EA,rgdp_growth,2020Q4,2020-04-15,point,,-2.7706,yoy_pct,,unspecified,2026-07-06T11:16:55+00:00,spf_ecb_individual.zip:2020Q2.csv
spf_ecb,EA,rgdp_growth,2021,2016-07-15,point,,1.673,yoy_pct,,unspecified,2026-07-06T11:16:55+00:00,spf_ecb_individual.zip:2016Q3.csv
spf_ecb,EA,rgdp_growth,2021,2016-10-15,point,,1.6139,yoy_pct,,unspecified,2026-07-06T11:16:55+00:00,spf_ecb_individual.zip:2016Q4.csv
spf_ecb,EA,rgdp_growth,2021,2017-01-15,point,,1.6085,yoy_pct,,unspecified,2026-07-06T11:16:55+00:00,spf_ecb_individual.zip:2017Q1.csv
spf_ecb,EA,rgdp_growth,2021,2017-04-15,point,,1.6089,yoy_pct,,unspecified,2026-07-06T11:16:55+00:00,spf_ecb_individual.zip:2017Q2.csv
spf_ecb,EA,rgdp_growth,2021,2019-01-15,point,,1.4315,yoy_pct,,unspecified,2026-07-06T11:16:55+00:00,spf_ecb_individual.zip:2019Q1.csv
spf_ecb,EA,rgdp_growth,2021,2019-04-15,point,,1.4117,yoy_pct,,unspecified,2026-07-06T11:16:55+00:00,spf_ecb_individual.zip:2019Q2.csv
spf_ecb,EA,rgdp_growth,2021,2019-07-15,point,,1.351,yoy_pct,,unspecified,2026-07-06T11:16:55+00:00,spf_ecb_individual.zip:2019Q3.csv
spf_ecb,EA,rgdp_growth,2021,2019-10-15,point,,1.2755,yoy_pct,,unspecified,2026-07-06T11:16:55+00:00,spf_ecb_individual.zip:2019Q4.csv
spf_ecb,EA,rgdp_growth,2021,2020-01-15,point,,1.2486,yoy_pct,,unspecified,2026-07-06T11:16:55+00:00,spf_ecb_individual.zip:2020Q1.csv
spf_ecb,EA,rgdp_growth,2021,2020-04-15,point,,4.2884,yoy_pct,,unspecified,2026-07-06T11:16:55+00:00,spf_ecb_individual.zip:2020Q2.csv
spf_ecb,EA,rgdp_growth,2021,2020-07-15,point,,5.6914,yoy_pct,,unspecified,2026-07-06T11:16:55+00:00,spf_ecb_individual.zip:2020Q3.csv
spf_ecb,EA,rgdp_growth,2021,2020-10-15,point,,5.3268,yoy_pct,,unspecified,2026-07-06T11:16:55+00:00,spf_ecb_individual.zip:2020Q4.csv
spf_ecb,EA,rgdp_growth,2021,2021-01-15,point,,4.3703,yoy_pct,,unspecified,2026-07-06T11:16:55+00:00,spf_ecb_individual.zip:2021Q1.csv
spf_ecb,EA,rgdp_growth,2021,2021-04-15,point,,4.1804,yoy_pct,,unspecified,2026-07-06T11:16:55+00:00,spf_ecb_individual.zip:2021Q2.csv
spf_ecb,EA,rgdp_growth,2021,2021-07-15,point,,4.6779,yoy_pct,,unspecified,2026-07-06T11:16:55+00:00,spf_ecb_individual.zip:2021Q3.csv
spf_ecb,EA,rgdp_growth,2021,2021-10-15,point,,5.0761,yoy_pct,,unspecified,2026-07-06T11:16:55+00:00,spf_ecb_individual.zip:2021Q4.csv
spf_ecb,EA,rgdp_growth,2021Q1,2019-07-15,point,,1.3353,yoy_pct,,unspecified,2026-07-06T11:16:55+00:00,spf_ecb_individual.zip:2019Q3.csv
spf_ecb,EA,rgdp_growth,2021Q1,2020-07-15,point,,-0.9486,yoy_pct,,unspecified,2026-07-06T11:16:55+00:00,spf_ecb_individual.zip:2020Q3.csv
spf_ecb,EA,rgdp_growth,2021Q2,2019-10-15,point,,1.2915,yoy_pct,,unspecified,2026-07-06T11:16:55+00:00,spf_ecb_individual.zip:2019Q4.csv
spf_ecb,EA,rgdp_growth,2021Q2,2020-10-15,point,,12.7495,yoy_pct,,unspecified,2026-07-06T11:16:55+00:00,spf_ecb_individual.zip:2020Q4.csv
spf_ecb,EA,rgdp_growth,2021Q3,2020-01-15,point,,1.2353,yoy_pct,,unspecified,2026-07-06T11:16:55+00:00,spf_ecb_individual.zip:2020Q1.csv
spf_ecb,EA,rgdp_growth,2021Q3,2021-01-15,point,,2.7015,yoy_pct,,unspecified,2026-07-06T11:16:55+00:00,spf_ecb_individual.zip:2021Q1.csv
spf_ecb,EA,rgdp_growth,2021Q4,2020-04-15,point,,2.7747,yoy_pct,,unspecified,2026-07-06T11:16:55+00:00,spf_ecb_individual.zip:2020Q2.csv
spf_ecb,EA,rgdp_growth,2021Q4,2021-04-15,point,,4.2404,yoy_pct,,unspecified,2026-07-06T11:16:55+00:00,spf_ecb_individual.zip:2021Q2.csv
spf_ecb,EA,rgdp_growth,2022,2017-07-15,point,,1.5799,yoy_pct,,unspecified,2026-07-06T11:16:55+00:00,spf_ecb_individual.zip:2017Q3.csv
spf_ecb,EA,rgdp_growth,2022,2017-10-15,point,,1.6064,yoy_pct,,unspecified,2026-07-06T11:16:55+00:00,spf_ecb_individual.zip:2017Q4.csv
spf_ecb,EA,rgdp_growth,2022,2018-01-15,point,,1.6265,yoy_pct,,unspecified,2026-07-06T11:16:55+00:00,spf_ecb_individual.zip:2018Q1.csv
spf_ecb,EA,rgdp_growth,2022,2018-04-15,point,,1.5997,yoy_pct,,unspecified,2026-07-06T11:16:55+00:00,spf_ecb_individual.zip:2018Q2.csv
spf_ecb,EA,rgdp_growth,2022,2020-01-15,point,,1.3583,yoy_pct,,unspecified,2026-07-06T11:16:55+00:00,spf_ecb_individual.zip:2020Q1.csv
spf_ecb,EA,rgdp_growth,2022,2020-04-15,point,,1.6851,yoy_pct,,unspecified,2026-07-06T11:16:55+00:00,spf_ecb_individual.zip:2020Q2.csv
spf_ecb,EA,rgdp_growth,2022,2020-07-15,point,,2.3644,yoy_pct,,unspecified,2026-07-06T11:16:55+00:00,spf_ecb_individual.zip:2020Q3.csv
spf_ecb,EA,rgdp_growth,2022,2020-10-15,point,,2.6273,yoy_pct,,unspecified,2026-07-06T11:16:55+00:00,spf_ecb_individual.zip:2020Q4.csv
spf_ecb,EA,rgdp_growth,2022,2021-01-15,point,,3.7416,yoy_pct,,unspecified,2026-07-06T11:16:55+00:00,spf_ecb_individual.zip:2021Q1.csv
spf_ecb,EA,rgdp_growth,2022,2021-04-15,point,,4.0714,yoy_pct,,unspecified,2026-07-06T11:16:55+00:00,spf_ecb_individual.zip:2021Q2.csv
spf_ecb,EA,rgdp_growth,2022,2021-07-15,point,,4.6268,yoy_pct,,unspecified,2026-07-06T11:16:55+00:00,spf_ecb_individual.zip:2021Q3.csv
spf_ecb,EA,rgdp_growth,2022,2021-10-15,point,,4.5198,yoy_pct,,unspecified,2026-07-06T11:16:55+00:00,spf_ecb_individual.zip:2021Q4.csv
spf_ecb,EA,rgdp_growth,2022,2022-01-15,point,,4.1895,yoy_pct,,unspecified,2026-07-06T11:16:55+00:00,spf_ecb_individual.zip:2022Q1.csv
spf_ecb,EA,rgdp_growth,2022,2022-04-15,point,,2.8546,yoy_pct,,unspecified,2026-07-06T11:16:55+00:00,spf_ecb_individual.zip:2022Q2.csv
spf_ecb,EA,rgdp_growth,2022,2022-07-15,point,,2.7957,yoy_pct,,unspecified,2026-07-06T11:16:55+00:00,spf_ecb_individual.zip:2022Q3.csv
spf_ecb,EA,rgdp_growth,2022,2022-10-15,point,,3.0073,yoy_pct,,unspecified,2026-07-06T11:16:55+00:00,spf_ecb_individual.zip:2022Q4.csv
spf_ecb,EA,rgdp_growth,2022Q1,2020-07-15,point,,3.2921,yoy_pct,,unspecified,2026-07-06T11:16:55+00:00,spf_ecb_individual.zip:2020Q3.csv
spf_ecb,EA,rgdp_growth,2022Q1,2021-07-15,point,,6.1265,yoy_pct,,unspecified,2026-07-06T11:16:55+00:00,spf_ecb_individual.zip:2021Q3.csv
spf_ecb,EA,rgdp_growth,2022Q2,2020-10-15,point,,2.9117,yoy_pct,,unspecified,2026-07-06T11:16:55+00:00,spf_ecb_individual.zip:2020Q4.csv
spf_ecb,EA,rgdp_growth,2022Q2,2021-10-15,point,,4.8567,yoy_pct,,unspecified,2026-07-06T11:16:55+00:00,spf_ecb_individual.zip:2021Q4.csv
spf_ecb,EA,rgdp_growth,2022Q3,2021-01-15,point,,2.7579,yoy_pct,,unspecified,2026-07-06T11:16:55+00:00,spf_ecb_individual.zip:2021Q1.csv
spf_ecb,EA,rgdp_growth,2022Q3,2022-01-15,point,,3.339,yoy_pct,,unspecified,2026-07-06T11:16:55+00:00,spf_ecb_individual.zip:2022Q1.csv
spf_ecb,EA,rgdp_growth,2022Q4,2021-04-15,point,,2.5865,yoy_pct,,unspecified,2026-07-06T11:16:55+00:00,spf_ecb_individual.zip:2021Q2.csv
spf_ecb,EA,rgdp_growth,2022Q4,2022-04-15,point,,1.7925,yoy_pct,,unspecified,2026-07-06T11:16:55+00:00,spf_ecb_individual.zip:2022Q2.csv
spf_ecb,EA,rgdp_growth,2023,2018-07-15,point,,1.5746,yoy_pct,,unspecified,2026-07-06T11:16:55+00:00,spf_ecb_individual.zip:2018Q3.csv
spf_ecb,EA,rgdp_growth,2023,2018-10-15,point,,1.5543,yoy_pct,,unspecified,2026-07-06T11:16:55+00:00,spf_ecb_individual.zip:2018Q4.csv
spf_ecb,EA,rgdp_growth,2023,2019-01-15,point,,1.4865,yoy_pct,,unspecified,2026-07-06T11:16:55+00:00,spf_ecb_individual.zip:2019Q1.csv
spf_ecb,EA,rgdp_growth,2023,2019-04-15,point,,1.4437,yoy_pct,,unspecified,2026-07-06T11:16:55+00:00,spf_ecb_individual.zip:2019Q2.csv
spf_ecb,EA,rgdp_growth,2023,2021-01-15,point,,1.9066,yoy_pct,,unspecified,2026-07-06T11:16:55+00:00,spf_ecb_individual.zip:2021Q1.csv
spf_ecb,EA,rgdp_growth,2023,2021-04-15,point,,1.948,yoy_pct,,unspecified,2026-07-06T11:16:55+00:00,spf_ecb_individual.zip:2021Q2.csv
spf_ecb,EA,rgdp_growth,2023,2021-07-15,point,,2.1432,yoy_pct,,unspecified,2026-07-06T11:16:55+00:00,spf_ecb_individual.zip:2021Q3.csv
spf_ecb,EA,rgdp_growth,2023,2021-10-15,point,,2.2207,yoy_pct,,unspecified,2026-07-06T11:16:55+00:00,spf_ecb_individual.zip:2021Q4.csv
spf_ecb,EA,rgdp_growth,2023,2022-01-15,point,,2.6524,yoy_pct,,unspecified,2026-07-06T11:16:55+00:00,spf_ecb_individual.zip:2022Q1.csv
spf_ecb,EA,rgdp_growth,2023,2022-04-15,point,,2.2755,yoy_pct,,unspecified,2026-07-06T11:16:55+00:00,spf_ecb_individual.zip:2022Q2.csv
spf_ecb,EA,rgdp_growth,2023,2022-07-15,point,,1.5325,yoy_pct,,unspecified,2026-07-06T11:16:55+00:00,spf_ecb_individual.zip:2022Q3.csv
spf_ecb,EA,rgdp_growth,2023,2022-10-15,point,,0.1111,yoy_pct,,unspecified,2026-07-06T11:16:55+00:00,spf_ecb_individual.zip:2022Q4.csv
spf_ecb,EA,rgdp_growth,2023,2023-01-15,point,,0.2086,yoy_pct,,unspecified,2026-07-06T11:16:55+00:00,spf_ecb_individual.zip:2023Q1.csv
spf_ecb,EA,rgdp_growth,2023,2023-04-15,point,,0.6398,yoy_pct,,unspecified,2026-07-06T11:16:55+00:00,spf_ecb_individual.zip:2023Q2.csv
spf_ecb,EA,rgdp_growth,2023,2023-07-15,point,,0.5827,yoy_pct,,unspecified,2026-07-06T11:16:55+00:00,spf_ecb_individual.zip:2023Q3.csv
spf_ecb,EA,rgdp_growth,2023,2023-10-15,point,,0.5307,yoy_pct,,unspecified,2026-07-06T11:16:55+00:00,spf_ecb_individual.zip:2023Q4.csv
spf_ecb,EA,rgdp_growth,2023Q1,2021-07-15,point,,2.4127,yoy_pct,,unspecified,2026-07-06T11:16:55+00:00,spf_ecb_individual.zip:2021Q3.csv
spf_ecb,EA,rgdp_growth,2023Q1,2022-07-15,point,,1.021,yoy_pct,,unspecified,2026-07-06T11:16:55+00:00,spf_ecb_individual.zip:2022Q3.csv
spf_ecb,EA,rgdp_growth,2023Q2,2021-10-15,point,,2.4048,yoy_pct,,unspecified,2026-07-06T11:16:55+00:00,spf_ecb_individual.zip:2021Q4.csv
spf_ecb,EA,rgdp_growth,2023Q2,2022-10-15,point,,-0.4902,yoy_pct,,unspecified,2026-07-06T11:16:55+00:00,spf_ecb_individual.zip:2022Q4.csv
spf_ecb,EA,rgdp_growth,2023Q3,2022-01-15,point,,2.1646,yoy_pct,,unspecified,2026-07-06T11:16:55+00:00,spf_ecb_individual.zip:2022Q1.csv
spf_ecb,EA,rgdp_growth,2023Q3,2023-01-15,point,,-0.0831,yoy_pct,,unspecified,2026-07-06T11:16:55+00:00,spf_ecb_individual.zip:2023Q1.csv
spf_ecb,EA,rgdp_growth,2023Q4,2022-04-15,point,,2.0967,yoy_pct,,unspecified,2026-07-06T11:16:55+00:00,spf_ecb_individual.zip:2022Q2.csv
spf_ecb,EA,rgdp_growth,2023Q4,2023-04-15,point,,0.6565,yoy_pct,,unspecified,2026-07-06T11:16:55+00:00,spf_ecb_individual.zip:2023Q2.csv
spf_ecb,EA,rgdp_growth,2024,2019-07-15,point,,1.3772,yoy_pct,,unspecified,2026-07-06T11:16:55+00:00,spf_ecb_individual.zip:2019Q3.csv
spf_ecb,EA,rgdp_growth,2024,2019-10-15,point,,1.3667,yoy_pct,,unspecified,2026-07-06T11:16:55+00:00,spf_ecb_individual.zip:2019Q4.csv
spf_ecb,EA,rgdp_growth,2024,2020-01-15,point,,1.3524,yoy_pct,,unspecified,2026-07-06T11:16:55+00:00,spf_ecb_individual.zip:2020Q1.csv
spf_ecb,EA,rgdp_growth,2024,2020-04-15,point,,1.4188,yoy_pct,,unspecified,2026-07-06T11:16:55+00:00,spf_ecb_individual.zip:2020Q2.csv
spf_ecb,EA,rgdp_growth,2024,2022-01-15,point,,1.7269,yoy_pct,,unspecified,2026-07-06T11:16:55+00:00,spf_ecb_individual.zip:2022Q1.csv
spf_ecb,EA,rgdp_growth,2024,2022-04-15,point,,1.758,yoy_pct,,unspecified,2026-07-06T11:16:55+00:00,spf_ecb_individual.zip:2022Q2.csv
spf_ecb,EA,rgdp_growth,2024,2022-07-15,point,,1.7665,yoy_pct,,unspecified,2026-07-06T11:16:55+00:00,spf_ecb_individual.zip:2022Q3.csv
spf_ecb,EA,rgdp_growth,2024,2022-10-15,point,,1.6456,yoy_pct,,unspecified,2026-07-06T11:16:55+00:00,spf_ecb_individual.zip:2022Q4.csv
spf_ecb,EA,rgdp_growth,2024,2023-01-15,point,,1.3593,yoy_pct,,unspecified,2026-07-06T11:16:55+00:00,spf_ecb_individual.zip:2023Q1.csv
spf_ecb,EA,rgdp_growth,2024,2023-04-15,point,,1.212,yoy_pct,,unspecified,2026-07-06T11:16:55+00:00,spf_ecb_individual.zip:2023Q2.csv
spf_ecb,EA,rgdp_growth,2024,2023-07-15,point,,1.1105,yoy_pct,,unspecified,2026-07-06T11:16:55+00:00,spf_ecb_individual.zip:2023Q3.csv
spf_ecb,EA,rgdp_growth,2024,2023-10-15,point,,0.8856,yoy_pct,,unspecified,2026-07-06T11:16:55+00:00,spf_ecb_individual.zip:2023Q4.csv
spf_ecb,EA,rgdp_growth,2024,2024-01-15,point,,0.6012,yoy_pct,,unspecified,2026-07-06T11:16:55+00:00,spf_ecb_individual.zip:2024Q1.csv
spf_ecb,EA,rgdp_growth,2024,2024-04-15,point,,0.5337,yoy_pct,,unspecified,2026-07-06T11:16:55+00:00,spf_ecb_individual.zip:2024Q2.csv
spf_ecb,EA,rgdp_growth,2024,2024-07-15,point,,0.7116,yoy_pct,,unspecified,2026-07-06T11:16:55+00:00,spf_ecb_individual.zip:2024Q3.csv
spf_ecb,EA,rgdp_growth,2024,2024-10-15,point,,0.727,yoy_pct,,unspecified,2026-07-06T11:16:55+00:00,spf_ecb_individual.zip:2024Q4.csv
spf_ecb,EA,rgdp_growth,2024Q1,2022-07-15,point,,1.6968,yoy_pct,,unspecified,2026-07-06T11:16:55+00:00,spf_ecb_individual.zip:2022Q3.csv
spf_ecb,EA,rgdp_growth,2024Q1,2023-07-15,point,,0.866,yoy_pct,,unspecified,2026-07-06T11:16:55+00:00,spf_ecb_individual.zip:2023Q3.csv
spf_ecb,EA,rgdp_growth,2024Q2,2022-10-15,point,,1.5087,yoy_pct,,unspecified,2026-07-06T11:16:55+00:00,spf_ecb_individual.zip:2022Q4.csv
spf_ecb,EA,rgdp_growth,2024Q2,2023-10-15,point,,0.633,yoy_pct,,unspecified,2026-07-06T11:16:55+00:00,spf_ecb_individual.zip:2023Q4.csv
spf_ecb,EA,rgdp_growth,2024Q3,2023-01-15,point,,1.3547,yoy_pct,,unspecified,2026-07-06T11:16:55+00:00,spf_ecb_individual.zip:2023Q1.csv
spf_ecb,EA,rgdp_growth,2024Q3,2024-01-15,point,,0.6577,yoy_pct,,unspecified,2026-07-06T11:16:55+00:00,spf_ecb_individual.zip:2024Q1.csv
spf_ecb,EA,rgdp_growth,2024Q4,2023-04-15,point,,1.3719,yoy_pct,,unspecified,2026-07-06T11:16:55+00:00,spf_ecb_individual.zip:2023Q2.csv
spf_ecb,EA,rgdp_growth,2024Q4,2024-04-15,point,,0.999,yoy_pct,,unspecified,2026-07-06T11:16:55+00:00,spf_ecb_individual.zip:2024Q2.csv
spf_ecb,EA,rgdp_growth,2025,2020-07-15,point,,1.3785,yoy_pct,,unspecified,2026-07-06T11:16:55+00:00,spf_ecb_individual.zip:2020Q3.csv
spf_ecb,EA,rgdp_growth,2025,2020-10-15,point,,1.4224,yoy_pct,,unspecified,2026-07-06T11:16:55+00:00,spf_ecb_individual.zip:2020Q4.csv
spf_ecb,EA,rgdp_growth,2025,2021-01-15,point,,1.4231,yoy_pct,,unspecified,2026-07-06T11:16:55+00:00,spf_ecb_individual.zip:2021Q1.csv
spf_ecb,EA,rgdp_growth,2025,2021-04-15,point,,1.442,yoy_pct,,unspecified,2026-07-06T11:16:55+00:00,spf_ecb_individual.zip:2021Q2.csv
spf_ecb,EA,rgdp_growth,2025,2023-01-15,point,,1.6618,yoy_pct,,unspecified,2026-07-06T11:16:55+00:00,spf_ecb_individual.zip:2023Q1.csv
spf_ecb,EA,rgdp_growth,2025,2023-04-15,point,,1.621,yoy_pct,,unspecified,2026-07-06T11:16:55+00:00,spf_ecb_individual.zip:2023Q2.csv
spf_ecb,EA,rgdp_growth,2025,2023-07-15,point,,1.4865,yoy_pct,,unspecified,2026-07-06T11:16:55+00:00,spf_ecb_individual.zip:2023Q3.csv
spf_ecb,EA,rgdp_growth,2025,2023-10-15,point,,1.4528,yoy_pct,,unspecified,2026-07-06T11:16:55+00:00,spf_ecb_individual.zip:2023Q4.csv
spf_ecb,EA,rgdp_growth,2025,2024-01-15,point,,1.3336,yoy_pct,,unspecified,2026-07-06T11:16:55+00:00,spf_ecb_individual.zip:2024Q1.csv
spf_ecb,EA,rgdp_growth,2025,2024-04-15,point,,1.3832,yoy_pct,,unspecified,2026-07-06T11:16:55+00:00,spf_ecb_individual.zip:2024Q2.csv
spf_ecb,EA,rgdp_growth,2025,2024-07-15,point,,1.3276,yoy_pct,,unspecified,2026-07-06T11:16:55+00:00,spf_ecb_individual.zip:2024Q3.csv
spf_ecb,EA,rgdp_growth,2025,2024-10-15,point,,1.2178,yoy_pct,,unspecified,2026-07-06T11:16:55+00:00,spf_ecb_individual.zip:2024Q4.csv
spf_ecb,EA,rgdp_growth,2025,2025-01-15,point,,1.0144,yoy_pct,,unspecified,2026-07-06T11:16:55+00:00,spf_ecb_individual.zip:2025Q1.csv
spf_ecb,EA,rgdp_growth,2025,2025-04-15,point,,0.9023,yoy_pct,,unspecified,2026-07-06T11:16:55+00:00,spf_ecb_individual.zip:2025Q2.csv
spf_ecb,EA,rgdp_growth,2025,2025-07-15,point,,1.0572,yoy_pct,,unspecified,2026-07-06T11:16:55+00:00,spf_ecb_individual.zip:2025Q3.csv
spf_ecb,EA,rgdp_growth,2025,2025-10-15,point,,1.2249,yoy_pct,,unspecified,2026-07-06T11:16:55+00:00,spf_ecb_individual.zip:2025Q4.csv
spf_ecb,EA,rgdp_growth,2025Q1,2023-07-15,point,,1.3836,yoy_pct,,unspecified,2026-07-06T11:16:55+00:00,spf_ecb_individual.zip:2023Q3.csv
spf_ecb,EA,rgdp_growth,2025Q1,2024-07-15,point,,1.1891,yoy_pct,,unspecified,2026-07-06T11:16:55+00:00,spf_ecb_individual.zip:2024Q3.csv
spf_ecb,EA,rgdp_growth,2025Q2,2023-10-15,point,,1.4265,yoy_pct,,unspecified,2026-07-06T11:16:55+00:00,spf_ecb_individual.zip:2023Q4.csv
spf_ecb,EA,rgdp_growth,2025Q2,2024-10-15,point,,1.1188,yoy_pct,,unspecified,2026-07-06T11:16:55+00:00,spf_ecb_individual.zip:2024Q4.csv
spf_ecb,EA,rgdp_growth,2025Q3,2024-01-15,point,,1.3549,yoy_pct,,unspecified,2026-07-06T11:16:55+00:00,spf_ecb_individual.zip:2024Q1.csv
spf_ecb,EA,rgdp_growth,2025Q3,2025-01-15,point,,0.9777,yoy_pct,,unspecified,2026-07-06T11:16:55+00:00,spf_ecb_individual.zip:2025Q1.csv
spf_ecb,EA,rgdp_growth,2025Q4,2024-04-15,point,,1.3829,yoy_pct,,unspecified,2026-07-06T11:16:55+00:00,spf_ecb_individual.zip:2024Q2.csv
spf_ecb,EA,rgdp_growth,2025Q4,2025-04-15,point,,0.8722,yoy_pct,,unspecified,2026-07-06T11:16:55+00:00,spf_ecb_individual.zip:2025Q2.csv
spf_ecb,EA,rgdp_growth,2026,2021-07-15,point,,1.4495,yoy_pct,,unspecified,2026-07-06T11:16:55+00:00,spf_ecb_individual.zip:2021Q3.csv
spf_ecb,EA,rgdp_growth,2026,2021-10-15,point,,1.4513,yoy_pct,,unspecified,2026-07-06T11:16:55+00:00,spf_ecb_individual.zip:2021Q4.csv
spf_ecb,EA,rgdp_growth,2026,2022-01-15,point,,1.5035,yoy_pct,,unspecified,2026-07-06T11:16:55+00:00,spf_ecb_individual.zip:2022Q1.csv
spf_ecb,EA,rgdp_growth,2026,2022-04-15,point,,1.4497,yoy_pct,,unspecified,2026-07-06T11:16:55+00:00,spf_ecb_individual.zip:2022Q2.csv
spf_ecb,EA,rgdp_growth,2026,2024-01-15,point,,1.4385,yoy_pct,,unspecified,2026-07-06T11:16:55+00:00,spf_ecb_individual.zip:2024Q1.csv
spf_ecb,EA,rgdp_growth,2026,2024-04-15,point,,1.4121,yoy_pct,,unspecified,2026-07-06T11:16:55+00:00,spf_ecb_individual.zip:2024Q2.csv
spf_ecb,EA,rgdp_growth,2026,2024-07-15,point,,1.3835,yoy_pct,,unspecified,2026-07-06T11:16:55+00:00,spf_ecb_individual.zip:2024Q3.csv
spf_ecb,EA,rgdp_growth,2026,2024-10-15,point,,1.3989,yoy_pct,,unspecified,2026-07-06T11:16:55+00:00,spf_ecb_individual.zip:2024Q4.csv
spf_ecb,EA,rgdp_growth,2026,2025-01-15,point,,1.2577,yoy_pct,,unspecified,2026-07-06T11:16:55+00:00,spf_ecb_individual.zip:2025Q1.csv
spf_ecb,EA,rgdp_growth,2026,2025-04-15,point,,1.2045,yoy_pct,,unspecified,2026-07-06T11:16:55+00:00,spf_ecb_individual.zip:2025Q2.csv
spf_ecb,EA,rgdp_growth,2026,2025-07-15,point,,1.1258,yoy_pct,,unspecified,2026-07-06T11:16:55+00:00,spf_ecb_individual.zip:2025Q3.csv
spf_ecb,EA,rgdp_growth,2026,2025-10-15,point,,1.1177,yoy_pct,,unspecified,2026-07-06T11:16:55+00:00,spf_ecb_individual.zip:2025Q4.csv
spf_ecb,EA,rgdp_growth,2026,2026-01-15,point,,1.1988,yoy_pct,,unspecified,2026-07-06T11:16:55+00:00,spf_ecb_individual.zip:2026Q1.csv
spf_ecb,EA,rgdp_growth,2026,2026-04-15,point,,0.9556,yoy_pct,,unspecified,2026-07-06T11:16:55+00:00,spf_ecb_individual.zip:2026Q2.csv
spf_ecb,EA,rgdp_growth,2026Q1,2024-07-15,point,,1.3398,yoy_pct,,unspecified,2026-07-06T11:16:55+00:00,spf_ecb_individual.zip:2024Q3.csv
spf_ecb,EA,rgdp_growth,2026Q1,2025-07-15,point,,0.67,yoy_pct,,unspecified,2026-07-06T11:16:55+00:00,spf_ecb_individual.zip:2025Q3.csv
spf_ecb,EA,rgdp_growth,2026Q2,2024-10-15,point,,1.3709,yoy_pct,,unspecified,2026-07-06T11:16:55+00:00,spf_ecb_individual.zip:2024Q4.csv
spf_ecb,EA,rgdp_growth,2026Q2,2025-10-15,point,,0.9696,yoy_pct,,unspecified,2026-07-06T11:16:55+00:00,spf_ecb_individual.zip:2025Q4.csv
spf_ecb,EA,rgdp_growth,2026Q3,2025-01-15,point,,1.2542,yoy_pct,,unspecified,2026-07-06T11:16:55+00:00,spf_ecb_individual.zip:2025Q1.csv
spf_ecb,EA,rgdp_growth,2026Q3,2026-01-15,point,,1.2352,yoy_pct,,unspecified,2026-07-06T11:16:55+00:00,spf_ecb_individual.zip:2026Q1.csv
spf_ecb,EA,rgdp_growth,2026Q4,2025-04-15,point,,1.3402,yoy_pct,,unspecified,2026-07-06T11:16:55+00:00,spf_ecb_individual.zip:2025Q2.csv
spf_ecb,EA,rgdp_growth,2026Q4,2026-04-15,point,,0.9563,yoy_pct,,unspecified,2026-07-06T11:16:55+00:00,spf_ecb_individual.zip:2026Q2.csv
spf_ecb,EA,rgdp_growth,2027,2022-07-15,point,,1.49,yoy_pct,,unspecified,2026-07-06T11:16:55+00:00,spf_ecb_individual.zip:2022Q3.csv
spf_ecb,EA,rgdp_growth,2027,2022-10-15,point,,1.4037,yoy_pct,,unspecified,2026-07-06T11:16:55+00:00,spf_ecb_individual.zip:2022Q4.csv
spf_ecb,EA,rgdp_growth,2027,2023-01-15,point,,1.4379,yoy_pct,,unspecified,2026-07-06T11:16:55+00:00,spf_ecb_individual.zip:2023Q1.csv
spf_ecb,EA,rgdp_growth,2027,2023-04-15,point,,1.3744,yoy_pct,,unspecified,2026-07-06T11:16:55+00:00,spf_ecb_individual.zip:2023Q2.csv
spf_ecb,EA,rgdp_growth,2027,2025-01-15,point,,1.284,yoy_pct,,unspecified,2026-07-06T11:16:55+00:00,spf_ecb_individual.zip:2025Q1.csv
spf_ecb,EA,rgdp_growth,2027,2025-04-15,point,,1.3743,yoy_pct,,unspecified,2026-07-06T11:16:55+00:00,spf_ecb_individual.zip:2025Q2.csv
spf_ecb,EA,rgdp_growth,2027,2025-07-15,point,,1.4079,yoy_pct,,unspecified,2026-07-06T11:16:55+00:00,spf_ecb_individual.zip:2025Q3.csv
spf_ecb,EA,rgdp_growth,2027,2025-10-15,point,,1.415,yoy_pct,,unspecified,2026-07-06T11:16:55+00:00,spf_ecb_individual.zip:2025Q4.csv
spf_ecb,EA,rgdp_growth,2027,2026-01-15,point,,1.4111,yoy_pct,,unspecified,2026-07-06T11:16:55+00:00,spf_ecb_individual.zip:2026Q1.csv
spf_ecb,EA,rgdp_growth,2027,2026-04-15,point,,1.2693,yoy_pct,,unspecified,2026-07-06T11:16:55+00:00,spf_ecb_individual.zip:2026Q2.csv
spf_ecb,EA,rgdp_growth,2027Q1,2025-07-15,point,,1.4267,yoy_pct,,unspecified,2026-07-06T11:16:55+00:00,spf_ecb_individual.zip:2025Q3.csv
spf_ecb,EA,rgdp_growth,2027Q2,2025-10-15,point,,1.4566,yoy_pct,,unspecified,2026-07-06T11:16:55+00:00,spf_ecb_individual.zip:2025Q4.csv
spf_ecb,EA,rgdp_growth,2027Q3,2026-01-15,point,,1.421,yoy_pct,,unspecified,2026-07-06T11:16:55+00:00,spf_ecb_individual.zip:2026Q1.csv
spf_ecb,EA,rgdp_growth,2027Q4,2026-04-15,point,,1.3454,yoy_pct,,unspecified,2026-07-06T11:16:55+00:00,spf_ecb_individual.zip:2026Q2.csv
spf_ecb,EA,rgdp_growth,2028,2023-07-15,point,,1.3272,yoy_pct,,unspecified,2026-07-06T11:16:55+00:00,spf_ecb_individual.zip:2023Q3.csv
spf_ecb,EA,rgdp_growth,2028,2023-10-15,point,,1.3462,yoy_pct,,unspecified,2026-07-06T11:16:55+00:00,spf_ecb_individual.zip:2023Q4.csv
spf_ecb,EA,rgdp_growth,2028,2024-01-15,point,,1.3034,yoy_pct,,unspecified,2026-07-06T11:16:55+00:00,spf_ecb_individual.zip:2024Q1.csv
spf_ecb,EA,rgdp_growth,2028,2024-04-15,point,,1.3189,yoy_pct,,unspecified,2026-07-06T11:16:55+00:00,spf_ecb_individual.zip:2024Q2.csv
spf_ecb,EA,rgdp_growth,2028,2026-01-15,point,,1.3165,yoy_pct,,unspecified,2026-07-06T11:16:55+00:00,spf_ecb_individual.zip:2026Q1.csv
spf_ecb,EA,rgdp_growth,2028,2026-04-15,point,,1.3262,yoy_pct,,unspecified,2026-07-06T11:16:55+00:00,spf_ecb_individual.zip:2026Q2.csv
spf_ecb,EA,rgdp_growth,2029,2024-07-15,point,,1.3043,yoy_pct,,unspecified,2026-07-06T11:16:55+00:00,spf_ecb_individual.zip:2024Q3.csv
spf_ecb,EA,rgdp_growth,2029,2024-10-15,point,,1.2743,yoy_pct,,unspecified,2026-07-06T11:16:55+00:00,spf_ecb_individual.zip:2024Q4.csv
spf_ecb,EA,rgdp_growth,2029,2025-01-15,point,,1.256,yoy_pct,,unspecified,2026-07-06T11:16:55+00:00,spf_ecb_individual.zip:2025Q1.csv
spf_ecb,EA,rgdp_growth,2029,2025-04-15,point,,1.3331,yoy_pct,,unspecified,2026-07-06T11:16:55+00:00,spf_ecb_individual.zip:2025Q2.csv
spf_ecb,EA,rgdp_growth,2030,2025-07-15,point,,1.2778,yoy_pct,,unspecified,2026-07-06T11:16:55+00:00,spf_ecb_individual.zip:2025Q3.csv
spf_ecb,EA,rgdp_growth,2030,2025-10-15,point,,1.2583,yoy_pct,,unspecified,2026-07-06T11:16:55+00:00,spf_ecb_individual.zip:2025Q4.csv
spf_ecb,EA,rgdp_growth,2030,2026-01-15,point,,1.2672,yoy_pct,,unspecified,2026-07-06T11:16:55+00:00,spf_ecb_individual.zip:2026Q1.csv
spf_ecb,EA,rgdp_growth,2030,2026-04-15,point,,1.2708,yoy_pct,,unspecified,2026-07-06T11:16:55+00:00,spf_ecb_individual.zip:2026Q2.csv
spf_philly,US,rgdp_growth,1968Q4,1968-11-15,point,,2.0398,saar_pct,0.5061,unspecified,2026-07-06T11:16:55+00:00,spf_philly_meangrowth.xlsx
spf_philly,US,rgdp_growth,1969Q1,1969-02-15,point,,1.9028,saar_pct,0.4723,unspecified,2026-07-06T11:16:55+00:00,spf_philly_meangrowth.xlsx
spf_philly,US,rgdp_growth,1969Q2,1969-05-15,point,,3.165,saar_pct,0.782,unspecified,2026-07-06T11:16:55+00:00,spf_philly_meangrowth.xlsx
spf_philly,US,rgdp_growth,1969Q3,1969-08-15,point,,1.3036,saar_pct,0.3243,unspecified,2026-07-06T11:16:55+00:00,spf_philly_meangrowth.xlsx
spf_philly,US,rgdp_growth,1969Q4,1969-11-15,point,,0.1635,saar_pct,0.0408,unspecified,2026-07-06T11:16:55+00:00,spf_philly_meangrowth.xlsx
spf_philly,US,rgdp_growth,1970Q1,1970-02-15,point,,-0.4455,saar_pct,-0.1116,unspecified,2026-07-06T11:16:55+00:00,spf_philly_meangrowth.xlsx
spf_philly,US,rgdp_growth,1970Q2,1970-05-15,point,,-0.1845,saar_pct,-0.0462,unspecified,2026-07-06T11:16:55+00:00,spf_philly_meangrowth.xlsx
spf_philly,US,rgdp_growth,1970Q3,1970-08-15,point,,2.4453,saar_pct,0.6058,unspecified,2026-07-06T11:16:55+00:00,spf_philly_meangrowth.xlsx
spf_philly,US,rgdp_growth,1970Q4,1970-11-15,point,,-1.0216,saar_pct,-0.2564,unspecified,2026-07-06T11:16:55+00:00,spf_philly_meangrowth.xlsx
spf_philly,US,rgdp_growth,1971Q1,1971-02-15,point,,6.4271,saar_pct,1.5694,unspecified,2026-07-06T11:16:55+00:00,spf_philly_meangrowth.xlsx
spf_philly,US,rgdp_growth,1971Q2,1971-05-15,point,,4.6578,saar_pct,1.1446,unspecified,2026-07-06T11:16:55+00:00,spf_philly_meangrowth.xlsx
spf_philly,US,rgdp_growth,1971Q3,1971-08-15,point,,5.8116,saar_pct,1.4223,unspecified,2026-07-06T11:16:55+00:00,spf_philly_meangrowth.xlsx
spf_philly,US,rgdp_growth,1971Q4,1971-11-15,point,,4.5708,saar_pct,1.1236,unspecified,2026-07-06T11:16:55+00:00,spf_philly_meangrowth.xlsx
spf_philly,US,rgdp_growth,1972Q1,1972-02-15,point,,5.9103,saar_pct,1.4459,unspecified,2026-07-06T11:16:55+00:00,spf_philly_meangrowth.xlsx
spf_philly,US,rgdp_growth,1972Q2,1972-05-15,point,,6.9657,saar_pct,1.6977,unspecified,2026-07-06T11:16:55+00:00,spf_philly_meangrowth.xlsx
spf_philly,US,rgdp_growth,1972Q3,1972-08-15,point,,6.0843,saar_pct,1.4876,unspecified,2026-07-06T11:16:55+00:00,spf_philly_meangrowth.xlsx
spf_philly,US,rgdp_growth,1972Q4,1972-11-15,point,,6.7201,saar_pct,1.6393,unspecified,2026-07-06T11:16:55+00:00,spf_philly_meangrowth.xlsx
spf_philly,US,rgdp_growth,1973Q1,1973-02-15,point,,5.3329,saar_pct,1.3074,unspecified,2026-07-06T11:16:55+00:00,spf_philly_meangrowth.xlsx
spf_philly,US,rgdp_growth,1973Q2,1973-05-15,point,,5.1546,saar_pct,1.2645,unspecified,2026-07-06T11:16:55+00:00,spf_philly_meangrowth.xlsx
spf_philly,US,rgdp_growth,1973Q3,1973-08-15,point,,2.3841,saar_pct,0.5908,unspecified,2026-07-06T11:16:55+00:00,spf_philly_meangrowth.xlsx
spf_philly,US,rgdp_growth,1973Q4,1973-11-15,point,,1.643,saar_pct,0.4082,unspecified,2026-07-06T11:16:55+00:00,spf_philly_meangrowth.xlsx
spf_philly,US,rgdp_growth,1974Q1,1974-02-15,point,,-2.2645,saar_pct,-0.571,unspecified,2026-07-06T11:16:55+00:00,spf_philly_meangrowth.xlsx
spf_philly,US,rgdp_growth,1974Q2,1974-05-15,point,,-0.4174,saar_pct,-0.1045,unspecified,2026-07-06T11:16:55+00:00,spf_philly_meangrowth.xlsx
spf_philly,US,rgdp_growth,1974Q3,1974-08-15,point,,-0.0612,saar_pct,-0.0153,unspecified,2026-07-06T11:16:55+00:00,spf_philly_meangrowth.xlsx
spf_philly,US,rgdp_growth,1974Q4,1974-11-15,point,,-4.2164,saar_pct,-1.0712,unspecified,2026-07-06T11:16:55+00:00,spf_philly_meangrowth.xlsx
spf_philly,US,rgdp_growth,1975Q1,1975-02-15,point,,-6.0965,saar_pct,-1.5603,unspecified,2026-07-06T11:16:55+00:00,spf_philly_meangrowth.xlsx
spf_philly,US,rgdp_growth,1975Q2,1975-05-15,point,,-1.2244,saar_pct,-0.3075,unspecified,2026-07-06T11:16:55+00:00,spf_philly_meangrowth.xlsx
spf_philly,US,rgdp_growth,1975Q3,1975-08-15,point,,5.2128,saar_pct,1.2785,unspecified,2026-07-06T11:16:55+00:00,spf_philly_meangrowth.xlsx
spf_philly,US,rgdp_growth,1975Q4,1975-11-15,point,,5.2314,saar_pct,1.2829,unspecified,2026-07-06T11:16:55+00:00,spf_philly_meangrowth.xlsx
spf_philly,US,rgdp_growth,1976Q1,1976-02-15,point,,5.467,saar_pct,1.3396,unspecified,2026-07-06T11:16:55+00:00,spf_philly_meangrowth.xlsx
spf_philly,US,rgdp_growth,1976Q2,1976-05-15,point,,5.0023,saar_pct,1.2278,unspecified,2026-07-06T11:16:55+00:00,spf_philly_meangrowth.xlsx
spf_philly,US,rgdp_growth,1976Q3,1976-08-15,point,,5.0535,saar_pct,1.2401,unspecified,2026-07-06T11:16:55+00:00,spf_philly_meangrowth.xlsx
spf_philly,US,rgdp_growth,1976Q4,1976-11-15,point,,5.2376,saar_pct,1.2844,unspecified,2026-07-06T11:16:55+00:00,spf_philly_meangrowth.xlsx
spf_philly,US,rgdp_growth,1977Q1,1977-02-15,point,,3.1999,saar_pct,0.7906,unspecified,2026-07-06T11:16:55+00:00,spf_philly_meangrowth.xlsx
spf_philly,US,rgdp_growth,1977Q2,1977-05-15,point,,5.6181,saar_pct,1.3759,unspecified,2026-07-06T11:16:55+00:00,spf_philly_meangrowth.xlsx
spf_philly,US,rgdp_growth,1977Q3,1977-08-15,point,,4.5292,saar_pct,1.1136,unspecified,2026-07-06T11:16:55+00:00,spf_philly_meangrowth.xlsx
spf_philly,US,rgdp_growth,1977Q4,1977-11-15,point,,4.5577,saar_pct,1.1205,unspecified,2026-07-06T11:16:55+00:00,spf_philly_meangrowth.xlsx
spf_philly,US,rgdp_growth,1978Q1,1978-02-15,point,,4.0391,saar_pct,0.9948,unspecified,2026-07-06T11:16:55+00:00,spf_philly_meangrowth.xlsx
spf_philly,US,rgdp_growth,1978Q2,1978-05-15,point,,6.6888,saar_pct,1.6318,unspecified,2026-07-06T11:16:55+00:00,spf_philly_meangrowth.xlsx
spf_philly,US,rgdp_growth,1978Q3,1978-08-15,point,,3.02,saar_pct,0.7466,unspecified,2026-07-06T11:16:55+00:00,spf_philly_meangrowth.xlsx
spf_philly,US,rgdp_growth,1978Q4,1978-11-15,point,,3.1108,saar_pct,0.7688,unspecified,2026-07-06T11:16:55+00:00,spf_philly_meangrowth.xlsx
spf_philly,US,rgdp_growth,1979Q1,1979-02-15,point,,1.9124,saar_pct,0.4747,unspecified,2026-07-06T11:16:55+00:00,spf_philly_meangrowth.xlsx
spf_philly,US,rgdp_growth,1979Q2,1979-05-15,point,,1.56,saar_pct,0.3877,unspecified,2026-07-06T11:16:55+00:00,spf_philly_meangrowth.xlsx
spf_philly,US,rgdp_growth,1979Q3,1979-08-15,point,,-1.8566,saar_pct,-0.4674,unspecified,2026-07-06T11:16:55+00:00,spf_philly_meangrowth.xlsx
spf_philly,US,rgdp_growth,1979Q4,1979-11-15,point,,-1.8423,saar_pct,-0.4638,unspecified,2026-07-06T11:16:55+00:00,spf_philly_meangrowth.xlsx
spf_philly,US,rgdp_growth,1980Q1,1980-02-15,point,,-0.5688,saar_pct,-0.1425,unspecified,2026-07-06T11:16:55+00:00,spf_philly_meangrowth.xlsx
spf_philly,US,rgdp_growth,1980Q2,1980-05-15,point,,-3.8105,saar_pct,-0.9665,unspecified,2026-07-06T11:16:55+00:00,spf_philly_meangrowth.xlsx
spf_philly,US,rgdp_growth,1980Q3,1980-08-15,point,,-3.6012,saar_pct,-0.9127,unspecified,2026-07-06T11:16:55+00:00,spf_philly_meangrowth.xlsx
spf_philly,US,rgdp_growth,1980Q4,1980-11-15,point,,1.6087,saar_pct,0.3998,unspecified,2026-07-06T11:16:55+00:00,spf_philly_meangrowth.xlsx
spf_philly,US,rgdp_growth,1981Q1,1981-02-15,point,,1.1287,saar_pct,0.281,unspecified,2026-07-06T11:16:55+00:00,spf_philly_meangrowth.xlsx
spf_philly,US,rgdp_growth,1981Q2,1981-05-15,point,,0.6606,saar_pct,0.1647,unspecified,2026-07-06T11:16:55+00:00,spf_philly_meangrowth.xlsx
spf_philly,US,rgdp_growth,1981Q3,1981-08-15,point,,-0.0718,saar_pct,-0.018,unspecified,2026-07-06T11:16:55+00:00,spf_philly_meangrowth.xlsx
spf_philly,US,rgdp_growth,1981Q4,1981-11-15,point,,-3.7768,saar_pct,-0.9579,unspecified,2026-07-06T11:16:55+00:00,spf_philly_meangrowth.xlsx
spf_philly,US,rgdp_growth,1982Q1,1982-02-15,point,,-3.3649,saar_pct,-0.8521,unspecified,2026-07-06T11:16:55+00:00,spf_philly_meangrowth.xlsx
spf_philly,US,rgdp_growth,1982Q2,1982-05-15,point,,-0.2358,saar_pct,-0.059,unspecified,2026-07-06T11:16:55+00:00,spf_philly_meangrowth.xlsx
spf_philly,US,rgdp_growth,1982Q3,1982-08-15,point,,1.3678,saar_pct,0.3402,unspecified,2026-07-06T11:16:55+00:00,spf_philly_meangrowth.xlsx
spf_philly,US,rgdp_growth,1982Q4,1982-11-15,point,,1.1726,saar_pct,0.2919,unspecified,2026-07-06T11:16:55+00:00,spf_philly_meangrowth.xlsx
spf_philly,US,rgdp_growth,1983Q1,1983-02-15,point,,3.7688,saar_pct,0.9292,unspecified,2026-07-06T11:16:55+00:00,spf_philly_meangrowth.xlsx
spf_philly,US,rgdp_growth,1983Q2,1983-05-15,point,,4.837,saar_pct,1.1879,unspecified,2026-07-06T11:16:55+00:00,spf_philly_meangrowth.xlsx
spf_philly,US,rgdp_growth,1983Q3,1983-08-15,point,,6.3339,saar_pct,1.5472,unspecified,2026-07-06T11:16:55+00:00,spf_philly_meangrowth.xlsx
spf_philly,US,rgdp_growth,1983Q4,1983-11-15,point,,5.2821,saar_pct,1.2951,unspecified,2026-07-06T11:16:55+00:00,spf_philly_meangrowth.xlsx
spf_philly,US,rgdp_growth,1984Q1,1984-02-15,point,,5.4732,saar_pct,1.3411,unspecified,2026-07-06T11:16:55+00:00,spf_philly_meangrowth.xlsx
spf_philly,US,rgdp_growth,1984Q2,1984-05-15,point,,3.9118,saar_pct,0.9639,unspecified,2026-07-06T11:16:55+00:00,spf_philly_meangrowth.xlsx
spf_philly,US,rgdp_growth,1984Q3,1984-08-15,point,,4.8376,saar_pct,1.1881,unspecified,2026-07-06T11:16:55+00:00,spf_philly_meangrowth.xlsx
spf_philly,US,rgdp_growth,1984Q4,1984-11-15,point,,2.7484,saar_pct,0.6801,unspecified,2026-07-06T11:16:55+00:00,spf_philly_meangrowth.xlsx
spf_philly,US,rgdp_growth,1985Q1,1985-02-15,point,,4.0534,saar_pct,0.9983,unspecified,2026-07-06T11:16:55+00:00,spf_philly_meangrowth.xlsx
spf_philly,US,rgdp_growth,1985Q2,1985-05-15,point,,3.3399,saar_pct,0.8247,unspecified,2026-07-06T11:16:55+00:00,spf_philly_meangrowth.xlsx
spf_philly,US,rgdp_growth,1985Q3,1985-08-15,point,,3.1479,saar_pct,0.7779,unspecified,2026-07-06T11:16:55+00:00,spf_philly_meangrowth.xlsx
spf_philly,US,rgdp_growth,1985Q4,1985-11-15,point,,2.6441,saar_pct,0.6546,unspecified,2026-07-06T11:16:55+00:00,spf_philly_meangrowth.xlsx
spf_philly,US,rgdp_growth,1986Q1,1986-02-15,point,,3.3808,saar_pct,0.8347,unspecified,2026-07-06T11:16:55+00:00,spf_philly_meangrowth.xlsx
spf_philly,US,rgdp_growth,1986Q2,1986-05-15,point,,2.3137,saar_pct,0.5735,unspecified,2026-07-06T11:16:55+00:00,spf_philly_meangrowth.xlsx
spf_philly,US,rgdp_growth,1986Q3,1986-08-15,point,,2.4911,saar_pct,0.617,unspecified,2026-07-06T11:16:55+00:00,spf_philly_meangrowth.xlsx
spf_philly,US,rgdp_growth,1986Q4,1986-11-15,point,,2.727,saar_pct,0.6749,unspecified,2026-07-06T11:16:55+00:00,spf_philly_meangrowth.xlsx
spf_philly,US,rgdp_growth,1987Q1,1987-02-15,point,,3.0049,saar_pct,0.7429,unspecified,2026-07-06T11:16:55+00:00,spf_philly_meangrowth.xlsx
spf_philly,US,rgdp_growth,1987Q2,1987-05-15,point,,1.7783,saar_pct,0.4416,unspecified,2026-07-06T11:16:55+00:00,spf_philly_meangrowth.xlsx
spf_philly,US,rgdp_growth,1987Q3,1987-08-15,point,,2.4623,saar_pct,0.61,unspecified,2026-07-06T11:16:55+00:00,spf_philly_meangrowth.xlsx
spf_philly,US,rgdp_growth,1987Q4,1987-11-15,point,,2.1865,saar_pct,0.5422,unspecified,2026-07-06T11:16:55+00:00,spf_philly_meangrowth.xlsx
spf_philly,US,rgdp_growth,1988Q1,1988-02-15,point,,0.3283,saar_pct,0.082,unspecified,2026-07-06T11:16:55+00:00,spf_philly_meangrowth.xlsx
spf_philly,US,rgdp_growth,1988Q2,1988-05-15,point,,2.1356,saar_pct,0.5297,unspecified,2026-07-06T11:16:55+00:00,spf_philly_meangrowth.xlsx
spf_philly,US,rgdp_growth,1988Q3,1988-08-15,point,,2.9989,saar_pct,0.7414,unspecified,2026-07-06T11:16:55+00:00,spf_philly_meangrowth.xlsx
spf_philly,US,rgdp_growth,1988Q4,1988-11-15,point,,2.4606,saar_pct,0.6096,unspecified,2026-07-06T11:16:55+00:00,spf_philly_meangrowth.xlsx
spf_philly,US,rgdp_growth,1989Q1,1989-02-15,point,,3.9004,saar_pct,0.9612,unspecified,2026-07-06T11:16:55+00:00,spf_philly_meangrowth.xlsx
spf_philly,US,rgdp_growth,1989Q2,1989-05-15,point,,2.0424,saar_pct,0.5067,unspecified,2026-07-06T11:16:55+00:00,spf_philly_meangrowth.xlsx
spf_philly,US,rgdp_growth,1989Q3,1989-08-15,point,,1.7324,saar_pct,0.4303,unspecified,2026-07-06T11:16:55+00:00,spf_philly_meangrowth.xlsx
spf_philly,US,rgdp_growth,1989Q4,1989-11-15,point,,1.2661,saar_pct,0.315,unspecified,2026-07-06T11:16:55+00:00,spf_philly_meangrowth.xlsx
spf_philly,US,rgdp_growth,1990Q1,1990-02-15,point,,1.6137,saar_pct,0.401,unspecified,2026-07-06T11:16:55+00:00,spf_philly_meangrowth.xlsx
spf_philly,US,rgdp_growth,1990Q2,1990-05-15,point,,2.3137,saar_pct,0.5735,unspecified,2026-07-06T11:16:55+00:00,spf_philly_meangrowth.xlsx
spf_philly,US,rgdp_growth,1990Q3,1990-08-15,point,,1.1219,saar_pct,0.2793,unspecified,2026-07-06T11:16:55+00:00,spf_philly_meangrowth.xlsx
spf_philly,US,rgdp_growth,1990Q4,1990-11-15,point,,-1.2825,saar_pct,-0.3222,unspecified,2026-07-06T11:16:55+00:00,spf_philly_meangrowth.xlsx
spf_philly,US,rgdp_growth,1991Q1,1991-02-15,point,,-1.9251,saar_pct,-0.4848,unspecified,2026-07-06T11:16:55+00:00,spf_philly_meangrowth.xlsx
spf_philly,US,rgdp_growth,1991Q2,1991-05-15,point,,-0.0806,saar_pct,-0.0202,unspecified,2026-07-06T11:16:55+00:00,spf_philly_meangrowth.xlsx
spf_philly,US,rgdp_growth,1991Q3,1991-08-15,point,,2.5571,saar_pct,0.6332,unspecified,2026-07-06T11:16:55+00:00,spf_philly_meangrowth.xlsx
spf_philly,US,rgdp_growth,1991Q4,1991-11-15,point,,1.5477,saar_pct,0.3847,unspecified,2026-07-06T11:16:55+00:00,spf_philly_meangrowth.xlsx
spf_philly,US,rgdp_growth,1992Q1,1992-02-15,point,,0.7207,saar_pct,0.1797,unspecified,2026-07-06T11:16:55+00:00,spf_philly_meangrowth.xlsx
spf_philly,US,rgdp_growth,1992Q2,1992-05-15,point,,2.9917,saar_pct,0.7397,unspecified,2026-07-06T11:16:55+00:00,spf_philly_meangrowth.xlsx
spf_philly,US,rgdp_growth,1992Q3,1992-08-15,point,,2.1965,saar_pct,0.5447,unspecified,2026-07-06T11:16:55+00:00,spf_philly_meangrowth.xlsx
spf_philly,US,rgdp_growth,1992Q4,1992-11-15,point,,1.9814,saar_pct,0.4917,unspecified,2026-07-06T11:16:55+00:00,spf_philly_meangrowth.xlsx
spf_philly,US,rgdp_growth,1993Q1,1993-02-15,point,,3.0952,saar_pct,0.765,unspecified,2026-07-06T11:16:55+00:00,spf_philly_meangrowth.xlsx
spf_philly,US,rgdp_growth,1993Q2,1993-05-15,point,,2.5504,saar_pct,0.6316,unspecified,2026-07-06T11:16:55+00:00,spf_philly_meangrowth.xlsx
spf_philly,US,rgdp_growth,1993Q3,1993-08-15,point,,3.0559,saar_pct,0.7554,unspecified,2026-07-06T11:16:55+00:00,spf_philly_meangrowth.xlsx
spf_philly,US,rgdp_growth,1993Q4,1993-11-15,point,,3.3864,saar_pct,0.8361,unspecified,2026-07-06T11:16:55+00:00,spf_philly_meangrowth.xlsx
spf_philly,US,rgdp_growth,1994Q1,1994-02-15,point,,3.2662,saar_pct,0.8067,unspecified,2026-07-06T11:16:55+00:00,spf_philly_meangrowth.xlsx
spf_philly,US,rgdp_growth,1994Q2,1994-05-15,point,,3.8958,saar_pct,0.96,unspecified,2026-07-06T11:16:55+00:00,spf_philly_meangrowth.xlsx
spf_philly,US,rgdp_growth,1994Q3,1994-08-15,point,,2.523,saar_pct,0.6249,unspecified,2026-07-06T11:16:55+00:00,spf_philly_meangrowth.xlsx
spf_philly,US,rgdp_growth,1994Q4,1994-11-15,point,,3.2845,saar_pct,0.8112,unspecified,2026-07-06T11:16:55+00:00,spf_philly_meangrowth.xlsx
spf_philly,US,rgdp_growth,1995Q1,1995-02-15,point,,3.1112,saar_pct,0.7689,unspecified,2026-07-06T11:16:55+00:00,spf_philly_meangrowth.xlsx
spf_philly,US,rgdp_growth,1995Q2,1995-05-15,point,,1.7682,saar_pct,0.4391,unspecified,2026-07-06T11:16:55+00:00,spf_philly_meangrowth.xlsx
spf_philly,US,rgdp_growth,1995Q3,1995-08-15,point,,2.14,saar_pct,0.5308,unspecified,2026-07-06T11:16:55+00:00,spf_philly_meangrowth.xlsx
spf_philly,US,rgdp_growth,1995Q4,1995-11-15,point,,2.4531,saar_pct,0.6077,unspecified,2026-07-06T11:16:55+00:00,spf_philly_meangrowth.xlsx
spf_philly,US,rgdp_growth,1996Q1,1996-02-15,point,,1.4168,saar_pct,0.3523,unspecified,2026-07-06T11:16:55+00:00,spf_philly_meangrowth.xlsx
spf_philly,US,rgdp_growth,1996Q2,1996-05-15,point,,2.9247,saar_pct,0.7233,unspecified,2026-07-06T11:16:55+00:00,spf_philly_meangrowth.xlsx
spf_philly,US,rgdp_growth,1996Q3,1996-08-15,point,,2.5867,saar_pct,0.6405,unspecified,2026-07-06T11:16:55+00:00,spf_philly_meangrowth.xlsx
spf_philly,US,rgdp_growth,1996Q4,1996-11-15,point,,2.1609,saar_pct,0.5359,unspecified,2026-07-06T11:16:55+00:00,spf_philly_meangrowth.xlsx
spf_philly,US,rgdp_growth,1997Q1,1997-02-15,point,,2.3092,saar_pct,0.5724,unspecified,2026-07-06T11:16:55+00:00,spf_philly_meangrowth.xlsx
spf_philly,US,rgdp_growth,1997Q2,1997-05-15,point,,2.3803,saar_pct,0.5898,unspecified,2026-07-06T11:16:55+00:00,spf_philly_meangrowth.xlsx
spf_philly,US,rgdp_growth,1997Q3,1997-08-15,point,,2.7295,saar_pct,0.6755,unspecified,2026-07-06T11:16:55+00:00,spf_philly_meangrowth.xlsx
spf_philly,US,rgdp_growth,1997Q4,1997-11-15,point,,2.8078,saar_pct,0.6947,unspecified,2026-07-06T11:16:55+00:00,spf_philly_meangrowth.xlsx
spf_philly,US,rgdp_growth,1998Q1,1998-02-15,point,,2.4852,saar_pct,0.6156,unspecified,2026-07-06T11:16:55+00:00,spf_philly_meangrowth.xlsx
spf_philly,US,rgdp_growth,1998Q2,1998-05-15,point,,2.5862,saar_pct,0.6404,unspecified,2026-07-06T11:16:55+00:00,spf_philly_meangrowth.xlsx
spf_philly,US,rgdp_growth,1998Q3,1998-08-15,point,,2.2133,saar_pct,0.5488,unspecified,2026-07-06T11:16:55+00:00,spf_philly_meangrowth.xlsx
spf_philly,US,rgdp_growth,1998Q4,1998-11-15,point,,2.3973,saar_pct,0.594,unspecified,2026-07-06T11:16:55+00:00,spf_philly_meangrowth.xlsx
spf_philly,US,rgdp_growth,1999Q1,1999-02-15,point,,2.9457,saar_pct,0.7284,unspecified,2026-07-06T11:16:55+00:00,spf_philly_meangrowth.xlsx
spf_philly,US,rgdp_growth,1999Q2,1999-05-15,point,,3.1892,saar_pct,0.7879,unspecified,2026-07-06T11:16:55+00:00,spf_philly_meangrowth.xlsx
spf_philly,US,rgdp_growth,1999Q3,1999-08-15,point,,3.333,saar_pct,0.823,unspecified,2026-07-06T11:16:55+00:00,spf_philly_meangrowth.xlsx
spf_philly,US,rgdp_growth,1999Q4,1999-11-15,point,,3.8468,saar_pct,0.9481,unspecified,2026-07-06T11:16:55+00:00,spf_philly_meangrowth.xlsx
spf_philly,US,rgdp_growth,2000Q1,2000-02-15,point,,2.9987,saar_pct,0.7414,unspecified,2026-07-06T11:16:55+00:00,spf_philly_meangrowth.xlsx
spf_philly,US,rgdp_growth,2000Q2,2000-05-15,point,,4.189,saar_pct,1.0312,unspecified,2026-07-06T11:16:55+00:00,spf_philly_meangrowth.xlsx
spf_philly,US,rgdp_growth,2000Q3,2000-08-15,point,,3.2491,saar_pct,0.8026,unspecified,2026-07-06T11:16:55+00:00,spf_philly_meangrowth.xlsx
spf_philly,US,rgdp_growth,2000Q4,2000-11-15,point,,3.218,saar_pct,0.795,unspecified,2026-07-06T11:16:55+00:00,spf_philly_meangrowth.xlsx
spf_philly,US,rgdp_growth,2001Q1,2001-02-15,point,,0.8039,saar_pct,0.2004,unspecified,2026-07-06T11:16:55+00:00,spf_philly_meangrowth.xlsx
spf_philly,US,rgdp_growth,2001Q2,2001-05-15,point,,1.1565,saar_pct,0.2879,unspecified,2026-07-06T11:16:55+00:00,spf_philly_meangrowth.xlsx
spf_philly,US,rgdp_growth,2001Q3,2001-08-15,point,,1.4244,saar_pct,0.3542,unspecified,2026-07-06T11:16:55+00:00,spf_philly_meangrowth.xlsx
spf_philly,US,rgdp_growth,2001Q4,2001-11-15,point,,-1.9896,saar_pct,-0.5012,unspecified,2026-07-06T11:16:55+00:00,spf_philly_meangrowth.xlsx
spf_philly,US,rgdp_growth,2002Q1,2002-02-15,point,,1.361,saar_pct,0.3385,unspecified,2026-07-06T11:16:55+00:00,spf_philly_meangrowth.xlsx
spf_philly,US,rgdp_growth,2002Q2,2002-05-15,point,,2.5381,saar_pct,0.6286,unspecified,2026-07-06T11:16:55+00:00,spf_philly_meangrowth.xlsx
spf_philly,US,rgdp_growth,2002Q3,2002-08-15,point,,2.3967,saar_pct,0.5939,unspecified,2026-07-06T11:16:55+00:00,spf_philly_meangrowth.xlsx
spf_philly,US,rgdp_growth,2002Q4,2002-11-15,point,,1.5334,saar_pct,0.3812,unspecified,2026-07-06T11:16:55+00:00,spf_philly_meangrowth.xlsx
spf_philly,US,rgdp_growth,2003Q1,2003-02-15,point,,2.0968,saar_pct,0.5201,unspecified,2026-07-06T11:16:55+00:00,spf_philly_meangrowth.xlsx
spf_philly,US,rgdp_growth,2003Q2,2003-05-15,point,,1.6508,saar_pct,0.4102,unspecified,2026-07-06T11:16:55+00:00,spf_philly_meangrowth.xlsx
spf_philly,US,rgdp_growth,2003Q3,2003-08-15,point,,3.7424,saar_pct,0.9227,unspecified,2026-07-06T11:16:55+00:00,spf_philly_meangrowth.xlsx
spf_philly,US,rgdp_growth,2003Q4,2003-11-15,point,,3.9751,saar_pct,0.9793,unspecified,2026-07-06T11:16:55+00:00,spf_philly_meangrowth.xlsx
spf_philly,US,rgdp_growth,2004Q1,2004-02-15,point,,4.423,saar_pct,1.0879,unspecified,2026-07-06T11:16:55+00:00,spf_philly_meangrowth.xlsx
spf_philly,US,rgdp_growth,2004Q2,2004-05-15,point,,4.4195,saar_pct,1.087,unspecified,2026-07-06T11:16:55+00:00,spf_philly_meangrowth.xlsx
spf_philly,US,rgdp_growth,2004Q3,2004-08-15,point,,3.4339,saar_pct,0.8476,unspecified,2026-07-06T11:16:55+00:00,spf_philly_meangrowth.xlsx
spf_philly,US,rgdp_growth,2004Q4,2004-11-15,point,,3.6698,saar_pct,0.9051,unspecified,2026-07-06T11:16:55+00:00,spf_philly_meangrowth.xlsx
spf_philly,US,rgdp_growth,2005Q1,2005-02-15,point,,3.7623,saar_pct,0.9276,unspecified,2026-07-06T11:16:55+00:00,spf_philly_meangrowth.xlsx
spf_philly,US,rgdp_growth,2005Q2,2005-05-15,point,,2.9777,saar_pct,0.7363,unspecified,2026-07-06T11:16:55+00:00,spf_philly_meangrowth.xlsx
spf_philly,US,rgdp_growth,2005Q3,2005-08-15,point,,4.1495,saar_pct,1.0216,unspecified,2026-07-06T11:16:55+00:00,spf_philly_meangrowth.xlsx
spf_philly,US,rgdp_growth,2005Q4,2005-11-15,point,,3.1983,saar_pct,0.7902,unspecified,2026-07-06T11:16:55+00:00,spf_philly_meangrowth.xlsx
spf_philly,US,rgdp_growth,2006Q1,2006-02-15,point,,4.1145,saar_pct,1.0131,unspecified,2026-07-06T11:16:55+00:00,spf_philly_meangrowth.xlsx
spf_philly,US,rgdp_growth,2006Q2,2006-05-15,point,,3.2768,saar_pct,0.8093,unspecified,2026-07-06T11:16:55+00:00,spf_philly_meangrowth.xlsx
spf_philly,US,rgdp_growth,2006Q3,2006-08-15,point,,2.8087,saar_pct,0.6949,unspecified,2026-07-06T11:16:55+00:00,spf_philly_meangrowth.xlsx
spf_philly,US,rgdp_growth,2006Q4,2006-11-15,point,,2.5022,saar_pct,0.6198,unspecified,2026-07-06T11:16:55+00:00,spf_philly_meangrowth.xlsx
spf_philly,US,rgdp_growth,2007Q1,2007-02-15,point,,2.5459,saar_pct,0.6305,unspecified,2026-07-06T11:16:55+00:00,spf_philly_meangrowth.xlsx
spf_philly,US,rgdp_growth,2007Q2,2007-05-15,point,,2.4142,saar_pct,0.5982,unspecified,2026-07-06T11:16:55+00:00,spf_philly_meangrowth.xlsx
spf_philly,US,rgdp_growth,2007Q3,2007-08-15,point,,2.6036,saar_pct,0.6446,unspecified,2026-07-06T11:16:55+00:00,spf_philly_meangrowth.xlsx
spf_philly,US,rgdp_growth,2007Q4,2007-11-15,point,,1.7801,saar_pct,0.4421,unspecified,2026-07-06T11:16:55+00:00,spf_philly_meangrowth.xlsx
spf_philly,US,rgdp_growth,2008Q1,2008-02-15,point,,0.6615,saar_pct,0.165,unspecified,2026-07-06T11:16:55+00:00,spf_philly_meangrowth.xlsx
spf_philly,US,rgdp_growth,2008Q2,2008-05-15,point,,0.0797,saar_pct,0.0199,unspecified,2026-07-06T11:16:55+00:00,spf_philly_meangrowth.xlsx
spf_philly,US,rgdp_growth,2008Q3,2008-08-15,point,,1.3428,saar_pct,0.334,unspecified,2026-07-06T11:16:55+00:00,spf_philly_meangrowth.xlsx
spf_philly,US,rgdp_growth,2008Q4,2008-11-15,point,,-2.6347,saar_pct,-0.6653,unspecified,2026-07-06T11:16:55+00:00,spf_philly_meangrowth.xlsx
spf_philly,US,rgdp_growth,2009Q1,2009-02-15,point,,-4.9078,saar_pct,-1.2502,unspecified,2026-07-06T11:16:55+00:00,spf_philly_meangrowth.xlsx
spf_philly,US,rgdp_growth,2009Q2,2009-05-15,point,,-1.3106,saar_pct,-0.3293,unspecified,2026-07-06T11:16:55+00:00,spf_philly_meangrowth.xlsx
spf_philly,US,rgdp_growth,2009Q3,2009-08-15,point,,2.3143,saar_pct,0.5736,unspecified,2026-07-06T11:16:55+00:00,spf_philly_meangrowth.xlsx
spf_philly,US,rgdp_growth,2009Q4,2009-11-15,point,,2.5884,saar_pct,0.6409,unspecified,2026-07-06T11:16:55+00:00,spf_philly_meangrowth.xlsx
spf_philly,US,rgdp_growth,2010Q1,2010-02-15,point,,2.6313,saar_pct,0.6514,unspecified,2026-07-06T11:16:55+00:00,spf_philly_meangrowth.xlsx
spf_philly,US,rgdp_growth,2010Q2,2010-05-15,point,,3.3275,saar_pct,0.8217,unspecified,2026-07-06T11:16:55+00:00,spf_philly_meangrowth.xlsx
spf_philly,US,rgdp_growth,2010Q3,2010-08-15,point,,2.4126,saar_pct,0.5978,unspecified,2026-07-06T11:16:55+00:00,spf_philly_meangrowth.xlsx
spf_philly,US,rgdp_growth,2010Q4,2010-11-15,point,,2.2252,saar_pct,0.5517,unspecified,2026-07-06T11:16:55+00:00,spf_philly_meangrowth.xlsx
spf_philly,US,rgdp_growth,2011Q1,2011-02-15,point,,3.5382,saar_pct,0.8731,unspecified,2026-07-06T11:16:55+00:00,spf_philly_meangrowth.xlsx
spf_philly,US,rgdp_growth,2011Q2,2011-05-15,point,,3.2377,saar_pct,0.7998,unspecified,2026-07-06T11:16:55+00:00,spf_philly_meangrowth.xlsx
spf_philly,US,rgdp_growth,2011Q3,2011-08-15,point,,2.5421,saar_pct,0.6296,unspecified,2026-07-06T11:16:55+00:00,spf_philly_meangrowth.xlsx
spf_philly,US,rgdp_growth,2011Q4,2011-11-15,point,,2.5015,saar_pct,0.6196,unspecified,2026-07-06T11:16:55+00:00,spf_philly_meangrowth.xlsx
spf_philly,US,rgdp_growth,2012Q1,2012-02-15,point,,2.2419,saar_pct,0.5558,unspecified,2026-07-06T11:16:55+00:00,spf_philly_meangrowth.xlsx
spf_philly,US,rgdp_growth,2012Q2,2012-05-15,point,,2.3914,saar_pct,0.5926,unspecified,2026-07-06T11:16:55+00:00,spf_philly_meangrowth.xlsx
spf_philly,US,rgdp_growth,2012Q3,2012-08-15,point,,1.7438,saar_pct,0.4331,unspecified,2026-07-06T11:16:55+00:00,spf_philly_meangrowth.xlsx
spf_philly,US,rgdp_growth,2012Q4,2012-11-15,point,,1.8394,saar_pct,0.4567,unspecified,2026-07-06T11:16:55+00:00,spf_philly_meangrowth.xlsx
spf_philly,US,rgdp_growth,2013Q1,2013-02-15,point,,2.2789,saar_pct,0.5649,unspecified,2026-07-06T11:16:55+00:00,spf_philly_meangrowth.xlsx
spf_philly,US,rgdp_growth,2013Q2,2013-05-15,point,,1.8093,saar_pct,0.4493,unspecified,2026-07-06T11:16:55+00:00,spf_philly_meangrowth.xlsx
spf_philly,US,rgdp_growth,2013Q3,2013-08-15,point,,2.3452,saar_pct,0.5812,unspecified,2026-07-06T11:16:55+00:00,spf_philly_meangrowth.xlsx
spf_philly,US,rgdp_growth,2013Q4,2013-11-15,point,,1.8421,saar_pct,0.4574,unspecified,2026-07-06T11:16:55+00:00,spf_philly_meangrowth.xlsx
spf_philly,US,rgdp_growth,2014Q1,2014-02-15,point,,2.0429,saar_pct,0.5069,unspecified,2026-07-06T11:16:55+00:00,spf_philly_meangrowth.xlsx
spf_philly,US,rgdp_growth,2014Q2,2014-05-15,point,,3.2287,saar_pct,0.7976,unspecified,2026-07-06T11:16:55+00:00,spf_philly_meangrowth.xlsx
spf_philly,US,rgdp_growth,2014Q3,2014-08-15,point,,2.9593,saar_pct,0.7318,unspecified,2026-07-06T11:16:55+00:00,spf_philly_meangrowth.xlsx
spf_philly,US,rgdp_growth,2014Q4,2014-11-15,point,,2.7368,saar_pct,0.6773,unspecified,2026-07-06T11:16:55+00:00,spf_philly_meangrowth.xlsx
spf_philly,US,rgdp_growth,2015Q1,2015-02-15,point,,2.6991,saar_pct,0.6681,unspecified,2026-07-06T11:16:55+00:00,spf_philly_meangrowth.xlsx
spf_philly,US,rgdp_growth,2015Q2,2015-05-15,point,,2.5113,saar_pct,0.622,unspecified,2026-07-06T11:16:55+00:00,spf_philly_meangrowth.xlsx
spf_philly,US,rgdp_growth,2015Q3,2015-08-15,point,,2.8331,saar_pct,0.7009,unspecified,2026-07-06T11:16:55+00:00,spf_philly_meangrowth.xlsx
spf_philly,US,rgdp_growth,2015Q4,2015-11-15,point,,2.7074,saar_pct,0.6701,unspecified,2026-07-06T11:16:55+00:00,spf_philly_meangrowth.xlsx
spf_philly,US,rgdp_growth,2016Q1,2016-02-15,point,,2.025,saar_pct,0.5025,unspecified,2026-07-06T11:16:55+00:00,spf_philly_meangrowth.xlsx
spf_philly,US,rgdp_growth,2016Q2,2016-05-15,point,,2.1634,saar_pct,0.5365,unspecified,2026-07-06T11:16:55+00:00,spf_philly_meangrowth.xlsx
spf_philly,US,rgdp_growth,2016Q3,2016-08-15,point,,2.8026,saar_pct,0.6934,unspecified,2026-07-06T11:16:55+00:00,spf_philly_meangrowth.xlsx
spf_philly,US,rgdp_growth,2016Q4,2016-11-15,point,,2.1918,saar_pct,0.5435,unspecified,2026-07-06T11:16:55+00:00,spf_philly_meangrowth.xlsx
spf_philly,US,rgdp_growth,2017Q1,2017-02-15,point,,2.3162,saar_pct,0.5741,unspecified,2026-07-06T11:16:55+00:00,spf_philly_meangrowth.xlsx
spf_philly,US,rgdp_growth,2017Q2,2017-05-15,point,,3.1278,saar_pct,0.7729,unspecified,2026-07-06T11:16:55+00:00,spf_philly_meangrowth.xlsx
spf_philly,US,rgdp_growth,2017Q3,2017-08-15,point,,2.7155,saar_pct,0.6721,unspecified,2026-07-06T11:16:55+00:00,spf_philly_meangrowth.xlsx
spf_philly,US,rgdp_growth,2017Q4,2017-11-15,point,,2.6669,saar_pct,0.6602,unspecified,2026-07-06T11:16:55+00:00,spf_philly_meangrowth.xlsx
spf_philly,US,rgdp_growth,2018Q1,2018-02-15,point,,3.0612,saar_pct,0.7567,unspecified,2026-07-06T11:16:55+00:00,spf_philly_meangrowth.xlsx
spf_philly,US,rgdp_growth,2018Q2,2018-05-15,point,,3.1716,saar_pct,0.7836,unspecified,2026-07-06T11:16:55+00:00,spf_philly_meangrowth.xlsx
spf_philly,US,rgdp_growth,2018Q3,2018-08-15,point,,3.032,saar_pct,0.7495,unspecified,2026-07-06T11:16:55+00:00,spf_philly_meangrowth.xlsx
spf_philly,US,rgdp_growth,2018Q4,2018-11-15,point,,2.614,saar_pct,0.6472,unspecified,2026-07-06T11:16:55+00:00,spf_philly_meangrowth.xlsx
spf_philly,US,rgdp_growth,2019Q1,2019-02-15,point,,1.5707,saar_pct,0.3904,unspecified,2026-07-06T11:16:55+00:00,spf_philly_meangrowth.xlsx
spf_philly,US,rgdp_growth,2019Q2,2019-05-15,point,,1.8741,saar_pct,0.4653,unspecified,2026-07-06T11:16:55+00:00,spf_philly_meangrowth.xlsx
spf_philly,US,rgdp_growth,2019Q3,2019-08-15,point,,1.8301,saar_pct,0.4544,unspecified,2026-07-06T11:16:55+00:00,spf_philly_meangrowth.xlsx
spf_philly,US,rgdp_growth,2019Q4,2019-11-15,point,,1.7112,saar_pct,0.4251,unspecified,2026-07-06T11:16:55+00:00,spf_philly_meangrowth.xlsx
spf_philly,US,rgdp_growth,2020Q1,2020-02-15,point,,1.6757,saar_pct,0.4163,unspecified,2026-07-06T11:16:55+00:00,spf_philly_meangrowth.xlsx
spf_philly,US,rgdp_growth,2020Q2,2020-05-15,point,,-31.7573,saar_pct,-9.1104,unspecified,2026-07-06T11:16:55+00:00,spf_philly_meangrowth.xlsx
spf_philly,US,rgdp_growth,2020Q3,2020-08-15,point,,19.2911,saar_pct,4.5086,unspecified,2026-07-06T11:16:55+00:00,spf_philly_meangrowth.xlsx
spf_philly,US,rgdp_growth,2020Q4,2020-11-15,point,,4.5426,saar_pct,1.1168,unspecified,2026-07-06T11:16:55+00:00,spf_philly_meangrowth.xlsx
spf_philly,US,rgdp_growth,2021Q1,2021-02-15,point,,2.9638,saar_pct,0.7329,unspecified,2026-07-06T11:16:55+00:00,spf_philly_meangrowth.xlsx
spf_philly,US,rgdp_growth,2021Q2,2021-05-15,point,,8.0278,saar_pct,1.9492,unspecified,2026-07-06T11:16:55+00:00,spf_philly_meangrowth.xlsx
spf_philly,US,rgdp_growth,2021Q3,2021-08-15,point,,6.7862,saar_pct,1.655,unspecified,2026-07-06T11:16:55+00:00,spf_philly_meangrowth.xlsx
spf_philly,US,rgdp_growth,2021Q4,2021-11-15,point,,4.8289,saar_pct,1.186,unspecified,2026-07-06T11:16:55+00:00,spf_philly_meangrowth.xlsx
spf_philly,US,rgdp_growth,2022Q1,2022-02-15,point,,1.7124,saar_pct,0.4254,unspecified,2026-07-06T11:16:55+00:00,spf_philly_meangrowth.xlsx
spf_philly,US,rgdp_growth,2022Q2,2022-05-15,point,,2.1727,saar_pct,0.5388,unspecified,2026-07-06T11:16:55+00:00,spf_philly_meangrowth.xlsx
spf_philly,US,rgdp_growth,2022Q3,2022-08-15,point,,1.2667,saar_pct,0.3152,unspecified,2026-07-06T11:16:55+00:00,spf_philly_meangrowth.xlsx
spf_philly,US,rgdp_growth,2022Q4,2022-11-15,point,,1.0174,saar_pct,0.2534,unspecified,2026-07-06T11:16:55+00:00,spf_philly_meangrowth.xlsx
spf_philly,US,rgdp_growth,2023Q1,2023-02-15,point,,0.5493,saar_pct,0.137,unspecified,2026-07-06T11:16:55+00:00,spf_philly_meangrowth.xlsx
spf_philly,US,rgdp_growth,2023Q2,2023-05-15,point,,0.843,saar_pct,0.2101,unspecified,2026-07-06T11:16:55+00:00,spf_philly_meangrowth.xlsx
spf_philly,US,rgdp_growth,2023Q3,2023-08-15,point,,1.7893,saar_pct,0.4444,unspecified,2026-07-06T11:16:55+00:00,spf_philly_meangrowth.xlsx
spf_philly,US,rgdp_growth,2023Q4,2023-11-15,point,,1.1076,saar_pct,0.2758,unspecified,2026-07-06T11:16:55+00:00,spf_philly_meangrowth.xlsx
spf_philly,US,rgdp_growth,2024Q1,2024-02-15,point,,2.0914,saar_pct,0.5188,unspecified,2026-07-06T11:16:55+00:00,spf_philly_meangrowth.xlsx
spf_philly,US,rgdp_growth,2024Q2,2024-05-15,point,,2.0071,saar_pct,0.498,unspecified,2026-07-06T11:16:55+00:00,spf_philly_meangrowth.xlsx
spf_philly,US,rgdp_growth,2024Q3,2024-08-15,point,,1.8702,saar_pct,0.4643,unspecified,2026-07-06T11:16:55+00:00,spf_philly_meangrowth.xlsx
spf_philly,US,rgdp_growth,2024Q4,2024-11-15,point,,1.9043,saar_pct,0.4727,unspecified,2026-07-06T11:16:55+00:00,spf_philly_meangrowth.xlsx
spf_philly,US,rgdp_growth,2025Q1,2025-02-15,point,,2.6006,saar_pct,0.6439,unspecified,2026-07-06T11:16:55+00:00,spf_philly_meangrowth.xlsx
spf_philly,US,rgdp_growth,2025Q2,2025-05-15,point,,1.3646,saar_pct,0.3394,unspecified,2026-07-06T11:16:55+00:00,spf_philly_meangrowth.xlsx
spf_philly,US,rgdp_growth,2025Q3,2025-08-15,point,,1.4233,saar_pct,0.3539,unspecified,2026-07-06T11:16:55+00:00,spf_philly_meangrowth.xlsx
spf_philly,US,rgdp_growth,2025Q4,2025-11-15,point,,1.2968,saar_pct,0.3226,unspecified,2026-07-06T11:16:55+00:00,spf_philly_meangrowth.xlsx
spf_philly,US,rgdp_growth,2026Q1,2026-02-15,point,,2.538,saar_pct,0.6285,unspecified,2026-07-06T11:16:55+00:00,spf_philly_meangrowth.xlsx
spf_philly,US,rgdp_growth,2026Q2,2026-05-15,point,,2.1484,saar_pct,0.5328,unspecified,2026-07-06T11:16:55+00:00,spf_philly_meangrowth.xlsx
