"region","variable","target_period","published_on","observed","outcome_unit","source","forecast_date","predicted","unit_native","quarters_ahead","horizon","target_rule","error","abs_error","sq_error"
"US","rgdp_growth","2011Q3",2011-10-27,2.46370669918625,"saar_pct","gdpnow",2011-08-25,0.7063,"saar_pct",0,"nowcast","first_release",-1.75740669918625,1.75740669918625,3.08847830634472
"US","rgdp_growth","2011Q3",2011-10-27,2.46370669918625,"saar_pct","gdpnow",2011-08-30,1.4416,"saar_pct",0,"nowcast","first_release",-1.02210669918625,1.02210669918625,1.04470210452142
"US","rgdp_growth","2011Q3",2011-10-27,2.46370669918625,"saar_pct","gdpnow",2011-08-31,1.635,"saar_pct",0,"nowcast","first_release",-0.828706699186252,0.828706699186252,0.686754793276173
"US","rgdp_growth","2011Q3",2011-10-27,2.46370669918625,"saar_pct","gdpnow",2011-09-01,1.3882,"saar_pct",0,"nowcast","first_release",-1.07550669918625,1.07550669918625,1.15671465999451
"US","rgdp_growth","2011Q3",2011-10-27,2.46370669918625,"saar_pct","gdpnow",2011-09-02,1.3829,"saar_pct",0,"nowcast","first_release",-1.08080669918625,1.08080669918625,1.16814312100588
"US","rgdp_growth","2011Q3",2011-10-27,2.46370669918625,"saar_pct","gdpnow",2011-09-06,1.3888,"saar_pct",0,"nowcast","first_release",-1.07490669918625,1.07490669918625,1.15542441195548
"US","rgdp_growth","2011Q3",2011-10-27,2.46370669918625,"saar_pct","gdpnow",2011-09-08,2.3451,"saar_pct",0,"nowcast","first_release",-0.118606699186252,0.118606699186252,0.0140675490918581
"US","rgdp_growth","2011Q3",2011-10-27,2.46370669918625,"saar_pct","gdpnow",2011-09-09,2.425,"saar_pct",0,"nowcast","first_release",-0.0387066991862524,0.0387066991862524,0.00149820856189503
"US","rgdp_growth","2011Q3",2011-10-27,2.46370669918625,"saar_pct","gdpnow",2011-09-12,2.425,"saar_pct",0,"nowcast","first_release",-0.0387066991862524,0.0387066991862524,0.00149820856189503
"US","rgdp_growth","2011Q3",2011-10-27,2.46370669918625,"saar_pct","gdpnow",2011-09-13,2.5694,"saar_pct",0,"nowcast","first_release",0.105693300813748,0.105693300813748,0.0111710738369054
"US","rgdp_growth","2011Q3",2011-10-27,2.46370669918625,"saar_pct","gdpnow",2011-09-14,2.0401,"saar_pct",0,"nowcast","first_release",-0.423606699186252,0.423606699186252,0.179442635595472
"US","rgdp_growth","2011Q3",2011-10-27,2.46370669918625,"saar_pct","gdpnow",2011-09-15,2.0879,"saar_pct",0,"nowcast","first_release",-0.375806699186252,0.375806699186252,0.141230675153266
"US","rgdp_growth","2011Q3",2011-10-27,2.46370669918625,"saar_pct","gdpnow",2011-09-16,2.0879,"saar_pct",0,"nowcast","first_release",-0.375806699186252,0.375806699186252,0.141230675153266
"US","rgdp_growth","2011Q3",2011-10-27,2.46370669918625,"saar_pct","gdpnow",2011-09-20,2.1233,"saar_pct",0,"nowcast","first_release",-0.340406699186252,0.340406699186252,0.11587672085088
"US","rgdp_growth","2011Q3",2011-10-27,2.46370669918625,"saar_pct","gdpnow",2011-09-21,2.1807,"saar_pct",0,"nowcast","first_release",-0.283006699186252,0.283006699186252,0.0800927917842979
"US","rgdp_growth","2011Q3",2011-10-27,2.46370669918625,"saar_pct","gdpnow",2011-09-26,2.1953,"saar_pct",0,"nowcast","first_release",-0.268406699186252,0.268406699186252,0.0720421561680593
"US","rgdp_growth","2011Q3",2011-10-27,2.46370669918625,"saar_pct","gdpnow",2011-09-27,2.1982,"saar_pct",0,"nowcast","first_release",-0.265506699186252,0.265506699186252,0.070493807312779
"US","rgdp_growth","2011Q3",2011-10-27,2.46370669918625,"saar_pct","gdpnow",2011-09-28,2.3372,"saar_pct",0,"nowcast","first_release",-0.126506699186252,0.126506699186252,0.0160039449390009
"US","rgdp_growth","2011Q3",2011-10-27,2.46370669918625,"saar_pct","gdpnow",2011-09-30,2.0989,"saar_pct",0,"nowcast","first_release",-0.364806699186252,0.364806699186252,0.133083927771169
"US","rgdp_growth","2011Q3",2011-10-27,2.46370669918625,"saar_pct","gdpnow",2011-10-03,2.5577,"saar_pct",-1,"backcast","first_release",0.0939933008137479,0.0939933008137479,0.0088347405978637
"US","rgdp_growth","2011Q3",2011-10-27,2.46370669918625,"saar_pct","gdpnow",2011-10-04,2.5019,"saar_pct",-1,"backcast","first_release",0.0381933008137478,0.0381933008137478,0.00145872822704943
"US","rgdp_growth","2011Q3",2011-10-27,2.46370669918625,"saar_pct","gdpnow",2011-10-05,2.6169,"saar_pct",-1,"backcast","first_release",0.153193300813748,0.153193300813748,0.0234681874142114
"US","rgdp_growth","2011Q3",2011-10-27,2.46370669918625,"saar_pct","gdpnow",2011-10-07,2.4717,"saar_pct",-1,"backcast","first_release",0.00799330081374761,0.00799330081374761,6.38928578990581e-05
"US","rgdp_growth","2011Q3",2011-10-27,2.46370669918625,"saar_pct","gdpnow",2011-10-13,2.5109,"saar_pct",-1,"backcast","first_release",0.0471933008137477,0.0471933008137477,0.00222720764169688
"US","rgdp_growth","2011Q3",2011-10-27,2.46370669918625,"saar_pct","gdpnow",2011-10-14,2.9599,"saar_pct",-1,"backcast","first_release",0.496193300813748,0.496193300813748,0.246207791772443
"US","rgdp_growth","2011Q3",2011-10-27,2.46370669918625,"saar_pct","gdpnow",2011-10-17,3.189,"saar_pct",-1,"backcast","first_release",0.725293300813748,0.725293300813748,0.526050372205302
"US","rgdp_growth","2011Q3",2011-10-27,2.46370669918625,"saar_pct","gdpnow",2011-10-18,3.1414,"saar_pct",-1,"backcast","first_release",0.677693300813748,0.677693300813748,0.459268209967833
"US","rgdp_growth","2011Q3",2011-10-27,2.46370669918625,"saar_pct","gdpnow",2011-10-19,3.2538,"saar_pct",-1,"backcast","first_release",0.790093300813748,0.790093300813748,0.624247423990763
"US","rgdp_growth","2011Q3",2011-10-27,2.46370669918625,"saar_pct","gdpnow",2011-10-20,3.2445,"saar_pct",-1,"backcast","first_release",0.780793300813748,0.780793300813748,0.609638178595628
"US","rgdp_growth","2011Q4",2012-01-27,2.75231365508761,"saar_pct","gdpnow",2011-10-28,2.3145,"saar_pct",0,"nowcast","first_release",-0.437813655087613,0.437813655087613,0.191680796581175
"US","rgdp_growth","2011Q4",2012-01-27,2.75231365508761,"saar_pct","gdpnow",2011-11-01,2.1677,"saar_pct",0,"nowcast","first_release",-0.584613655087613,0.584613655087613,0.341773125714898
"US","rgdp_growth","2011Q4",2012-01-27,2.75231365508761,"saar_pct","gdpnow",2011-11-02,2.326,"saar_pct",0,"nowcast","first_release",-0.426313655087613,0.426313655087613,0.18174333251416
"US","rgdp_growth","2011Q4",2012-01-27,2.75231365508761,"saar_pct","gdpnow",2011-11-03,2.3921,"saar_pct",0,"nowcast","first_release",-0.360213655087612,0.360213655087612,0.129753877311577
"US","rgdp_growth","2011Q4",2012-01-27,2.75231365508761,"saar_pct","gdpnow",2011-11-04,2.5707,"saar_pct",0,"nowcast","first_release",-0.181613655087613,0.181613655087613,0.0329835197142823
"US","rgdp_growth","2011Q4",2012-01-27,2.75231365508761,"saar_pct","gdpnow",2011-11-09,3.1495,"saar_pct",0,"nowcast","first_release",0.397186344912388,0.397186344912388,0.157756992584862
"US","rgdp_growth","2011Q4",2012-01-27,2.75231365508761,"saar_pct","gdpnow",2011-11-10,3.3487,"saar_pct",0,"nowcast","first_release",0.596386344912387,0.596386344912387,0.355676672397957
"US","rgdp_growth","2011Q4",2012-01-27,2.75231365508761,"saar_pct","gdpnow",2011-11-15,3.6571,"saar_pct",0,"nowcast","first_release",0.904786344912387,0.904786344912387,0.818638329939917
"US","rgdp_growth","2011Q4",2012-01-27,2.75231365508761,"saar_pct","gdpnow",2011-11-16,3.73172847130047,"saar_pct",0,"nowcast","first_release",0.979414816212858,0.979414816212858,0.959253382217266
"US","rgdp_growth","2011Q4",2012-01-27,2.75231365508761,"saar_pct","gdpnow",2011-11-17,3.66446564257154,"saar_pct",0,"nowcast","first_release",0.912151987483927,0.912151987483927,0.832021248270879
"US","rgdp_growth","2011Q4",2012-01-27,2.75231365508761,"saar_pct","gdpnow",2011-11-21,3.6557,"saar_pct",0,"nowcast","first_release",0.903386344912387,0.903386344912387,0.816106888174163
"US","rgdp_growth","2011Q4",2012-01-27,2.75231365508761,"saar_pct","gdpnow",2011-11-22,3.4674,"saar_pct",0,"nowcast","first_release",0.715086344912387,0.715086344912387,0.511348480680158
"US","rgdp_growth","2011Q4",2012-01-27,2.75231365508761,"saar_pct","gdpnow",2011-11-23,3.2432,"saar_pct",0,"nowcast","first_release",0.490886344912387,0.490886344912387,0.240969403621443
"US","rgdp_growth","2011Q4",2012-01-27,2.75231365508761,"saar_pct","gdpnow",2011-11-28,3.2469,"saar_pct",0,"nowcast","first_release",0.494586344912388,0.494586344912388,0.244615652573795
"US","rgdp_growth","2011Q4",2012-01-27,2.75231365508761,"saar_pct","gdpnow",2011-12-01,3.9822,"saar_pct",0,"nowcast","first_release",1.22988634491239,1.22988634491239,1.51262042140195
"US","rgdp_growth","2011Q4",2012-01-27,2.75231365508761,"saar_pct","gdpnow",2011-12-02,3.9685,"saar_pct",0,"nowcast","first_release",1.21618634491239,1.21618634491239,1.47910922555135
"US","rgdp_growth","2011Q4",2012-01-27,2.75231365508761,"saar_pct","gdpnow",2011-12-05,4.3805,"saar_pct",0,"nowcast","first_release",1.62818634491239,1.62818634491239,2.65099077375916
"US","rgdp_growth","2011Q4",2012-01-27,2.75231365508761,"saar_pct","gdpnow",2011-12-08,5.1213,"saar_pct",0,"nowcast","first_release",2.36898634491239,2.36898634491239,5.61209630238135
"US","rgdp_growth","2011Q4",2012-01-27,2.75231365508761,"saar_pct","gdpnow",2011-12-09,5.7941,"saar_pct",0,"nowcast","first_release",3.04178634491239,3.04178634491239,9.25246416809546
"US","rgdp_growth","2011Q4",2012-01-27,2.75231365508761,"saar_pct","gdpnow",2011-12-13,5.6256,"saar_pct",0,"nowcast","first_release",2.87328634491239,2.87328634491239,8.25577441985999
"US","rgdp_growth","2011Q4",2012-01-27,2.75231365508761,"saar_pct","gdpnow",2011-12-15,5.5245,"saar_pct",0,"nowcast","first_release",2.77218634491239,2.77218634491239,7.6850171309187
"US","rgdp_growth","2011Q4",2012-01-27,2.75231365508761,"saar_pct","gdpnow",2011-12-16,5.5742,"saar_pct",0,"nowcast","first_release",2.82188634491239,2.82188634491239,7.963042543603
"US","rgdp_growth","2011Q4",2012-01-27,2.75231365508761,"saar_pct","gdpnow",2011-12-20,5.5979775504811,"saar_pct",0,"nowcast","first_release",2.84566389539349,2.84566389539349,8.09780300554604
"US","rgdp_growth","2011Q4",2012-01-27,2.75231365508761,"saar_pct","gdpnow",2011-12-21,5.62991372526742,"saar_pct",0,"nowcast","first_release",2.87760007017981,2.87760007017981,8.28058216389883
"US","rgdp_growth","2011Q4",2012-01-27,2.75231365508761,"saar_pct","gdpnow",2011-12-29,4.9035,"saar_pct",0,"nowcast","first_release",2.15118634491239,2.15118634491239,4.62760269053752
"US","rgdp_growth","2011Q4",2012-01-27,2.75231365508761,"saar_pct","gdpnow",2012-01-03,5.3271,"saar_pct",-1,"backcast","first_release",2.57478634491239,2.57478634491239,6.62952472194729
"US","rgdp_growth","2011Q4",2012-01-27,2.75231365508761,"saar_pct","gdpnow",2012-01-09,5.5449,"saar_pct",-1,"backcast","first_release",2.79258634491239,2.79258634491239,7.79853849379113
"US","rgdp_growth","2011Q4",2012-01-27,2.75231365508761,"saar_pct","gdpnow",2012-01-10,5.1684,"saar_pct",-1,"backcast","first_release",2.41608634491239,2.41608634491239,5.8374732260721
"US","rgdp_growth","2012Q1",2012-04-27,2.20430347798211,"saar_pct","gdpnow",2012-02-03,2.7803,"saar_pct",0,"nowcast","first_release",0.575996522017894,0.575996522017894,0.33177199337671
"US","rgdp_growth","2012Q1",2012-04-27,2.20430347798211,"saar_pct","gdpnow",2012-02-09,2.3368,"saar_pct",0,"nowcast","first_release",0.132496522017894,0.132496522017894,0.0175553283468384
"US","rgdp_growth","2012Q1",2012-04-27,2.20430347798211,"saar_pct","gdpnow",2012-02-10,2.2893,"saar_pct",0,"nowcast","first_release",0.0849965220178941,0.0849965220178941,0.00722440875513836
"US","rgdp_growth","2012Q1",2012-04-27,2.20430347798211,"saar_pct","gdpnow",2012-02-14,2.0799,"saar_pct",0,"nowcast","first_release",-0.124403477982106,0.124403477982106,0.0154762253340443
"US","rgdp_growth","2012Q1",2012-04-27,2.20430347798211,"saar_pct","gdpnow",2012-02-15,2.0772,"saar_pct",0,"nowcast","first_release",-0.127103477982106,0.127103477982106,0.0161552941151477
"US","rgdp_growth","2012Q1",2012-04-27,2.20430347798211,"saar_pct","gdpnow",2012-02-16,2.0601,"saar_pct",0,"nowcast","first_release",-0.144203477982106,0.144203477982106,0.0207946430621357
"US","rgdp_growth","2012Q1",2012-04-27,2.20430347798211,"saar_pct","gdpnow",2012-02-17,1.9093,"saar_pct",0,"nowcast","first_release",-0.295003477982106,0.295003477982106,0.0870270520215388
"US","rgdp_growth","2012Q1",2012-04-27,2.20430347798211,"saar_pct","gdpnow",2012-02-22,1.9093,"saar_pct",0,"nowcast","first_release",-0.295003477982106,0.295003477982106,0.0870270520215388
"US","rgdp_growth","2012Q1",2012-04-27,2.20430347798211,"saar_pct","gdpnow",2012-02-24,1.9328,"saar_pct",0,"nowcast","first_release",-0.271503477982106,0.271503477982106,0.0737141385563798
"US","rgdp_growth","2012Q1",2012-04-27,2.20430347798211,"saar_pct","gdpnow",2012-02-28,1.8841,"saar_pct",0,"nowcast","first_release",-0.320203477982106,0.320203477982106,0.102530267311837
"US","rgdp_growth","2012Q1",2012-04-27,2.20430347798211,"saar_pct","gdpnow",2012-03-01,1.1462,"saar_pct",0,"nowcast","first_release",-1.05810347798211,1.05810347798211,1.11958297011783
"US","rgdp_growth","2012Q1",2012-04-27,2.20430347798211,"saar_pct","gdpnow",2012-03-05,1.0999,"saar_pct",0,"nowcast","first_release",-1.10440347798211,1.10440347798211,1.21970704217897
"US","rgdp_growth","2012Q1",2012-04-27,2.20430347798211,"saar_pct","gdpnow",2012-03-09,0.6204,"saar_pct",0,"nowcast","first_release",-1.58390347798211,1.58390347798211,2.50875022756381
"US","rgdp_growth","2012Q1",2012-04-27,2.20430347798211,"saar_pct","gdpnow",2012-03-13,1.2911,"saar_pct",0,"nowcast","first_release",-0.913203477982106,0.913203477982106,0.833940592198614
"US","rgdp_growth","2012Q1",2012-04-27,2.20430347798211,"saar_pct","gdpnow",2012-03-16,1.1431,"saar_pct",0,"nowcast","first_release",-1.06120347798211,1.06120347798211,1.12615282168132
"US","rgdp_growth","2012Q1",2012-04-27,2.20430347798211,"saar_pct","gdpnow",2012-03-20,1.1738,"saar_pct",0,"nowcast","first_release",-1.03050347798211,1.03050347798211,1.06193741813322
"US","rgdp_growth","2012Q1",2012-04-27,2.20430347798211,"saar_pct","gdpnow",2012-03-21,1.1778,"saar_pct",0,"nowcast","first_release",-1.02650347798211,1.02650347798211,1.05370939030936
"US","rgdp_growth","2012Q1",2012-04-27,2.20430347798211,"saar_pct","gdpnow",2012-03-23,1.1914,"saar_pct",0,"nowcast","first_release",-1.01290347798211,1.01290347798211,1.02597345570825
"US","rgdp_growth","2012Q1",2012-04-27,2.20430347798211,"saar_pct","gdpnow",2012-03-28,0.8029,"saar_pct",0,"nowcast","first_release",-1.40140347798211,1.40140347798211,1.96393170810034
"US","rgdp_growth","2012Q1",2012-04-27,2.20430347798211,"saar_pct","gdpnow",2012-03-30,0.9247,"saar_pct",0,"nowcast","first_release",-1.27960347798211,1.27960347798211,1.6373850608639
"US","rgdp_growth","2012Q1",2012-04-27,2.20430347798211,"saar_pct","gdpnow",2012-04-02,0.7835,"saar_pct",-1,"backcast","first_release",-1.42080347798211,1.42080347798211,2.01868252304605
"US","rgdp_growth","2012Q1",2012-04-27,2.20430347798211,"saar_pct","gdpnow",2012-04-10,1.1878,"saar_pct",-1,"backcast","first_release",-1.01650347798211,1.01650347798211,1.03327932074972
"US","rgdp_growth","2012Q1",2012-04-27,2.20430347798211,"saar_pct","gdpnow",2012-04-12,2.0762,"saar_pct",-1,"backcast","first_release",-0.128103477982106,0.128103477982106,0.0164105010711119
"US","rgdp_growth","2012Q1",2012-04-27,2.20430347798211,"saar_pct","gdpnow",2012-04-16,2.2496,"saar_pct",-1,"backcast","first_release",0.0452965220178942,0.0452965220178942,0.00205177490691758
"US","rgdp_growth","2012Q1",2012-04-27,2.20430347798211,"saar_pct","gdpnow",2012-04-17,2.1552,"saar_pct",-1,"backcast","first_release",-0.049103477982106,0.049103477982106,0.00241115154993917
"US","rgdp_growth","2012Q1",2012-04-27,2.20430347798211,"saar_pct","gdpnow",2012-04-26,3.0151,"saar_pct",-1,"backcast","first_release",0.810796522017894,0.810796522017894,0.657391000116313
"US","rgdp_growth","2012Q2",2012-07-27,1.53694407586329,"saar_pct","gdpnow",2012-06-01,1.805325,"saar_pct",0,"nowcast","first_release",0.268380924136711,0.268380924136711,0.0720283204404751
"US","rgdp_growth","2012Q2",2012-07-27,1.53694407586329,"saar_pct","gdpnow",2012-06-04,1.7425,"saar_pct",0,"nowcast","first_release",0.205555924136711,0.205555924136711,0.0422532379476972
"US","rgdp_growth","2012Q2",2012-07-27,1.53694407586329,"saar_pct","gdpnow",2012-06-08,1.3517,"saar_pct",0,"nowcast","first_release",-0.185244075863289,0.185244075863289,0.034315367642444
"US","rgdp_growth","2012Q2",2012-07-27,1.53694407586329,"saar_pct","gdpnow",2012-06-13,0.961175,"saar_pct",0,"nowcast","first_release",-0.575769075863289,0.575769075863289,0.331510028720466
"US","rgdp_growth","2012Q2",2012-07-27,1.53694407586329,"saar_pct","gdpnow",2012-06-14,0.960525,"saar_pct",0,"nowcast","first_release",-0.576419075863289,0.576419075863289,0.332258951019088
"US","rgdp_growth","2012Q2",2012-07-27,1.53694407586329,"saar_pct","gdpnow",2012-06-25,0.947175,"saar_pct",0,"nowcast","first_release",-0.589769075863289,0.589769075863289,0.347827562844638
"US","rgdp_growth","2012Q2",2012-07-27,1.53694407586329,"saar_pct","gdpnow",2012-06-28,0.962275,"saar_pct",0,"nowcast","first_release",-0.574669075863289,0.574669075863289,0.330244546753567
"US","rgdp_growth","2012Q2",2012-07-27,1.53694407586329,"saar_pct","gdpnow",2012-06-29,0.952575,"saar_pct",0,"nowcast","first_release",-0.584369075863289,0.584369075863289,0.341487216825314
"US","rgdp_growth","2012Q2",2012-07-27,1.53694407586329,"saar_pct","gdpnow",2012-07-02,0.71225,"saar_pct",-1,"backcast","first_release",-0.824694075863289,0.824694075863289,0.680120318764004
"US","rgdp_growth","2012Q2",2012-07-27,1.53694407586329,"saar_pct","gdpnow",2012-07-06,0.6792,"saar_pct",-1,"backcast","first_release",-0.857744075863289,0.857744075863289,0.735724899678568
"US","rgdp_growth","2012Q2",2012-07-27,1.53694407586329,"saar_pct","gdpnow",2012-07-11,0.41915,"saar_pct",-1,"backcast","first_release",-1.11779407586329,1.11779407586329,1.24946359603506
"US","rgdp_growth","2012Q2",2012-07-27,1.53694407586329,"saar_pct","gdpnow",2012-07-16,0.24295,"saar_pct",-1,"backcast","first_release",-1.29399407586329,1.29399407586329,1.67442066836929
"US","rgdp_growth","2012Q2",2012-07-27,1.53694407586329,"saar_pct","gdpnow",2012-07-17,0.181625,"saar_pct",-1,"backcast","first_release",-1.35531907586329,1.35531907586329,1.83688979739892
"US","rgdp_growth","2012Q2",2012-07-27,1.53694407586329,"saar_pct","gdpnow",2012-07-18,0.203175,"saar_pct",-1,"backcast","first_release",-1.33376907586329,1.33376907586329,1.77893994772921
"US","rgdp_growth","2012Q2",2012-07-27,1.53694407586329,"saar_pct","gdpnow",2012-07-26,0.2243,"saar_pct",-1,"backcast","first_release",-1.31264407586329,1.31264407586329,1.72303446989899
"US","rgdp_growth","2012Q3",2012-10-26,2.01377640147979,"saar_pct","gdpnow",2012-08-02,1.611475,"saar_pct",0,"nowcast","first_release",-0.402301401479794,0.402301401479794,0.161846417632607
"US","rgdp_growth","2012Q3",2012-10-26,2.01377640147979,"saar_pct","gdpnow",2012-08-03,2.20965,"saar_pct",0,"nowcast","first_release",0.195873598520206,0.195873598520206,0.0383664665972547
"US","rgdp_growth","2012Q3",2012-10-26,2.01377640147979,"saar_pct","gdpnow",2012-08-14,2.6016,"saar_pct",0,"nowcast","first_release",0.587823598520206,0.587823598520206,0.345536582977244
"US","rgdp_growth","2012Q3",2012-10-26,2.01377640147979,"saar_pct","gdpnow",2012-08-24,2.94175,"saar_pct",0,"nowcast","first_release",0.927973598520206,0.927973598520206,0.86113499955054
"US","rgdp_growth","2012Q3",2012-10-26,2.01377640147979,"saar_pct","gdpnow",2012-08-30,3.163525,"saar_pct",0,"nowcast","first_release",1.14974859852021,1.14974859852021,1.32192183979918
"US","rgdp_growth","2012Q3",2012-10-26,2.01377640147979,"saar_pct","gdpnow",2012-09-04,2.639675,"saar_pct",0,"nowcast","first_release",0.625898598520205,0.625898598520205,0.391749055629557
"US","rgdp_growth","2012Q3",2012-10-26,2.01377640147979,"saar_pct","gdpnow",2012-09-24,2.5789,"saar_pct",0,"nowcast","first_release",0.565123598520206,0.565123598520206,0.319364681604427
"US","rgdp_growth","2012Q3",2012-10-26,2.01377640147979,"saar_pct","gdpnow",2012-10-01,2.37595,"saar_pct",-1,"backcast","first_release",0.362173598520206,0.362173598520206,0.131169715465075
"US","rgdp_growth","2012Q3",2012-10-26,2.01377640147979,"saar_pct","gdpnow",2012-10-05,2.705975,"saar_pct",-1,"backcast","first_release",0.692198598520206,0.692198598520206,0.479138899793338
"US","rgdp_growth","2012Q3",2012-10-26,2.01377640147979,"saar_pct","gdpnow",2012-10-15,2.371975,"saar_pct",-1,"backcast","first_release",0.358198598520206,0.358198598520206,0.128306235981839
"US","rgdp_growth","2012Q3",2012-10-26,2.01377640147979,"saar_pct","gdpnow",2012-10-25,1.848975,"saar_pct",-1,"backcast","first_release",-0.164801401479794,0.164801401479794,0.0271595019297043
"US","rgdp_growth","2012Q4",2013-01-30,-0.143486179168539,"saar_pct","gdpnow",2012-11-02,1.848975,"saar_pct",0,"nowcast","first_release",1.99246117916854,1.99246117916854,3.96990155049369
"US","rgdp_growth","2012Q4",2013-01-30,-0.143486179168539,"saar_pct","gdpnow",2012-11-09,1.679175,"saar_pct",0,"nowcast","first_release",1.82266117916854,1.82266117916854,3.32209377404805
"US","rgdp_growth","2012Q4",2013-01-30,-0.143486179168539,"saar_pct","gdpnow",2012-11-14,1.46345,"saar_pct",0,"nowcast","first_release",1.60693617916854,1.60693617916854,2.58224388392078
"US","rgdp_growth","2012Q4",2013-01-30,-0.143486179168539,"saar_pct","gdpnow",2012-11-20,1.059625,"saar_pct",0,"nowcast","first_release",1.20311117916854,1.20311117916854,1.44747650944031
"US","rgdp_growth","2012Q4",2013-01-30,-0.143486179168539,"saar_pct","gdpnow",2012-11-30,0.344975,"saar_pct",0,"nowcast","first_release",0.488461179168539,0.488461179168539,0.23859432355472
"US","rgdp_growth","2012Q4",2013-01-30,-0.143486179168539,"saar_pct","gdpnow",2012-12-03,0.136425,"saar_pct",0,"nowcast","first_release",0.279911179168539,0.279911179168539,0.0783502682235221
"US","rgdp_growth","2012Q4",2013-01-30,-0.143486179168539,"saar_pct","gdpnow",2012-12-04,0.079625,"saar_pct",0,"nowcast","first_release",0.223111179168539,0.223111179168539,0.0497785982699761
"US","rgdp_growth","2012Q4",2013-01-30,-0.143486179168539,"saar_pct","gdpnow",2012-12-14,0.697125,"saar_pct",0,"nowcast","first_release",0.840611179168539,0.840611179168539,0.706627154543122
"US","rgdp_growth","2012Q4",2013-01-30,-0.143486179168539,"saar_pct","gdpnow",2012-12-19,0.6862,"saar_pct",0,"nowcast","first_release",0.829686179168539,0.829686179168539,0.688379155903289
"US","rgdp_growth","2012Q4",2013-01-30,-0.143486179168539,"saar_pct","gdpnow",2013-01-02,0.94475,"saar_pct",-1,"backcast","first_release",1.08823617916854,1.08823617916854,1.18425798165134
"US","rgdp_growth","2012Q4",2013-01-30,-0.143486179168539,"saar_pct","gdpnow",2013-01-10,1.1007,"saar_pct",-1,"backcast","first_release",1.24418617916854,1.24418617916854,1.54799924843401
"US","rgdp_growth","2012Q4",2013-01-30,-0.143486179168539,"saar_pct","gdpnow",2013-01-11,0.37085,"saar_pct",-1,"backcast","first_release",0.514336179168539,0.514336179168539,0.264541705201692
"US","rgdp_growth","2012Q4",2013-01-30,-0.143486179168539,"saar_pct","gdpnow",2013-01-16,0.2104,"saar_pct",-1,"backcast","first_release",0.353886179168539,0.353886179168539,0.125235427806508
"US","rgdp_growth","2012Q4",2013-01-30,-0.143486179168539,"saar_pct","gdpnow",2013-01-22,0.216375,"saar_pct",-1,"backcast","first_release",0.359861179168539,0.359861179168539,0.129500068272572
"US","rgdp_growth","2012Q4",2013-01-30,-0.143486179168539,"saar_pct","gdpnow",2013-01-25,0.20635,"saar_pct",-1,"backcast","first_release",0.349836179168539,0.349836179168539,0.122385352255242
"US","rgdp_growth","2012Q4",2013-01-30,-0.143486179168539,"saar_pct","gdpnow",2013-01-28,0.0776,"saar_pct",-1,"backcast","first_release",0.221086179168539,0.221086179168539,0.0488790986193435
"US","rgdp_growth","2013Q1",2013-04-26,2.50239969731696,"saar_pct","gdpnow",2013-01-31,2.4104,"saar_pct",0,"nowcast","first_release",-0.0919996973169592,0.0919996973169592,0.00846394430641212
"US","rgdp_growth","2013Q1",2013-04-26,2.50239969731696,"saar_pct","gdpnow",2013-02-06,2.2511,"saar_pct",0,"nowcast","first_release",-0.251299697316959,0.251299697316959,0.0631515378715953
"US","rgdp_growth","2013Q1",2013-04-26,2.50239969731696,"saar_pct","gdpnow",2013-02-08,2.6918,"saar_pct",0,"nowcast","first_release",0.189400302683041,0.189400302683041,0.0358724746564275
"US","rgdp_growth","2013Q1",2013-04-26,2.50239969731696,"saar_pct","gdpnow",2013-02-13,2.9983,"saar_pct",0,"nowcast","first_release",0.495900302683041,0.495900302683041,0.245917110201131
"US","rgdp_growth","2013Q1",2013-04-26,2.50239969731696,"saar_pct","gdpnow",2013-02-21,2.8855,"saar_pct",0,"nowcast","first_release",0.383100302683041,0.383100302683041,0.146765841915837
"US","rgdp_growth","2013Q1",2013-04-26,2.50239969731696,"saar_pct","gdpnow",2013-02-26,2.8253,"saar_pct",0,"nowcast","first_release",0.322900302683041,0.322900302683041,0.104264605472799
"US","rgdp_growth","2013Q1",2013-04-26,2.50239969731696,"saar_pct","gdpnow",2013-03-01,2.8705,"saar_pct",0,"nowcast","first_release",0.368100302683041,0.368100302683041,0.135497832835346
"US","rgdp_growth","2013Q1",2013-04-26,2.50239969731696,"saar_pct","gdpnow",2013-03-08,3.0872,"saar_pct",0,"nowcast","first_release",0.584800302683041,0.584800302683041,0.341991394018176
"US","rgdp_growth","2013Q1",2013-04-26,2.50239969731696,"saar_pct","gdpnow",2013-03-13,3.2642,"saar_pct",0,"nowcast","first_release",0.761800302683041,0.761800302683041,0.580339701167973
"US","rgdp_growth","2013Q1",2013-04-26,2.50239969731696,"saar_pct","gdpnow",2013-03-29,3.7184,"saar_pct",0,"nowcast","first_release",1.21600030268304,1.21600030268304,1.47865673612525
"US","rgdp_growth","2013Q1",2013-04-26,2.50239969731696,"saar_pct","gdpnow",2013-04-05,3.5066,"saar_pct",-1,"backcast","first_release",1.00420030268304,1.00420030268304,1.00841824790871
"US","rgdp_growth","2013Q1",2013-04-26,2.50239969731696,"saar_pct","gdpnow",2013-04-12,2.7357,"saar_pct",-1,"backcast","first_release",0.233300302683041,0.233300302683041,0.0544290312319984
"US","rgdp_growth","2013Q1",2013-04-26,2.50239969731696,"saar_pct","gdpnow",2013-04-16,2.8636,"saar_pct",-1,"backcast","first_release",0.361200302683041,0.361200302683041,0.13046565865832
"US","rgdp_growth","2013Q1",2013-04-26,2.50239969731696,"saar_pct","gdpnow",2013-04-22,2.8718,"saar_pct",-1,"backcast","first_release",0.369400302683041,0.369400302683041,0.136456583622322
"US","rgdp_growth","2013Q2",2013-07-31,1.67365787858027,"saar_pct","gdpnow",2013-04-29,2.3532,"saar_pct",0,"nowcast","first_release",0.67954212141973,0.67954212141973,0.461777494783627
"US","rgdp_growth","2013Q2",2013-07-31,1.67365787858027,"saar_pct","gdpnow",2013-05-31,2.4228,"saar_pct",0,"nowcast","first_release",0.74914212141973,0.74914212141973,0.561213918085253
"US","rgdp_growth","2013Q2",2013-07-31,1.67365787858027,"saar_pct","gdpnow",2013-06-13,2.9955,"saar_pct",0,"nowcast","first_release",1.32184212141973,1.32184212141973,1.74726659395941
"US","rgdp_growth","2013Q2",2013-07-31,1.67365787858027,"saar_pct","gdpnow",2013-06-14,3.0082,"saar_pct",0,"nowcast","first_release",1.33454212141973,1.33454212141973,1.78100267384347
"US","rgdp_growth","2013Q2",2013-07-31,1.67365787858027,"saar_pct","gdpnow",2013-06-20,3.1469,"saar_pct",0,"nowcast","first_release",1.47324212141973,1.47324212141973,2.17044234832531
"US","rgdp_growth","2013Q2",2013-07-31,1.67365787858027,"saar_pct","gdpnow",2013-06-25,3.117,"saar_pct",0,"nowcast","first_release",1.44334212141973,1.44334212141973,2.08323647946441
"US","rgdp_growth","2013Q2",2013-07-31,1.67365787858027,"saar_pct","gdpnow",2013-06-27,1.9145,"saar_pct",0,"nowcast","first_release",0.24084212141973,0.24084212141973,0.0580049274499559
"US","rgdp_growth","2013Q2",2013-07-31,1.67365787858027,"saar_pct","gdpnow",2013-07-01,1.9557,"saar_pct",-1,"backcast","first_release",0.28204212141973,0.28204212141973,0.0795477582549416
"US","rgdp_growth","2013Q2",2013-07-31,1.67365787858027,"saar_pct","gdpnow",2013-07-03,1.6298,"saar_pct",-1,"backcast","first_release",-0.0438578785802703,0.0438578785802703,0.00192351351356174
"US","rgdp_growth","2013Q2",2013-07-31,1.67365787858027,"saar_pct","gdpnow",2013-07-10,1.3639,"saar_pct",-1,"backcast","first_release",-0.30975787858027,0.30975787858027,0.0959499433425495
"US","rgdp_growth","2013Q2",2013-07-31,1.67365787858027,"saar_pct","gdpnow",2013-07-11,1.3,"saar_pct",-1,"backcast","first_release",-0.37365787858027,0.37365787858027,0.139620210225108
"US","rgdp_growth","2013Q3",2013-11-07,2.84626527816161,"saar_pct","gdpnow",2013-08-02,1.1361,"saar_pct",0,"nowcast","first_release",-1.71016527816161,1.71016527816161,2.92466527862957
"US","rgdp_growth","2013Q3",2013-11-07,2.84626527816161,"saar_pct","gdpnow",2013-08-06,1.4035,"saar_pct",0,"nowcast","first_release",-1.44276527816161,1.44276527816161,2.08157164786874
"US","rgdp_growth","2013Q3",2013-11-07,2.84626527816161,"saar_pct","gdpnow",2013-08-09,1.8554,"saar_pct",0,"nowcast","first_release",-0.990865278161608,0.990865278161608,0.981813999466281
"US","rgdp_growth","2013Q3",2013-11-07,2.84626527816161,"saar_pct","gdpnow",2013-08-12,1.8602,"saar_pct",0,"nowcast","first_release",-0.986065278161608,0.986065278161608,0.97232473279593
"US","rgdp_growth","2013Q3",2013-11-07,2.84626527816161,"saar_pct","gdpnow",2013-08-13,2.0411,"saar_pct",0,"nowcast","first_release",-0.805165278161608,0.805165278161608,0.64829112515706
"US","rgdp_growth","2013Q3",2013-11-07,2.84626527816161,"saar_pct","gdpnow",2013-08-15,1.7391,"saar_pct",0,"nowcast","first_release",-1.10716527816161,1.10716527816161,1.22581495316667
"US","rgdp_growth","2013Q3",2013-11-07,2.84626527816161,"saar_pct","gdpnow",2013-08-16,1.7035,"saar_pct",0,"nowcast","first_release",-1.14276527816161,1.14276527816161,1.30591248097178
"US","rgdp_growth","2013Q3",2013-11-07,2.84626527816161,"saar_pct","gdpnow",2013-08-21,1.8927,"saar_pct",0,"nowcast","first_release",-0.953565278161608,0.953565278161608,0.909286739715425
"US","rgdp_growth","2013Q3",2013-11-07,2.84626527816161,"saar_pct","gdpnow",2013-08-23,1.9523,"saar_pct",0,"nowcast","first_release",-0.893965278161608,0.893965278161608,0.799173918558562
"US","rgdp_growth","2013Q3",2013-11-07,2.84626527816161,"saar_pct","gdpnow",2013-08-26,1.888,"saar_pct",0,"nowcast","first_release",-0.958265278161608,0.958265278161608,0.918272343330145
"US","rgdp_growth","2013Q3",2013-11-07,2.84626527816161,"saar_pct","gdpnow",2013-08-30,1.3848,"saar_pct",0,"nowcast","first_release",-1.46146527816161,1.46146527816161,2.13588075927199
"US","rgdp_growth","2013Q3",2013-11-07,2.84626527816161,"saar_pct","gdpnow",2013-09-03,1.9386,"saar_pct",0,"nowcast","first_release",-0.907665278161608,0.907665278161608,0.82385625718019
"US","rgdp_growth","2013Q3",2013-11-07,2.84626527816161,"saar_pct","gdpnow",2013-09-04,2.0046,"saar_pct",0,"nowcast","first_release",-0.841665278161608,0.841665278161608,0.708400440462857
"US","rgdp_growth","2013Q3",2013-11-07,2.84626527816161,"saar_pct","gdpnow",2013-09-05,2.1446,"saar_pct",0,"nowcast","first_release",-0.701665278161608,0.701665278161608,0.492334162577607
"US","rgdp_growth","2013Q3",2013-11-07,2.84626527816161,"saar_pct","gdpnow",2013-09-06,2.0144,"saar_pct",0,"nowcast","first_release",-0.831865278161608,0.831865278161608,0.69199984101089
"US","rgdp_growth","2013Q3",2013-11-07,2.84626527816161,"saar_pct","gdpnow",2013-09-11,1.9205,"saar_pct",0,"nowcast","first_release",-0.925765278161608,0.925765278161608,0.85704135024964
"US","rgdp_growth","2013Q3",2013-11-07,2.84626527816161,"saar_pct","gdpnow",2013-09-13,1.9686,"saar_pct",0,"nowcast","first_release",-0.877665278161608,0.877665278161608,0.770296340490493
"US","rgdp_growth","2013Q3",2013-11-07,2.84626527816161,"saar_pct","gdpnow",2013-09-16,1.9114,"saar_pct",0,"nowcast","first_release",-0.934865278161608,0.934865278161608,0.873973088312181
"US","rgdp_growth","2013Q3",2013-11-07,2.84626527816161,"saar_pct","gdpnow",2013-09-17,1.8694,"saar_pct",0,"nowcast","first_release",-0.976865278161608,0.976865278161608,0.954265771677756
"US","rgdp_growth","2013Q3",2013-11-07,2.84626527816161,"saar_pct","gdpnow",2013-09-18,1.8962,"saar_pct",0,"nowcast","first_release",-0.950065278161608,0.950065278161608,0.902624032768294
"US","rgdp_growth","2013Q3",2013-11-07,2.84626527816161,"saar_pct","gdpnow",2013-09-19,1.922,"saar_pct",0,"nowcast","first_release",-0.924265278161608,0.924265278161608,0.854266304415155
"US","rgdp_growth","2013Q3",2013-11-07,2.84626527816161,"saar_pct","gdpnow",2013-09-25,1.9268,"saar_pct",0,"nowcast","first_release",-0.919465278161608,0.919465278161608,0.845416397744803
"US","rgdp_growth","2013Q3",2013-11-07,2.84626527816161,"saar_pct","gdpnow",2013-09-27,1.7113,"saar_pct",0,"nowcast","first_release",-1.13496527816161,1.13496527816161,1.28814618263246
"US","rgdp_growth","2013Q3",2013-11-07,2.84626527816161,"saar_pct","gdpnow",2013-10-01,1.9439,"saar_pct",-1,"backcast","first_release",-0.902365278161608,0.902365278161608,0.814263095231677
"US","rgdp_growth","2013Q3",2013-11-07,2.84626527816161,"saar_pct","gdpnow",2013-10-22,1.7805,"saar_pct",-1,"backcast","first_release",-1.06576527816161,1.06576527816161,1.13585562813489
"US","rgdp_growth","2013Q3",2013-11-07,2.84626527816161,"saar_pct","gdpnow",2013-10-24,2.0491,"saar_pct",-1,"backcast","first_release",-0.797165278161608,0.797165278161608,0.635472480706474
"US","rgdp_growth","2013Q3",2013-11-07,2.84626527816161,"saar_pct","gdpnow",2013-10-25,2.096,"saar_pct",-1,"backcast","first_release",-0.750265278161608,0.750265278161608,0.562897987614915
"US","rgdp_growth","2013Q3",2013-11-07,2.84626527816161,"saar_pct","gdpnow",2013-10-28,2.1019,"saar_pct",-1,"backcast","first_release",-0.744365278161608,0.744365278161608,0.554079667332608
"US","rgdp_growth","2013Q3",2013-11-07,2.84626527816161,"saar_pct","gdpnow",2013-10-29,2.1275,"saar_pct",-1,"backcast","first_release",-0.718765278161608,0.718765278161608,0.516623525090734
"US","rgdp_growth","2013Q3",2013-11-07,2.84626527816161,"saar_pct","gdpnow",2013-10-30,2.1755,"saar_pct",-1,"backcast","first_release",-0.670765278161608,0.670765278161608,0.44992605838722
"US","rgdp_growth","2013Q3",2013-11-07,2.84626527816161,"saar_pct","gdpnow",2013-11-04,2.3233,"saar_pct",-1,"backcast","first_release",-0.522965278161608,0.522965278161608,0.273492682162648
"US","rgdp_growth","2013Q4",2014-01-30,3.22788734067319,"saar_pct","gdpnow",2013-11-08,1.4475,"saar_pct",0,"nowcast","first_release",-1.78038734067319,1.78038734067319,3.16977908282934
"US","rgdp_growth","2013Q4",2014-01-30,3.22788734067319,"saar_pct","gdpnow",2013-11-14,1.3797,"saar_pct",0,"nowcast","first_release",-1.84818734067319,1.84818734067319,3.41579644622462
"US","rgdp_growth","2013Q4",2014-01-30,3.22788734067319,"saar_pct","gdpnow",2013-11-15,0.8706,"saar_pct",0,"nowcast","first_release",-2.35728734067319,2.35728734067319,5.55680360649806
"US","rgdp_growth","2013Q4",2014-01-30,3.22788734067319,"saar_pct","gdpnow",2013-11-20,0.9463,"saar_pct",0,"nowcast","first_release",-2.28158734067319,2.28158734067319,5.20564079312014
"US","rgdp_growth","2013Q4",2014-01-30,3.22788734067319,"saar_pct","gdpnow",2013-11-26,0.9323,"saar_pct",0,"nowcast","first_release",-2.29558734067319,2.29558734067319,5.26972123865899
"US","rgdp_growth","2013Q4",2014-01-30,3.22788734067319,"saar_pct","gdpnow",2013-12-02,1.4077,"saar_pct",0,"nowcast","first_release",-1.82018734067319,1.82018734067319,3.31308195514692
"US","rgdp_growth","2013Q4",2014-01-30,3.22788734067319,"saar_pct","gdpnow",2013-12-04,1.2427,"saar_pct",0,"nowcast","first_release",-1.98518734067319,1.98518734067319,3.94096877756908
"US","rgdp_growth","2013Q4",2014-01-30,3.22788734067319,"saar_pct","gdpnow",2013-12-05,1.1946,"saar_pct",0,"nowcast","first_release",-2.03328734067319,2.03328734067319,4.13425740974183
"US","rgdp_growth","2013Q4",2014-01-30,3.22788734067319,"saar_pct","gdpnow",2013-12-06,1.2718,"saar_pct",0,"nowcast","first_release",-1.95608734067319,1.95608734067319,3.8262776843419
"US","rgdp_growth","2013Q4",2014-01-30,3.22788734067319,"saar_pct","gdpnow",2013-12-10,1.6547,"saar_pct",0,"nowcast","first_release",-1.57318734067319,1.57318734067319,2.47491840885437
"US","rgdp_growth","2013Q4",2014-01-30,3.22788734067319,"saar_pct","gdpnow",2013-12-12,2.1699,"saar_pct",0,"nowcast","first_release",-1.05798734067319,1.05798734067319,1.11933721302472
"US","rgdp_growth","2013Q4",2014-01-30,3.22788734067319,"saar_pct","gdpnow",2013-12-16,2.4057,"saar_pct",0,"nowcast","first_release",-0.822187340673186,0.822187340673186,0.675992023163245
"US","rgdp_growth","2013Q4",2014-01-30,3.22788734067319,"saar_pct","gdpnow",2013-12-17,2.4385,"saar_pct",0,"nowcast","first_release",-0.789387340673186,0.789387340673186,0.623132373615084
"US","rgdp_growth","2013Q4",2014-01-30,3.22788734067319,"saar_pct","gdpnow",2013-12-18,2.5967,"saar_pct",0,"nowcast","first_release",-0.631187340673186,0.631187340673186,0.398397459026088
"US","rgdp_growth","2013Q4",2014-01-30,3.22788734067319,"saar_pct","gdpnow",2013-12-19,2.4305,"saar_pct",0,"nowcast","first_release",-0.797387340673186,0.797387340673186,0.635826571065855
"US","rgdp_growth","2013Q4",2014-01-30,3.22788734067319,"saar_pct","gdpnow",2014-01-02,2.9169,"saar_pct",-1,"backcast","first_release",-0.310987340673186,0.310987340673186,0.09671312605898
"US","rgdp_growth","2013Q4",2014-01-30,3.22788734067319,"saar_pct","gdpnow",2014-01-06,2.7014,"saar_pct",-1,"backcast","first_release",-0.526487340673186,0.526487340673186,0.277188919889123
"US","rgdp_growth","2013Q4",2014-01-30,3.22788734067319,"saar_pct","gdpnow",2014-01-07,3.0516,"saar_pct",-1,"backcast","first_release",-0.176287340673186,0.176287340673186,0.0310772264816238
"US","rgdp_growth","2013Q4",2014-01-30,3.22788734067319,"saar_pct","gdpnow",2014-01-10,2.9714,"saar_pct",-1,"backcast","first_release",-0.256487340673186,0.256487340673186,0.0657857559256027
"US","rgdp_growth","2013Q4",2014-01-30,3.22788734067319,"saar_pct","gdpnow",2014-01-13,2.9615,"saar_pct",-1,"backcast","first_release",-0.266387340673186,0.266387340673186,0.0709622152709318
"US","rgdp_growth","2013Q4",2014-01-30,3.22788734067319,"saar_pct","gdpnow",2014-01-14,2.8854,"saar_pct",-1,"backcast","first_release",-0.342487340673185,0.342487340673185,0.117297578521391
"US","rgdp_growth","2013Q4",2014-01-30,3.22788734067319,"saar_pct","gdpnow",2014-01-16,2.978,"saar_pct",-1,"backcast","first_release",-0.249887340673185,0.249887340673185,0.0624436830287166
"US","rgdp_growth","2013Q4",2014-01-30,3.22788734067319,"saar_pct","gdpnow",2014-01-17,3.1119,"saar_pct",-1,"backcast","first_release",-0.115987340673186,0.115987340673186,0.0134530631964376
"US","rgdp_growth","2013Q4",2014-01-30,3.22788734067319,"saar_pct","gdpnow",2014-01-23,3.0912,"saar_pct",-1,"backcast","first_release",-0.136687340673185,0.136687340673185,0.0186834291003075
"US","rgdp_growth","2013Q4",2014-01-30,3.22788734067319,"saar_pct","gdpnow",2014-01-27,3.0065,"saar_pct",-1,"backcast","first_release",-0.221387340673186,0.221387340673186,0.0490123546103452
"US","rgdp_growth","2013Q4",2014-01-30,3.22788734067319,"saar_pct","gdpnow",2014-01-28,3.1249,"saar_pct",-1,"backcast","first_release",-0.102987340673186,0.102987340673186,0.0106063923389348
"US","rgdp_growth","2014Q1",2014-04-30,0.107933,"saar_pct","gdpnow",2014-01-31,2.1528,"saar_pct",0,"nowcast","first_release",2.044867,2.044867,4.181481047689
"US","rgdp_growth","2014Q1",2014-04-30,0.107933,"saar_pct","gdpnow",2014-02-03,1.7874,"saar_pct",0,"nowcast","first_release",1.679467,1.679467,2.820609404089
"US","rgdp_growth","2014Q1",2014-04-30,0.107933,"saar_pct","gdpnow",2014-02-04,1.9028,"saar_pct",0,"nowcast","first_release",1.794867,1.794867,3.221547547689
"US","rgdp_growth","2014Q1",2014-04-30,0.107933,"saar_pct","gdpnow",2014-02-05,1.9138,"saar_pct",0,"nowcast","first_release",1.805867,1.805867,3.261155621689
"US","rgdp_growth","2014Q1",2014-04-30,0.107933,"saar_pct","gdpnow",2014-02-06,1.922,"saar_pct",0,"nowcast","first_release",1.814067,1.814067,3.290839080489
"US","rgdp_growth","2014Q1",2014-04-30,0.107933,"saar_pct","gdpnow",2014-02-07,1.9717,"saar_pct",0,"nowcast","first_release",1.863767,1.863767,3.473627430289
"US","rgdp_growth","2014Q1",2014-04-30,0.107933,"saar_pct","gdpnow",2014-02-11,1.9761,"saar_pct",0,"nowcast","first_release",1.868167,1.868167,3.490047939889
"US","rgdp_growth","2014Q1",2014-04-30,0.107933,"saar_pct","gdpnow",2014-02-12,2.1434,"saar_pct",0,"nowcast","first_release",2.035467,2.035467,4.143125908089
"US","rgdp_growth","2014Q1",2014-04-30,0.107933,"saar_pct","gdpnow",2014-02-13,1.5161,"saar_pct",0,"nowcast","first_release",1.408167,1.408167,1.982934299889
"US","rgdp_growth","2014Q1",2014-04-30,0.107933,"saar_pct","gdpnow",2014-02-14,0.9021,"saar_pct",0,"nowcast","first_release",0.794167,0.794167,0.630701223889
"US","rgdp_growth","2014Q1",2014-04-30,0.107933,"saar_pct","gdpnow",2014-02-19,0.7232,"saar_pct",0,"nowcast","first_release",0.615267,0.615267,0.378553481289
"US","rgdp_growth","2014Q1",2014-04-30,0.107933,"saar_pct","gdpnow",2014-02-20,0.7308,"saar_pct",0,"nowcast","first_release",0.622867,0.622867,0.387963299689
"US","rgdp_growth","2014Q1",2014-04-30,0.107933,"saar_pct","gdpnow",2014-02-21,0.6013,"saar_pct",0,"nowcast","first_release",0.493367,0.493367,0.243410996689
"US","rgdp_growth","2014Q1",2014-04-30,0.107933,"saar_pct","gdpnow",2014-02-26,0.6436,"saar_pct",0,"nowcast","first_release",0.535667,0.535667,0.286939134889
"US","rgdp_growth","2014Q1",2014-04-30,0.107933,"saar_pct","gdpnow",2014-02-27,0.56,"saar_pct",0,"nowcast","first_release",0.452067,0.452067,0.204364572489
"US","rgdp_growth","2014Q1",2014-04-30,0.107933,"saar_pct","gdpnow",2014-03-03,1.2863,"saar_pct",0,"nowcast","first_release",1.178367,1.178367,1.388548786689
"US","rgdp_growth","2014Q1",2014-04-30,0.107933,"saar_pct","gdpnow",2014-03-06,1.2821,"saar_pct",0,"nowcast","first_release",1.174167,1.174167,1.378668143889
"US","rgdp_growth","2014Q1",2014-04-30,0.107933,"saar_pct","gdpnow",2014-03-07,1.2649,"saar_pct",0,"nowcast","first_release",1.156967,1.156967,1.338572639089
"US","rgdp_growth","2014Q1",2014-04-30,0.107933,"saar_pct","gdpnow",2014-03-10,1.1527,"saar_pct",0,"nowcast","first_release",1.044767,1.044767,1.091538084289
"US","rgdp_growth","2014Q1",2014-04-30,0.107933,"saar_pct","gdpnow",2014-03-13,0.7212,"saar_pct",0,"nowcast","first_release",0.613267,0.613267,0.376096413289
"US","rgdp_growth","2014Q1",2014-04-30,0.107933,"saar_pct","gdpnow",2014-03-17,0.9459,"saar_pct",0,"nowcast","first_release",0.837967,0.837967,0.702188693089
"US","rgdp_growth","2014Q1",2014-04-30,0.107933,"saar_pct","gdpnow",2014-03-18,0.8167,"saar_pct",0,"nowcast","first_release",0.708767,0.708767,0.502350660289
"US","rgdp_growth","2014Q1",2014-04-30,0.107933,"saar_pct","gdpnow",2014-03-20,0.7956,"saar_pct",0,"nowcast","first_release",0.687667,0.687667,0.472885902889
"US","rgdp_growth","2014Q1",2014-04-30,0.107933,"saar_pct","gdpnow",2014-03-25,0.7252,"saar_pct",0,"nowcast","first_release",0.617267,0.617267,0.381018549289
"US","rgdp_growth","2014Q1",2014-04-30,0.107933,"saar_pct","gdpnow",2014-03-26,0.7813,"saar_pct",0,"nowcast","first_release",0.673367,0.673367,0.453423116689
"US","rgdp_growth","2014Q1",2014-04-30,0.107933,"saar_pct","gdpnow",2014-03-28,0.6733,"saar_pct",0,"nowcast","first_release",0.565367,0.565367,0.319639844689
"US","rgdp_growth","2014Q1",2014-04-30,0.107933,"saar_pct","gdpnow",2014-04-01,0.7739,"saar_pct",-1,"backcast","first_release",0.665967,0.665967,0.443512045089
"US","rgdp_growth","2014Q1",2014-04-30,0.107933,"saar_pct","gdpnow",2014-04-02,0.7498,"saar_pct",-1,"backcast","first_release",0.641867,0.641867,0.411993245689
"US","rgdp_growth","2014Q1",2014-04-30,0.107933,"saar_pct","gdpnow",2014-04-03,0.3153,"saar_pct",-1,"backcast","first_release",0.207367,0.207367,0.043001072689
"US","rgdp_growth","2014Q1",2014-04-30,0.107933,"saar_pct","gdpnow",2014-04-04,0.3419,"saar_pct",-1,"backcast","first_release",0.233967,0.233967,0.054740557089
"US","rgdp_growth","2014Q1",2014-04-30,0.107933,"saar_pct","gdpnow",2014-04-09,0.3329,"saar_pct",-1,"backcast","first_release",0.224967,0.224967,0.050610151089
"US","rgdp_growth","2014Q1",2014-04-30,0.107933,"saar_pct","gdpnow",2014-04-11,0.2588,"saar_pct",-1,"backcast","first_release",0.150867,0.150867,0.022760851689
"US","rgdp_growth","2014Q1",2014-04-30,0.107933,"saar_pct","gdpnow",2014-04-14,0.3948,"saar_pct",-1,"backcast","first_release",0.286867,0.286867,0.082292675689
"US","rgdp_growth","2014Q1",2014-04-30,0.107933,"saar_pct","gdpnow",2014-04-15,0.3315,"saar_pct",-1,"backcast","first_release",0.223567,0.223567,0.049982203489
"US","rgdp_growth","2014Q1",2014-04-30,0.107933,"saar_pct","gdpnow",2014-04-16,0.3831,"saar_pct",-1,"backcast","first_release",0.275167,0.275167,0.075716877889
"US","rgdp_growth","2014Q1",2014-04-30,0.107933,"saar_pct","gdpnow",2014-04-22,0.3652,"saar_pct",-1,"backcast","first_release",0.257267,0.257267,0.066186309289
"US","rgdp_growth","2014Q1",2014-04-30,0.107933,"saar_pct","gdpnow",2014-04-23,0.3768,"saar_pct",-1,"backcast","first_release",0.268867,0.268867,0.072289463689
"US","rgdp_growth","2014Q1",2014-04-30,0.107933,"saar_pct","gdpnow",2014-04-24,0.3489,"saar_pct",-1,"backcast","first_release",0.240967,0.240967,0.058065095089
"US","rgdp_growth","2014Q2",2014-07-30,3.950188,"saar_pct","gdpnow",2014-05-01,3.8686,"saar_pct",0,"nowcast","first_release",-0.081588,0.081588,0.006656601744
"US","rgdp_growth","2014Q2",2014-07-30,3.950188,"saar_pct","gdpnow",2014-05-02,4.1857,"saar_pct",0,"nowcast","first_release",0.235512,0.235512,0.055465902144
"US","rgdp_growth","2014Q2",2014-07-30,3.950188,"saar_pct","gdpnow",2014-05-06,4.04997310155021,"saar_pct",0,"nowcast","first_release",0.0997851015502098,0.0997851015502098,0.00995706649138568
"US","rgdp_growth","2014Q2",2014-07-30,3.950188,"saar_pct","gdpnow",2014-05-09,3.7132424767151,"saar_pct",0,"nowcast","first_release",-0.236945523284905,0.236945523284905,0.0561431810047573
"US","rgdp_growth","2014Q2",2014-07-30,3.950188,"saar_pct","gdpnow",2014-05-12,3.61011678388969,"saar_pct",0,"nowcast","first_release",-0.340071216110306,0.340071216110306,0.115648432026742
"US","rgdp_growth","2014Q2",2014-07-30,3.950188,"saar_pct","gdpnow",2014-05-13,3.59772687756259,"saar_pct",0,"nowcast","first_release",-0.352461122437409,0.352461122437409,0.124228842829839
"US","rgdp_growth","2014Q2",2014-07-30,3.950188,"saar_pct","gdpnow",2014-05-15,3.23330559745791,"saar_pct",0,"nowcast","first_release",-0.716882402542086,0.716882402542086,0.513920379074513
"US","rgdp_growth","2014Q2",2014-07-30,3.950188,"saar_pct","gdpnow",2014-05-16,3.23729888624849,"saar_pct",0,"nowcast","first_release",-0.712889113751515,0.712889113751515,0.50821088850542
"US","rgdp_growth","2014Q2",2014-07-30,3.950188,"saar_pct","gdpnow",2014-05-22,3.24331914065126,"saar_pct",0,"nowcast","first_release",-0.706868859348742,0.706868859348742,0.499663584316992
"US","rgdp_growth","2014Q2",2014-07-30,3.950188,"saar_pct","gdpnow",2014-05-23,3.17344513204205,"saar_pct",0,"nowcast","first_release",-0.776742867957948,0.776742867957948,0.603329482923538
"US","rgdp_growth","2014Q2",2014-07-30,3.950188,"saar_pct","gdpnow",2014-05-27,3.13783621040853,"saar_pct",0,"nowcast","first_release",-0.812351789591471,0.812351789591471,0.659915430052465
"US","rgdp_growth","2014Q2",2014-07-30,3.950188,"saar_pct","gdpnow",2014-05-30,2.70272392227446,"saar_pct",0,"nowcast","first_release",-1.24746407772554,1.24746407772554,1.55616662521562
"US","rgdp_growth","2014Q2",2014-07-30,3.950188,"saar_pct","gdpnow",2014-06-02,3.15492237432673,"saar_pct",0,"nowcast","first_release",-0.79526562567327,0.79526562567327,0.632447415377498
"US","rgdp_growth","2014Q2",2014-07-30,3.950188,"saar_pct","gdpnow",2014-06-03,3.11772953662524,"saar_pct",0,"nowcast","first_release",-0.832458463374764,0.832458463374764,0.692987093244274
"US","rgdp_growth","2014Q2",2014-07-30,3.950188,"saar_pct","gdpnow",2014-06-04,2.62604659127883,"saar_pct",0,"nowcast","first_release",-1.32414140872117,1.32414140872117,1.75335047029008
"US","rgdp_growth","2014Q2",2014-07-30,3.950188,"saar_pct","gdpnow",2014-06-06,2.68417115109854,"saar_pct",0,"nowcast","first_release",-1.26601684890146,1.26601684890146,1.60279866170239
"US","rgdp_growth","2014Q2",2014-07-30,3.950188,"saar_pct","gdpnow",2014-06-10,2.93514053353412,"saar_pct",0,"nowcast","first_release",-1.01504746646588,1.01504746646588,1.0303213591788
"US","rgdp_growth","2014Q2",2014-07-30,3.950188,"saar_pct","gdpnow",2014-06-11,2.94820922023171,"saar_pct",0,"nowcast","first_release",-1.00197877976829,1.00197877976829,1.00396147510595
"US","rgdp_growth","2014Q2",2014-07-30,3.950188,"saar_pct","gdpnow",2014-06-12,2.88570298191679,"saar_pct",0,"nowcast","first_release",-1.06448501808321,1.06448501808321,1.1331283537236
"US","rgdp_growth","2014Q2",2014-07-30,3.950188,"saar_pct","gdpnow",2014-06-16,2.95089869682101,"saar_pct",0,"nowcast","first_release",-0.999289303178986,0.999289303178986,0.998579111447943
"US","rgdp_growth","2014Q2",2014-07-30,3.950188,"saar_pct","gdpnow",2014-06-17,2.81352332262417,"saar_pct",0,"nowcast","first_release",-1.13666467737583,1.13666467737583,1.29200658879391
"US","rgdp_growth","2014Q2",2014-07-30,3.950188,"saar_pct","gdpnow",2014-06-23,2.93545406711928,"saar_pct",0,"nowcast","first_release",-1.01473393288072,1.01473393288072,1.02968495453957
"US","rgdp_growth","2014Q2",2014-07-30,3.950188,"saar_pct","gdpnow",2014-06-24,3.00469217852035,"saar_pct",0,"nowcast","first_release",-0.945495821479648,0.945495821479648,0.893962348435475
"US","rgdp_growth","2014Q2",2014-07-30,3.950188,"saar_pct","gdpnow",2014-06-26,2.1966268376689,"saar_pct",0,"nowcast","first_release",-1.7535611623311,1.7535611623311,3.07497675003599
"US","rgdp_growth","2014Q2",2014-07-30,3.950188,"saar_pct","gdpnow",2014-07-01,2.47674489841911,"saar_pct",-1,"backcast","first_release",-1.47344310158089,1.47344310158089,2.1710345735963
"US","rgdp_growth","2014Q2",2014-07-30,3.950188,"saar_pct","gdpnow",2014-07-02,2.43957269970092,"saar_pct",-1,"backcast","first_release",-1.51061530029908,1.51061530029908,2.28195858549768
"US","rgdp_growth","2014Q2",2014-07-30,3.950188,"saar_pct","gdpnow",2014-07-03,2.60444779146334,"saar_pct",-1,"backcast","first_release",-1.34574020853666,1.34574020853666,1.8110167088723
"US","rgdp_growth","2014Q2",2014-07-30,3.950188,"saar_pct","gdpnow",2014-07-10,2.57336193825901,"saar_pct",-1,"backcast","first_release",-1.37682606174099,1.37682606174099,1.8956500042892
"US","rgdp_growth","2014Q2",2014-07-30,3.950188,"saar_pct","gdpnow",2014-07-11,2.47359460467116,"saar_pct",-1,"backcast","first_release",-1.47659339532884,1.47659339532884,2.18032805512876
"US","rgdp_growth","2014Q2",2014-07-30,3.950188,"saar_pct","gdpnow",2014-07-15,2.70730296337565,"saar_pct",-1,"backcast","first_release",-1.24288503662435,1.24288503662435,1.54476321426472
"US","rgdp_growth","2014Q2",2014-07-30,3.950188,"saar_pct","gdpnow",2014-07-16,2.72028347535542,"saar_pct",-1,"backcast","first_release",-1.22990452464458,1.22990452464458,1.5126651397412
"US","rgdp_growth","2014Q2",2014-07-30,3.950188,"saar_pct","gdpnow",2014-07-17,2.70216195779063,"saar_pct",-1,"backcast","first_release",-1.24802604220937,1.24802604220937,1.55756900203279
"US","rgdp_growth","2014Q2",2014-07-30,3.950188,"saar_pct","gdpnow",2014-07-22,2.7016133398619,"saar_pct",-1,"backcast","first_release",-1.2485746601381,1.2485746601381,1.55893868193898
"US","rgdp_growth","2014Q2",2014-07-30,3.950188,"saar_pct","gdpnow",2014-07-24,2.73822141212814,"saar_pct",-1,"backcast","first_release",-1.21196658787186,1.21196658787186,1.46886301011776
"US","rgdp_growth","2014Q2",2014-07-30,3.950188,"saar_pct","gdpnow",2014-07-25,2.66661354005477,"saar_pct",-1,"backcast","first_release",-1.28357445994523,1.28357445994523,1.64756339422368
"US","rgdp_growth","2014Q3",2014-10-30,3.549231,"saar_pct","gdpnow",2014-08-04,2.6102606965164,"saar_pct",0,"nowcast","first_release",-0.938970303483602,0.938970303483602,0.881665230824088
"US","rgdp_growth","2014Q3",2014-10-30,3.549231,"saar_pct","gdpnow",2014-08-05,2.62700723707148,"saar_pct",0,"nowcast","first_release",-0.922223762928523,0.922223762928523,0.850496668910044
"US","rgdp_growth","2014Q3",2014-10-30,3.549231,"saar_pct","gdpnow",2014-08-06,2.77118626783359,"saar_pct",0,"nowcast","first_release",-0.778044732166408,0.778044732166408,0.605353605251897
"US","rgdp_growth","2014Q3",2014-10-30,3.549231,"saar_pct","gdpnow",2014-08-08,2.94705783418709,"saar_pct",0,"nowcast","first_release",-0.602173165812905,0.602173165812905,0.362612521625137
"US","rgdp_growth","2014Q3",2014-10-30,3.549231,"saar_pct","gdpnow",2014-08-12,2.82728739552449,"saar_pct",0,"nowcast","first_release",-0.721943604475508,0.721943604475508,0.521202568043089
"US","rgdp_growth","2014Q3",2014-10-30,3.549231,"saar_pct","gdpnow",2014-08-13,2.72675811067629,"saar_pct",0,"nowcast","first_release",-0.822472889323714,0.822472889323714,0.676461653672498
"US","rgdp_growth","2014Q3",2014-10-30,3.549231,"saar_pct","gdpnow",2014-08-15,2.89902888147946,"saar_pct",0,"nowcast","first_release",-0.65020211852054,0.65020211852054,0.422762794928599
"US","rgdp_growth","2014Q3",2014-10-30,3.549231,"saar_pct","gdpnow",2014-08-19,3.01157675920254,"saar_pct",0,"nowcast","first_release",-0.537654240797461,0.537654240797461,0.289072082647494
"US","rgdp_growth","2014Q3",2014-10-30,3.549231,"saar_pct","gdpnow",2014-08-21,3.03290867843582,"saar_pct",0,"nowcast","first_release",-0.51632232156418,0.51632232156418,0.266588739745425
"US","rgdp_growth","2014Q3",2014-10-30,3.549231,"saar_pct","gdpnow",2014-08-25,3.01659213465721,"saar_pct",0,"nowcast","first_release",-0.532638865342785,0.532638865342785,0.28370416087365
"US","rgdp_growth","2014Q3",2014-10-30,3.549231,"saar_pct","gdpnow",2014-08-26,3.15534347915845,"saar_pct",0,"nowcast","first_release",-0.393887520841554,0.393887520841554,0.155147379074706
"US","rgdp_growth","2014Q3",2014-10-30,3.549231,"saar_pct","gdpnow",2014-08-29,2.28201969108823,"saar_pct",0,"nowcast","first_release",-1.26721130891177,1.26721130891177,1.60582450143387
"US","rgdp_growth","2014Q3",2014-10-30,3.549231,"saar_pct","gdpnow",2014-09-02,3.24864298958805,"saar_pct",0,"nowcast","first_release",-0.300588010411953,0.300588010411953,0.0903531520034166
"US","rgdp_growth","2014Q3",2014-10-30,3.549231,"saar_pct","gdpnow",2014-09-03,3.25266956272952,"saar_pct",0,"nowcast","first_release",-0.296561437270484,0.296561437270484,0.0879486860759354
"US","rgdp_growth","2014Q3",2014-10-30,3.549231,"saar_pct","gdpnow",2014-09-04,3.64002947550586,"saar_pct",0,"nowcast","first_release",0.0907984755058573,0.0907984755058573,0.00824436315418777
"US","rgdp_growth","2014Q3",2014-10-30,3.549231,"saar_pct","gdpnow",2014-09-05,3.13362800007351,"saar_pct",0,"nowcast","first_release",-0.415602999926493,0.415602999926493,0.1727258535479
"US","rgdp_growth","2014Q3",2014-10-30,3.549231,"saar_pct","gdpnow",2014-09-10,3.01827218272042,"saar_pct",0,"nowcast","first_release",-0.530958817279584,0.530958817279584,0.281917265646934
"US","rgdp_growth","2014Q3",2014-10-30,3.549231,"saar_pct","gdpnow",2014-09-11,3.06436951713314,"saar_pct",0,"nowcast","first_release",-0.484861482866863,0.484861482866863,0.235090657567854
"US","rgdp_growth","2014Q3",2014-10-30,3.549231,"saar_pct","gdpnow",2014-09-12,3.36617579653462,"saar_pct",0,"nowcast","first_release",-0.183055203465379,0.183055203465379,0.0335092075157514
"US","rgdp_growth","2014Q3",2014-10-30,3.549231,"saar_pct","gdpnow",2014-09-15,3.16285699905712,"saar_pct",0,"nowcast","first_release",-0.386374000942882,0.386374000942882,0.14928486860461
"US","rgdp_growth","2014Q3",2014-10-30,3.549231,"saar_pct","gdpnow",2014-09-17,3.18989801942702,"saar_pct",0,"nowcast","first_release",-0.359332980572982,0.359332980572982,0.129120190927463
"US","rgdp_growth","2014Q3",2014-10-30,3.549231,"saar_pct","gdpnow",2014-09-18,3.21142672634709,"saar_pct",0,"nowcast","first_release",-0.337804273652911,0.337804273652911,0.114111727298171
"US","rgdp_growth","2014Q3",2014-10-30,3.549231,"saar_pct","gdpnow",2014-09-22,3.21771321308446,"saar_pct",0,"nowcast","first_release",-0.331517786915539,0.331517786915539,0.109904043041377
"US","rgdp_growth","2014Q3",2014-10-30,3.549231,"saar_pct","gdpnow",2014-09-24,3.28679082256256,"saar_pct",0,"nowcast","first_release",-0.262440177437442,0.262440177437442,0.0688748467333962
"US","rgdp_growth","2014Q3",2014-10-30,3.549231,"saar_pct","gdpnow",2014-09-25,3.29131056901526,"saar_pct",0,"nowcast","first_release",-0.25792043098474,0.25792043098474,0.0665229487193539
"US","rgdp_growth","2014Q3",2014-10-30,3.549231,"saar_pct","gdpnow",2014-09-29,3.57282822801128,"saar_pct",0,"nowcast","first_release",0.0235972280112824,0.0235972280112824,0.00055682916981645
"US","rgdp_growth","2014Q3",2014-10-30,3.549231,"saar_pct","gdpnow",2014-10-01,3.29399241654533,"saar_pct",-1,"backcast","first_release",-0.255238583454667,0.255238583454667,0.0651467344839451
"US","rgdp_growth","2014Q3",2014-10-30,3.549231,"saar_pct","gdpnow",2014-10-02,3.06319089836915,"saar_pct",-1,"backcast","first_release",-0.48604010163085,0.48604010163085,0.236234980393327
"US","rgdp_growth","2014Q3",2014-10-30,3.549231,"saar_pct","gdpnow",2014-10-03,3.1898258193781,"saar_pct",-1,"backcast","first_release",-0.359405180621899,0.359405180621899,0.12917208385786
"US","rgdp_growth","2014Q3",2014-10-30,3.549231,"saar_pct","gdpnow",2014-10-09,3.17607537541413,"saar_pct",-1,"backcast","first_release",-0.373155624585866,0.373155624585866,0.139245120160068
"US","rgdp_growth","2014Q3",2014-10-30,3.549231,"saar_pct","gdpnow",2014-10-15,2.93921751525057,"saar_pct",-1,"backcast","first_release",-0.61001348474943,0.61001348474943,0.372116451576143
"US","rgdp_growth","2014Q3",2014-10-30,3.549231,"saar_pct","gdpnow",2014-10-16,3.01916513441394,"saar_pct",-1,"backcast","first_release",-0.530065865586063,0.530065865586063,0.280969821859502
"US","rgdp_growth","2014Q3",2014-10-30,3.549231,"saar_pct","gdpnow",2014-10-17,3.04515862043258,"saar_pct",-1,"backcast","first_release",-0.504072379567424,0.504072379567424,0.254088963842766
"US","rgdp_growth","2014Q3",2014-10-30,3.549231,"saar_pct","gdpnow",2014-10-21,3.05728368092097,"saar_pct",-1,"backcast","first_release",-0.491947319079025,0.491947319079025,0.24201216474904
"US","rgdp_growth","2014Q3",2014-10-30,3.549231,"saar_pct","gdpnow",2014-10-22,3.0257091145321,"saar_pct",-1,"backcast","first_release",-0.523521885467895,0.523521885467895,0.27407516456386
"US","rgdp_growth","2014Q3",2014-10-30,3.549231,"saar_pct","gdpnow",2014-10-24,2.74740179101491,"saar_pct",-1,"backcast","first_release",-0.801829208985086,0.801829208985086,0.642930080381648
"US","rgdp_growth","2014Q3",2014-10-30,3.549231,"saar_pct","gdpnow",2014-10-28,2.69989865486691,"saar_pct",-1,"backcast","first_release",-0.849332345133094,0.849332345133094,0.721365432489281
"US","rgdp_growth","2014Q4",2015-01-30,2.641736,"saar_pct","gdpnow",2014-10-31,2.05369817287075,"saar_pct",0,"nowcast","first_release",-0.588037827129245,0.588037827129245,0.345788486134884
"US","rgdp_growth","2014Q4",2015-01-30,2.641736,"saar_pct","gdpnow",2014-11-03,3.26184124599604,"saar_pct",0,"nowcast","first_release",0.620105245996045,0.620105245996045,0.384530516111815
"US","rgdp_growth","2014Q4",2015-01-30,2.641736,"saar_pct","gdpnow",2014-11-04,3.14598358825926,"saar_pct",0,"nowcast","first_release",0.50424758825926,0.50424758825926,0.25426563026528
"US","rgdp_growth","2014Q4",2015-01-30,2.641736,"saar_pct","gdpnow",2014-11-05,3.06726738425045,"saar_pct",0,"nowcast","first_release",0.42553138425045,0.42553138425045,0.181076958982104
"US","rgdp_growth","2014Q4",2015-01-30,2.641736,"saar_pct","gdpnow",2014-11-07,2.16711210268246,"saar_pct",0,"nowcast","first_release",-0.474623897317544,0.474623897317544,0.225267843904895
"US","rgdp_growth","2014Q4",2015-01-30,2.641736,"saar_pct","gdpnow",2014-11-12,2.26116856347327,"saar_pct",0,"nowcast","first_release",-0.38056743652673,0.38056743652673,0.144831573744526
"US","rgdp_growth","2014Q4",2015-01-30,2.641736,"saar_pct","gdpnow",2014-11-13,2.41756997720934,"saar_pct",0,"nowcast","first_release",-0.224166022790656,0.224166022790656,0.0502504057737809
"US","rgdp_growth","2014Q4",2015-01-30,2.641736,"saar_pct","gdpnow",2014-11-14,2.58708435618713,"saar_pct",0,"nowcast","first_release",-0.0546516438128695,0.0546516438128695,0.00298680217144875
"US","rgdp_growth","2014Q4",2015-01-30,2.641736,"saar_pct","gdpnow",2014-11-17,2.22165195818578,"saar_pct",0,"nowcast","first_release",-0.420084041814222,0.420084041814222,0.176470602186973
"US","rgdp_growth","2014Q4",2015-01-30,2.641736,"saar_pct","gdpnow",2014-11-19,2.27187222455469,"saar_pct",0,"nowcast","first_release",-0.369863775445306,0.369863775445306,0.136799212386656
"US","rgdp_growth","2014Q4",2015-01-30,2.641736,"saar_pct","gdpnow",2014-11-20,2.20777213738776,"saar_pct",0,"nowcast","first_release",-0.433963862612235,0.433963862612235,0.188324634053331
"US","rgdp_growth","2014Q4",2015-01-30,2.641736,"saar_pct","gdpnow",2014-11-26,2.33036850080017,"saar_pct",0,"nowcast","first_release",-0.311367499199827,0.311367499199827,0.0969497195579543
"US","rgdp_growth","2014Q4",2015-01-30,2.641736,"saar_pct","gdpnow",2014-12-01,3.11359571485463,"saar_pct",0,"nowcast","first_release",0.471859714854634,0.471859714854634,0.222651590502696
"US","rgdp_growth","2014Q4",2015-01-30,2.641736,"saar_pct","gdpnow",2014-12-02,3.01588004803206,"saar_pct",0,"nowcast","first_release",0.37414404803206,0.37414404803206,0.139983768677817
"US","rgdp_growth","2014Q4",2015-01-30,2.641736,"saar_pct","gdpnow",2014-12-05,2.10863419731111,"saar_pct",0,"nowcast","first_release",-0.53310180268889,0.53310180268889,0.284197532030144
"US","rgdp_growth","2014Q4",2015-01-30,2.641736,"saar_pct","gdpnow",2014-12-09,2.10134230006207,"saar_pct",0,"nowcast","first_release",-0.54039369993793,0.54039369993793,0.292025350932605
"US","rgdp_growth","2014Q4",2015-01-30,2.641736,"saar_pct","gdpnow",2014-12-11,2.23256930285647,"saar_pct",0,"nowcast","first_release",-0.409166697143531,0.409166697143531,0.167417386051346
"US","rgdp_growth","2014Q4",2015-01-30,2.641736,"saar_pct","gdpnow",2014-12-15,2.55937410011711,"saar_pct",0,"nowcast","first_release",-0.0823618998828932,0.0823618998828932,0.00678348255231973
"US","rgdp_growth","2014Q4",2015-01-30,2.641736,"saar_pct","gdpnow",2014-12-16,2.74388981862252,"saar_pct",0,"nowcast","first_release",0.102153818622525,0.102153818622525,0.0104354026591637
"US","rgdp_growth","2014Q4",2015-01-30,2.641736,"saar_pct","gdpnow",2014-12-17,2.83802200494288,"saar_pct",0,"nowcast","first_release",0.196286004942875,0.196286004942875,0.0385281957364344
"US","rgdp_growth","2014Q4",2015-01-30,2.641736,"saar_pct","gdpnow",2014-12-23,2.97838404545436,"saar_pct",0,"nowcast","first_release",0.336648045454363,0.336648045454363,0.113331906508243
"US","rgdp_growth","2014Q4",2015-01-30,2.641736,"saar_pct","gdpnow",2015-01-02,3.06181960151424,"saar_pct",-1,"backcast","first_release",0.420083601514238,0.420083601514238,0.176470232261173
"US","rgdp_growth","2014Q4",2015-01-30,2.641736,"saar_pct","gdpnow",2015-01-06,3.00671697328587,"saar_pct",-1,"backcast","first_release",0.364980973285872,0.364980973285872,0.133211110860703
"US","rgdp_growth","2014Q4",2015-01-30,2.641736,"saar_pct","gdpnow",2015-01-07,3.25515060146611,"saar_pct",-1,"backcast","first_release",0.613414601466106,0.613414601466106,0.376277473291822
"US","rgdp_growth","2014Q4",2015-01-30,2.641736,"saar_pct","gdpnow",2015-01-09,3.50744957360996,"saar_pct",-1,"backcast","first_release",0.865713573609955,0.865713573609955,0.74945999153252
"US","rgdp_growth","2014Q4",2015-01-30,2.641736,"saar_pct","gdpnow",2015-01-13,3.76738334189899,"saar_pct",-1,"backcast","first_release",1.12564734189899,1.12564734189899,1.26708193832426
"US","rgdp_growth","2014Q4",2015-01-30,2.641736,"saar_pct","gdpnow",2015-01-14,3.38298113813278,"saar_pct",-1,"backcast","first_release",0.741245138132779,0.741245138132779,0.549444354805483
"US","rgdp_growth","2014Q4",2015-01-30,2.641736,"saar_pct","gdpnow",2015-01-16,3.45966847414987,"saar_pct",-1,"backcast","first_release",0.817932474149869,0.817932474149869,0.669013532268925
"US","rgdp_growth","2014Q4",2015-01-30,2.641736,"saar_pct","gdpnow",2015-01-21,3.46771005247732,"saar_pct",-1,"backcast","first_release",0.825974052477324,0.825974052477324,0.682233135365814
"US","rgdp_growth","2014Q4",2015-01-30,2.641736,"saar_pct","gdpnow",2015-01-23,3.52990257439731,"saar_pct",-1,"backcast","first_release",0.888166574397315,0.888166574397315,0.788839863876661
"US","rgdp_growth","2014Q4",2015-01-30,2.641736,"saar_pct","gdpnow",2015-01-27,3.4917880647771,"saar_pct",-1,"backcast","first_release",0.850052064777102,0.850052064777102,0.722588512831814
"US","rgdp_growth","2015Q1",2015-04-29,0.247549,"saar_pct","gdpnow",2015-02-02,1.90555054503827,"saar_pct",0,"nowcast","first_release",1.65800154503827,1.65800154503827,2.74896912334929
"US","rgdp_growth","2015Q1",2015-04-29,0.247549,"saar_pct","gdpnow",2015-02-03,2.25759277509474,"saar_pct",0,"nowcast","first_release",2.01004377509474,2.01004377509474,4.04027597779712
"US","rgdp_growth","2015Q1",2015-04-29,0.247549,"saar_pct","gdpnow",2015-02-05,2.14894308253477,"saar_pct",0,"nowcast","first_release",1.90139408253477,1.90139408253477,3.61529945709824
"US","rgdp_growth","2015Q1",2015-04-29,0.247549,"saar_pct","gdpnow",2015-02-06,2.24570016294532,"saar_pct",0,"nowcast","first_release",1.99815116294532,1.99815116294532,3.99260806997973
"US","rgdp_growth","2015Q1",2015-04-29,0.247549,"saar_pct","gdpnow",2015-02-10,2.27514610802932,"saar_pct",0,"nowcast","first_release",2.02759710802932,2.02759710802932,4.11115003248888
"US","rgdp_growth","2015Q1",2015-04-29,0.247549,"saar_pct","gdpnow",2015-02-12,2.21478815066356,"saar_pct",0,"nowcast","first_release",1.96723915066356,1.96723915066356,3.87002987590349
"US","rgdp_growth","2015Q1",2015-04-29,0.247549,"saar_pct","gdpnow",2015-02-13,2.29564899064247,"saar_pct",0,"nowcast","first_release",2.04809999064247,2.04809999064247,4.1947135716697
"US","rgdp_growth","2015Q1",2015-04-29,0.247549,"saar_pct","gdpnow",2015-02-18,1.94511861494644,"saar_pct",0,"nowcast","first_release",1.69756961494644,1.69756961494644,2.8817425975894
"US","rgdp_growth","2015Q1",2015-04-29,0.247549,"saar_pct","gdpnow",2015-02-23,1.8205101747917,"saar_pct",0,"nowcast","first_release",1.5729611747917,1.5729611747917,2.47420685740209
"US","rgdp_growth","2015Q1",2015-04-29,0.247549,"saar_pct","gdpnow",2015-02-26,1.67069039462584,"saar_pct",0,"nowcast","first_release",1.42314139462584,1.42314139462584,2.02533142909758
"US","rgdp_growth","2015Q1",2015-04-29,0.247549,"saar_pct","gdpnow",2015-03-02,1.21834643100467,"saar_pct",0,"nowcast","first_release",0.970797431004669,0.970797431004669,0.942447652045265
"US","rgdp_growth","2015Q1",2015-04-29,0.247549,"saar_pct","gdpnow",2015-03-05,1.30193146941973,"saar_pct",0,"nowcast","first_release",1.05438246941973,1.05438246941973,1.11172239181964
"US","rgdp_growth","2015Q1",2015-04-29,0.247549,"saar_pct","gdpnow",2015-03-06,1.18499436557959,"saar_pct",0,"nowcast","first_release",0.937445365579595,0.937445365579595,0.87880381344666
"US","rgdp_growth","2015Q1",2015-04-29,0.247549,"saar_pct","gdpnow",2015-03-10,1.35826108280528,"saar_pct",0,"nowcast","first_release",1.11071208280528,1.11071208280528,1.23368133088964
"US","rgdp_growth","2015Q1",2015-04-29,0.247549,"saar_pct","gdpnow",2015-03-12,0.646240019821454,"saar_pct",0,"nowcast","first_release",0.398691019821453,0.398691019821453,0.158954529286271
"US","rgdp_growth","2015Q1",2015-04-29,0.247549,"saar_pct","gdpnow",2015-03-13,0.765329665413095,"saar_pct",0,"nowcast","first_release",0.517780665413095,0.517780665413095,0.268096817475627
"US","rgdp_growth","2015Q1",2015-04-29,0.247549,"saar_pct","gdpnow",2015-03-16,0.422442400808465,"saar_pct",0,"nowcast","first_release",0.174893400808465,0.174893400808465,0.0305877016463503
"US","rgdp_growth","2015Q1",2015-04-29,0.247549,"saar_pct","gdpnow",2015-03-17,0.31424079368767,"saar_pct",0,"nowcast","first_release",0.0666917936876701,0.0666917936876701,0.00444779534527876
"US","rgdp_growth","2015Q1",2015-04-29,0.247549,"saar_pct","gdpnow",2015-03-23,0.345838895065897,"saar_pct",0,"nowcast","first_release",0.0982898950658975,0.0982898950658975,0.00966090347206514
"US","rgdp_growth","2015Q1",2015-04-29,0.247549,"saar_pct","gdpnow",2015-03-24,0.345782792417015,"saar_pct",0,"nowcast","first_release",0.0982337924170154,0.0982337924170154,0.00964987797262927
"US","rgdp_growth","2015Q1",2015-04-29,0.247549,"saar_pct","gdpnow",2015-03-25,0.223657548535972,"saar_pct",0,"nowcast","first_release",-0.0238914514640285,0.0238914514640285,0.000570801453058028
"US","rgdp_growth","2015Q1",2015-04-29,0.247549,"saar_pct","gdpnow",2015-03-30,0.2224266105749,"saar_pct",0,"nowcast","first_release",-0.0251223894251004,0.0251223894251004,0.000631134450426399
"US","rgdp_growth","2015Q1",2015-04-29,0.247549,"saar_pct","gdpnow",2015-04-01,0.0106382501889435,"saar_pct",-1,"backcast","first_release",-0.236910749811057,0.236910749811057,0.056126703376037
"US","rgdp_growth","2015Q1",2015-04-29,0.247549,"saar_pct","gdpnow",2015-04-02,0.133899958485895,"saar_pct",-1,"backcast","first_release",-0.113649041514105,0.113649041514105,0.0129161046370748
"US","rgdp_growth","2015Q1",2015-04-29,0.247549,"saar_pct","gdpnow",2015-04-03,0.232146384635445,"saar_pct",-1,"backcast","first_release",-0.0154026153645545,0.0154026153645545,0.000237240560068411
"US","rgdp_growth","2015Q1",2015-04-29,0.247549,"saar_pct","gdpnow",2015-04-06,0.240063586345629,"saar_pct",-1,"backcast","first_release",-0.00748541365437091,0.00748541365437091,5.60314175770425e-05
"US","rgdp_growth","2015Q1",2015-04-29,0.247549,"saar_pct","gdpnow",2015-04-09,0.341662487227379,"saar_pct",-1,"backcast","first_release",0.0941134872273788,0.0941134872273788,0.00885734847809799
"US","rgdp_growth","2015Q1",2015-04-29,0.247549,"saar_pct","gdpnow",2015-04-10,0.289291321868657,"saar_pct",-1,"backcast","first_release",0.0417423218686566,0.0417423218686566,0.00174242143498653
"US","rgdp_growth","2015Q1",2015-04-29,0.247549,"saar_pct","gdpnow",2015-04-13,0.218665341309388,"saar_pct",-1,"backcast","first_release",-0.0288836586906125,0.0288836586906125,0.000834265739355793
"US","rgdp_growth","2015Q1",2015-04-29,0.247549,"saar_pct","gdpnow",2015-04-14,0.163254115741096,"saar_pct",-1,"backcast","first_release",-0.0842948842589039,0.0842948842589039,0.00710562751222201
"US","rgdp_growth","2015Q1",2015-04-29,0.247549,"saar_pct","gdpnow",2015-04-15,0.143416556697584,"saar_pct",-1,"backcast","first_release",-0.104132443302416,0.104132443302416,0.0108435657481308
"US","rgdp_growth","2015Q1",2015-04-29,0.247549,"saar_pct","gdpnow",2015-04-16,0.0928895224622472,"saar_pct",-1,"backcast","first_release",-0.154659477537753,0.154659477537753,0.0239195539922506
"US","rgdp_growth","2015Q1",2015-04-29,0.247549,"saar_pct","gdpnow",2015-04-17,0.130999603417314,"saar_pct",-1,"backcast","first_release",-0.116549396582686,0.116549396582686,0.0135837618437881
"US","rgdp_growth","2015Q1",2015-04-29,0.247549,"saar_pct","gdpnow",2015-04-22,0.19021856026622,"saar_pct",-1,"backcast","first_release",-0.0573304397337801,0.0573304397337801,0.0032867793200686
"US","rgdp_growth","2015Q1",2015-04-29,0.247549,"saar_pct","gdpnow",2015-04-23,0.199483175160431,"saar_pct",-1,"backcast","first_release",-0.0480658248395691,0.0480658248395691,0.00231032351750814
"US","rgdp_growth","2015Q1",2015-04-29,0.247549,"saar_pct","gdpnow",2015-04-24,0.0987564570441357,"saar_pct",-1,"backcast","first_release",-0.148792542955864,0.148792542955864,0.0221392208392727
"US","rgdp_growth","2015Q2",2015-07-30,2.322465,"saar_pct","gdpnow",2015-04-30,0.931016425474684,"saar_pct",0,"nowcast","first_release",-1.39144857452532,1.39144857452532,1.93612913554853
"US","rgdp_growth","2015Q2",2015-07-30,2.322465,"saar_pct","gdpnow",2015-05-01,0.828174750990551,"saar_pct",0,"nowcast","first_release",-1.49429024900945,1.49429024900945,2.23290334828472
"US","rgdp_growth","2015Q2",2015-07-30,2.322465,"saar_pct","gdpnow",2015-05-04,0.859860775283638,"saar_pct",0,"nowcast","first_release",-1.46260422471636,1.46260422471636,2.13921111815815
"US","rgdp_growth","2015Q2",2015-07-30,2.322465,"saar_pct","gdpnow",2015-05-05,0.764147306682794,"saar_pct",0,"nowcast","first_release",-1.55831769331721,1.55831769331721,2.42835403330546
"US","rgdp_growth","2015Q2",2015-07-30,2.322465,"saar_pct","gdpnow",2015-05-08,0.812625762962993,"saar_pct",0,"nowcast","first_release",-1.50983923703701,1.50983923703701,2.27961452169649
"US","rgdp_growth","2015Q2",2015-07-30,2.322465,"saar_pct","gdpnow",2015-05-12,0.784141762199297,"saar_pct",0,"nowcast","first_release",-1.5383232378007,1.5383232378007,2.36643838395764
"US","rgdp_growth","2015Q2",2015-07-30,2.322465,"saar_pct","gdpnow",2015-05-13,0.738725241750804,"saar_pct",0,"nowcast","first_release",-1.5837397582492,1.5837397582492,2.50823162185922
"US","rgdp_growth","2015Q2",2015-07-30,2.322465,"saar_pct","gdpnow",2015-05-15,0.580892136189282,"saar_pct",0,"nowcast","first_release",-1.74157286381072,1.74157286381072,3.03307603996187
"US","rgdp_growth","2015Q2",2015-07-30,2.322465,"saar_pct","gdpnow",2015-05-19,0.671535723884076,"saar_pct",0,"nowcast","first_release",-1.65092927611592,1.65092927611592,2.72556747473665
"US","rgdp_growth","2015Q2",2015-07-30,2.322465,"saar_pct","gdpnow",2015-05-21,0.559401607433685,"saar_pct",0,"nowcast","first_release",-1.76306339256631,1.76306339256631,3.10839252620744
"US","rgdp_growth","2015Q2",2015-07-30,2.322465,"saar_pct","gdpnow",2015-05-22,0.569818697991176,"saar_pct",0,"nowcast","first_release",-1.75264630200882,1.75264630200882,3.07176905994521
"US","rgdp_growth","2015Q2",2015-07-30,2.322465,"saar_pct","gdpnow",2015-05-26,0.807556877246562,"saar_pct",0,"nowcast","first_release",-1.51490812275344,1.51490812275344,2.29494662038434
"US","rgdp_growth","2015Q2",2015-07-30,2.322465,"saar_pct","gdpnow",2015-06-01,0.783231797151629,"saar_pct",0,"nowcast","first_release",-1.53923320284837,1.53923320284837,2.36923885275085
"US","rgdp_growth","2015Q2",2015-07-30,2.322465,"saar_pct","gdpnow",2015-06-02,0.765734048297428,"saar_pct",0,"nowcast","first_release",-1.55673095170257,1.55673095170257,2.42341125598879
"US","rgdp_growth","2015Q2",2015-07-30,2.322465,"saar_pct","gdpnow",2015-06-03,1.10574866369098,"saar_pct",0,"nowcast","first_release",-1.21671633630902,1.21671633630902,1.48039864304126
"US","rgdp_growth","2015Q2",2015-07-30,2.322465,"saar_pct","gdpnow",2015-06-04,1.3775484930318,"saar_pct",0,"nowcast","first_release",-0.9449165069682,0.9449165069682,0.892867205140985
"US","rgdp_growth","2015Q2",2015-07-30,2.322465,"saar_pct","gdpnow",2015-06-05,1.46362518386267,"saar_pct",0,"nowcast","first_release",-0.858839816137329,0.858839816137329,0.7376058297828
"US","rgdp_growth","2015Q2",2015-07-30,2.322465,"saar_pct","gdpnow",2015-06-09,1.51772623598589,"saar_pct",0,"nowcast","first_release",-0.804738764014105,0.804738764014105,0.64760447830695
"US","rgdp_growth","2015Q2",2015-07-30,2.322465,"saar_pct","gdpnow",2015-06-10,1.49491602862248,"saar_pct",0,"nowcast","first_release",-0.827548971377516,0.827548971377516,0.684837300027985
"US","rgdp_growth","2015Q2",2015-07-30,2.322465,"saar_pct","gdpnow",2015-06-11,1.93402007384127,"saar_pct",0,"nowcast","first_release",-0.38844492615873,0.38844492615873,0.150889460658462
"US","rgdp_growth","2015Q2",2015-07-30,2.322465,"saar_pct","gdpnow",2015-06-15,1.97920267360536,"saar_pct",0,"nowcast","first_release",-0.343262326394637,0.343262326394637,0.117829024721858
"US","rgdp_growth","2015Q2",2015-07-30,2.322465,"saar_pct","gdpnow",2015-06-16,1.91598975568192,"saar_pct",0,"nowcast","first_release",-0.406475244318076,0.406475244318076,0.16522212424344
"US","rgdp_growth","2015Q2",2015-07-30,2.322465,"saar_pct","gdpnow",2015-06-18,1.94624965519623,"saar_pct",0,"nowcast","first_release",-0.376215344803769,0.376215344803769,0.141537985665819
"US","rgdp_growth","2015Q2",2015-07-30,2.322465,"saar_pct","gdpnow",2015-06-22,2.01883480109264,"saar_pct",0,"nowcast","first_release",-0.30363019890736,0.30363019890736,0.0921912976885233
"US","rgdp_growth","2015Q2",2015-07-30,2.322465,"saar_pct","gdpnow",2015-06-23,1.97501030456861,"saar_pct",0,"nowcast","first_release",-0.347454695431386,0.347454695431386,0.120724765377317
"US","rgdp_growth","2015Q2",2015-07-30,2.322465,"saar_pct","gdpnow",2015-06-25,2.05492981410391,"saar_pct",0,"nowcast","first_release",-0.267535185896088,0.267535185896088,0.0715750756924543
"US","rgdp_growth","2015Q2",2015-07-30,2.322465,"saar_pct","gdpnow",2015-07-01,2.15284498025412,"saar_pct",-1,"backcast","first_release",-0.169620019745879,0.169620019745879,0.0287709510985925
"US","rgdp_growth","2015Q2",2015-07-30,2.322465,"saar_pct","gdpnow",2015-07-02,2.1599906353565,"saar_pct",-1,"backcast","first_release",-0.162474364643499,0.162474364643499,0.0263979191663085
"US","rgdp_growth","2015Q2",2015-07-30,2.322465,"saar_pct","gdpnow",2015-07-06,2.08435728911078,"saar_pct",-1,"backcast","first_release",-0.238107710889217,0.238107710889217,0.0566952819849028
"US","rgdp_growth","2015Q2",2015-07-30,2.322465,"saar_pct","gdpnow",2015-07-07,2.3087022120686,"saar_pct",-1,"backcast","first_release",-0.0137627879313968,0.0137627879313968,0.000189414331644603
"US","rgdp_growth","2015Q2",2015-07-30,2.322465,"saar_pct","gdpnow",2015-07-10,2.48295154519498,"saar_pct",-1,"backcast","first_release",0.160486545194978,0.160486545194978,0.0257559311886198
"US","rgdp_growth","2015Q2",2015-07-30,2.322465,"saar_pct","gdpnow",2015-07-13,2.61050701494372,"saar_pct",-1,"backcast","first_release",0.28804201494372,0.28804201494372,0.0829682023728379
"US","rgdp_growth","2015Q2",2015-07-30,2.322465,"saar_pct","gdpnow",2015-07-14,2.36806907067006,"saar_pct",-1,"backcast","first_release",0.0456040706700649,0.0456040706700649,0.00207973126168027
"US","rgdp_growth","2015Q2",2015-07-30,2.322465,"saar_pct","gdpnow",2015-07-15,2.34928112443271,"saar_pct",-1,"backcast","first_release",0.0268161244327119,0.0268161244327119,0.000719104529590686
"US","rgdp_growth","2015Q2",2015-07-30,2.322465,"saar_pct","gdpnow",2015-07-17,2.36350149872373,"saar_pct",-1,"backcast","first_release",0.0410364987237304,0.0410364987237304,0.00168399422750273
"US","rgdp_growth","2015Q2",2015-07-30,2.322465,"saar_pct","gdpnow",2015-07-22,2.36064720448337,"saar_pct",-1,"backcast","first_release",0.0381822044833684,0.0381822044833684,0.00145788073920976
"US","rgdp_growth","2015Q2",2015-07-30,2.322465,"saar_pct","gdpnow",2015-07-24,2.36376651552004,"saar_pct",-1,"backcast","first_release",0.0413015155200385,0.0413015155200385,0.00170581518425198
"US","rgdp_growth","2015Q2",2015-07-30,2.322465,"saar_pct","gdpnow",2015-07-27,2.43284858684676,"saar_pct",-1,"backcast","first_release",0.110383586846759,0.110383586846759,0.012184536245156
"US","rgdp_growth","2015Q3",2015-10-29,1.493381,"saar_pct","gdpnow",2015-08-06,0.943395804109382,"saar_pct",0,"nowcast","first_release",-0.549985195890619,0.549985195890619,0.302483715698842
"US","rgdp_growth","2015Q3",2015-10-29,1.493381,"saar_pct","gdpnow",2015-08-07,0.852728640733913,"saar_pct",0,"nowcast","first_release",-0.640652359266087,0.640652359266087,0.410435445433204
"US","rgdp_growth","2015Q3",2015-10-29,1.493381,"saar_pct","gdpnow",2015-08-11,0.584464688235209,"saar_pct",0,"nowcast","first_release",-0.908916311764791,0.908916311764791,0.826128861792111
"US","rgdp_growth","2015Q3",2015-10-29,1.493381,"saar_pct","gdpnow",2015-08-12,0.653874958462808,"saar_pct",0,"nowcast","first_release",-0.839506041537192,0.839506041537192,0.704770393777446
"US","rgdp_growth","2015Q3",2015-10-29,1.493381,"saar_pct","gdpnow",2015-08-13,0.679199471942038,"saar_pct",0,"nowcast","first_release",-0.814181528057962,0.814181528057962,0.662891560630798
"US","rgdp_growth","2015Q3",2015-10-29,1.493381,"saar_pct","gdpnow",2015-08-14,1.17619685440831,"saar_pct",0,"nowcast","first_release",-0.317184145591693,0.317184145591693,0.100605782214732
"US","rgdp_growth","2015Q3",2015-10-29,1.493381,"saar_pct","gdpnow",2015-08-18,1.30048625255139,"saar_pct",0,"nowcast","first_release",-0.192894747448608,0.192894747448608,0.0372083835932624
"US","rgdp_growth","2015Q3",2015-10-29,1.493381,"saar_pct","gdpnow",2015-08-19,1.2886083763449,"saar_pct",0,"nowcast","first_release",-0.204772623655098,0.204772623655098,0.0419318273985925
"US","rgdp_growth","2015Q3",2015-10-29,1.493381,"saar_pct","gdpnow",2015-08-20,1.25354256108787,"saar_pct",0,"nowcast","first_release",-0.239838438912128,0.239838438912128,0.0575224767798063
"US","rgdp_growth","2015Q3",2015-10-29,1.493381,"saar_pct","gdpnow",2015-08-26,1.38787925505595,"saar_pct",0,"nowcast","first_release",-0.105501744944054,0.105501744944054,0.0111306181862402
"US","rgdp_growth","2015Q3",2015-10-29,1.493381,"saar_pct","gdpnow",2015-08-28,1.20911403217161,"saar_pct",0,"nowcast","first_release",-0.28426696782839,0.28426696782839,0.080807708998347
"US","rgdp_growth","2015Q3",2015-10-29,1.493381,"saar_pct","gdpnow",2015-08-29,1.39887038617725,"saar_pct",0,"nowcast","first_release",-0.0945106138227467,0.0945106138227467,0.00893225612515236
"US","rgdp_growth","2015Q3",2015-10-29,1.493381,"saar_pct","gdpnow",2015-09-01,1.34517716370066,"saar_pct",0,"nowcast","first_release",-0.148203836299339,0.148203836299339,0.0219643770938411
"US","rgdp_growth","2015Q3",2015-10-29,1.493381,"saar_pct","gdpnow",2015-09-02,1.39407453442055,"saar_pct",0,"nowcast","first_release",-0.0993064655794471,0.0993064655794471,0.00986177410588191
"US","rgdp_growth","2015Q3",2015-10-29,1.493381,"saar_pct","gdpnow",2015-09-03,1.5326355808791,"saar_pct",0,"nowcast","first_release",0.0392545808791047,0.0392545808791047,0.00154092211999417
"US","rgdp_growth","2015Q3",2015-10-29,1.493381,"saar_pct","gdpnow",2015-09-04,1.41096769904474,"saar_pct",0,"nowcast","first_release",-0.0824133009552594,0.0824133009552594,0.00679195217434217
"US","rgdp_growth","2015Q3",2015-10-29,1.493381,"saar_pct","gdpnow",2015-09-10,1.40616795900874,"saar_pct",0,"nowcast","first_release",-0.0872130409912584,0.0872130409912584,0.00760611451894291
"US","rgdp_growth","2015Q3",2015-10-29,1.493381,"saar_pct","gdpnow",2015-09-11,1.25903248630477,"saar_pct",0,"nowcast","first_release",-0.234348513695233,0.234348513695233,0.0549192258711646
"US","rgdp_growth","2015Q3",2015-10-29,1.493381,"saar_pct","gdpnow",2015-09-15,1.46367747217706,"saar_pct",0,"nowcast","first_release",-0.0297035278229394,0.0297035278229394,0.000882299565128135
"US","rgdp_growth","2015Q3",2015-10-29,1.493381,"saar_pct","gdpnow",2015-09-16,1.3929332880223,"saar_pct",0,"nowcast","first_release",-0.100447711977698,0.100447711977698,0.0100897428415545
"US","rgdp_growth","2015Q3",2015-10-29,1.493381,"saar_pct","gdpnow",2015-09-17,1.49182780317536,"saar_pct",0,"nowcast","first_release",-0.00155319682463939,0.00155319682463939,2.41242037606989e-06
"US","rgdp_growth","2015Q3",2015-10-29,1.493381,"saar_pct","gdpnow",2015-09-21,1.41688495903103,"saar_pct",0,"nowcast","first_release",-0.0764960409689717,0.0764960409689717,0.00585164428392659
"US","rgdp_growth","2015Q3",2015-10-29,1.493381,"saar_pct","gdpnow",2015-09-24,1.39093294710442,"saar_pct",0,"nowcast","first_release",-0.102448052895583,0.102448052895583,0.0104956035420961
"US","rgdp_growth","2015Q3",2015-10-29,1.493381,"saar_pct","gdpnow",2015-09-28,1.78816436238016,"saar_pct",0,"nowcast","first_release",0.294783362380162,0.294783362380162,0.0868972307361541
"US","rgdp_growth","2015Q3",2015-10-29,1.493381,"saar_pct","gdpnow",2015-09-29,1.07102672493118,"saar_pct",0,"nowcast","first_release",-0.422354275068821,0.422354275068821,0.178383133668909
"US","rgdp_growth","2015Q3",2015-10-29,1.493381,"saar_pct","gdpnow",2015-10-01,0.888213094399704,"saar_pct",-1,"backcast","first_release",-0.605167905600297,0.605167905600297,0.366228193968649
"US","rgdp_growth","2015Q3",2015-10-29,1.493381,"saar_pct","gdpnow",2015-10-02,0.743877264607962,"saar_pct",-1,"backcast","first_release",-0.749503735392038,0.749503735392038,0.561755849366619
"US","rgdp_growth","2015Q3",2015-10-29,1.493381,"saar_pct","gdpnow",2015-10-05,0.868819227481787,"saar_pct",-1,"backcast","first_release",-0.624561772518213,0.624561772518213,0.390077407691092
"US","rgdp_growth","2015Q3",2015-10-29,1.493381,"saar_pct","gdpnow",2015-10-06,1.14679432225588,"saar_pct",-1,"backcast","first_release",-0.346586677744116,0.346586677744116,0.120122325189704
"US","rgdp_growth","2015Q3",2015-10-29,1.493381,"saar_pct","gdpnow",2015-10-09,1.03884817213513,"saar_pct",-1,"backcast","first_release",-0.454532827864868,0.454532827864868,0.206600091606834
"US","rgdp_growth","2015Q3",2015-10-29,1.493381,"saar_pct","gdpnow",2015-10-14,0.893952114663477,"saar_pct",-1,"backcast","first_release",-0.599428885336523,0.599428885336523,0.359314988575787
"US","rgdp_growth","2015Q3",2015-10-29,1.493381,"saar_pct","gdpnow",2015-10-15,0.754439724679301,"saar_pct",-1,"backcast","first_release",-0.738941275320699,0.738941275320699,0.546034208372581
"US","rgdp_growth","2015Q3",2015-10-29,1.493381,"saar_pct","gdpnow",2015-10-16,0.848419440926862,"saar_pct",-1,"backcast","first_release",-0.644961559073138,0.644961559073138,0.415975412682053
"US","rgdp_growth","2015Q3",2015-10-29,1.493381,"saar_pct","gdpnow",2015-10-20,0.860412305186165,"saar_pct",-1,"backcast","first_release",-0.632968694813836,0.632968694813836,0.40064936861433
"US","rgdp_growth","2015Q3",2015-10-29,1.493381,"saar_pct","gdpnow",2015-10-22,0.920090286114283,"saar_pct",-1,"backcast","first_release",-0.573290713885717,0.573290713885717,0.328662242627595
"US","rgdp_growth","2015Q3",2015-10-29,1.493381,"saar_pct","gdpnow",2015-10-26,0.914794441402789,"saar_pct",-1,"backcast","first_release",-0.578586558597211,0.578586558597211,0.334762405789364
"US","rgdp_growth","2015Q3",2015-10-29,1.493381,"saar_pct","gdpnow",2015-10-27,0.766404478951621,"saar_pct",-1,"backcast","first_release",-0.726976521048379,0.726976521048379,0.528494862155604
"US","rgdp_growth","2015Q3",2015-10-29,1.493381,"saar_pct","gdpnow",2015-10-28,1.06369703451077,"saar_pct",-1,"backcast","first_release",-0.429683965489231,0.429683965489231,0.184628310198551
"US","rgdp_growth","2015Q4",2016-01-29,0.691441,"saar_pct","gdpnow",2015-10-30,2.54173943234339,"saar_pct",0,"nowcast","first_release",1.85029843234339,1.85029843234339,3.42360428873242
"US","rgdp_growth","2015Q4",2016-01-29,0.691441,"saar_pct","gdpnow",2015-11-02,1.9471044881227,"saar_pct",0,"nowcast","first_release",1.2556634881227,1.2556634881227,1.57669079540446
"US","rgdp_growth","2015Q4",2016-01-29,0.691441,"saar_pct","gdpnow",2015-11-03,1.91622301738636,"saar_pct",0,"nowcast","first_release",1.22478201738636,1.22478201738636,1.50009099011301
"US","rgdp_growth","2015Q4",2016-01-29,0.691441,"saar_pct","gdpnow",2015-11-04,2.30518240697439,"saar_pct",0,"nowcast","first_release",1.61374140697439,1.61374140697439,2.60416132858369
"US","rgdp_growth","2015Q4",2016-01-29,0.691441,"saar_pct","gdpnow",2015-11-06,2.89489943962156,"saar_pct",0,"nowcast","first_release",2.20345843962156,2.20345843962156,4.85522909513946
"US","rgdp_growth","2015Q4",2016-01-29,0.691441,"saar_pct","gdpnow",2015-11-10,2.5240254139604,"saar_pct",0,"nowcast","first_release",1.8325844139604,1.8325844139604,3.35836563429058
"US","rgdp_growth","2015Q4",2016-01-29,0.691441,"saar_pct","gdpnow",2015-11-12,2.58000117994468,"saar_pct",0,"nowcast","first_release",1.88856017994468,1.88856017994468,3.56665955327268
"US","rgdp_growth","2015Q4",2016-01-29,0.691441,"saar_pct","gdpnow",2015-11-13,2.33404230697714,"saar_pct",0,"nowcast","first_release",1.64260130697714,1.64260130697714,2.69813905368299
"US","rgdp_growth","2015Q4",2016-01-29,0.691441,"saar_pct","gdpnow",2015-11-17,2.33595483249043,"saar_pct",0,"nowcast","first_release",1.64451383249043,1.64451383249043,2.70442574525236
"US","rgdp_growth","2015Q4",2016-01-29,0.691441,"saar_pct","gdpnow",2015-11-18,2.32432566184457,"saar_pct",0,"nowcast","first_release",1.63288466184457,1.63288466184457,2.66631231888727
"US","rgdp_growth","2015Q4",2016-01-29,0.691441,"saar_pct","gdpnow",2015-11-23,2.15898667015353,"saar_pct",0,"nowcast","first_release",1.46754567015353,1.46754567015353,2.15369029398637
"US","rgdp_growth","2015Q4",2016-01-29,0.691441,"saar_pct","gdpnow",2015-11-25,1.81675095141638,"saar_pct",0,"nowcast","first_release",1.12530995141638,1.12530995141638,1.26632248675673
"US","rgdp_growth","2015Q4",2016-01-29,0.691441,"saar_pct","gdpnow",2015-11-27,1.84281681620373,"saar_pct",0,"nowcast","first_release",1.15137581620373,1.15137581620373,1.3256662701388
"US","rgdp_growth","2015Q4",2016-01-29,0.691441,"saar_pct","gdpnow",2015-12-01,1.37514539589914,"saar_pct",0,"nowcast","first_release",0.683704395899136,0.683704395899136,0.467451700971802
"US","rgdp_growth","2015Q4",2016-01-29,0.691441,"saar_pct","gdpnow",2015-12-02,1.50056804583261,"saar_pct",0,"nowcast","first_release",0.809127045832607,0.809127045832607,0.654686576297801
"US","rgdp_growth","2015Q4",2016-01-29,0.691441,"saar_pct","gdpnow",2015-12-03,1.65495887923741,"saar_pct",0,"nowcast","first_release",0.963517879237412,0.963517879237412,0.928366703610159
"US","rgdp_growth","2015Q4",2016-01-29,0.691441,"saar_pct","gdpnow",2015-12-04,1.54190985943041,"saar_pct",0,"nowcast","first_release",0.850468859430413,0.850468859430413,0.723297280860867
"US","rgdp_growth","2015Q4",2016-01-29,0.691441,"saar_pct","gdpnow",2015-12-09,1.68473489474132,"saar_pct",0,"nowcast","first_release",0.993293894741324,0.993293894741324,0.986632761330389
"US","rgdp_growth","2015Q4",2016-01-29,0.691441,"saar_pct","gdpnow",2015-12-10,1.65707660314134,"saar_pct",0,"nowcast","first_release",0.965635603141339,0.965635603141339,0.932452118054137
"US","rgdp_growth","2015Q4",2016-01-29,0.691441,"saar_pct","gdpnow",2015-12-11,1.85681003879039,"saar_pct",0,"nowcast","first_release",1.16536903879039,1.16536903879039,1.35808499657124
"US","rgdp_growth","2015Q4",2016-01-29,0.691441,"saar_pct","gdpnow",2015-12-15,1.97831990549924,"saar_pct",0,"nowcast","first_release",1.28687890549924,1.28687890549924,1.65605731741892
"US","rgdp_growth","2015Q4",2016-01-29,0.691441,"saar_pct","gdpnow",2015-12-16,1.94672635570774,"saar_pct",0,"nowcast","first_release",1.25528535570774,1.25528535570774,1.57574132425431
"US","rgdp_growth","2015Q4",2016-01-29,0.691441,"saar_pct","gdpnow",2015-12-23,1.31440037129402,"saar_pct",0,"nowcast","first_release",0.622959371294022,0.622959371294022,0.388078378283043
"US","rgdp_growth","2015Q4",2016-01-29,0.691441,"saar_pct","gdpnow",2015-12-29,1.19193070000434,"saar_pct",0,"nowcast","first_release",0.50048970000434,0.50048970000434,0.250489939810434
"US","rgdp_growth","2015Q4",2016-01-29,0.691441,"saar_pct","gdpnow",2016-01-04,0.656356798454261,"saar_pct",-1,"backcast","first_release",-0.0350842015457393,0.0350842015457393,0.00123090119810206
"US","rgdp_growth","2015Q4",2016-01-29,0.691441,"saar_pct","gdpnow",2016-01-06,0.968378078207133,"saar_pct",-1,"backcast","first_release",0.276937078207133,0.276937078207133,0.0766941452859036
"US","rgdp_growth","2015Q4",2016-01-29,0.691441,"saar_pct","gdpnow",2016-01-07,0.895042780734667,"saar_pct",-1,"backcast","first_release",0.203601780734667,0.203601780734667,0.0414536851183275
"US","rgdp_growth","2015Q4",2016-01-29,0.691441,"saar_pct","gdpnow",2016-01-08,0.792688739192626,"saar_pct",-1,"backcast","first_release",0.101247739192626,0.101247739192626,0.0102511046916181
"US","rgdp_growth","2015Q4",2016-01-29,0.691441,"saar_pct","gdpnow",2016-01-13,0.834943273734812,"saar_pct",-1,"backcast","first_release",0.143502273734812,0.143502273734812,0.0205929025670608
"US","rgdp_growth","2015Q4",2016-01-29,0.691441,"saar_pct","gdpnow",2016-01-14,0.842956091005931,"saar_pct",-1,"backcast","first_release",0.151515091005931,0.151515091005931,0.0229568228025355
"US","rgdp_growth","2015Q4",2016-01-29,0.691441,"saar_pct","gdpnow",2016-01-15,0.647152762984438,"saar_pct",-1,"backcast","first_release",-0.0442882370155624,0.0442882370155624,0.00196144793794663
"US","rgdp_growth","2015Q4",2016-01-29,0.691441,"saar_pct","gdpnow",2016-01-20,0.746172688480939,"saar_pct",-1,"backcast","first_release",0.0547316884809395,0.0547316884809395,0.0029955577239746
"US","rgdp_growth","2015Q4",2016-01-29,0.691441,"saar_pct","gdpnow",2016-01-22,0.896177415292265,"saar_pct",-1,"backcast","first_release",0.204736415292265,0.204736415292265,0.0419169997467269
"US","rgdp_growth","2015Q4",2016-01-29,0.691441,"saar_pct","gdpnow",2016-01-27,0.893873829479963,"saar_pct",-1,"backcast","first_release",0.202432829479963,0.202432829479963,0.0409790504512638
"US","rgdp_growth","2015Q4",2016-01-29,0.691441,"saar_pct","gdpnow",2016-01-28,1.01792774880081,"saar_pct",-1,"backcast","first_release",0.326486748800807,0.326486748800807,0.106593597142521
"US","rgdp_growth","2016Q1",2016-04-28,0.537795,"saar_pct","gdpnow",2016-02-01,1.22808704557948,"saar_pct",0,"nowcast","first_release",0.690292045579485,0.690292045579485,0.476503108190309
"US","rgdp_growth","2016Q1",2016-04-28,0.537795,"saar_pct","gdpnow",2016-02-03,1.44471814577956,"saar_pct",0,"nowcast","first_release",0.906923145779555,0.906923145779555,0.822509592350685
"US","rgdp_growth","2016Q1",2016-04-28,0.537795,"saar_pct","gdpnow",2016-02-04,1.5374052115269,"saar_pct",0,"nowcast","first_release",0.999610211526899,0.999610211526899,0.999220574988851
"US","rgdp_growth","2016Q1",2016-04-28,0.537795,"saar_pct","gdpnow",2016-02-05,2.21030288183135,"saar_pct",0,"nowcast","first_release",1.67250788183135,1.67250788183135,2.79728261478799
"US","rgdp_growth","2016Q1",2016-04-28,0.537795,"saar_pct","gdpnow",2016-02-09,2.45715641026236,"saar_pct",0,"nowcast","first_release",1.91936141026236,1.91936141026236,3.68394822320432
"US","rgdp_growth","2016Q1",2016-04-28,0.537795,"saar_pct","gdpnow",2016-02-10,2.46510122568542,"saar_pct",0,"nowcast","first_release",1.92730622568542,1.92730622568542,3.71450928756577
"US","rgdp_growth","2016Q1",2016-04-28,0.537795,"saar_pct","gdpnow",2016-02-12,2.68076188077078,"saar_pct",0,"nowcast","first_release",2.14296688077078,2.14296688077078,4.59230705208045
"US","rgdp_growth","2016Q1",2016-04-28,0.537795,"saar_pct","gdpnow",2016-02-17,2.57519212327355,"saar_pct",0,"nowcast","first_release",2.03739712327355,2.03739712327355,4.15098703792334
"US","rgdp_growth","2016Q1",2016-04-28,0.537795,"saar_pct","gdpnow",2016-02-19,2.42987435097113,"saar_pct",0,"nowcast","first_release",1.89207935097113,1.89207935097113,3.57996427037133
"US","rgdp_growth","2016Q1",2016-04-28,0.537795,"saar_pct","gdpnow",2016-02-23,2.37725196255298,"saar_pct",0,"nowcast","first_release",1.83945696255298,1.83945696255298,3.38360191708465
"US","rgdp_growth","2016Q1",2016-04-28,0.537795,"saar_pct","gdpnow",2016-02-24,2.36861638821417,"saar_pct",0,"nowcast","first_release",1.83082138821417,1.83082138821417,3.35190695554247
"US","rgdp_growth","2016Q1",2016-04-28,0.537795,"saar_pct","gdpnow",2016-02-25,2.47832106222683,"saar_pct",0,"nowcast","first_release",1.94052606222683,1.94052606222683,3.76564139818156
"US","rgdp_growth","2016Q1",2016-04-28,0.537795,"saar_pct","gdpnow",2016-02-26,2.13967534410393,"saar_pct",0,"nowcast","first_release",1.60188034410393,1.60188034410393,2.56602063682653
"US","rgdp_growth","2016Q1",2016-04-28,0.537795,"saar_pct","gdpnow",2016-03-01,1.89291827318314,"saar_pct",0,"nowcast","first_release",1.35512327318314,1.35512327318314,1.83635908552259
"US","rgdp_growth","2016Q1",2016-04-28,0.537795,"saar_pct","gdpnow",2016-03-02,1.93818080217687,"saar_pct",0,"nowcast","first_release",1.40038580217687,1.40038580217687,1.96108039493856
"US","rgdp_growth","2016Q1",2016-04-28,0.537795,"saar_pct","gdpnow",2016-03-03,1.98125657449693,"saar_pct",0,"nowcast","first_release",1.44346157449693,1.44346157449693,2.08358131704914
"US","rgdp_growth","2016Q1",2016-04-28,0.537795,"saar_pct","gdpnow",2016-03-04,2.22121611867407,"saar_pct",0,"nowcast","first_release",1.68342111867407,1.68342111867407,2.83390666279787
"US","rgdp_growth","2016Q1",2016-04-28,0.537795,"saar_pct","gdpnow",2016-03-09,2.21271107075383,"saar_pct",0,"nowcast","first_release",1.67491607075383,1.67491607075383,2.80534384406943
"US","rgdp_growth","2016Q1",2016-04-28,0.537795,"saar_pct","gdpnow",2016-03-10,2.26438032511469,"saar_pct",0,"nowcast","first_release",1.72658532511469,1.72658532511469,2.9810968849014
"US","rgdp_growth","2016Q1",2016-04-28,0.537795,"saar_pct","gdpnow",2016-03-11,2.30689120768133,"saar_pct",0,"nowcast","first_release",1.76909620768133,1.76909620768133,3.12970139203246
"US","rgdp_growth","2016Q1",2016-04-28,0.537795,"saar_pct","gdpnow",2016-03-15,1.94311548161807,"saar_pct",0,"nowcast","first_release",1.40532048161807,1.40532048161807,1.97492565605526
"US","rgdp_growth","2016Q1",2016-04-28,0.537795,"saar_pct","gdpnow",2016-03-16,1.85320969559015,"saar_pct",0,"nowcast","first_release",1.31541469559015,1.31541469559015,1.73031582137453
"US","rgdp_growth","2016Q1",2016-04-28,0.537795,"saar_pct","gdpnow",2016-03-21,1.66196309400533,"saar_pct",0,"nowcast","first_release",1.12416809400533,1.12416809400533,1.26375390357957
"US","rgdp_growth","2016Q1",2016-04-28,0.537795,"saar_pct","gdpnow",2016-03-23,1.6261129802049,"saar_pct",0,"nowcast","first_release",1.0883179802049,1.0883179802049,1.18443602603727
"US","rgdp_growth","2016Q1",2016-04-28,0.537795,"saar_pct","gdpnow",2016-03-24,1.42304336518166,"saar_pct",0,"nowcast","first_release",0.885248365181664,0.885248365181664,0.783664668056809
"US","rgdp_growth","2016Q1",2016-04-28,0.537795,"saar_pct","gdpnow",2016-03-28,0.628755145367443,"saar_pct",0,"nowcast","first_release",0.0909601453674433,0.0909601453674433,0.00827374804526643
"US","rgdp_growth","2016Q1",2016-04-28,0.537795,"saar_pct","gdpnow",2016-04-01,0.70353998078625,"saar_pct",-1,"backcast","first_release",0.16574498078625,0.16574498078625,0.0274713986558343
"US","rgdp_growth","2016Q1",2016-04-28,0.537795,"saar_pct","gdpnow",2016-04-04,0.428160210528716,"saar_pct",-1,"backcast","first_release",-0.109634789471284,0.109634789471284,0.0120197870624127
"US","rgdp_growth","2016Q1",2016-04-28,0.537795,"saar_pct","gdpnow",2016-04-05,0.397318352401155,"saar_pct",-1,"backcast","first_release",-0.140476647598845,0.140476647598845,0.0197336885206102
"US","rgdp_growth","2016Q1",2016-04-28,0.537795,"saar_pct","gdpnow",2016-04-08,0.123993698534619,"saar_pct",-1,"backcast","first_release",-0.413801301465381,0.413801301465381,0.171231517094443
"US","rgdp_growth","2016Q1",2016-04-28,0.537795,"saar_pct","gdpnow",2016-04-12,0.120276464195124,"saar_pct",-1,"backcast","first_release",-0.417518535804876,0.417518535804876,0.174321727740648
"US","rgdp_growth","2016Q1",2016-04-28,0.537795,"saar_pct","gdpnow",2016-04-13,0.276001338185816,"saar_pct",-1,"backcast","first_release",-0.261793661814184,0.261793661814184,0.0685359213660793
"US","rgdp_growth","2016Q1",2016-04-28,0.537795,"saar_pct","gdpnow",2016-04-14,0.363750869488122,"saar_pct",-1,"backcast","first_release",-0.174044130511878,0.174044130511878,0.0302913593656356
"US","rgdp_growth","2016Q1",2016-04-28,0.537795,"saar_pct","gdpnow",2016-04-15,0.354482404792278,"saar_pct",-1,"backcast","first_release",-0.183312595207722,0.183312595207722,0.0336035075617902
"US","rgdp_growth","2016Q1",2016-04-28,0.537795,"saar_pct","gdpnow",2016-04-19,0.336978799860232,"saar_pct",-1,"backcast","first_release",-0.200816200139768,0.200816200139768,0.0403271462385752
"US","rgdp_growth","2016Q1",2016-04-28,0.537795,"saar_pct","gdpnow",2016-04-20,0.414080681418438,"saar_pct",-1,"backcast","first_release",-0.123714318581562,0.123714318581562,0.0153052326221001
"US","rgdp_growth","2016Q1",2016-04-28,0.537795,"saar_pct","gdpnow",2016-04-25,0.412950475936902,"saar_pct",-1,"backcast","first_release",-0.124844524063098,0.124844524063098,0.0155861551885415
"US","rgdp_growth","2016Q1",2016-04-28,0.537795,"saar_pct","gdpnow",2016-04-26,0.389224048762471,"saar_pct",-1,"backcast","first_release",-0.148570951237529,0.148570951237529,0.0220733275516242
"US","rgdp_growth","2016Q1",2016-04-28,0.537795,"saar_pct","gdpnow",2016-04-27,0.620874231295065,"saar_pct",-1,"backcast","first_release",0.0830792312950654,0.0830792312950654,0.00690215867257898
"US","rgdp_growth","2016Q2",2016-07-28,1.217502,"saar_pct","gdpnow",2016-04-29,1.83125249453902,"saar_pct",0,"nowcast","first_release",0.613750494539015,0.613750494539015,0.376689669546886
"US","rgdp_growth","2016Q2",2016-07-28,1.217502,"saar_pct","gdpnow",2016-05-02,1.7792026115925,"saar_pct",0,"nowcast","first_release",0.561700611592501,0.561700611592501,0.315507577063389
"US","rgdp_growth","2016Q2",2016-07-28,1.217502,"saar_pct","gdpnow",2016-05-04,1.67048967207037,"saar_pct",0,"nowcast","first_release",0.452987672070374,0.452987672070374,0.205197831047737
"US","rgdp_growth","2016Q2",2016-07-28,1.217502,"saar_pct","gdpnow",2016-05-05,2.10978519242955,"saar_pct",0,"nowcast","first_release",0.892283192429547,0.892283192429547,0.796169295492265
"US","rgdp_growth","2016Q2",2016-07-28,1.217502,"saar_pct","gdpnow",2016-05-06,2.20724650595585,"saar_pct",0,"nowcast","first_release",0.989744505955851,0.989744505955851,0.979594187069792
"US","rgdp_growth","2016Q2",2016-07-28,1.217502,"saar_pct","gdpnow",2016-05-10,2.15507228130112,"saar_pct",0,"nowcast","first_release",0.937570281301118,0.937570281301118,0.879038032379058
"US","rgdp_growth","2016Q2",2016-07-28,1.217502,"saar_pct","gdpnow",2016-05-11,2.26130129838853,"saar_pct",0,"nowcast","first_release",1.04379929838853,1.04379929838853,1.08951697531639
"US","rgdp_growth","2016Q2",2016-07-28,1.217502,"saar_pct","gdpnow",2016-05-12,2.26822234047002,"saar_pct",0,"nowcast","first_release",1.05072034047002,1.05072034047002,1.10401323387743
"US","rgdp_growth","2016Q2",2016-07-28,1.217502,"saar_pct","gdpnow",2016-05-13,2.79025657203176,"saar_pct",0,"nowcast","first_release",1.57275457203176,1.57275457203176,2.4735569438468
"US","rgdp_growth","2016Q2",2016-07-28,1.217502,"saar_pct","gdpnow",2016-05-17,2.53380179764275,"saar_pct",0,"nowcast","first_release",1.31629979764275,1.31629979764275,1.73264515727436
"US","rgdp_growth","2016Q2",2016-07-28,1.217502,"saar_pct","gdpnow",2016-05-18,2.36939973932804,"saar_pct",0,"nowcast","first_release",1.15189773932804,1.15189773932804,1.32686840186904
"US","rgdp_growth","2016Q2",2016-07-28,1.217502,"saar_pct","gdpnow",2016-05-20,2.41138413541455,"saar_pct",0,"nowcast","first_release",1.19388213541455,1.19388213541455,1.42535455326201
"US","rgdp_growth","2016Q2",2016-07-28,1.217502,"saar_pct","gdpnow",2016-05-24,2.56751769792884,"saar_pct",0,"nowcast","first_release",1.35001569792884,1.35001569792884,1.82254238465431
"US","rgdp_growth","2016Q2",2016-07-28,1.217502,"saar_pct","gdpnow",2016-05-25,2.77805115614826,"saar_pct",0,"nowcast","first_release",1.56054915614826,1.56054915614826,2.43531366875506
"US","rgdp_growth","2016Q2",2016-07-28,1.217502,"saar_pct","gdpnow",2016-05-26,2.88747203053572,"saar_pct",0,"nowcast","first_release",1.66997003053572,1.66997003053572,2.78879990288747
"US","rgdp_growth","2016Q2",2016-07-28,1.217502,"saar_pct","gdpnow",2016-05-31,2.93658591758315,"saar_pct",0,"nowcast","first_release",1.71908391758315,1.71908391758315,2.95524951569301
"US","rgdp_growth","2016Q2",2016-07-28,1.217502,"saar_pct","gdpnow",2016-06-01,2.47549423142928,"saar_pct",0,"nowcast","first_release",1.25799223142928,1.25799223142928,1.58254445433641
"US","rgdp_growth","2016Q2",2016-07-28,1.217502,"saar_pct","gdpnow",2016-06-02,2.48145289948685,"saar_pct",0,"nowcast","first_release",1.26395089948685,1.26395089948685,1.59757187631361
"US","rgdp_growth","2016Q2",2016-07-28,1.217502,"saar_pct","gdpnow",2016-06-03,2.48622869526671,"saar_pct",0,"nowcast","first_release",1.26872669526671,1.26872669526671,1.60966742728239
"US","rgdp_growth","2016Q2",2016-07-28,1.217502,"saar_pct","gdpnow",2016-06-09,2.5278553109841,"saar_pct",0,"nowcast","first_release",1.3103533109841,1.3103533109841,1.71702579960698
"US","rgdp_growth","2016Q2",2016-07-28,1.217502,"saar_pct","gdpnow",2016-06-10,2.48506165458946,"saar_pct",0,"nowcast","first_release",1.26755965458946,1.26755965458946,1.60670747794295
"US","rgdp_growth","2016Q2",2016-07-28,1.217502,"saar_pct","gdpnow",2016-06-14,2.78091505436207,"saar_pct",0,"nowcast","first_release",1.56341305436207,1.56341305436207,2.44426037854972
"US","rgdp_growth","2016Q2",2016-07-28,1.217502,"saar_pct","gdpnow",2016-06-15,2.66058821359978,"saar_pct",0,"nowcast","first_release",1.44308621359978,1.44308621359978,2.08249781988175
"US","rgdp_growth","2016Q2",2016-07-28,1.217502,"saar_pct","gdpnow",2016-06-16,2.70259219645721,"saar_pct",0,"nowcast","first_release",1.48509019645721,1.48509019645721,2.20549289161331
"US","rgdp_growth","2016Q2",2016-07-28,1.217502,"saar_pct","gdpnow",2016-06-17,2.75046893815309,"saar_pct",0,"nowcast","first_release",1.53296693815309,1.53296693815309,2.34998763347047
"US","rgdp_growth","2016Q2",2016-07-28,1.217502,"saar_pct","gdpnow",2016-06-22,2.75199088624427,"saar_pct",0,"nowcast","first_release",1.53448888624427,1.53448888624427,2.35465614200718
"US","rgdp_growth","2016Q2",2016-07-28,1.217502,"saar_pct","gdpnow",2016-06-23,2.68020753251632,"saar_pct",0,"nowcast","first_release",1.46270553251632,1.46270553251632,2.13950747485385
"US","rgdp_growth","2016Q2",2016-07-28,1.217502,"saar_pct","gdpnow",2016-06-24,2.58246685890322,"saar_pct",0,"nowcast","first_release",1.36496485890322,1.36496485890322,1.86312906604069
"US","rgdp_growth","2016Q2",2016-07-28,1.217502,"saar_pct","gdpnow",2016-06-27,2.50596704810024,"saar_pct",0,"nowcast","first_release",1.28846504810024,1.28846504810024,1.66014218017596
"US","rgdp_growth","2016Q2",2016-07-28,1.217502,"saar_pct","gdpnow",2016-06-29,2.65706838188329,"saar_pct",0,"nowcast","first_release",1.43956638188329,1.43956638188329,2.07235136784854
"US","rgdp_growth","2016Q2",2016-07-28,1.217502,"saar_pct","gdpnow",2016-07-01,2.56498380047616,"saar_pct",-1,"backcast","first_release",1.34748180047616,1.34748180047616,1.81570720261448
"US","rgdp_growth","2016Q2",2016-07-28,1.217502,"saar_pct","gdpnow",2016-07-05,2.39752954375245,"saar_pct",-1,"backcast","first_release",1.18002754375245,1.18002754375245,1.39246500401445
"US","rgdp_growth","2016Q2",2016-07-28,1.217502,"saar_pct","gdpnow",2016-07-06,2.3855942724156,"saar_pct",-1,"backcast","first_release",1.1680922724156,1.1680922724156,1.36443955687705
"US","rgdp_growth","2016Q2",2016-07-28,1.217502,"saar_pct","gdpnow",2016-07-08,2.36660302653788,"saar_pct",-1,"backcast","first_release",1.14910102653788,1.14910102653788,1.32043316919042
"US","rgdp_growth","2016Q2",2016-07-28,1.217502,"saar_pct","gdpnow",2016-07-12,2.31582605177225,"saar_pct",-1,"backcast","first_release",1.09832405177225,1.09832405177225,1.20631572270142
"US","rgdp_growth","2016Q2",2016-07-28,1.217502,"saar_pct","gdpnow",2016-07-13,2.30676995734982,"saar_pct",-1,"backcast","first_release",1.08926795734982,1.08926795734982,1.18650468290905
"US","rgdp_growth","2016Q2",2016-07-28,1.217502,"saar_pct","gdpnow",2016-07-15,2.41128652013105,"saar_pct",-1,"backcast","first_release",1.19378452013105,1.19378452013105,1.42512148050452
"US","rgdp_growth","2016Q2",2016-07-28,1.217502,"saar_pct","gdpnow",2016-07-19,2.41510365308801,"saar_pct",-1,"backcast","first_release",1.19760165308801,1.19760165308801,1.43424971947914
"US","rgdp_growth","2016Q2",2016-07-28,1.217502,"saar_pct","gdpnow",2016-07-21,2.41009732933732,"saar_pct",-1,"backcast","first_release",1.19259532933732,1.19259532933732,1.4222836195572
"US","rgdp_growth","2016Q2",2016-07-28,1.217502,"saar_pct","gdpnow",2016-07-26,2.36567479157468,"saar_pct",-1,"backcast","first_release",1.14817279157468,1.14817279157468,1.31830075931239
"US","rgdp_growth","2016Q2",2016-07-28,1.217502,"saar_pct","gdpnow",2016-07-27,2.26714129805503,"saar_pct",-1,"backcast","first_release",1.04963929805503,1.04963929805503,1.10174265602146
"US","rgdp_growth","2016Q3",2016-10-28,2.900812,"saar_pct","gdpnow",2016-08-03,3.63841425182874,"saar_pct",0,"nowcast","first_release",0.737602251828736,0.737602251828736,0.544057081902823
"US","rgdp_growth","2016Q3",2016-10-28,2.900812,"saar_pct","gdpnow",2016-08-04,3.67142904781397,"saar_pct",0,"nowcast","first_release",0.770617047813968,0.770617047813968,0.593850634381515
"US","rgdp_growth","2016Q3",2016-10-28,2.900812,"saar_pct","gdpnow",2016-08-05,3.80495926671249,"saar_pct",0,"nowcast","first_release",0.904147266712493,0.904147266712493,0.817482279903672
"US","rgdp_growth","2016Q3",2016-10-28,2.900812,"saar_pct","gdpnow",2016-08-09,3.69474634865632,"saar_pct",0,"nowcast","first_release",0.793934348656319,0.793934348656319,0.630331749976334
"US","rgdp_growth","2016Q3",2016-10-28,2.900812,"saar_pct","gdpnow",2016-08-10,3.67417849314828,"saar_pct",0,"nowcast","first_release",0.773366493148283,0.773366493148283,0.598095732724474
"US","rgdp_growth","2016Q3",2016-10-28,2.900812,"saar_pct","gdpnow",2016-08-11,3.68418535073087,"saar_pct",0,"nowcast","first_release",0.783373350730873,0.783373350730873,0.613673806635315
"US","rgdp_growth","2016Q3",2016-10-28,2.900812,"saar_pct","gdpnow",2016-08-12,3.51573939966143,"saar_pct",0,"nowcast","first_release",0.61492739966143,0.61492739966143,0.378135706854368
"US","rgdp_growth","2016Q3",2016-10-28,2.900812,"saar_pct","gdpnow",2016-08-16,3.64522066485393,"saar_pct",0,"nowcast","first_release",0.744408664853932,0.744408664853932,0.554144260309614
"US","rgdp_growth","2016Q3",2016-10-28,2.900812,"saar_pct","gdpnow",2016-08-23,3.57598030686404,"saar_pct",0,"nowcast","first_release",0.675168306864035,0.675168306864035,0.455852242593648
"US","rgdp_growth","2016Q3",2016-10-28,2.900812,"saar_pct","gdpnow",2016-08-24,3.43219928141141,"saar_pct",0,"nowcast","first_release",0.531387281411408,0.531387281411408,0.282372442845806
"US","rgdp_growth","2016Q3",2016-10-28,2.900812,"saar_pct","gdpnow",2016-08-25,3.40789531834931,"saar_pct",0,"nowcast","first_release",0.507083318349308,0.507083318349308,0.257133491748145
"US","rgdp_growth","2016Q3",2016-10-28,2.900812,"saar_pct","gdpnow",2016-08-29,3.47959962166127,"saar_pct",0,"nowcast","first_release",0.578787621661267,0.578787621661267,0.334995110988306
"US","rgdp_growth","2016Q3",2016-10-28,2.900812,"saar_pct","gdpnow",2016-09-01,3.23055413824149,"saar_pct",0,"nowcast","first_release",0.329742138241492,0.329742138241492,0.108729877732072
"US","rgdp_growth","2016Q3",2016-10-28,2.900812,"saar_pct","gdpnow",2016-09-02,3.49925846458052,"saar_pct",0,"nowcast","first_release",0.598446464580523,0.598446464580523,0.358138170968928
"US","rgdp_growth","2016Q3",2016-10-28,2.900812,"saar_pct","gdpnow",2016-09-06,3.35032073411226,"saar_pct",0,"nowcast","first_release",0.449508734112255,0.449508734112255,0.202058102043202
"US","rgdp_growth","2016Q3",2016-10-28,2.900812,"saar_pct","gdpnow",2016-09-09,3.2956716945495,"saar_pct",0,"nowcast","first_release",0.3948596945495,0.3948596945495,0.155914178379724
"US","rgdp_growth","2016Q3",2016-10-28,2.900812,"saar_pct","gdpnow",2016-09-13,3.21646576240671,"saar_pct",0,"nowcast","first_release",0.315653762406706,0.315653762406706,0.0996372977215092
"US","rgdp_growth","2016Q3",2016-10-28,2.900812,"saar_pct","gdpnow",2016-09-14,3.22382164040733,"saar_pct",0,"nowcast","first_release",0.323009640407331,0.323009640407331,0.104335227796074
"US","rgdp_growth","2016Q3",2016-10-28,2.900812,"saar_pct","gdpnow",2016-09-15,3.0204689855019,"saar_pct",0,"nowcast","first_release",0.119656985501901,0.119656985501901,0.014317794179402
"US","rgdp_growth","2016Q3",2016-10-28,2.900812,"saar_pct","gdpnow",2016-09-16,2.94293252595432,"saar_pct",0,"nowcast","first_release",0.0421205259543225,0.0421205259543225,0.00177413870666875
"US","rgdp_growth","2016Q3",2016-10-28,2.900812,"saar_pct","gdpnow",2016-09-20,2.9388208979398,"saar_pct",0,"nowcast","first_release",0.0380088979397977,0.0380088979397977,0.00144467632259796
"US","rgdp_growth","2016Q3",2016-10-28,2.900812,"saar_pct","gdpnow",2016-09-22,2.88480815908079,"saar_pct",0,"nowcast","first_release",-0.0160038409192129,0.0160038409192129,0.000256122924167474
"US","rgdp_growth","2016Q3",2016-10-28,2.900812,"saar_pct","gdpnow",2016-09-26,2.83268086257542,"saar_pct",0,"nowcast","first_release",-0.0681311374245794,0.0681311374245794,0.00464185188676693
"US","rgdp_growth","2016Q3",2016-10-28,2.900812,"saar_pct","gdpnow",2016-09-28,2.77844073776468,"saar_pct",0,"nowcast","first_release",-0.122371262235324,0.122371262235324,0.0149747258210665
"US","rgdp_growth","2016Q3",2016-10-28,2.900812,"saar_pct","gdpnow",2016-09-30,2.41308475363635,"saar_pct",0,"nowcast","first_release",-0.487727246363648,0.487727246363648,0.237877866845467
"US","rgdp_growth","2016Q3",2016-10-28,2.900812,"saar_pct","gdpnow",2016-10-03,2.19692804026417,"saar_pct",-1,"backcast","first_release",-0.703883959735832,0.703883959735832,0.495452628773395
"US","rgdp_growth","2016Q3",2016-10-28,2.900812,"saar_pct","gdpnow",2016-10-05,2.20005265871521,"saar_pct",-1,"backcast","first_release",-0.700759341284788,0.700759341284788,0.49106365439789
"US","rgdp_growth","2016Q3",2016-10-28,2.900812,"saar_pct","gdpnow",2016-10-07,2.13991079746507,"saar_pct",-1,"backcast","first_release",-0.76090120253493,0.76090120253493,0.578970640019103
"US","rgdp_growth","2016Q3",2016-10-28,2.900812,"saar_pct","gdpnow",2016-10-13,2.12493582842976,"saar_pct",-1,"backcast","first_release",-0.775876171570236,0.775876171570236,0.601983833610487
"US","rgdp_growth","2016Q3",2016-10-28,2.900812,"saar_pct","gdpnow",2016-10-14,1.9346160834705,"saar_pct",-1,"backcast","first_release",-0.966195916529503,0.966195916529503,0.933534549118286
"US","rgdp_growth","2016Q3",2016-10-28,2.900812,"saar_pct","gdpnow",2016-10-15,2.00139871163678,"saar_pct",-1,"backcast","first_release",-0.899413288363219,0.899413288363219,0.808944263284338
"US","rgdp_growth","2016Q3",2016-10-28,2.900812,"saar_pct","gdpnow",2016-10-17,2.01932932726259,"saar_pct",-1,"backcast","first_release",-0.881482672737413,0.881482672737413,0.777011702336294
"US","rgdp_growth","2016Q3",2016-10-28,2.900812,"saar_pct","gdpnow",2016-10-18,2.02867403750129,"saar_pct",-1,"backcast","first_release",-0.872137962498712,0.872137962498712,0.760624625631405
"US","rgdp_growth","2016Q3",2016-10-28,2.900812,"saar_pct","gdpnow",2016-10-19,2.02895136687899,"saar_pct",-1,"backcast","first_release",-0.871860633121005,0.871860633121005,0.76014096358616
"US","rgdp_growth","2016Q3",2016-10-28,2.900812,"saar_pct","gdpnow",2016-10-20,2.08741703317368,"saar_pct",-1,"backcast","first_release",-0.813394966826323,0.813394966826323,0.661611372058395
"US","rgdp_growth","2016Q3",2016-10-28,2.900812,"saar_pct","gdpnow",2016-10-26,2.14678756072963,"saar_pct",-1,"backcast","first_release",-0.754024439270365,0.754024439270365,0.568552855016989
"US","rgdp_growth","2016Q3",2016-10-28,2.900812,"saar_pct","gdpnow",2016-10-27,2.09533750069406,"saar_pct",-1,"backcast","first_release",-0.805474499305939,0.805474499305939,0.648789169032153
"US","rgdp_growth","2016Q4",2017-01-27,1.873485,"saar_pct","gdpnow",2016-10-31,2.67765695674256,"saar_pct",0,"nowcast","first_release",0.804171956742558,0.804171956742558,0.646692536011154
"US","rgdp_growth","2016Q4",2017-01-27,1.873485,"saar_pct","gdpnow",2016-11-01,2.31235060083748,"saar_pct",0,"nowcast","first_release",0.438865600837476,0.438865600837476,0.192603015598439
"US","rgdp_growth","2016Q4",2017-01-27,1.873485,"saar_pct","gdpnow",2016-11-02,2.94070301816298,"saar_pct",0,"nowcast","first_release",1.06721801816298,1.06721801816298,1.13895429829172
"US","rgdp_growth","2016Q4",2017-01-27,1.873485,"saar_pct","gdpnow",2016-11-03,3.0972370383815,"saar_pct",0,"nowcast","first_release",1.2237520383815,1.2237520383815,1.49756905144286
"US","rgdp_growth","2016Q4",2017-01-27,1.873485,"saar_pct","gdpnow",2016-11-04,3.08426540325131,"saar_pct",0,"nowcast","first_release",1.21078040325131,1.21078040325131,1.4659891848974
"US","rgdp_growth","2016Q4",2017-01-27,1.873485,"saar_pct","gdpnow",2016-11-09,3.12414748120202,"saar_pct",0,"nowcast","first_release",1.25066248120202,1.25066248120202,1.5641566418864
"US","rgdp_growth","2016Q4",2017-01-27,1.873485,"saar_pct","gdpnow",2016-11-10,3.07112960309948,"saar_pct",0,"nowcast","first_release",1.19764460309948,1.19764460309948,1.43435259533331
"US","rgdp_growth","2016Q4",2017-01-27,1.873485,"saar_pct","gdpnow",2016-11-15,3.32736388110477,"saar_pct",0,"nowcast","first_release",1.45387888110477,1.45387888110477,2.11376380092246
"US","rgdp_growth","2016Q4",2017-01-27,1.873485,"saar_pct","gdpnow",2016-11-16,3.34181821224719,"saar_pct",0,"nowcast","first_release",1.46833321224719,1.46833321224719,2.15600242218816
"US","rgdp_growth","2016Q4",2017-01-27,1.873485,"saar_pct","gdpnow",2016-11-17,3.58916314173257,"saar_pct",0,"nowcast","first_release",1.71567814173257,1.71567814173257,2.94355148601891
"US","rgdp_growth","2016Q4",2017-01-27,1.873485,"saar_pct","gdpnow",2016-11-22,3.55942692440179,"saar_pct",0,"nowcast","first_release",1.68594192440179,1.68594192440179,2.8424001724556
"US","rgdp_growth","2016Q4",2017-01-27,1.873485,"saar_pct","gdpnow",2016-11-23,3.57513599739199,"saar_pct",0,"nowcast","first_release",1.70165099739199,1.70165099739199,2.89561611692514
"US","rgdp_growth","2016Q4",2017-01-27,1.873485,"saar_pct","gdpnow",2016-11-25,3.13417472001944,"saar_pct",0,"nowcast","first_release",1.26068972001944,1.26068972001944,1.58933857016271
"US","rgdp_growth","2016Q4",2017-01-27,1.873485,"saar_pct","gdpnow",2016-11-30,2.44391800060895,"saar_pct",0,"nowcast","first_release",0.570433000608947,0.570433000608947,0.325393808183727
"US","rgdp_growth","2016Q4",2017-01-27,1.873485,"saar_pct","gdpnow",2016-12-01,2.91351647724316,"saar_pct",0,"nowcast","first_release",1.04003147724316,1.04003147724316,1.08166547365659
"US","rgdp_growth","2016Q4",2017-01-27,1.873485,"saar_pct","gdpnow",2016-12-02,2.62381911143608,"saar_pct",0,"nowcast","first_release",0.750334111436076,0.750334111436076,0.563001278784566
"US","rgdp_growth","2016Q4",2017-01-27,1.873485,"saar_pct","gdpnow",2016-12-05,2.63558710708847,"saar_pct",0,"nowcast","first_release",0.762102107088466,0.762102107088466,0.58079962162868
"US","rgdp_growth","2016Q4",2017-01-27,1.873485,"saar_pct","gdpnow",2016-12-06,2.61841539082104,"saar_pct",0,"nowcast","first_release",0.744930390821038,0.744930390821038,0.554921287168785
"US","rgdp_growth","2016Q4",2017-01-27,1.873485,"saar_pct","gdpnow",2016-12-09,2.5742413188903,"saar_pct",0,"nowcast","first_release",0.700756318890302,0.700756318890302,0.491059418464687
"US","rgdp_growth","2016Q4",2017-01-27,1.873485,"saar_pct","gdpnow",2016-12-12,2.63445516745657,"saar_pct",0,"nowcast","first_release",0.76097016745657,0.76097016745657,0.57907559575888
"US","rgdp_growth","2016Q4",2017-01-27,1.873485,"saar_pct","gdpnow",2016-12-13,2.61294667409264,"saar_pct",0,"nowcast","first_release",0.739461674092642,0.739461674092642,0.546803567451893
"US","rgdp_growth","2016Q4",2017-01-27,1.873485,"saar_pct","gdpnow",2016-12-14,2.44654410169736,"saar_pct",0,"nowcast","first_release",0.573059101697357,0.573059101697357,0.328396734038181
"US","rgdp_growth","2016Q4",2017-01-27,1.873485,"saar_pct","gdpnow",2016-12-15,2.60862417448391,"saar_pct",0,"nowcast","first_release",0.735139174483909,0.735139174483909,0.540429605860883
"US","rgdp_growth","2016Q4",2017-01-27,1.873485,"saar_pct","gdpnow",2016-12-16,2.56076331843005,"saar_pct",0,"nowcast","first_release",0.687278318430048,0.687278318430048,0.472351486984035
"US","rgdp_growth","2016Q4",2017-01-27,1.873485,"saar_pct","gdpnow",2016-12-21,2.53775093728992,"saar_pct",0,"nowcast","first_release",0.664265937289918,0.664265937289918,0.441249235443653
"US","rgdp_growth","2016Q4",2017-01-27,1.873485,"saar_pct","gdpnow",2016-12-22,2.54815790099148,"saar_pct",0,"nowcast","first_release",0.674672900991477,0.674672900991477,0.455183523332255
"US","rgdp_growth","2016Q4",2017-01-27,1.873485,"saar_pct","gdpnow",2016-12-23,2.54967264698558,"saar_pct",0,"nowcast","first_release",0.676187646985579,0.676187646985579,0.457229733935894
"US","rgdp_growth","2016Q4",2017-01-27,1.873485,"saar_pct","gdpnow",2016-12-29,2.50814487897708,"saar_pct",0,"nowcast","first_release",0.634659878977081,0.634659878977081,0.402793161983203
"US","rgdp_growth","2016Q4",2017-01-27,1.873485,"saar_pct","gdpnow",2017-01-03,2.85978804363234,"saar_pct",-1,"backcast","first_release",0.986303043632339,0.986303043632339,0.972793693878415
"US","rgdp_growth","2016Q4",2017-01-27,1.873485,"saar_pct","gdpnow",2017-01-05,2.90497258673121,"saar_pct",-1,"backcast","first_release",1.03148758673121,1.03148758673121,1.06396664158058
"US","rgdp_growth","2016Q4",2017-01-27,1.873485,"saar_pct","gdpnow",2017-01-06,2.87126047023425,"saar_pct",-1,"backcast","first_release",0.997775470234249,0.997775470234249,0.995555889001177
"US","rgdp_growth","2016Q4",2017-01-27,1.873485,"saar_pct","gdpnow",2017-01-10,2.90738146140084,"saar_pct",-1,"backcast","first_release",1.03389646140084,1.03389646140084,1.06894189289717
"US","rgdp_growth","2016Q4",2017-01-27,1.873485,"saar_pct","gdpnow",2017-01-12,2.87605054823983,"saar_pct",-1,"backcast","first_release",1.00256554823983,1.00256554823983,1.00513767851743
"US","rgdp_growth","2016Q4",2017-01-27,1.873485,"saar_pct","gdpnow",2017-01-13,2.78156412146162,"saar_pct",-1,"backcast","first_release",0.908079121461622,0.908079121461622,0.82460769083451
"US","rgdp_growth","2016Q4",2017-01-27,1.873485,"saar_pct","gdpnow",2017-01-18,2.81931126920891,"saar_pct",-1,"backcast","first_release",0.945826269208913,0.945826269208913,0.894587331525651
"US","rgdp_growth","2016Q4",2017-01-27,1.873485,"saar_pct","gdpnow",2017-01-19,2.80310839658355,"saar_pct",-1,"backcast","first_release",0.929623396583553,0.929623396583553,0.864199659475543
"US","rgdp_growth","2016Q4",2017-01-27,1.873485,"saar_pct","gdpnow",2017-01-24,2.78185236928374,"saar_pct",-1,"backcast","first_release",0.908367369283744,0.908367369283744,0.825131277579469
"US","rgdp_growth","2016Q4",2017-01-27,1.873485,"saar_pct","gdpnow",2017-01-26,2.88142476746924,"saar_pct",-1,"backcast","first_release",1.00793976746924,1.00793976746924,1.01594257484595
"US","rgdp_growth","2017Q1",2017-04-28,0.692529,"saar_pct","gdpnow",2017-01-30,2.34486108571414,"saar_pct",0,"nowcast","first_release",1.65233208571415,1.65233208571415,2.73020132148046
"US","rgdp_growth","2017Q1",2017-04-28,0.692529,"saar_pct","gdpnow",2017-02-01,3.37665972257586,"saar_pct",0,"nowcast","first_release",2.68413072257586,2.68413072257586,7.2045577358756
"US","rgdp_growth","2017Q1",2017-04-28,0.692529,"saar_pct","gdpnow",2017-02-02,3.05066136513565,"saar_pct",0,"nowcast","first_release",2.35813236513565,2.35813236513565,5.56078825150027
"US","rgdp_growth","2017Q1",2017-04-28,0.692529,"saar_pct","gdpnow",2017-02-03,2.66599767778573,"saar_pct",0,"nowcast","first_release",1.97346867778573,1.97346867778573,3.89457862220134
"US","rgdp_growth","2017Q1",2017-04-28,0.692529,"saar_pct","gdpnow",2017-02-07,2.69868165977138,"saar_pct",0,"nowcast","first_release",2.00615265977138,2.00615265977138,4.0246484943078
"US","rgdp_growth","2017Q1",2017-04-28,0.692529,"saar_pct","gdpnow",2017-02-09,2.74440563187797,"saar_pct",0,"nowcast","first_release",2.05187663187797,2.05187663187797,4.21019771244687
"US","rgdp_growth","2017Q1",2017-04-28,0.692529,"saar_pct","gdpnow",2017-02-10,2.71312594767925,"saar_pct",0,"nowcast","first_release",2.02059694767925,2.02059694767925,4.08281202497071
"US","rgdp_growth","2017Q1",2017-04-28,0.692529,"saar_pct","gdpnow",2017-02-15,2.21590742346534,"saar_pct",0,"nowcast","first_release",1.52337842346534,1.52337842346534,2.32068182107973
"US","rgdp_growth","2017Q1",2017-04-28,0.692529,"saar_pct","gdpnow",2017-02-16,2.37009351685955,"saar_pct",0,"nowcast","first_release",1.67756451685955,1.67756451685955,2.81422270822622
"US","rgdp_growth","2017Q1",2017-04-28,0.692529,"saar_pct","gdpnow",2017-02-22,2.50752942475501,"saar_pct",0,"nowcast","first_release",1.81500042475501,1.81500042475501,3.29422654186085
"US","rgdp_growth","2017Q1",2017-04-28,0.692529,"saar_pct","gdpnow",2017-02-24,2.48358980367853,"saar_pct",0,"nowcast","first_release",1.79106080367853,1.79106080367853,3.20789880247359
"US","rgdp_growth","2017Q1",2017-04-28,0.692529,"saar_pct","gdpnow",2017-02-27,2.47979428468208,"saar_pct",0,"nowcast","first_release",1.78726528468208,1.78726528468208,3.19431719782972
"US","rgdp_growth","2017Q1",2017-04-28,0.692529,"saar_pct","gdpnow",2017-02-28,2.23678269391347,"saar_pct",0,"nowcast","first_release",1.54425369391348,1.54425369391348,2.38471947116541
"US","rgdp_growth","2017Q1",2017-04-28,0.692529,"saar_pct","gdpnow",2017-03-01,1.79108483067321,"saar_pct",0,"nowcast","first_release",1.09855583067321,1.09855583067321,1.2068249131061
"US","rgdp_growth","2017Q1",2017-04-28,0.692529,"saar_pct","gdpnow",2017-03-02,1.52657273606951,"saar_pct",0,"nowcast","first_release",0.834043736069509,0.834043736069509,0.695628953676785
"US","rgdp_growth","2017Q1",2017-04-28,0.692529,"saar_pct","gdpnow",2017-03-03,1.50711050507304,"saar_pct",0,"nowcast","first_release",0.814581505073039,0.814581505073039,0.663543028407058
"US","rgdp_growth","2017Q1",2017-04-28,0.692529,"saar_pct","gdpnow",2017-03-06,1.29509667466112,"saar_pct",0,"nowcast","first_release",0.602567674661123,0.602567674661123,0.363087802546513
"US","rgdp_growth","2017Q1",2017-04-28,0.692529,"saar_pct","gdpnow",2017-03-07,1.31220107327923,"saar_pct",0,"nowcast","first_release",0.619672073279229,0.619672073279229,0.383993478402178
"US","rgdp_growth","2017Q1",2017-04-28,0.692529,"saar_pct","gdpnow",2017-03-08,1.24569785237696,"saar_pct",0,"nowcast","first_release",0.553168852376959,0.553168852376959,0.305995779240042
"US","rgdp_growth","2017Q1",2017-04-28,0.692529,"saar_pct","gdpnow",2017-03-09,1.2292244723181,"saar_pct",0,"nowcast","first_release",0.536695472318102,0.536695472318102,0.288042030006751
"US","rgdp_growth","2017Q1",2017-04-28,0.692529,"saar_pct","gdpnow",2017-03-10,0.936783073615066,"saar_pct",0,"nowcast","first_release",0.244254073615066,0.244254073615066,0.0596600524775542
"US","rgdp_growth","2017Q1",2017-04-28,0.692529,"saar_pct","gdpnow",2017-03-14,0.923512047728181,"saar_pct",0,"nowcast","first_release",0.230983047728181,0.230983047728181,0.0533531683377992
"US","rgdp_growth","2017Q1",2017-04-28,0.692529,"saar_pct","gdpnow",2017-03-15,0.913970488912952,"saar_pct",0,"nowcast","first_release",0.221441488912952,0.221441488912952,0.049036333011985
"US","rgdp_growth","2017Q1",2017-04-28,0.692529,"saar_pct","gdpnow",2017-03-16,0.905872119273732,"saar_pct",0,"nowcast","first_release",0.213343119273732,0.213343119273732,0.0455152865414458
"US","rgdp_growth","2017Q1",2017-04-28,0.692529,"saar_pct","gdpnow",2017-03-17,0.963958447392099,"saar_pct",0,"nowcast","first_release",0.271429447392099,0.271429447392099,0.0736739449115804
"US","rgdp_growth","2017Q1",2017-04-28,0.692529,"saar_pct","gdpnow",2017-03-22,0.856818644859225,"saar_pct",0,"nowcast","first_release",0.164289644859225,0.164289644859225,0.0269910874079704
"US","rgdp_growth","2017Q1",2017-04-28,0.692529,"saar_pct","gdpnow",2017-03-23,0.967956724552343,"saar_pct",0,"nowcast","first_release",0.275427724552344,0.275427724552344,0.0758604314520816
"US","rgdp_growth","2017Q1",2017-04-28,0.692529,"saar_pct","gdpnow",2017-03-24,1.00373661857165,"saar_pct",0,"nowcast","first_release",0.311207618571649,0.311207618571649,0.096850181857037
"US","rgdp_growth","2017Q1",2017-04-28,0.692529,"saar_pct","gdpnow",2017-03-27,1.06160703204172,"saar_pct",0,"nowcast","first_release",0.369078032041723,0.369078032041723,0.136218593735791
"US","rgdp_growth","2017Q1",2017-04-28,0.692529,"saar_pct","gdpnow",2017-03-28,1.30278423710946,"saar_pct",0,"nowcast","first_release",0.610255237109456,0.610255237109456,0.372411454419518
"US","rgdp_growth","2017Q1",2017-04-28,0.692529,"saar_pct","gdpnow",2017-03-31,0.898035878102377,"saar_pct",0,"nowcast","first_release",0.205506878102377,0.205506878102377,0.0422330769473852
"US","rgdp_growth","2017Q1",2017-04-28,0.692529,"saar_pct","gdpnow",2017-04-03,1.18834244630661,"saar_pct",-1,"backcast","first_release",0.495813446306612,0.495813446306612,0.245830973538439
"US","rgdp_growth","2017Q1",2017-04-28,0.692529,"saar_pct","gdpnow",2017-04-04,1.23317228983957,"saar_pct",-1,"backcast","first_release",0.540643289839568,0.540643289839568,0.292295166848551
"US","rgdp_growth","2017Q1",2017-04-28,0.692529,"saar_pct","gdpnow",2017-04-05,0.821267131966907,"saar_pct",-1,"backcast","first_release",0.128738131966907,0.128738131966907,0.0165735066223289
"US","rgdp_growth","2017Q1",2017-04-28,0.692529,"saar_pct","gdpnow",2017-04-07,0.632805152164884,"saar_pct",-1,"backcast","first_release",-0.0597238478351163,0.0597238478351163,0.00356693800023213
"US","rgdp_growth","2017Q1",2017-04-28,0.692529,"saar_pct","gdpnow",2017-04-12,0.697082620284295,"saar_pct",-1,"backcast","first_release",0.00455362028429507,0.00455362028429507,2.07354576935435e-05
"US","rgdp_growth","2017Q1",2017-04-28,0.692529,"saar_pct","gdpnow",2017-04-13,0.695299558662565,"saar_pct",-1,"backcast","first_release",0.00277055866256548,0.00277055866256548,7.67599530271663e-06
"US","rgdp_growth","2017Q1",2017-04-28,0.692529,"saar_pct","gdpnow",2017-04-14,0.493537917449327,"saar_pct",-1,"backcast","first_release",-0.198991082550673,0.198991082550673,0.0395974509346887
"US","rgdp_growth","2017Q1",2017-04-28,0.692529,"saar_pct","gdpnow",2017-04-18,0.451882550329419,"saar_pct",-1,"backcast","first_release",-0.240646449670581,0.240646449670581,0.0579107137390555
"US","rgdp_growth","2017Q1",2017-04-28,0.692529,"saar_pct","gdpnow",2017-04-21,0.481053344739069,"saar_pct",-1,"backcast","first_release",-0.211475655260931,0.211475655260931,0.0447219527680403
"US","rgdp_growth","2017Q1",2017-04-28,0.692529,"saar_pct","gdpnow",2017-04-25,0.468268792593629,"saar_pct",-1,"backcast","first_release",-0.224260207406371,0.224260207406371,0.0502926406259485
"US","rgdp_growth","2017Q1",2017-04-28,0.692529,"saar_pct","gdpnow",2017-04-26,0.43523577560356,"saar_pct",-1,"backcast","first_release",-0.25729322439644,0.25729322439644,0.066199803320317
"US","rgdp_growth","2017Q1",2017-04-28,0.692529,"saar_pct","gdpnow",2017-04-27,0.169878613604268,"saar_pct",-1,"backcast","first_release",-0.522650386395731,0.522650386395731,0.273163426399607
"US","rgdp_growth","2017Q2",2017-07-28,2.56771,"saar_pct","gdpnow",2017-05-01,4.27339416612795,"saar_pct",0,"nowcast","first_release",1.70568416612795,1.70568416612795,2.90935847457961
"US","rgdp_growth","2017Q2",2017-07-28,2.56771,"saar_pct","gdpnow",2017-05-03,4.03070828069798,"saar_pct",0,"nowcast","first_release",1.46299828069798,1.46299828069798,2.14036396932525
"US","rgdp_growth","2017Q2",2017-07-28,2.56771,"saar_pct","gdpnow",2017-05-04,4.1794503642834,"saar_pct",0,"nowcast","first_release",1.6117403642834,1.6117403642834,2.59770700186038
"US","rgdp_growth","2017Q2",2017-07-28,2.56771,"saar_pct","gdpnow",2017-05-05,3.72830650522364,"saar_pct",0,"nowcast","first_release",1.16059650522364,1.16059650522364,1.34698424793734
"US","rgdp_growth","2017Q2",2017-07-28,2.56771,"saar_pct","gdpnow",2017-05-09,3.60046415025346,"saar_pct",0,"nowcast","first_release",1.03275415025346,1.03275415025346,1.06658113486574
"US","rgdp_growth","2017Q2",2017-07-28,2.56771,"saar_pct","gdpnow",2017-05-10,3.51430985570196,"saar_pct",0,"nowcast","first_release",0.946599855701958,0.946599855701958,0.896051286814968
"US","rgdp_growth","2017Q2",2017-07-28,2.56771,"saar_pct","gdpnow",2017-05-12,3.64726958497086,"saar_pct",0,"nowcast","first_release",1.07955958497086,1.07955958497086,1.16544889750245
"US","rgdp_growth","2017Q2",2017-07-28,2.56771,"saar_pct","gdpnow",2017-05-16,4.0850411656415,"saar_pct",0,"nowcast","first_release",1.5173311656415,1.5173311656415,2.302293866227
"US","rgdp_growth","2017Q2",2017-07-28,2.56771,"saar_pct","gdpnow",2017-05-18,3.99059094813623,"saar_pct",0,"nowcast","first_release",1.42288094813623,1.42288094813623,2.02459019256906
"US","rgdp_growth","2017Q2",2017-07-28,2.56771,"saar_pct","gdpnow",2017-05-23,3.88674997011917,"saar_pct",0,"nowcast","first_release",1.31903997011917,1.31903997011917,1.73986644277199
"US","rgdp_growth","2017Q2",2017-07-28,2.56771,"saar_pct","gdpnow",2017-05-24,3.784622764673,"saar_pct",0,"nowcast","first_release",1.216912764673,1.216912764673,1.48087667682407
"US","rgdp_growth","2017Q2",2017-07-28,2.56771,"saar_pct","gdpnow",2017-05-25,3.55743708619349,"saar_pct",0,"nowcast","first_release",0.989727086193493,0.989727086193493,0.979559705145063
"US","rgdp_growth","2017Q2",2017-07-28,2.56771,"saar_pct","gdpnow",2017-05-26,3.67323485494806,"saar_pct",0,"nowcast","first_release",1.10552485494806,1.10552485494806,1.22218520490793
"US","rgdp_growth","2017Q2",2017-07-28,2.56771,"saar_pct","gdpnow",2017-05-30,3.81887685873368,"saar_pct",0,"nowcast","first_release",1.25116685873368,1.25116685873368,1.5654185083935
"US","rgdp_growth","2017Q2",2017-07-28,2.56771,"saar_pct","gdpnow",2017-06-01,3.97582160120433,"saar_pct",0,"nowcast","first_release",1.40811160120433,1.40811160120433,1.98277828144623
"US","rgdp_growth","2017Q2",2017-07-28,2.56771,"saar_pct","gdpnow",2017-06-02,3.42164239315506,"saar_pct",0,"nowcast","first_release",0.853932393155056,0.853932393155056,0.72920053207952
"US","rgdp_growth","2017Q2",2017-07-28,2.56771,"saar_pct","gdpnow",2017-06-05,3.09249820341406,"saar_pct",0,"nowcast","first_release",0.524788203414063,0.524788203414063,0.275402658442559
"US","rgdp_growth","2017Q2",2017-07-28,2.56771,"saar_pct","gdpnow",2017-06-09,2.98750873119276,"saar_pct",0,"nowcast","first_release",0.419798731192756,0.419798731192756,0.176230974711048
"US","rgdp_growth","2017Q2",2017-07-28,2.56771,"saar_pct","gdpnow",2017-06-12,2.97142269574047,"saar_pct",0,"nowcast","first_release",0.403712695740467,0.403712695740467,0.162983940702035
"US","rgdp_growth","2017Q2",2017-07-28,2.56771,"saar_pct","gdpnow",2017-06-13,3.00395328155223,"saar_pct",0,"nowcast","first_release",0.43624328155223,0.43624328155223,0.190308200699458
"US","rgdp_growth","2017Q2",2017-07-28,2.56771,"saar_pct","gdpnow",2017-06-14,3.15847703401395,"saar_pct",0,"nowcast","first_release",0.590767034013951,0.590767034013951,0.349005688477641
"US","rgdp_growth","2017Q2",2017-07-28,2.56771,"saar_pct","gdpnow",2017-06-15,2.93422158166887,"saar_pct",0,"nowcast","first_release",0.366511581668872,0.366511581668872,0.134330739497418
"US","rgdp_growth","2017Q2",2017-07-28,2.56771,"saar_pct","gdpnow",2017-06-16,2.8779246375265,"saar_pct",0,"nowcast","first_release",0.310214637526497,0.310214637526497,0.0962331213356957
"US","rgdp_growth","2017Q2",2017-07-28,2.56771,"saar_pct","gdpnow",2017-06-21,2.84913167095222,"saar_pct",0,"nowcast","first_release",0.281421670952221,0.281421670952221,0.07919815688154
"US","rgdp_growth","2017Q2",2017-07-28,2.56771,"saar_pct","gdpnow",2017-06-23,2.95984721713565,"saar_pct",0,"nowcast","first_release",0.392137217135647,0.392137217135647,0.15377159706289
"US","rgdp_growth","2017Q2",2017-07-28,2.56771,"saar_pct","gdpnow",2017-06-26,2.86099067147791,"saar_pct",0,"nowcast","first_release",0.293280671477914,0.293280671477914,0.0860135522625363
"US","rgdp_growth","2017Q2",2017-07-28,2.56771,"saar_pct","gdpnow",2017-06-28,2.69352538285046,"saar_pct",0,"nowcast","first_release",0.125815382850459,0.125815382850459,0.0158295105618076
"US","rgdp_growth","2017Q2",2017-07-28,2.56771,"saar_pct","gdpnow",2017-06-30,2.71828927426481,"saar_pct",0,"nowcast","first_release",0.150579274264807,0.150579274264807,0.0226741178381159
"US","rgdp_growth","2017Q2",2017-07-28,2.56771,"saar_pct","gdpnow",2017-07-03,2.95155027904044,"saar_pct",-1,"backcast","first_release",0.383840279040438,0.383840279040438,0.147333359813841
"US","rgdp_growth","2017Q2",2017-07-28,2.56771,"saar_pct","gdpnow",2017-07-05,2.59490439483507,"saar_pct",-1,"backcast","first_release",0.0271943948350737,0.0271943948350737,0.000739535110445882
"US","rgdp_growth","2017Q2",2017-07-28,2.56771,"saar_pct","gdpnow",2017-07-06,2.67892078743159,"saar_pct",-1,"backcast","first_release",0.111210787431594,0.111210787431594,0.0123678392411551
"US","rgdp_growth","2017Q2",2017-07-28,2.56771,"saar_pct","gdpnow",2017-07-07,2.52162875014046,"saar_pct",-1,"backcast","first_release",-0.0460812498595411,0.0460812498595411,0.00212348158861746
"US","rgdp_growth","2017Q2",2017-07-28,2.56771,"saar_pct","gdpnow",2017-07-11,2.55422286333198,"saar_pct",-1,"backcast","first_release",-0.0134871366680214,0.0134871366680214,0.000181902855501887
"US","rgdp_growth","2017Q2",2017-07-28,2.56771,"saar_pct","gdpnow",2017-07-13,2.6704654142284,"saar_pct",-1,"backcast","first_release",0.102755414228396,0.102755414228396,0.0105586751532492
"US","rgdp_growth","2017Q2",2017-07-28,2.56771,"saar_pct","gdpnow",2017-07-14,2.44149686158892,"saar_pct",-1,"backcast","first_release",-0.126213138411079,0.126213138411079,0.0159297563075742
"US","rgdp_growth","2017Q2",2017-07-28,2.56771,"saar_pct","gdpnow",2017-07-18,2.49927344567056,"saar_pct",-1,"backcast","first_release",-0.0684365543294421,0.0684365543294421,0.00468356196848668
"US","rgdp_growth","2017Q2",2017-07-28,2.56771,"saar_pct","gdpnow",2017-07-19,2.5407782959072,"saar_pct",-1,"backcast","first_release",-0.0269317040928021,0.0269317040928021,0.000725316685342253
"US","rgdp_growth","2017Q2",2017-07-28,2.56771,"saar_pct","gdpnow",2017-07-24,2.51590223359146,"saar_pct",-1,"backcast","first_release",-0.0518077664085395,0.0518077664085395,0.00268404466024179
"US","rgdp_growth","2017Q2",2017-07-28,2.56771,"saar_pct","gdpnow",2017-07-26,2.49935061292674,"saar_pct",-1,"backcast","first_release",-0.0683593870732571,0.0683593870732571,0.00467300580103138
"US","rgdp_growth","2017Q2",2017-07-28,2.56771,"saar_pct","gdpnow",2017-07-27,2.81937932198195,"saar_pct",-1,"backcast","first_release",0.251669321981952,0.251669321981952,0.0633374476268554
"US","rgdp_growth","2017Q3",2017-10-27,2.98896,"saar_pct","gdpnow",2017-08-03,4.02388049085904,"saar_pct",0,"nowcast","first_release",1.03492049085904,1.03492049085904,1.07106042239992
"US","rgdp_growth","2017Q3",2017-10-27,2.98896,"saar_pct","gdpnow",2017-08-04,3.6652434076943,"saar_pct",0,"nowcast","first_release",0.676283407694296,0.676283407694296,0.45735924752261
"US","rgdp_growth","2017Q3",2017-10-27,2.98896,"saar_pct","gdpnow",2017-08-09,3.5487996099044,"saar_pct",0,"nowcast","first_release",0.559839609904396,0.559839609904396,0.313420388817906
"US","rgdp_growth","2017Q3",2017-10-27,2.98896,"saar_pct","gdpnow",2017-08-10,3.58152620620422,"saar_pct",0,"nowcast","first_release",0.592566206204222,0.592566206204222,0.351134708735264
"US","rgdp_growth","2017Q3",2017-10-27,2.98896,"saar_pct","gdpnow",2017-08-15,3.69049632150409,"saar_pct",0,"nowcast","first_release",0.701536321504089,0.701536321504089,0.492153210389488
"US","rgdp_growth","2017Q3",2017-10-27,2.98896,"saar_pct","gdpnow",2017-08-16,3.84902440083748,"saar_pct",0,"nowcast","first_release",0.860064400837475,0.860064400837475,0.739710773587925
"US","rgdp_growth","2017Q3",2017-10-27,2.98896,"saar_pct","gdpnow",2017-08-17,3.49661551039369,"saar_pct",0,"nowcast","first_release",0.507655510393686,0.507655510393686,0.257714117233074
"US","rgdp_growth","2017Q3",2017-10-27,2.98896,"saar_pct","gdpnow",2017-08-23,3.37218727960242,"saar_pct",0,"nowcast","first_release",0.383227279602423,0.383227279602423,0.146863147831474
"US","rgdp_growth","2017Q3",2017-10-27,2.98896,"saar_pct","gdpnow",2017-08-24,3.34966408206572,"saar_pct",0,"nowcast","first_release",0.360704082065717,0.360704082065717,0.130107434818872
"US","rgdp_growth","2017Q3",2017-10-27,2.98896,"saar_pct","gdpnow",2017-08-25,3.40957587406907,"saar_pct",0,"nowcast","first_release",0.420615874069071,0.420615874069071,0.176917713518888
"US","rgdp_growth","2017Q3",2017-10-27,2.98896,"saar_pct","gdpnow",2017-08-28,3.3251888655139,"saar_pct",0,"nowcast","first_release",0.336228865513895,0.336228865513895,0.113049850004761
"US","rgdp_growth","2017Q3",2017-10-27,2.98896,"saar_pct","gdpnow",2017-08-31,3.32917343724233,"saar_pct",0,"nowcast","first_release",0.340213437242328,0.340213437242328,0.115745182880239
"US","rgdp_growth","2017Q3",2017-10-27,2.98896,"saar_pct","gdpnow",2017-09-01,3.16578001180423,"saar_pct",0,"nowcast","first_release",0.176820011804231,0.176820011804231,0.0312653165744484
"US","rgdp_growth","2017Q3",2017-10-27,2.98896,"saar_pct","gdpnow",2017-09-05,2.76444282149761,"saar_pct",0,"nowcast","first_release",-0.224517178502385,0.224517178502385,0.050407963442672
"US","rgdp_growth","2017Q3",2017-10-27,2.98896,"saar_pct","gdpnow",2017-09-06,2.92600770767031,"saar_pct",0,"nowcast","first_release",-0.0629522923296917,0.0629522923296917,0.00396299110956296
"US","rgdp_growth","2017Q3",2017-10-27,2.98896,"saar_pct","gdpnow",2017-09-08,2.99271090169173,"saar_pct",0,"nowcast","first_release",0.00375090169173076,0.00375090169173076,1.40692635010287e-05
"US","rgdp_growth","2017Q3",2017-10-27,2.98896,"saar_pct","gdpnow",2017-09-13,2.97422423009868,"saar_pct",0,"nowcast","first_release",-0.0147357699013235,0.0147357699013235,0.000217142914584752
"US","rgdp_growth","2017Q3",2017-10-27,2.98896,"saar_pct","gdpnow",2017-09-15,2.247765173788,"saar_pct",0,"nowcast","first_release",-0.741194826212003,0.741194826212003,0.549369770403442
"US","rgdp_growth","2017Q3",2017-10-27,2.98896,"saar_pct","gdpnow",2017-09-19,2.20636182330289,"saar_pct",0,"nowcast","first_release",-0.782598176697106,0.782598176697106,0.612459906169635
"US","rgdp_growth","2017Q3",2017-10-27,2.98896,"saar_pct","gdpnow",2017-09-20,2.12608391969409,"saar_pct",0,"nowcast","first_release",-0.862876080305912,0.862876080305912,0.744555129964094
"US","rgdp_growth","2017Q3",2017-10-27,2.98896,"saar_pct","gdpnow",2017-09-26,2.10159455939218,"saar_pct",0,"nowcast","first_release",-0.887365440607816,0.887365440607816,0.787417425185104
"US","rgdp_growth","2017Q3",2017-10-27,2.98896,"saar_pct","gdpnow",2017-09-27,2.1430885187363,"saar_pct",0,"nowcast","first_release",-0.845871481263698,0.845871481263698,0.715498562815242
"US","rgdp_growth","2017Q3",2017-10-27,2.98896,"saar_pct","gdpnow",2017-09-29,2.30793257362885,"saar_pct",0,"nowcast","first_release",-0.681027426371154,0.681027426371154,0.463798355469718
"US","rgdp_growth","2017Q3",2017-10-27,2.98896,"saar_pct","gdpnow",2017-10-02,2.73430192453077,"saar_pct",-1,"backcast","first_release",-0.254658075469231,0.254658075469231,0.0648507354016927
"US","rgdp_growth","2017Q3",2017-10-27,2.98896,"saar_pct","gdpnow",2017-10-04,2.89066087012835,"saar_pct",-1,"backcast","first_release",-0.0982991298716525,0.0982991298716525,0.009662718933524
"US","rgdp_growth","2017Q3",2017-10-27,2.98896,"saar_pct","gdpnow",2017-10-05,2.81974070548452,"saar_pct",-1,"backcast","first_release",-0.169219294515481,0.169219294515481,0.0286351696363171
"US","rgdp_growth","2017Q3",2017-10-27,2.98896,"saar_pct","gdpnow",2017-10-06,2.49525955636622,"saar_pct",-1,"backcast","first_release",-0.493700443633775,0.493700443633775,0.243740128044186
"US","rgdp_growth","2017Q3",2017-10-27,2.98896,"saar_pct","gdpnow",2017-10-12,2.49811011465293,"saar_pct",-1,"backcast","first_release",-0.490849885347071,0.490849885347071,0.240933609945232
"US","rgdp_growth","2017Q3",2017-10-27,2.98896,"saar_pct","gdpnow",2017-10-13,2.69656961205513,"saar_pct",-1,"backcast","first_release",-0.292390387944867,0.292390387944867,0.0854921389625499
"US","rgdp_growth","2017Q3",2017-10-27,2.98896,"saar_pct","gdpnow",2017-10-17,2.72663033411562,"saar_pct",-1,"backcast","first_release",-0.262329665884379,0.262329665884379,0.0688168536030102
"US","rgdp_growth","2017Q3",2017-10-27,2.98896,"saar_pct","gdpnow",2017-10-18,2.71577894601129,"saar_pct",-1,"backcast","first_release",-0.273181053988707,0.273181053988707,0.0746278882583806
"US","rgdp_growth","2017Q3",2017-10-27,2.98896,"saar_pct","gdpnow",2017-10-20,2.62082511291459,"saar_pct",-1,"backcast","first_release",-0.368134887085407,0.368134887085407,0.135523295089385
"US","rgdp_growth","2017Q3",2017-10-27,2.98896,"saar_pct","gdpnow",2017-10-25,2.71816408400689,"saar_pct",-1,"backcast","first_release",-0.270795915993109,0.270795915993109,0.073330428118547
"US","rgdp_growth","2017Q3",2017-10-27,2.98896,"saar_pct","gdpnow",2017-10-26,2.52008534462624,"saar_pct",-1,"backcast","first_release",-0.468874655373756,0.468874655373756,0.219843442451859
"US","rgdp_growth","2017Q4",2018-01-26,2.555015,"saar_pct","gdpnow",2017-10-30,2.93351100692689,"saar_pct",0,"nowcast","first_release",0.378496006926892,0.378496006926892,0.143259227259602
"US","rgdp_growth","2017Q4",2018-01-26,2.555015,"saar_pct","gdpnow",2017-11-01,4.48090169245192,"saar_pct",0,"nowcast","first_release",1.92588669245192,1.92588669245192,3.7090395521634
"US","rgdp_growth","2017Q4",2018-01-26,2.555015,"saar_pct","gdpnow",2017-11-02,4.32456376329251,"saar_pct",0,"nowcast","first_release",1.76954876329251,1.76954876329251,3.13130282567005
"US","rgdp_growth","2017Q4",2018-01-26,2.555015,"saar_pct","gdpnow",2017-11-03,3.3040753118923,"saar_pct",0,"nowcast","first_release",0.749060311892296,0.749060311892296,0.561091350852184
"US","rgdp_growth","2017Q4",2018-01-26,2.555015,"saar_pct","gdpnow",2017-11-09,3.28113497388167,"saar_pct",0,"nowcast","first_release",0.726119973881672,0.726119973881672,0.52725021646992
"US","rgdp_growth","2017Q4",2018-01-26,2.555015,"saar_pct","gdpnow",2017-11-13,3.29045751414694,"saar_pct",0,"nowcast","first_release",0.735442514146938,0.735442514146938,0.54087569161477
"US","rgdp_growth","2017Q4",2018-01-26,2.555015,"saar_pct","gdpnow",2017-11-14,3.29503841949152,"saar_pct",0,"nowcast","first_release",0.740023419491525,0.740023419491525,0.54763466139593
"US","rgdp_growth","2017Q4",2018-01-26,2.555015,"saar_pct","gdpnow",2017-11-15,3.24498343706925,"saar_pct",0,"nowcast","first_release",0.689968437069249,0.689968437069249,0.476056444151782
"US","rgdp_growth","2017Q4",2018-01-26,2.555015,"saar_pct","gdpnow",2017-11-16,3.50104777002958,"saar_pct",0,"nowcast","first_release",0.946032770029575,0.946032770029575,0.894978001969831
"US","rgdp_growth","2017Q4",2018-01-26,2.555015,"saar_pct","gdpnow",2017-11-17,3.41824637223991,"saar_pct",0,"nowcast","first_release",0.863231372239908,0.863231372239908,0.745168402019195
"US","rgdp_growth","2017Q4",2018-01-26,2.555015,"saar_pct","gdpnow",2017-11-21,3.43847022104145,"saar_pct",0,"nowcast","first_release",0.883455221041445,0.883455221041445,0.780493127585389
"US","rgdp_growth","2017Q4",2018-01-26,2.555015,"saar_pct","gdpnow",2017-11-22,3.39617750376686,"saar_pct",0,"nowcast","first_release",0.841162503766862,0.841162503766862,0.707554357743336
"US","rgdp_growth","2017Q4",2018-01-26,2.555015,"saar_pct","gdpnow",2017-11-27,3.51134741410144,"saar_pct",0,"nowcast","first_release",0.95633241410144,0.95633241410144,0.914571686261088
"US","rgdp_growth","2017Q4",2018-01-26,2.555015,"saar_pct","gdpnow",2017-11-28,3.04851822783296,"saar_pct",0,"nowcast","first_release",0.493503227832964,0.493503227832964,0.243545435881554
"US","rgdp_growth","2017Q4",2018-01-26,2.555015,"saar_pct","gdpnow",2017-11-30,2.74002507670021,"saar_pct",0,"nowcast","first_release",0.185010076700214,0.185010076700214,0.0342287284806192
"US","rgdp_growth","2017Q4",2018-01-26,2.555015,"saar_pct","gdpnow",2017-12-01,3.47179652171499,"saar_pct",0,"nowcast","first_release",0.916781521714987,0.916781521714987,0.840488358558047
"US","rgdp_growth","2017Q4",2018-01-26,2.555015,"saar_pct","gdpnow",2017-12-04,3.16237255222633,"saar_pct",0,"nowcast","first_release",0.607357552226333,0.607357552226333,0.368883196246363
"US","rgdp_growth","2017Q4",2018-01-26,2.555015,"saar_pct","gdpnow",2017-12-05,3.2162668446164,"saar_pct",0,"nowcast","first_release",0.6612518446164,0.6612518446164,0.437254002008592
"US","rgdp_growth","2017Q4",2018-01-26,2.555015,"saar_pct","gdpnow",2017-12-08,2.88206386918783,"saar_pct",0,"nowcast","first_release",0.327048869187834,0.327048869187834,0.106960962837041
"US","rgdp_growth","2017Q4",2018-01-26,2.555015,"saar_pct","gdpnow",2017-12-12,2.81966579083395,"saar_pct",0,"nowcast","first_release",0.264650790833947,0.264650790833947,0.0700400410890337
"US","rgdp_growth","2017Q4",2018-01-26,2.555015,"saar_pct","gdpnow",2017-12-14,3.31293695478563,"saar_pct",0,"nowcast","first_release",0.757921954785628,0.757921954785628,0.574445689546067
"US","rgdp_growth","2017Q4",2018-01-26,2.555015,"saar_pct","gdpnow",2017-12-15,3.12874920495028,"saar_pct",0,"nowcast","first_release",0.573734204950276,0.573734204950276,0.329170937929926
"US","rgdp_growth","2017Q4",2018-01-26,2.555015,"saar_pct","gdpnow",2017-12-19,3.25894589848819,"saar_pct",0,"nowcast","first_release",0.703930898488186,0.703930898488186,0.495518709846385
"US","rgdp_growth","2017Q4",2018-01-26,2.555015,"saar_pct","gdpnow",2017-12-20,3.33317771702921,"saar_pct",0,"nowcast","first_release",0.778162717029212,0.778162717029212,0.605537214174286
"US","rgdp_growth","2017Q4",2018-01-26,2.555015,"saar_pct","gdpnow",2017-12-22,2.82160613242235,"saar_pct",0,"nowcast","first_release",0.26659113242235,0.26659113242235,0.0710708318862307
"US","rgdp_growth","2017Q4",2018-01-26,2.555015,"saar_pct","gdpnow",2017-12-28,2.74961387486816,"saar_pct",0,"nowcast","first_release",0.194598874868162,0.194598874868162,0.0378687220999546
"US","rgdp_growth","2017Q4",2018-01-26,2.555015,"saar_pct","gdpnow",2018-01-03,3.15344980552184,"saar_pct",-1,"backcast","first_release",0.598434805521835,0.598434805521835,0.358124216459957
"US","rgdp_growth","2017Q4",2018-01-26,2.555015,"saar_pct","gdpnow",2018-01-04,3.11372623581427,"saar_pct",-1,"backcast","first_release",0.558711235814274,0.558711235814274,0.312158245025113
"US","rgdp_growth","2017Q4",2018-01-26,2.555015,"saar_pct","gdpnow",2018-01-05,2.70814855887558,"saar_pct",-1,"backcast","first_release",0.153133558875578,0.153133558875578,0.0234498868539002
"US","rgdp_growth","2017Q4",2018-01-26,2.555015,"saar_pct","gdpnow",2018-01-10,2.7807001626464,"saar_pct",-1,"backcast","first_release",0.225685162646399,0.225685162646399,0.0509337926387315
"US","rgdp_growth","2017Q4",2018-01-26,2.555015,"saar_pct","gdpnow",2018-01-11,2.76485619375462,"saar_pct",-1,"backcast","first_release",0.209841193754617,0.209841193754617,0.0440333265963626
"US","rgdp_growth","2017Q4",2018-01-26,2.555015,"saar_pct","gdpnow",2018-01-12,3.26501557556871,"saar_pct",-1,"backcast","first_release",0.710000575568708,0.710000575568708,0.504100817307897
"US","rgdp_growth","2017Q4",2018-01-26,2.555015,"saar_pct","gdpnow",2018-01-17,3.43605357954107,"saar_pct",-1,"backcast","first_release",0.881038579541065,0.881038579541065,0.776228978639738
"US","rgdp_growth","2017Q4",2018-01-26,2.555015,"saar_pct","gdpnow",2018-01-18,3.42197366127595,"saar_pct",-1,"backcast","first_release",0.866958661275945,0.866958661275945,0.75161732036138
"US","rgdp_growth","2017Q4",2018-01-26,2.555015,"saar_pct","gdpnow",2018-01-24,3.39104909689827,"saar_pct",-1,"backcast","first_release",0.836034096898269,0.836034096898269,0.698953011176504
"US","rgdp_growth","2017Q4",2018-01-26,2.555015,"saar_pct","gdpnow",2018-01-25,3.40601221961458,"saar_pct",-1,"backcast","first_release",0.850997219614585,0.850997219614585,0.724196267791754
"US","rgdp_growth","2018Q1",2018-04-27,2.318422,"saar_pct","gdpnow",2018-01-29,4.1571219736295,"saar_pct",0,"nowcast","first_release",1.8386999736295,1.8386999736295,3.38081759302511
"US","rgdp_growth","2018Q1",2018-04-27,2.318422,"saar_pct","gdpnow",2018-02-01,5.37553538410012,"saar_pct",0,"nowcast","first_release",3.05711338410012,3.05711338410012,9.34594224324407
"US","rgdp_growth","2018Q1",2018-04-27,2.318422,"saar_pct","gdpnow",2018-02-02,3.99193404758269,"saar_pct",0,"nowcast","first_release",1.67351204758269,1.67351204758269,2.80064257340441
"US","rgdp_growth","2018Q1",2018-04-27,2.318422,"saar_pct","gdpnow",2018-02-05,4.04765886687282,"saar_pct",0,"nowcast","first_release",1.72923686687282,1.72923686687282,2.99026014175211
"US","rgdp_growth","2018Q1",2018-04-27,2.318422,"saar_pct","gdpnow",2018-02-06,4.0250797759227,"saar_pct",0,"nowcast","first_release",1.7066577759227,1.7066577759227,2.91268076411742
"US","rgdp_growth","2018Q1",2018-04-27,2.318422,"saar_pct","gdpnow",2018-02-09,4.01043807413142,"saar_pct",0,"nowcast","first_release",1.69201607413142,1.69201607413142,2.86291839511909
"US","rgdp_growth","2018Q1",2018-04-27,2.318422,"saar_pct","gdpnow",2018-02-12,4.01586962013372,"saar_pct",0,"nowcast","first_release",1.69744762013372,1.69744762013372,2.88132842309762
"US","rgdp_growth","2018Q1",2018-04-27,2.318422,"saar_pct","gdpnow",2018-02-14,3.24988746423887,"saar_pct",0,"nowcast","first_release",0.931465464238865,0.931465464238865,0.867627911069725
"US","rgdp_growth","2018Q1",2018-04-27,2.318422,"saar_pct","gdpnow",2018-02-15,3.09297451733137,"saar_pct",0,"nowcast","first_release",0.774552517331371,0.774552517331371,0.599931602104363
"US","rgdp_growth","2018Q1",2018-04-27,2.318422,"saar_pct","gdpnow",2018-02-16,3.19780648568746,"saar_pct",0,"nowcast","first_release",0.87938448568746,0.87938448568746,0.773317073667798
"US","rgdp_growth","2018Q1",2018-04-27,2.318422,"saar_pct","gdpnow",2018-02-21,3.0909473407932,"saar_pct",0,"nowcast","first_release",0.772525340793204,0.772525340793204,0.596795402167656
"US","rgdp_growth","2018Q1",2018-04-27,2.318422,"saar_pct","gdpnow",2018-02-26,2.98914403619883,"saar_pct",0,"nowcast","first_release",0.670722036198832,0.670722036198832,0.449868049842707
"US","rgdp_growth","2018Q1",2018-04-27,2.318422,"saar_pct","gdpnow",2018-02-27,2.5809472321886,"saar_pct",0,"nowcast","first_release",0.262525232188602,0.262525232188602,0.0689194975356793
"US","rgdp_growth","2018Q1",2018-04-27,2.318422,"saar_pct","gdpnow",2018-03-01,3.53912204971487,"saar_pct",0,"nowcast","first_release",1.22070004971487,1.22070004971487,1.49010861137389
"US","rgdp_growth","2018Q1",2018-04-27,2.318422,"saar_pct","gdpnow",2018-03-02,3.15360298545231,"saar_pct",0,"nowcast","first_release",0.835180985452308,0.835180985452308,0.697527278461089
"US","rgdp_growth","2018Q1",2018-04-27,2.318422,"saar_pct","gdpnow",2018-03-05,3.13624280828879,"saar_pct",0,"nowcast","first_release",0.817820808288792,0.817820808288792,0.668830874470133
"US","rgdp_growth","2018Q1",2018-04-27,2.318422,"saar_pct","gdpnow",2018-03-06,2.95363391815264,"saar_pct",0,"nowcast","first_release",0.635211918152643,0.635211918152643,0.40349418096316
"US","rgdp_growth","2018Q1",2018-04-27,2.318422,"saar_pct","gdpnow",2018-03-07,2.81384102862594,"saar_pct",0,"nowcast","first_release",0.495419028625941,0.495419028625941,0.245440013924671
"US","rgdp_growth","2018Q1",2018-04-27,2.318422,"saar_pct","gdpnow",2018-03-09,2.4778672411343,"saar_pct",0,"nowcast","first_release",0.159445241134302,0.159445241134302,0.0254227849203756
"US","rgdp_growth","2018Q1",2018-04-27,2.318422,"saar_pct","gdpnow",2018-03-12,2.46560490395589,"saar_pct",0,"nowcast","first_release",0.147182903955887,0.147182903955887,0.0216628072168878
"US","rgdp_growth","2018Q1",2018-04-27,2.318422,"saar_pct","gdpnow",2018-03-14,1.85163326389841,"saar_pct",0,"nowcast","first_release",-0.466788736101589,0.466788736101589,0.217891724151319
"US","rgdp_growth","2018Q1",2018-04-27,2.318422,"saar_pct","gdpnow",2018-03-15,1.81338126437149,"saar_pct",0,"nowcast","first_release",-0.505040735628506,0.505040735628506,0.255066144644182
"US","rgdp_growth","2018Q1",2018-04-27,2.318422,"saar_pct","gdpnow",2018-03-16,1.80131532703789,"saar_pct",0,"nowcast","first_release",-0.517106672962111,0.517106672962111,0.267399311221944
"US","rgdp_growth","2018Q1",2018-04-27,2.318422,"saar_pct","gdpnow",2018-03-21,1.86299400736749,"saar_pct",0,"nowcast","first_release",-0.455427992632509,0.455427992632509,0.207414656473277
"US","rgdp_growth","2018Q1",2018-04-27,2.318422,"saar_pct","gdpnow",2018-03-23,1.79031740228617,"saar_pct",0,"nowcast","first_release",-0.528104597713832,0.528104597713832,0.278894466126488
"US","rgdp_growth","2018Q1",2018-04-27,2.318422,"saar_pct","gdpnow",2018-03-29,2.37026420173683,"saar_pct",0,"nowcast","first_release",0.051842201736827,0.051842201736827,0.00268761388092186
"US","rgdp_growth","2018Q1",2018-04-27,2.318422,"saar_pct","gdpnow",2018-04-02,2.79817140710752,"saar_pct",-1,"backcast","first_release",0.479749407107519,0.479749407107519,0.230159493620016
"US","rgdp_growth","2018Q1",2018-04-27,2.318422,"saar_pct","gdpnow",2018-04-04,2.51284777236964,"saar_pct",-1,"backcast","first_release",0.194425772369642,0.194425772369642,0.0378013809615318
"US","rgdp_growth","2018Q1",2018-04-27,2.318422,"saar_pct","gdpnow",2018-04-05,2.31631740303069,"saar_pct",-1,"backcast","first_release",-0.00210459696931231,0.00210459696931231,4.42932840323857e-06
"US","rgdp_growth","2018Q1",2018-04-27,2.318422,"saar_pct","gdpnow",2018-04-06,1.98994516746043,"saar_pct",-1,"backcast","first_release",-0.328476832539573,0.328476832539573,0.10789702951523
"US","rgdp_growth","2018Q1",2018-04-27,2.318422,"saar_pct","gdpnow",2018-04-10,1.972131397263,"saar_pct",-1,"backcast","first_release",-0.346290602737001,0.346290602737001,0.119917181543955
"US","rgdp_growth","2018Q1",2018-04-27,2.318422,"saar_pct","gdpnow",2018-04-11,2.01003955876682,"saar_pct",-1,"backcast","first_release",-0.308382441233181,0.308382441233181,0.0950997300609366
"US","rgdp_growth","2018Q1",2018-04-27,2.318422,"saar_pct","gdpnow",2018-04-12,2.03160460609006,"saar_pct",-1,"backcast","first_release",-0.286817393909935,0.286817393909935,0.0822642174492868
"US","rgdp_growth","2018Q1",2018-04-27,2.318422,"saar_pct","gdpnow",2018-04-16,1.90842106409987,"saar_pct",-1,"backcast","first_release",-0.410000935900126,0.410000935900126,0.168100767438979
"US","rgdp_growth","2018Q1",2018-04-27,2.318422,"saar_pct","gdpnow",2018-04-17,1.96697439070206,"saar_pct",-1,"backcast","first_release",-0.351447609297941,0.351447609297941,0.123515422081238
"US","rgdp_growth","2018Q1",2018-04-27,2.318422,"saar_pct","gdpnow",2018-04-23,1.98026079188265,"saar_pct",-1,"backcast","first_release",-0.338161208117351,0.338161208117351,0.114353002675387
"US","rgdp_growth","2018Q1",2018-04-27,2.318422,"saar_pct","gdpnow",2018-04-24,2.01059898370894,"saar_pct",-1,"backcast","first_release",-0.307823016291056,0.307823016291056,0.0947550093585235
"US","rgdp_growth","2018Q1",2018-04-27,2.318422,"saar_pct","gdpnow",2018-04-26,1.98336781276061,"saar_pct",-1,"backcast","first_release",-0.335054187239394,0.335054187239394,0.112261308386651
"US","rgdp_growth","2018Q2",2018-07-27,4.060342,"saar_pct","gdpnow",2018-04-30,4.06715134398323,"saar_pct",0,"nowcast","first_release",0.00680934398323263,0.00680934398323263,4.63671654819864e-05
"US","rgdp_growth","2018Q2",2018-07-27,4.060342,"saar_pct","gdpnow",2018-05-01,4.13668733566468,"saar_pct",0,"nowcast","first_release",0.076345335664679,0.076345335664679,0.00582861027775251
"US","rgdp_growth","2018Q2",2018-07-27,4.060342,"saar_pct","gdpnow",2018-05-02,3.94163101725891,"saar_pct",0,"nowcast","first_release",-0.118710982741094,0.118710982741094,0.0140922974233563
"US","rgdp_growth","2018Q2",2018-07-27,4.060342,"saar_pct","gdpnow",2018-05-03,3.99114767148552,"saar_pct",0,"nowcast","first_release",-0.0691943285144827,0.0691943285144827,0.00478785509857015
"US","rgdp_growth","2018Q2",2018-07-27,4.060342,"saar_pct","gdpnow",2018-05-04,3.92960248107757,"saar_pct",0,"nowcast","first_release",-0.130739518922435,0.130739518922435,0.0170928218080697
"US","rgdp_growth","2018Q2",2018-07-27,4.060342,"saar_pct","gdpnow",2018-05-09,4.03186961820063,"saar_pct",0,"nowcast","first_release",-0.0284723817993662,0.0284723817993662,0.000810676525328878
"US","rgdp_growth","2018Q2",2018-07-27,4.060342,"saar_pct","gdpnow",2018-05-10,4.04326372649719,"saar_pct",0,"nowcast","first_release",-0.0170782735028077,0.0170782735028077,0.000291667425836702
"US","rgdp_growth","2018Q2",2018-07-27,4.060342,"saar_pct","gdpnow",2018-05-11,4.03412014584712,"saar_pct",0,"nowcast","first_release",-0.0262218541528805,0.0262218541528805,0.000687585635214935
"US","rgdp_growth","2018Q2",2018-07-27,4.060342,"saar_pct","gdpnow",2018-05-15,4.06926307859083,"saar_pct",0,"nowcast","first_release",0.00892107859083424,0.00892107859083424,7.95856432238411e-05
"US","rgdp_growth","2018Q2",2018-07-27,4.060342,"saar_pct","gdpnow",2018-05-16,4.1287585892688,"saar_pct",0,"nowcast","first_release",0.0684165892687991,0.0684165892687991,0.00468082968717556
"US","rgdp_growth","2018Q2",2018-07-27,4.060342,"saar_pct","gdpnow",2018-05-17,4.24138832459939,"saar_pct",0,"nowcast","first_release",0.181046324599393,0.181046324599393,0.0327777716509488
"US","rgdp_growth","2018Q2",2018-07-27,4.060342,"saar_pct","gdpnow",2018-05-23,4.32736442568917,"saar_pct",0,"nowcast","first_release",0.267022425689173,0.267022425689173,0.0713009758209297
"US","rgdp_growth","2018Q2",2018-07-27,4.060342,"saar_pct","gdpnow",2018-05-24,4.15500350668894,"saar_pct",0,"nowcast","first_release",0.0946615066889365,0.0946615066889365,0.00896080084861956
"US","rgdp_growth","2018Q2",2018-07-27,4.060342,"saar_pct","gdpnow",2018-05-25,4.035101496156,"saar_pct",0,"nowcast","first_release",-0.0252405038439987,0.0252405038439987,0.000637083034298912
"US","rgdp_growth","2018Q2",2018-07-27,4.060342,"saar_pct","gdpnow",2018-05-29,4.11184873322166,"saar_pct",0,"nowcast","first_release",0.0515067332216566,0.0515067332216566,0.0026529435671669
"US","rgdp_growth","2018Q2",2018-07-27,4.060342,"saar_pct","gdpnow",2018-05-31,4.67325183537173,"saar_pct",0,"nowcast","first_release",0.612909835371727,0.612909835371727,0.375658466295398
"US","rgdp_growth","2018Q2",2018-07-27,4.060342,"saar_pct","gdpnow",2018-06-01,4.8436266421185,"saar_pct",0,"nowcast","first_release",0.783284642118503,0.783284642118503,0.613534830578712
"US","rgdp_growth","2018Q2",2018-07-27,4.060342,"saar_pct","gdpnow",2018-06-04,4.54837190328343,"saar_pct",0,"nowcast","first_release",0.488029903283432,0.488029903283432,0.238173186498836
"US","rgdp_growth","2018Q2",2018-07-27,4.060342,"saar_pct","gdpnow",2018-06-05,4.56688059649091,"saar_pct",0,"nowcast","first_release",0.506538596490907,0.506538596490907,0.256581349734978
"US","rgdp_growth","2018Q2",2018-07-27,4.060342,"saar_pct","gdpnow",2018-06-06,4.48965254302747,"saar_pct",0,"nowcast","first_release",0.429310543027467,0.429310543027467,0.184307542354538
"US","rgdp_growth","2018Q2",2018-07-27,4.060342,"saar_pct","gdpnow",2018-06-08,4.55709392836312,"saar_pct",0,"nowcast","first_release",0.49675192836312,0.49675192836312,0.246762478332479
"US","rgdp_growth","2018Q2",2018-07-27,4.060342,"saar_pct","gdpnow",2018-06-12,4.63054702689862,"saar_pct",0,"nowcast","first_release",0.570205026898623,0.570205026898623,0.32513377270046
"US","rgdp_growth","2018Q2",2018-07-27,4.060342,"saar_pct","gdpnow",2018-06-13,4.58901994524843,"saar_pct",0,"nowcast","first_release",0.528677945248429,0.528677945248429,0.279500369792101
"US","rgdp_growth","2018Q2",2018-07-27,4.060342,"saar_pct","gdpnow",2018-06-14,4.80387186316489,"saar_pct",0,"nowcast","first_release",0.743529863164888,0.743529863164888,0.552836657417997
"US","rgdp_growth","2018Q2",2018-07-27,4.060342,"saar_pct","gdpnow",2018-06-15,4.6019555556728,"saar_pct",0,"nowcast","first_release",0.541613555672798,0.541613555672798,0.293345243688531
"US","rgdp_growth","2018Q2",2018-07-27,4.060342,"saar_pct","gdpnow",2018-06-19,4.70881932074108,"saar_pct",0,"nowcast","first_release",0.648477320741075,0.648477320741075,0.420522835515523
"US","rgdp_growth","2018Q2",2018-07-27,4.060342,"saar_pct","gdpnow",2018-06-20,4.67888341503813,"saar_pct",0,"nowcast","first_release",0.618541415038126,0.618541415038126,0.382593482117367
"US","rgdp_growth","2018Q2",2018-07-27,4.060342,"saar_pct","gdpnow",2018-06-25,4.62355827040299,"saar_pct",0,"nowcast","first_release",0.563216270402994,0.563216270402994,0.317212567246658
"US","rgdp_growth","2018Q2",2018-07-27,4.060342,"saar_pct","gdpnow",2018-06-27,4.48162688748395,"saar_pct",0,"nowcast","first_release",0.421284887483947,0.421284887483947,0.177480956422362
"US","rgdp_growth","2018Q2",2018-07-27,4.060342,"saar_pct","gdpnow",2018-06-29,3.8340092848631,"saar_pct",0,"nowcast","first_release",-0.226332715136896,0.226332715136896,0.0512264979412392
"US","rgdp_growth","2018Q2",2018-07-27,4.060342,"saar_pct","gdpnow",2018-07-02,4.08614467434081,"saar_pct",-1,"backcast","first_release",0.0258026743408077,0.0258026743408077,0.000665778003137778
"US","rgdp_growth","2018Q2",2018-07-27,4.060342,"saar_pct","gdpnow",2018-07-03,3.98428354851368,"saar_pct",-1,"backcast","first_release",-0.0760584514863218,0.0760584514863218,0.00578488804249717
"US","rgdp_growth","2018Q2",2018-07-27,4.060342,"saar_pct","gdpnow",2018-07-05,3.9153688401802,"saar_pct",-1,"backcast","first_release",-0.1449731598198,0.1449731598198,0.0210172170681374
"US","rgdp_growth","2018Q2",2018-07-27,4.060342,"saar_pct","gdpnow",2018-07-06,3.83804547548874,"saar_pct",-1,"backcast","first_release",-0.222296524511262,0.222296524511262,0.0494157448097861
"US","rgdp_growth","2018Q2",2018-07-27,4.060342,"saar_pct","gdpnow",2018-07-11,3.89624133383919,"saar_pct",-1,"backcast","first_release",-0.16410066616081,0.16410066616081,0.0269290286344218
"US","rgdp_growth","2018Q2",2018-07-27,4.060342,"saar_pct","gdpnow",2018-07-12,4.16896979564925,"saar_pct",-1,"backcast","first_release",0.108627795649246,0.108627795649246,0.0117999979876144
"US","rgdp_growth","2018Q2",2018-07-27,4.060342,"saar_pct","gdpnow",2018-07-13,4.18274362709994,"saar_pct",-1,"backcast","first_release",0.122401627099938,0.122401627099938,0.0149821583167123
"US","rgdp_growth","2018Q2",2018-07-27,4.060342,"saar_pct","gdpnow",2018-07-16,4.53232714930814,"saar_pct",-1,"backcast","first_release",0.471985149308135,0.471985149308135,0.222769981167422
"US","rgdp_growth","2018Q2",2018-07-27,4.060342,"saar_pct","gdpnow",2018-07-17,4.53071495385955,"saar_pct",-1,"backcast","first_release",0.470372953859549,0.470372953859549,0.221250715722557
"US","rgdp_growth","2018Q2",2018-07-27,4.060342,"saar_pct","gdpnow",2018-07-18,4.51290913186779,"saar_pct",-1,"backcast","first_release",0.452567131867792,0.452567131867792,0.20481700884704
"US","rgdp_growth","2018Q2",2018-07-27,4.060342,"saar_pct","gdpnow",2018-07-23,4.49379661210318,"saar_pct",-1,"backcast","first_release",0.433454612103184,0.433454612103184,0.187882900753522
"US","rgdp_growth","2018Q2",2018-07-27,4.060342,"saar_pct","gdpnow",2018-07-25,4.41154573836771,"saar_pct",-1,"backcast","first_release",0.351203738367706,0.351203738367706,0.123344065843452
"US","rgdp_growth","2018Q2",2018-07-27,4.060342,"saar_pct","gdpnow",2018-07-26,3.82246185545008,"saar_pct",-1,"backcast","first_release",-0.237880144549924,0.237880144549924,0.0565869631710926
"US","rgdp_growth","2018Q3",2018-10-26,3.500627,"saar_pct","gdpnow",2018-07-31,4.68625695021236,"saar_pct",0,"nowcast","first_release",1.18562995021236,1.18562995021236,1.40571837884057
"US","rgdp_growth","2018Q3",2018-10-26,3.500627,"saar_pct","gdpnow",2018-08-01,4.95068119030206,"saar_pct",0,"nowcast","first_release",1.45005419030206,1.45005419030206,2.10265715481257
"US","rgdp_growth","2018Q3",2018-10-26,3.500627,"saar_pct","gdpnow",2018-08-02,4.92852448085876,"saar_pct",0,"nowcast","first_release",1.42789748085876,1.42789748085876,2.03889121584281
"US","rgdp_growth","2018Q3",2018-10-26,3.500627,"saar_pct","gdpnow",2018-08-03,4.37049026393317,"saar_pct",0,"nowcast","first_release",0.869863263933169,0.869863263933169,0.756662097940466
"US","rgdp_growth","2018Q3",2018-10-26,3.500627,"saar_pct","gdpnow",2018-08-09,4.32440903885534,"saar_pct",0,"nowcast","first_release",0.823782038855337,0.823782038855337,0.678616847540656
"US","rgdp_growth","2018Q3",2018-10-26,3.500627,"saar_pct","gdpnow",2018-08-10,4.38843392966697,"saar_pct",0,"nowcast","first_release",0.887806929666968,0.887806929666968,0.788201144364689
"US","rgdp_growth","2018Q3",2018-10-26,3.500627,"saar_pct","gdpnow",2018-08-14,4.39053103895426,"saar_pct",0,"nowcast","first_release",0.889904038954259,0.889904038954259,0.791929198547104
"US","rgdp_growth","2018Q3",2018-10-26,3.500627,"saar_pct","gdpnow",2018-08-15,4.31965974023656,"saar_pct",0,"nowcast","first_release",0.819032740236559,0.819032740236559,0.670814629579406
"US","rgdp_growth","2018Q3",2018-10-26,3.500627,"saar_pct","gdpnow",2018-08-16,4.25407543868486,"saar_pct",0,"nowcast","first_release",0.753448438684857,0.753448438684857,0.567684549756648
"US","rgdp_growth","2018Q3",2018-10-26,3.500627,"saar_pct","gdpnow",2018-08-22,4.266955326266,"saar_pct",0,"nowcast","first_release",0.766328326265997,0.766328326265997,0.587259103637645
"US","rgdp_growth","2018Q3",2018-10-26,3.500627,"saar_pct","gdpnow",2018-08-23,4.41554783062676,"saar_pct",0,"nowcast","first_release",0.914920830626765,0.914920830626765,0.837080126314769
"US","rgdp_growth","2018Q3",2018-10-26,3.500627,"saar_pct","gdpnow",2018-08-24,4.59294097086296,"saar_pct",0,"nowcast","first_release",1.09231397086296,1.09231397086296,1.1931498109424
"US","rgdp_growth","2018Q3",2018-10-26,3.500627,"saar_pct","gdpnow",2018-08-28,4.09747944630348,"saar_pct",0,"nowcast","first_release",0.596852446303476,0.596852446303476,0.356232842658443
"US","rgdp_growth","2018Q3",2018-10-26,3.500627,"saar_pct","gdpnow",2018-08-30,4.08069440892931,"saar_pct",0,"nowcast","first_release",0.580067408929308,0.580067408929308,0.336478198901961
"US","rgdp_growth","2018Q3",2018-10-26,3.500627,"saar_pct","gdpnow",2018-09-04,4.65732321485846,"saar_pct",0,"nowcast","first_release",1.15669621485846,1.15669621485846,1.33794613346788
"US","rgdp_growth","2018Q3",2018-10-26,3.500627,"saar_pct","gdpnow",2018-09-05,4.35567190028285,"saar_pct",0,"nowcast","first_release",0.855044900282854,0.855044900282854,0.731101781499715
"US","rgdp_growth","2018Q3",2018-10-26,3.500627,"saar_pct","gdpnow",2018-09-06,4.27565575181557,"saar_pct",0,"nowcast","first_release",0.775028751815566,0.775028751815566,0.600669566140794
"US","rgdp_growth","2018Q3",2018-10-26,3.500627,"saar_pct","gdpnow",2018-09-07,3.82008239835674,"saar_pct",0,"nowcast","first_release",0.319455398356739,0.319455398356739,0.102051751539263
"US","rgdp_growth","2018Q3",2018-10-26,3.500627,"saar_pct","gdpnow",2018-09-11,3.78271553744789,"saar_pct",0,"nowcast","first_release",0.282088537447889,0.282088537447889,0.0795739429594892
"US","rgdp_growth","2018Q3",2018-10-26,3.500627,"saar_pct","gdpnow",2018-09-12,3.80336843436166,"saar_pct",0,"nowcast","first_release",0.302741434361665,0.302741434361665,0.0916523760793581
"US","rgdp_growth","2018Q3",2018-10-26,3.500627,"saar_pct","gdpnow",2018-09-13,3.89743104362346,"saar_pct",0,"nowcast","first_release",0.396804043623456,0.396804043623456,0.157453449035925
"US","rgdp_growth","2018Q3",2018-10-26,3.500627,"saar_pct","gdpnow",2018-09-14,4.42554634030263,"saar_pct",0,"nowcast","first_release",0.924919340302633,0.924919340302633,0.855475786065857
"US","rgdp_growth","2018Q3",2018-10-26,3.500627,"saar_pct","gdpnow",2018-09-19,4.44716673646539,"saar_pct",0,"nowcast","first_release",0.946539736465391,0.946539736465391,0.895937472707972
"US","rgdp_growth","2018Q3",2018-10-26,3.500627,"saar_pct","gdpnow",2018-09-20,4.41421614710313,"saar_pct",0,"nowcast","first_release",0.913589147103134,0.913589147103134,0.834645129704631
"US","rgdp_growth","2018Q3",2018-10-26,3.500627,"saar_pct","gdpnow",2018-09-26,4.43706582250061,"saar_pct",0,"nowcast","first_release",0.936438822500608,0.936438822500608,0.876917668286324
"US","rgdp_growth","2018Q3",2018-10-26,3.500627,"saar_pct","gdpnow",2018-09-27,3.83029328631617,"saar_pct",0,"nowcast","first_release",0.329666286316166,0.329666286316166,0.108679860333493
"US","rgdp_growth","2018Q3",2018-10-26,3.500627,"saar_pct","gdpnow",2018-09-28,3.62711886078222,"saar_pct",0,"nowcast","first_release",0.126491860782219,0.126491860782219,0.0160001908441483
"US","rgdp_growth","2018Q3",2018-10-26,3.500627,"saar_pct","gdpnow",2018-10-01,4.08226246190395,"saar_pct",-1,"backcast","first_release",0.581635461903951,0.581635461903951,0.338299810544223
"US","rgdp_growth","2018Q3",2018-10-26,3.500627,"saar_pct","gdpnow",2018-10-03,4.12696303438926,"saar_pct",-1,"backcast","first_release",0.626336034389264,0.626336034389264,0.392296827974469
"US","rgdp_growth","2018Q3",2018-10-26,3.500627,"saar_pct","gdpnow",2018-10-04,4.07091135536961,"saar_pct",-1,"backcast","first_release",0.570284355369611,0.570284355369611,0.325224245979332
"US","rgdp_growth","2018Q3",2018-10-26,3.500627,"saar_pct","gdpnow",2018-10-05,4.08359585384106,"saar_pct",-1,"backcast","first_release",0.58296885384106,0.58296885384106,0.339852684548759
"US","rgdp_growth","2018Q3",2018-10-26,3.500627,"saar_pct","gdpnow",2018-10-10,4.19491417470843,"saar_pct",-1,"backcast","first_release",0.69428717470843,0.69428717470843,0.482034680964615
"US","rgdp_growth","2018Q3",2018-10-26,3.500627,"saar_pct","gdpnow",2018-10-11,4.19812580056842,"saar_pct",-1,"backcast","first_release",0.69749880056842,0.69749880056842,0.486504576794384
"US","rgdp_growth","2018Q3",2018-10-26,3.500627,"saar_pct","gdpnow",2018-10-12,4.2216014989638,"saar_pct",-1,"backcast","first_release",0.720974498963801,0.720974498963801,0.519804228156103
"US","rgdp_growth","2018Q3",2018-10-26,3.500627,"saar_pct","gdpnow",2018-10-15,4.00358110531722,"saar_pct",-1,"backcast","first_release",0.502954105317222,0.502954105317222,0.252962832055447
"US","rgdp_growth","2018Q3",2018-10-26,3.500627,"saar_pct","gdpnow",2018-10-16,3.84749712991104,"saar_pct",-1,"backcast","first_release",0.346870129911037,0.346870129911037,0.1203188870245
"US","rgdp_growth","2018Q3",2018-10-26,3.500627,"saar_pct","gdpnow",2018-10-17,3.85140569997211,"saar_pct",-1,"backcast","first_release",0.35077869997211,0.35077869997211,0.123045696354124
"US","rgdp_growth","2018Q3",2018-10-26,3.500627,"saar_pct","gdpnow",2018-10-19,3.81040177562841,"saar_pct",-1,"backcast","first_release",0.309774775628413,0.309774775628413,0.0959604116156339
"US","rgdp_growth","2018Q3",2018-10-26,3.500627,"saar_pct","gdpnow",2018-10-24,3.74529973360063,"saar_pct",-1,"backcast","first_release",0.244672733600626,0.244672733600626,0.0598647465676031
"US","rgdp_growth","2018Q3",2018-10-26,3.500627,"saar_pct","gdpnow",2018-10-25,3.55369369883045,"saar_pct",-1,"backcast","first_release",0.0530666988304511,0.0530666988304511,0.0028160745247618
"US","rgdp_growth","2018Q4",2019-02-28,2.589119,"saar_pct","gdpnow",2018-10-29,2.64680869413614,"saar_pct",0,"nowcast","first_release",0.0576896941361378,0.0576896941361378,0.00332810080952113
"US","rgdp_growth","2018Q4",2019-02-28,2.589119,"saar_pct","gdpnow",2018-11-01,2.96422841894266,"saar_pct",0,"nowcast","first_release",0.37510941894266,0.37510941894266,0.1407070761795
"US","rgdp_growth","2018Q4",2019-02-28,2.589119,"saar_pct","gdpnow",2018-11-02,2.89897124001586,"saar_pct",0,"nowcast","first_release",0.309852240015857,0.309852240015857,0.0960084106428444
"US","rgdp_growth","2018Q4",2019-02-28,2.589119,"saar_pct","gdpnow",2018-11-05,2.92918856488373,"saar_pct",0,"nowcast","first_release",0.340069564883733,0.340069564883733,0.115647308960212
"US","rgdp_growth","2018Q4",2019-02-28,2.589119,"saar_pct","gdpnow",2018-11-09,2.89690140480812,"saar_pct",0,"nowcast","first_release",0.307782404808116,0.307782404808116,0.0947300087094672
"US","rgdp_growth","2018Q4",2019-02-28,2.589119,"saar_pct","gdpnow",2018-11-13,2.90620986409349,"saar_pct",0,"nowcast","first_release",0.31709086409349,0.31709086409349,0.100546616091556
"US","rgdp_growth","2018Q4",2019-02-28,2.589119,"saar_pct","gdpnow",2018-11-14,2.90668443052313,"saar_pct",0,"nowcast","first_release",0.317565430523132,0.317565430523132,0.100847802663342
"US","rgdp_growth","2018Q4",2019-02-28,2.589119,"saar_pct","gdpnow",2018-11-15,2.7553486419654,"saar_pct",0,"nowcast","first_release",0.166229641965405,0.166229641965405,0.0276322938679467
"US","rgdp_growth","2018Q4",2019-02-28,2.589119,"saar_pct","gdpnow",2018-11-16,2.61654040879542,"saar_pct",0,"nowcast","first_release",0.0274214087954201,0.0274214087954201,0.000751933660325543
"US","rgdp_growth","2018Q4",2019-02-28,2.589119,"saar_pct","gdpnow",2018-11-20,2.4581296720279,"saar_pct",0,"nowcast","first_release",-0.130989327972102,0.130989327972102,0.017158204042583
"US","rgdp_growth","2018Q4",2019-02-28,2.589119,"saar_pct","gdpnow",2018-11-21,2.49087698761181,"saar_pct",0,"nowcast","first_release",-0.0982420123881882,0.0982420123881882,0.00965149299808092
"US","rgdp_growth","2018Q4",2019-02-28,2.589119,"saar_pct","gdpnow",2018-11-29,2.62102434453151,"saar_pct",0,"nowcast","first_release",0.0319053445315083,0.0319053445315083,0.00101795100967425
"US","rgdp_growth","2018Q4",2019-02-28,2.589119,"saar_pct","gdpnow",2018-12-03,2.80033585053197,"saar_pct",0,"nowcast","first_release",0.211216850531965,0.211216850531965,0.0446125579486425
"US","rgdp_growth","2018Q4",2019-02-28,2.589119,"saar_pct","gdpnow",2018-12-04,2.70905062923674,"saar_pct",0,"nowcast","first_release",0.119931629236742,0.119931629236742,0.0143835956913794
"US","rgdp_growth","2018Q4",2019-02-28,2.589119,"saar_pct","gdpnow",2018-12-06,2.66429786073152,"saar_pct",0,"nowcast","first_release",0.0751788607315236,0.0751788607315236,0.00565186110088982
"US","rgdp_growth","2018Q4",2019-02-28,2.589119,"saar_pct","gdpnow",2018-12-07,2.38253934376269,"saar_pct",0,"nowcast","first_release",-0.206579656237309,0.206579656237309,0.0426751543711249
"US","rgdp_growth","2018Q4",2019-02-28,2.589119,"saar_pct","gdpnow",2018-12-11,2.43714977306635,"saar_pct",0,"nowcast","first_release",-0.151969226933651,0.151969226933651,0.0230946459348115
"US","rgdp_growth","2018Q4",2019-02-28,2.589119,"saar_pct","gdpnow",2018-12-12,2.42620268640135,"saar_pct",0,"nowcast","first_release",-0.162916313598654,0.162916313598654,0.0265417252365749
"US","rgdp_growth","2018Q4",2019-02-28,2.589119,"saar_pct","gdpnow",2018-12-13,2.50030546987834,"saar_pct",0,"nowcast","first_release",-0.0888135301216613,0.0888135301216613,0.00788784313267123
"US","rgdp_growth","2018Q4",2019-02-28,2.589119,"saar_pct","gdpnow",2018-12-14,2.99541528297933,"saar_pct",0,"nowcast","first_release",0.40629628297933,0.40629628297933,0.16507666956282
"US","rgdp_growth","2018Q4",2019-02-28,2.589119,"saar_pct","gdpnow",2018-12-18,2.92118907858241,"saar_pct",0,"nowcast","first_release",0.332070078582409,0.332070078582409,0.110270537089727
"US","rgdp_growth","2018Q4",2019-02-28,2.589119,"saar_pct","gdpnow",2018-12-19,2.9723746271709,"saar_pct",0,"nowcast","first_release",0.383255627170904,0.383255627170904,0.146884875758163
"US","rgdp_growth","2018Q4",2019-02-28,2.589119,"saar_pct","gdpnow",2018-12-21,2.71441921956783,"saar_pct",0,"nowcast","first_release",0.125300219567832,0.125300219567832,0.0157001450237468
"US","rgdp_growth","2018Q4",2019-02-28,2.589119,"saar_pct","gdpnow",2019-01-03,2.58697113122057,"saar_pct",-1,"backcast","first_release",-0.00214786877942785,0.00214786877942785,4.61334029364089e-06
"US","rgdp_growth","2018Q4",2019-02-28,2.589119,"saar_pct","gdpnow",2019-01-04,2.79287906601611,"saar_pct",-1,"backcast","first_release",0.203760066016107,0.203760066016107,0.0415181645028884
"US","rgdp_growth","2018Q4",2019-02-28,2.589119,"saar_pct","gdpnow",2019-01-07,2.79408510691601,"saar_pct",-1,"backcast","first_release",0.204966106916011,0.204966106916011,0.0420111049843056
"US","rgdp_growth","2018Q4",2019-02-28,2.589119,"saar_pct","gdpnow",2019-01-11,2.79656705816476,"saar_pct",-1,"backcast","first_release",0.207448058164756,0.207448058164756,0.043034696836328
"US","rgdp_growth","2018Q4",2019-02-28,2.589119,"saar_pct","gdpnow",2019-01-15,2.81462504599967,"saar_pct",-1,"backcast","first_release",0.225506045999674,0.225506045999674,0.0508529767824073
"US","rgdp_growth","2018Q4",2019-02-28,2.589119,"saar_pct","gdpnow",2019-01-16,2.78795479119462,"saar_pct",-1,"backcast","first_release",0.198835791194624,0.198835791194624,0.0395356718599923
"US","rgdp_growth","2018Q4",2019-02-28,2.589119,"saar_pct","gdpnow",2019-01-18,2.7953179109997,"saar_pct",-1,"backcast","first_release",0.206198910999695,0.206198910999695,0.0425179908974601
"US","rgdp_growth","2018Q4",2019-02-28,2.589119,"saar_pct","gdpnow",2019-01-22,2.72211289324233,"saar_pct",-1,"backcast","first_release",0.132993893242334,0.132993893242334,0.0176873756397534
"US","rgdp_growth","2018Q4",2019-02-28,2.589119,"saar_pct","gdpnow",2019-01-31,2.69471421531471,"saar_pct",-1,"backcast","first_release",0.105595215314708,0.105595215314708,0.0111503494973596
"US","rgdp_growth","2018Q4",2019-02-28,2.589119,"saar_pct","gdpnow",2019-02-01,2.49002685746489,"saar_pct",-1,"backcast","first_release",-0.0990921425351114,0.0990921425351114,0.00981925271219884
"US","rgdp_growth","2018Q4",2019-02-28,2.589119,"saar_pct","gdpnow",2019-02-04,2.3960572729989,"saar_pct",-1,"backcast","first_release",-0.193061727001103,0.193061727001103,0.0372728304326484
"US","rgdp_growth","2018Q4",2019-02-28,2.589119,"saar_pct","gdpnow",2019-02-05,2.39603679166964,"saar_pct",-1,"backcast","first_release",-0.193082208330358,0.193082208330358,0.0372807391737277
"US","rgdp_growth","2018Q4",2019-02-28,2.589119,"saar_pct","gdpnow",2019-02-06,2.73293989866201,"saar_pct",-1,"backcast","first_release",0.143820898662012,0.143820898662012,0.0206844508919488
"US","rgdp_growth","2018Q4",2019-02-28,2.589119,"saar_pct","gdpnow",2019-02-12,2.66253812477868,"saar_pct",-1,"backcast","first_release",0.0734191247786793,0.0734191247786793,0.00539036788326728
"US","rgdp_growth","2018Q4",2019-02-28,2.589119,"saar_pct","gdpnow",2019-02-13,2.58500507893313,"saar_pct",-1,"backcast","first_release",-0.00411392106686659,0.00411392106686659,1.69243465444087e-05
"US","rgdp_growth","2018Q4",2019-02-28,2.589119,"saar_pct","gdpnow",2019-02-14,1.52521064755675,"saar_pct",-1,"backcast","first_release",-1.06390835244325,1.06390835244325,1.13190098239851
"US","rgdp_growth","2018Q4",2019-02-28,2.589119,"saar_pct","gdpnow",2019-02-21,1.41707264686683,"saar_pct",-1,"backcast","first_release",-1.17204635313317,1.17204635313317,1.37369265389275
"US","rgdp_growth","2018Q4",2019-02-28,2.589119,"saar_pct","gdpnow",2019-02-25,1.85553360516866,"saar_pct",-1,"backcast","first_release",-0.733585394831342,0.733585394831342,0.538147531509857
"US","rgdp_growth","2018Q4",2019-02-28,2.589119,"saar_pct","gdpnow",2019-02-26,1.79821774132374,"saar_pct",-1,"backcast","first_release",-0.790901258676262,0.790901258676262,0.625524800975696
"US","rgdp_growth","2018Q4",2019-02-28,2.589119,"saar_pct","gdpnow",2019-02-27,1.84657591361883,"saar_pct",-1,"backcast","first_release",-0.742543086381169,0.742543086381169,0.551370235132473
"US","rgdp_growth","2019Q1",2019-04-26,3.17199,"saar_pct","gdpnow",2019-03-01,0.343128764050005,"saar_pct",0,"nowcast","first_release",-2.82886123595,2.82886123595,8.00245589226054
"US","rgdp_growth","2019Q1",2019-04-26,3.17199,"saar_pct","gdpnow",2019-03-04,0.266875642390407,"saar_pct",0,"nowcast","first_release",-2.90511435760959,2.90511435760959,8.4396894307894
"US","rgdp_growth","2019Q1",2019-04-26,3.17199,"saar_pct","gdpnow",2019-03-05,0.53369312548357,"saar_pct",0,"nowcast","first_release",-2.63829687451643,2.63829687451643,6.96061039808317
"US","rgdp_growth","2019Q1",2019-04-26,3.17199,"saar_pct","gdpnow",2019-03-06,0.522053232858233,"saar_pct",0,"nowcast","first_release",-2.64993676714177,2.64993676714177,7.02216486984976
"US","rgdp_growth","2019Q1",2019-04-26,3.17199,"saar_pct","gdpnow",2019-03-08,0.476190651789477,"saar_pct",0,"nowcast","first_release",-2.69579934821052,2.69579934821052,7.26733412581228
"US","rgdp_growth","2019Q1",2019-04-26,3.17199,"saar_pct","gdpnow",2019-03-11,0.170229713431902,"saar_pct",0,"nowcast","first_release",-3.0017602865681,3.0017602865681,9.01056481801739
"US","rgdp_growth","2019Q1",2019-04-26,3.17199,"saar_pct","gdpnow",2019-03-12,0.170194308387628,"saar_pct",0,"nowcast","first_release",-3.00179569161237,3.00179569161237,9.0107773741826
"US","rgdp_growth","2019Q1",2019-04-26,3.17199,"saar_pct","gdpnow",2019-03-13,0.381756031164038,"saar_pct",0,"nowcast","first_release",-2.79023396883596,2.79023396883596,7.78540560084609
"US","rgdp_growth","2019Q1",2019-04-26,3.17199,"saar_pct","gdpnow",2019-03-14,0.368969528037133,"saar_pct",0,"nowcast","first_release",-2.80302047196287,2.80302047196287,7.85692376624293
"US","rgdp_growth","2019Q1",2019-04-26,3.17199,"saar_pct","gdpnow",2019-03-15,0.464797455394383,"saar_pct",0,"nowcast","first_release",-2.70719254460562,2.70719254460562,7.32889147356823
"US","rgdp_growth","2019Q1",2019-04-26,3.17199,"saar_pct","gdpnow",2019-03-19,0.619216208935836,"saar_pct",0,"nowcast","first_release",-2.55277379106416,2.55277379106416,6.51665402834411
"US","rgdp_growth","2019Q1",2019-04-26,3.17199,"saar_pct","gdpnow",2019-03-22,1.22568548656412,"saar_pct",0,"nowcast","first_release",-1.94630451343588,1.94630451343588,3.78810125902087
"US","rgdp_growth","2019Q1",2019-04-26,3.17199,"saar_pct","gdpnow",2019-03-25,1.2536773091725,"saar_pct",0,"nowcast","first_release",-1.9183126908275,1.9183126908275,3.67992357978986
"US","rgdp_growth","2019Q1",2019-04-26,3.17199,"saar_pct","gdpnow",2019-03-26,1.27779408331625,"saar_pct",0,"nowcast","first_release",-1.89419591668375,1.89419591668375,3.58797817078138
"US","rgdp_growth","2019Q1",2019-04-26,3.17199,"saar_pct","gdpnow",2019-03-27,1.53390276158736,"saar_pct",0,"nowcast","first_release",-1.63808723841264,1.63808723841264,2.68332980065036
"US","rgdp_growth","2019Q1",2019-04-26,3.17199,"saar_pct","gdpnow",2019-03-29,1.70700706071907,"saar_pct",0,"nowcast","first_release",-1.46498293928093,1.46498293928093,2.1461750123842
"US","rgdp_growth","2019Q1",2019-04-26,3.17199,"saar_pct","gdpnow",2019-04-01,2.12577300042986,"saar_pct",-1,"backcast","first_release",-1.04621699957014,1.04621699957014,1.09457001018954
"US","rgdp_growth","2019Q1",2019-04-26,3.17199,"saar_pct","gdpnow",2019-04-02,2.07352171211541,"saar_pct",-1,"backcast","first_release",-1.09846828788459,1.09846828788459,1.2066325794881
"US","rgdp_growth","2019Q1",2019-04-26,3.17199,"saar_pct","gdpnow",2019-04-03,2.13760574983271,"saar_pct",-1,"backcast","first_release",-1.0343842501673,1.0343842501673,1.06995077699416
"US","rgdp_growth","2019Q1",2019-04-26,3.17199,"saar_pct","gdpnow",2019-04-05,2.17752096592685,"saar_pct",-1,"backcast","first_release",-0.994469034073151,0.994469034073151,0.988968659730386
"US","rgdp_growth","2019Q1",2019-04-26,3.17199,"saar_pct","gdpnow",2019-04-08,2.273462470857,"saar_pct",-1,"backcast","first_release",-0.898527529142998,0.898527529142998,0.807351720627822
"US","rgdp_growth","2019Q1",2019-04-26,3.17199,"saar_pct","gdpnow",2019-04-10,2.18474390911452,"saar_pct",-1,"backcast","first_release",-0.987246090885483,0.987246090885483,0.974654843968667
"US","rgdp_growth","2019Q1",2019-04-26,3.17199,"saar_pct","gdpnow",2019-04-11,2.20434018957956,"saar_pct",-1,"backcast","first_release",-0.967649810420443,0.967649810420443,0.93634615560672
"US","rgdp_growth","2019Q1",2019-04-26,3.17199,"saar_pct","gdpnow",2019-04-12,2.25217236282094,"saar_pct",-1,"backcast","first_release",-0.919817637179063,0.919817637179063,0.846064485665675
"US","rgdp_growth","2019Q1",2019-04-26,3.17199,"saar_pct","gdpnow",2019-04-16,2.27035526016317,"saar_pct",-1,"backcast","first_release",-0.90163473983683,0.90163473983683,0.812945204080627
"US","rgdp_growth","2019Q1",2019-04-26,3.17199,"saar_pct","gdpnow",2019-04-17,2.42616907651378,"saar_pct",-1,"backcast","first_release",-0.745820923486216,0.745820923486216,0.556248849909832
"US","rgdp_growth","2019Q1",2019-04-26,3.17199,"saar_pct","gdpnow",2019-04-18,2.78857906068226,"saar_pct",-1,"backcast","first_release",-0.383410939317739,0.383410939317739,0.147003948388511
"US","rgdp_growth","2019Q1",2019-04-26,3.17199,"saar_pct","gdpnow",2019-04-19,2.76768291186187,"saar_pct",-1,"backcast","first_release",-0.404307088138132,0.404307088138132,0.163464221518735
"US","rgdp_growth","2019Q1",2019-04-26,3.17199,"saar_pct","gdpnow",2019-04-22,2.71863794787903,"saar_pct",-1,"backcast","first_release",-0.453352052120968,0.453352052120968,0.205528083162293
"US","rgdp_growth","2019Q1",2019-04-26,3.17199,"saar_pct","gdpnow",2019-04-23,2.66945682698141,"saar_pct",-1,"backcast","first_release",-0.502533173018591,0.502533173018591,0.252539589984133
"US","rgdp_growth","2019Q1",2019-04-26,3.17199,"saar_pct","gdpnow",2019-04-25,2.67108825027376,"saar_pct",-1,"backcast","first_release",-0.500901749726244,0.500901749726244,0.250902562878812
"US","rgdp_growth","2019Q2",2019-07-26,2.055871,"saar_pct","gdpnow",2019-04-29,1.25151794940379,"saar_pct",0,"nowcast","first_release",-0.804353050596209,0.804353050596209,0.646983830003427
"US","rgdp_growth","2019Q2",2019-07-26,2.055871,"saar_pct","gdpnow",2019-05-01,1.21693355151364,"saar_pct",0,"nowcast","first_release",-0.838937448486356,0.838937448486356,0.703816042472797
"US","rgdp_growth","2019Q2",2019-07-26,2.055871,"saar_pct","gdpnow",2019-05-02,0.914148588248098,"saar_pct",0,"nowcast","first_release",-1.1417224117519,1.1417224117519,1.30353006549658
"US","rgdp_growth","2019Q2",2019-07-26,2.055871,"saar_pct","gdpnow",2019-05-03,1.66762986049585,"saar_pct",0,"nowcast","first_release",-0.388241139504155,0.388241139504155,0.150731182403485
"US","rgdp_growth","2019Q2",2019-07-26,2.055871,"saar_pct","gdpnow",2019-05-09,1.57473270895616,"saar_pct",0,"nowcast","first_release",-0.481138291043838,0.481138291043838,0.231494055108585
"US","rgdp_growth","2019Q2",2019-07-26,2.055871,"saar_pct","gdpnow",2019-05-10,1.55982128818311,"saar_pct",0,"nowcast","first_release",-0.496049711816895,0.496049711816895,0.246065316593624
"US","rgdp_growth","2019Q2",2019-07-26,2.055871,"saar_pct","gdpnow",2019-05-14,1.5596877694976,"saar_pct",0,"nowcast","first_release",-0.496183230502402,0.496183230502402,0.2461977982318
"US","rgdp_growth","2019Q2",2019-07-26,2.055871,"saar_pct","gdpnow",2019-05-15,1.08736013590496,"saar_pct",0,"nowcast","first_release",-0.968510864095042,0.968510864095042,0.938013293870125
"US","rgdp_growth","2019Q2",2019-07-26,2.055871,"saar_pct","gdpnow",2019-05-16,1.16465957591507,"saar_pct",0,"nowcast","first_release",-0.891211424084927,0.891211424084927,0.794257802419484
"US","rgdp_growth","2019Q2",2019-07-26,2.055871,"saar_pct","gdpnow",2019-05-21,1.18260785523816,"saar_pct",0,"nowcast","first_release",-0.87326314476184,0.87326314476184,0.762588519999338
"US","rgdp_growth","2019Q2",2019-07-26,2.055871,"saar_pct","gdpnow",2019-05-23,1.27845262117305,"saar_pct",0,"nowcast","first_release",-0.777418378826946,0.777418378826946,0.604379335737917
"US","rgdp_growth","2019Q2",2019-07-26,2.055871,"saar_pct","gdpnow",2019-05-24,1.26106795227841,"saar_pct",0,"nowcast","first_release",-0.794803047721595,0.794803047721595,0.631711884667535
"US","rgdp_growth","2019Q2",2019-07-26,2.055871,"saar_pct","gdpnow",2019-05-30,1.1737429182058,"saar_pct",0,"nowcast","first_release",-0.8821280817942,0.8821280817942,0.778149952689914
"US","rgdp_growth","2019Q2",2019-07-26,2.055871,"saar_pct","gdpnow",2019-05-31,1.16525678716588,"saar_pct",0,"nowcast","first_release",-0.890614212834119,0.890614212834119,0.793193676102138
"US","rgdp_growth","2019Q2",2019-07-26,2.055871,"saar_pct","gdpnow",2019-06-03,1.25617578083288,"saar_pct",0,"nowcast","first_release",-0.79969521916712,0.79969521916712,0.639512443558748
"US","rgdp_growth","2019Q2",2019-07-26,2.055871,"saar_pct","gdpnow",2019-06-04,1.44212329035673,"saar_pct",0,"nowcast","first_release",-0.613747709643266,0.613747709643266,0.376686251092355
"US","rgdp_growth","2019Q2",2019-07-26,2.055871,"saar_pct","gdpnow",2019-06-05,1.49811714422696,"saar_pct",0,"nowcast","first_release",-0.557753855773037,0.557753855773037,0.31108936362969
"US","rgdp_growth","2019Q2",2019-07-26,2.055871,"saar_pct","gdpnow",2019-06-06,1.47398913154135,"saar_pct",0,"nowcast","first_release",-0.581881868458646,0.581881868458646,0.338586508840926
"US","rgdp_growth","2019Q2",2019-07-26,2.055871,"saar_pct","gdpnow",2019-06-07,1.38723922331641,"saar_pct",0,"nowcast","first_release",-0.668631776683594,0.668631776683594,0.44706845279106
"US","rgdp_growth","2019Q2",2019-07-26,2.055871,"saar_pct","gdpnow",2019-06-11,1.40312316375091,"saar_pct",0,"nowcast","first_release",-0.652747836249092,0.652747836249092,0.426079737727871
"US","rgdp_growth","2019Q2",2019-07-26,2.055871,"saar_pct","gdpnow",2019-06-12,1.47378565902241,"saar_pct",0,"nowcast","first_release",-0.582085340977591,0.582085340977591,0.338823344180999
"US","rgdp_growth","2019Q2",2019-07-26,2.055871,"saar_pct","gdpnow",2019-06-13,1.45481245705161,"saar_pct",0,"nowcast","first_release",-0.601058542948387,0.601058542948387,0.361271372051238
"US","rgdp_growth","2019Q2",2019-07-26,2.055871,"saar_pct","gdpnow",2019-06-14,2.05152752556492,"saar_pct",0,"nowcast","first_release",-0.00434347443507743,0.00434347443507743,1.88657701681712e-05
"US","rgdp_growth","2019Q2",2019-07-26,2.055871,"saar_pct","gdpnow",2019-06-18,2.04782320777026,"saar_pct",0,"nowcast","first_release",-0.00804779222973906,0.00804779222973906,6.47669597730484e-05
"US","rgdp_growth","2019Q2",2019-07-26,2.055871,"saar_pct","gdpnow",2019-06-21,2.08493754758963,"saar_pct",0,"nowcast","first_release",0.0290665475896272,0.0290665475896272,0.000844864188780065
"US","rgdp_growth","2019Q2",2019-07-26,2.055871,"saar_pct","gdpnow",2019-06-25,2.02729171748324,"saar_pct",0,"nowcast","first_release",-0.0285792825167626,0.0285792825167626,0.00081677538917293
"US","rgdp_growth","2019Q2",2019-07-26,2.055871,"saar_pct","gdpnow",2019-06-26,1.88179442418808,"saar_pct",0,"nowcast","first_release",-0.174076575811923,0.174076575811923,0.0303026542464042
"US","rgdp_growth","2019Q2",2019-07-26,2.055871,"saar_pct","gdpnow",2019-06-28,1.49568380783063,"saar_pct",0,"nowcast","first_release",-0.560187192169372,0.560187192169372,0.313809690270605
"US","rgdp_growth","2019Q2",2019-07-26,2.055871,"saar_pct","gdpnow",2019-07-01,1.47022061058901,"saar_pct",-1,"backcast","first_release",-0.585650389410987,0.585650389410987,0.342986378617241
"US","rgdp_growth","2019Q2",2019-07-26,2.055871,"saar_pct","gdpnow",2019-07-03,1.30875053782031,"saar_pct",-1,"backcast","first_release",-0.747120462179686,0.747120462179686,0.558188985007588
"US","rgdp_growth","2019Q2",2019-07-26,2.055871,"saar_pct","gdpnow",2019-07-05,1.41351511007755,"saar_pct",-1,"backcast","first_release",-0.642355889922454,0.642355889922454,0.412621089318068
"US","rgdp_growth","2019Q2",2019-07-26,2.055871,"saar_pct","gdpnow",2019-07-10,1.39762734929694,"saar_pct",-1,"backcast","first_release",-0.658243650703063,0.658243650703063,0.433284703690896
"US","rgdp_growth","2019Q2",2019-07-26,2.055871,"saar_pct","gdpnow",2019-07-11,1.22970702898277,"saar_pct",-1,"backcast","first_release",-0.826163971017226,0.826163971017226,0.682546907006952
"US","rgdp_growth","2019Q2",2019-07-26,2.055871,"saar_pct","gdpnow",2019-07-12,1.27621642749332,"saar_pct",-1,"backcast","first_release",-0.779654572506685,0.779654572506685,0.607861252430581
"US","rgdp_growth","2019Q2",2019-07-26,2.055871,"saar_pct","gdpnow",2019-07-16,1.60270581663826,"saar_pct",-1,"backcast","first_release",-0.453165183361738,0.453165183361738,0.205358683411278
"US","rgdp_growth","2019Q2",2019-07-26,2.055871,"saar_pct","gdpnow",2019-07-17,1.60503814620818,"saar_pct",-1,"backcast","first_release",-0.450832853791818,0.450832853791818,0.203250262058075
"US","rgdp_growth","2019Q2",2019-07-26,2.055871,"saar_pct","gdpnow",2019-07-23,1.58974363887796,"saar_pct",-1,"backcast","first_release",-0.466127361122039,0.466127361122039,0.217274716786596
"US","rgdp_growth","2019Q2",2019-07-26,2.055871,"saar_pct","gdpnow",2019-07-24,1.56621818743088,"saar_pct",-1,"backcast","first_release",-0.489652812569121,0.489652812569121,0.239759876856851
"US","rgdp_growth","2019Q2",2019-07-26,2.055871,"saar_pct","gdpnow",2019-07-25,1.33344120041059,"saar_pct",-1,"backcast","first_release",-0.72242979958941,0.72242979958941,0.521904815334795
"US","rgdp_growth","2019Q3",2019-10-30,1.918827,"saar_pct","gdpnow",2019-07-30,1.96363960901444,"saar_pct",0,"nowcast","first_release",0.0448126090144447,0.0448126090144447,0.00200816992668149
"US","rgdp_growth","2019Q3",2019-10-30,1.918827,"saar_pct","gdpnow",2019-08-01,2.22451979013085,"saar_pct",0,"nowcast","first_release",0.305692790130852,0.305692790130852,0.0934480819379852
"US","rgdp_growth","2019Q3",2019-10-30,1.918827,"saar_pct","gdpnow",2019-08-02,1.93942896601977,"saar_pct",0,"nowcast","first_release",0.0206019660197738,0.0206019660197738,0.000424441003879915
"US","rgdp_growth","2019Q3",2019-10-30,1.918827,"saar_pct","gdpnow",2019-08-05,1.87931696507446,"saar_pct",0,"nowcast","first_release",-0.0395100349255377,0.0395100349255377,0.00156104285981721
"US","rgdp_growth","2019Q3",2019-10-30,1.918827,"saar_pct","gdpnow",2019-08-08,1.94457857342492,"saar_pct",0,"nowcast","first_release",0.0257515734249154,0.0257515734249154,0.00066314353385881
"US","rgdp_growth","2019Q3",2019-10-30,1.918827,"saar_pct","gdpnow",2019-08-09,1.93855489510073,"saar_pct",0,"nowcast","first_release",0.0197278951007303,0.0197278951007303,0.000389189845105417
"US","rgdp_growth","2019Q3",2019-10-30,1.918827,"saar_pct","gdpnow",2019-08-12,1.84739447693905,"saar_pct",0,"nowcast","first_release",-0.071432523060954,0.071432523060954,0.00510260535085373
"US","rgdp_growth","2019Q3",2019-10-30,1.918827,"saar_pct","gdpnow",2019-08-13,1.8462841787968,"saar_pct",0,"nowcast","first_release",-0.0725428212032024,0.0725428212032024,0.0052624609081198
"US","rgdp_growth","2019Q3",2019-10-30,1.918827,"saar_pct","gdpnow",2019-08-14,1.8427078955956,"saar_pct",0,"nowcast","first_release",-0.0761191044044034,0.0761191044044034,0.00579411805532846
"US","rgdp_growth","2019Q3",2019-10-30,1.918827,"saar_pct","gdpnow",2019-08-15,2.15895289314005,"saar_pct",0,"nowcast","first_release",0.240125893140054,0.240125893140054,0.0576604445563084
"US","rgdp_growth","2019Q3",2019-10-30,1.918827,"saar_pct","gdpnow",2019-08-16,2.22803148064292,"saar_pct",0,"nowcast","first_release",0.309204480642922,0.309204480642922,0.0956074108496594
"US","rgdp_growth","2019Q3",2019-10-30,1.918827,"saar_pct","gdpnow",2019-08-21,2.3116221380624,"saar_pct",0,"nowcast","first_release",0.392795138062397,0.392795138062397,0.154288020485457
"US","rgdp_growth","2019Q3",2019-10-30,1.918827,"saar_pct","gdpnow",2019-08-23,2.26939548115939,"saar_pct",0,"nowcast","first_release",0.350568481159386,0.350568481159386,0.122898259982399
"US","rgdp_growth","2019Q3",2019-10-30,1.918827,"saar_pct","gdpnow",2019-08-26,2.26483071444346,"saar_pct",0,"nowcast","first_release",0.346003714443455,0.346003714443455,0.119718570408668
"US","rgdp_growth","2019Q3",2019-10-30,1.918827,"saar_pct","gdpnow",2019-08-30,2.04211243872665,"saar_pct",0,"nowcast","first_release",0.123285438726651,0.123285438726651,0.0151992994020228
"US","rgdp_growth","2019Q3",2019-10-30,1.918827,"saar_pct","gdpnow",2019-09-03,1.68188508659322,"saar_pct",0,"nowcast","first_release",-0.236941913406784,0.236941913406784,0.0561414703288682
"US","rgdp_growth","2019Q3",2019-10-30,1.918827,"saar_pct","gdpnow",2019-09-04,1.46653721459233,"saar_pct",0,"nowcast","first_release",-0.452289785407666,0.452289785407666,0.204566049984113
"US","rgdp_growth","2019Q3",2019-10-30,1.918827,"saar_pct","gdpnow",2019-09-05,1.68455199953528,"saar_pct",0,"nowcast","first_release",-0.234275000464722,0.234275000464722,0.0548847758427457
"US","rgdp_growth","2019Q3",2019-10-30,1.918827,"saar_pct","gdpnow",2019-09-06,1.83347876262598,"saar_pct",0,"nowcast","first_release",-0.085348237374016,0.085348237374016,0.00728432162285138
"US","rgdp_growth","2019Q3",2019-10-30,1.918827,"saar_pct","gdpnow",2019-09-11,1.87702369096303,"saar_pct",0,"nowcast","first_release",-0.0418033090369689,0.0418033090369689,0.00174751664644033
"US","rgdp_growth","2019Q3",2019-10-30,1.918827,"saar_pct","gdpnow",2019-09-12,1.82727035673378,"saar_pct",0,"nowcast","first_release",-0.0915566432662211,0.0915566432662211,0.00838261892617808
"US","rgdp_growth","2019Q3",2019-10-30,1.918827,"saar_pct","gdpnow",2019-09-13,1.80459977425429,"saar_pct",0,"nowcast","first_release",-0.11422722574571,0.11422722574571,0.0130478591015615
"US","rgdp_growth","2019Q3",2019-10-30,1.918827,"saar_pct","gdpnow",2019-09-17,1.86681621538032,"saar_pct",0,"nowcast","first_release",-0.052010784619682,0.052010784619682,0.00270512171675495
"US","rgdp_growth","2019Q3",2019-10-30,1.918827,"saar_pct","gdpnow",2019-09-18,1.93547779681187,"saar_pct",0,"nowcast","first_release",0.0166507968118685,0.0166507968118685,0.000277249034470132
"US","rgdp_growth","2019Q3",2019-10-30,1.918827,"saar_pct","gdpnow",2019-09-19,1.9313591585749,"saar_pct",0,"nowcast","first_release",0.0125321585748968,0.0125321585748968,0.000157054998546358
"US","rgdp_growth","2019Q3",2019-10-30,1.918827,"saar_pct","gdpnow",2019-09-25,2.00460119814392,"saar_pct",0,"nowcast","first_release",0.0857741981439182,0.0857741981439182,0.00735721306723214
"US","rgdp_growth","2019Q3",2019-10-30,1.918827,"saar_pct","gdpnow",2019-09-27,2.10762266131697,"saar_pct",0,"nowcast","first_release",0.188795661316966,0.188795661316966,0.0356438017321104
"US","rgdp_growth","2019Q3",2019-10-30,1.918827,"saar_pct","gdpnow",2019-10-01,1.7788702054965,"saar_pct",-1,"backcast","first_release",-0.139956794503503,0.139956794503503,0.0195879043276959
"US","rgdp_growth","2019Q3",2019-10-30,1.918827,"saar_pct","gdpnow",2019-10-02,1.83889917375633,"saar_pct",-1,"backcast","first_release",-0.0799278262436747,0.0799278262436747,0.00638845740803905
"US","rgdp_growth","2019Q3",2019-10-30,1.918827,"saar_pct","gdpnow",2019-10-03,1.7515983637882,"saar_pct",-1,"backcast","first_release",-0.167228636211802,0.167228636211802,0.0279654167692592
"US","rgdp_growth","2019Q3",2019-10-30,1.918827,"saar_pct","gdpnow",2019-10-04,1.76182632751238,"saar_pct",-1,"backcast","first_release",-0.157000672487617,0.157000672487617,0.0246492111615638
"US","rgdp_growth","2019Q3",2019-10-30,1.918827,"saar_pct","gdpnow",2019-10-08,1.82914761758437,"saar_pct",-1,"backcast","first_release",-0.0896793824156299,0.0896793824156299,0.00804239163044879
"US","rgdp_growth","2019Q3",2019-10-30,1.918827,"saar_pct","gdpnow",2019-10-09,1.72427528195955,"saar_pct",-1,"backcast","first_release",-0.194551718040447,0.194551718040447,0.0378503709924896
"US","rgdp_growth","2019Q3",2019-10-30,1.918827,"saar_pct","gdpnow",2019-10-10,1.72374458149931,"saar_pct",-1,"backcast","first_release",-0.195082418500691,0.195082418500691,0.0380571500080787
"US","rgdp_growth","2019Q3",2019-10-30,1.918827,"saar_pct","gdpnow",2019-10-11,1.75366140092439,"saar_pct",-1,"backcast","first_release",-0.165165599075611,0.165165599075611,0.0272796751180055
"US","rgdp_growth","2019Q3",2019-10-30,1.918827,"saar_pct","gdpnow",2019-10-16,1.7656985799928,"saar_pct",-1,"backcast","first_release",-0.153128420007197,0.153128420007197,0.0234483130139007
"US","rgdp_growth","2019Q3",2019-10-30,1.918827,"saar_pct","gdpnow",2019-10-17,1.8057655516698,"saar_pct",-1,"backcast","first_release",-0.113061448330198,0.113061448330198,0.012782891098522
"US","rgdp_growth","2019Q3",2019-10-30,1.918827,"saar_pct","gdpnow",2019-10-22,1.79532184522397,"saar_pct",-1,"backcast","first_release",-0.123505154776026,0.123505154776026,0.0152535232562502
"US","rgdp_growth","2019Q3",2019-10-30,1.918827,"saar_pct","gdpnow",2019-10-24,1.76179535784624,"saar_pct",-1,"backcast","first_release",-0.157031642153759,0.157031642153759,0.0246589366375063
"US","rgdp_growth","2019Q3",2019-10-30,1.918827,"saar_pct","gdpnow",2019-10-25,1.76214096369487,"saar_pct",-1,"backcast","first_release",-0.156686036305131,0.156686036305131,0.0245505139730128
"US","rgdp_growth","2019Q3",2019-10-30,1.918827,"saar_pct","gdpnow",2019-10-28,1.67515464685206,"saar_pct",-1,"backcast","first_release",-0.243672353147938,0.243672353147938,0.0593762156886536
"US","rgdp_growth","2019Q4",2020-01-30,2.080777,"saar_pct","gdpnow",2019-10-31,1.46221426090105,"saar_pct",0,"nowcast","first_release",-0.618562739098949,0.618562739098949,0.382619862201594
"US","rgdp_growth","2019Q4",2020-01-30,2.080777,"saar_pct","gdpnow",2019-11-01,1.07073147131662,"saar_pct",0,"nowcast","first_release",-1.01004552868338,1.01004552868338,1.02019197001329
"US","rgdp_growth","2019Q4",2020-01-30,2.080777,"saar_pct","gdpnow",2019-11-04,0.916726221059805,"saar_pct",0,"nowcast","first_release",-1.1640507789402,1.1640507789402,1.35501421595127
"US","rgdp_growth","2019Q4",2020-01-30,2.080777,"saar_pct","gdpnow",2019-11-05,0.950115328534973,"saar_pct",0,"nowcast","first_release",-1.13066167146503,1.13066167146503,1.27839581532009
"US","rgdp_growth","2019Q4",2020-01-30,2.080777,"saar_pct","gdpnow",2019-11-08,1.01310162098731,"saar_pct",0,"nowcast","first_release",-1.06767537901269,1.06767537901269,1.13993071494989
"US","rgdp_growth","2019Q4",2020-01-30,2.080777,"saar_pct","gdpnow",2019-11-13,0.956547642545358,"saar_pct",0,"nowcast","first_release",-1.12422935745464,1.12422935745464,1.26389164816288
"US","rgdp_growth","2019Q4",2020-01-30,2.080777,"saar_pct","gdpnow",2019-11-14,0.957946189657566,"saar_pct",0,"nowcast","first_release",-1.12283081034243,1.12283081034243,1.26074902865425
"US","rgdp_growth","2019Q4",2020-01-30,2.080777,"saar_pct","gdpnow",2019-11-15,0.313247700717212,"saar_pct",0,"nowcast","first_release",-1.76752929928279,1.76752929928279,3.1241598238231
"US","rgdp_growth","2019Q4",2020-01-30,2.080777,"saar_pct","gdpnow",2019-11-19,0.422574993719604,"saar_pct",0,"nowcast","first_release",-1.6582020062804,1.6582020062804,2.74963389363233
"US","rgdp_growth","2019Q4",2020-01-30,2.080777,"saar_pct","gdpnow",2019-11-21,0.569143547675766,"saar_pct",0,"nowcast","first_release",-1.51163345232423,1.51163345232423,2.28503569418568
"US","rgdp_growth","2019Q4",2020-01-30,2.080777,"saar_pct","gdpnow",2019-11-26,1.39714522990044,"saar_pct",0,"nowcast","first_release",-0.683631770099557,0.683631770099557,0.467352397089454
"US","rgdp_growth","2019Q4",2020-01-30,2.080777,"saar_pct","gdpnow",2019-11-27,1.65589454134734,"saar_pct",0,"nowcast","first_release",-0.424882458652664,0.424882458652664,0.180525103670733
"US","rgdp_growth","2019Q4",2020-01-30,2.080777,"saar_pct","gdpnow",2019-12-02,1.34101582447259,"saar_pct",0,"nowcast","first_release",-0.739761175527409,0.739761175527409,0.547246596817694
"US","rgdp_growth","2019Q4",2020-01-30,2.080777,"saar_pct","gdpnow",2019-12-04,1.54783769264959,"saar_pct",0,"nowcast","first_release",-0.53293930735041,0.53293930735041,0.284024305319135
"US","rgdp_growth","2019Q4",2020-01-30,2.080777,"saar_pct","gdpnow",2019-12-05,1.48434694634298,"saar_pct",0,"nowcast","first_release",-0.596430053657015,0.596430053657015,0.35572880890531
"US","rgdp_growth","2019Q4",2020-01-30,2.080777,"saar_pct","gdpnow",2019-12-06,1.96439755098361,"saar_pct",0,"nowcast","first_release",-0.11637944901639,0.11637944901639,0.0135441761533585
"US","rgdp_growth","2019Q4",2020-01-30,2.080777,"saar_pct","gdpnow",2019-12-11,2.06509780955715,"saar_pct",0,"nowcast","first_release",-0.0156791904428517,0.0156791904428517,0.000245837012943212
"US","rgdp_growth","2019Q4",2020-01-30,2.080777,"saar_pct","gdpnow",2019-12-12,2.06346118225176,"saar_pct",0,"nowcast","first_release",-0.017315817748242,0.017315817748242,0.000299837544290332
"US","rgdp_growth","2019Q4",2020-01-30,2.080777,"saar_pct","gdpnow",2019-12-13,1.95018401197578,"saar_pct",0,"nowcast","first_release",-0.130592988024225,0.130592988024225,0.0170545285210953
"US","rgdp_growth","2019Q4",2020-01-30,2.080777,"saar_pct","gdpnow",2019-12-17,2.34100095178547,"saar_pct",0,"nowcast","first_release",0.260223951785466,0.260223951785466,0.0677165050828445
"US","rgdp_growth","2019Q4",2020-01-30,2.080777,"saar_pct","gdpnow",2019-12-19,2.26108272020988,"saar_pct",0,"nowcast","first_release",0.180305720209884,0.180305720209884,0.0325101527404049
"US","rgdp_growth","2019Q4",2020-01-30,2.080777,"saar_pct","gdpnow",2019-12-20,2.14312584636429,"saar_pct",0,"nowcast","first_release",0.0623488463642912,0.0623488463642912,0.00388737864295798
"US","rgdp_growth","2019Q4",2020-01-30,2.080777,"saar_pct","gdpnow",2019-12-23,2.27862177339269,"saar_pct",0,"nowcast","first_release",0.197844773392686,0.197844773392686,0.0391425543588034
"US","rgdp_growth","2019Q4",2020-01-30,2.080777,"saar_pct","gdpnow",2019-12-30,2.42782522520528,"saar_pct",0,"nowcast","first_release",0.347048225205282,0.347048225205282,0.120442470618136
"US","rgdp_growth","2019Q4",2020-01-30,2.080777,"saar_pct","gdpnow",2020-01-03,2.33030732875643,"saar_pct",-1,"backcast","first_release",0.249530328756431,0.249530328756431,0.0622653849692928
"US","rgdp_growth","2019Q4",2020-01-30,2.080777,"saar_pct","gdpnow",2020-01-06,2.25635649758456,"saar_pct",-1,"backcast","first_release",0.175579497584555,0.175579497584555,0.0308281599720448
"US","rgdp_growth","2019Q4",2020-01-30,2.080777,"saar_pct","gdpnow",2020-01-07,2.33219819254884,"saar_pct",-1,"backcast","first_release",0.25142119254884,0.25142119254884,0.0632126160626809
"US","rgdp_growth","2019Q4",2020-01-30,2.080777,"saar_pct","gdpnow",2020-01-10,2.27217474523853,"saar_pct",-1,"backcast","first_release",0.191397745238531,0.191397745238531,0.0366330968823937
"US","rgdp_growth","2019Q4",2020-01-30,2.080777,"saar_pct","gdpnow",2020-01-13,2.3340681002908,"saar_pct",-1,"backcast","first_release",0.253291100290798,0.253291100290798,0.0641563814865232
"US","rgdp_growth","2019Q4",2020-01-30,2.080777,"saar_pct","gdpnow",2020-01-14,2.33585837994015,"saar_pct",-1,"backcast","first_release",0.255081379940148,0.255081379940148,0.0650665103921701
"US","rgdp_growth","2019Q4",2020-01-30,2.080777,"saar_pct","gdpnow",2020-01-15,2.33543273371244,"saar_pct",-1,"backcast","first_release",0.254655733712439,0.254655733712439,0.0648495427126208
"US","rgdp_growth","2019Q4",2020-01-30,2.080777,"saar_pct","gdpnow",2020-01-16,1.83532328891549,"saar_pct",-1,"backcast","first_release",-0.245453711084509,0.245453711084509,0.0602475242851574
"US","rgdp_growth","2019Q4",2020-01-30,2.080777,"saar_pct","gdpnow",2020-01-17,1.78897020637532,"saar_pct",-1,"backcast","first_release",-0.291806793624682,0.291806793624682,0.0851512048055179
"US","rgdp_growth","2019Q4",2020-01-30,2.080777,"saar_pct","gdpnow",2020-01-22,1.82042057199183,"saar_pct",-1,"backcast","first_release",-0.260356428008168,0.260356428008168,0.0677854696051723
"US","rgdp_growth","2019Q4",2020-01-30,2.080777,"saar_pct","gdpnow",2020-01-27,1.78411216304526,"saar_pct",-1,"backcast","first_release",-0.29666483695474,0.29666483695474,0.0880100254853827
"US","rgdp_growth","2019Q4",2020-01-30,2.080777,"saar_pct","gdpnow",2020-01-28,1.85205645999988,"saar_pct",-1,"backcast","first_release",-0.228720540000115,0.228720540000115,0.0523130854179444
"US","rgdp_growth","2019Q4",2020-01-30,2.080777,"saar_pct","gdpnow",2020-01-29,1.73935242325471,"saar_pct",-1,"backcast","first_release",-0.341424576745286,0.341424576745286,0.116570741605697
"US","rgdp_growth","2020Q1",2020-04-29,-4.783229,"saar_pct","gdpnow",2020-01-31,2.73925309758951,"saar_pct",0,"nowcast","first_release",7.52248209758951,7.52248209758951,56.5877369085547
"US","rgdp_growth","2020Q1",2020-04-29,-4.783229,"saar_pct","gdpnow",2020-02-03,2.89054143126257,"saar_pct",0,"nowcast","first_release",7.67377043126257,7.67377043126257,58.8867526317198
"US","rgdp_growth","2020Q1",2020-04-29,-4.783229,"saar_pct","gdpnow",2020-02-04,2.88472696228961,"saar_pct",0,"nowcast","first_release",7.66795596228961,7.66795596228961,58.7975486396127
"US","rgdp_growth","2020Q1",2020-04-29,-4.783229,"saar_pct","gdpnow",2020-02-05,2.89865827490448,"saar_pct",0,"nowcast","first_release",7.68188727490448,7.68188727490448,59.0113921043393
"US","rgdp_growth","2020Q1",2020-04-29,-4.783229,"saar_pct","gdpnow",2020-02-07,2.67467976204752,"saar_pct",0,"nowcast","first_release",7.45790876204752,7.45790876204752,55.6204031030251
"US","rgdp_growth","2020Q1",2020-04-29,-4.783229,"saar_pct","gdpnow",2020-02-12,2.72227174614852,"saar_pct",0,"nowcast","first_release",7.50550074614852,7.50550074614852,56.332541450436
"US","rgdp_growth","2020Q1",2020-04-29,-4.783229,"saar_pct","gdpnow",2020-02-13,2.72544701904731,"saar_pct",0,"nowcast","first_release",7.50867601904731,7.50867601904731,56.3802155590162
"US","rgdp_growth","2020Q1",2020-04-29,-4.783229,"saar_pct","gdpnow",2020-02-14,2.35375849431956,"saar_pct",0,"nowcast","first_release",7.13698749431956,7.13698749431956,50.9365904940738
"US","rgdp_growth","2020Q1",2020-04-29,-4.783229,"saar_pct","gdpnow",2020-02-19,2.56977278059642,"saar_pct",0,"nowcast","first_release",7.35300178059642,7.35300178059642,54.0666351854542
"US","rgdp_growth","2020Q1",2020-04-29,-4.783229,"saar_pct","gdpnow",2020-02-21,2.53350254628082,"saar_pct",0,"nowcast","first_release",7.31673154628082,7.31673154628082,53.5345605203409
"US","rgdp_growth","2020Q1",2020-04-29,-4.783229,"saar_pct","gdpnow",2020-02-26,2.77829234732161,"saar_pct",0,"nowcast","first_release",7.56152134732161,7.56152134732161,57.1766050860004
"US","rgdp_growth","2020Q1",2020-04-29,-4.783229,"saar_pct","gdpnow",2020-02-27,2.70847067818198,"saar_pct",0,"nowcast","first_release",7.49169967818198,7.49169967818198,56.1255640680721
"US","rgdp_growth","2020Q1",2020-04-29,-4.783229,"saar_pct","gdpnow",2020-02-28,2.59121539607667,"saar_pct",0,"nowcast","first_release",7.37444439607667,7.37444439607667,54.3824301508267
"US","rgdp_growth","2020Q1",2020-04-29,-4.783229,"saar_pct","gdpnow",2020-03-02,2.66557088429,"saar_pct",0,"nowcast","first_release",7.44879988429,7.44879988429,55.4846197161988
"US","rgdp_growth","2020Q1",2020-04-29,-4.783229,"saar_pct","gdpnow",2020-03-04,2.77755975618608,"saar_pct",0,"nowcast","first_release",7.56078875618608,7.56078875618608,57.1655266156698
"US","rgdp_growth","2020Q1",2020-04-29,-4.783229,"saar_pct","gdpnow",2020-03-05,2.68572899202502,"saar_pct",0,"nowcast","first_release",7.46895799202502,7.46895799202502,55.7853334866344
"US","rgdp_growth","2020Q1",2020-04-29,-4.783229,"saar_pct","gdpnow",2020-03-06,3.05093621472539,"saar_pct",0,"nowcast","first_release",7.83416521472539,7.83416521472539,61.3741446116133
"US","rgdp_growth","2020Q1",2020-04-29,-4.783229,"saar_pct","gdpnow",2020-03-11,3.05914615563081,"saar_pct",0,"nowcast","first_release",7.84237515563081,7.84237515563081,61.5028480816554
"US","rgdp_growth","2020Q1",2020-04-29,-4.783229,"saar_pct","gdpnow",2020-03-12,3.10153964882323,"saar_pct",0,"nowcast","first_release",7.88476864882323,7.88476864882323,62.1695766454656
"US","rgdp_growth","2020Q1",2020-04-29,-4.783229,"saar_pct","gdpnow",2020-03-13,3.08542257555291,"saar_pct",0,"nowcast","first_release",7.86865157555291,7.86865157555291,61.9156776174513
"US","rgdp_growth","2020Q1",2020-04-29,-4.783229,"saar_pct","gdpnow",2020-03-17,2.93495806920001,"saar_pct",0,"nowcast","first_release",7.71818706920001,7.71818706920001,59.5704116351663
"US","rgdp_growth","2020Q1",2020-04-29,-4.783229,"saar_pct","gdpnow",2020-03-18,3.13326161860408,"saar_pct",0,"nowcast","first_release",7.91649061860408,7.91649061860408,62.6708237144464
"US","rgdp_growth","2020Q1",2020-04-29,-4.783229,"saar_pct","gdpnow",2020-03-20,3.25146762630626,"saar_pct",0,"nowcast","first_release",8.03469662630626,8.03469662630626,64.5563498767772
"US","rgdp_growth","2020Q1",2020-04-29,-4.783229,"saar_pct","gdpnow",2020-03-24,3.17019138793426,"saar_pct",0,"nowcast","first_release",7.95342038793426,7.95342038793426,63.2568958672084
"US","rgdp_growth","2020Q1",2020-04-29,-4.783229,"saar_pct","gdpnow",2020-03-25,3.12787730346271,"saar_pct",0,"nowcast","first_release",7.91110630346271,7.91110630346271,62.5856029446875
"US","rgdp_growth","2020Q1",2020-04-29,-4.783229,"saar_pct","gdpnow",2020-03-27,2.68002657899973,"saar_pct",0,"nowcast","first_release",7.46325557899973,7.46325557899973,55.7001838374706
"US","rgdp_growth","2020Q1",2020-04-29,-4.783229,"saar_pct","gdpnow",2020-04-01,2.15192030004667,"saar_pct",-1,"backcast","first_release",6.93514930004667,6.93514930004667,48.0962958139379
"US","rgdp_growth","2020Q1",2020-04-29,-4.783229,"saar_pct","gdpnow",2020-04-02,1.25255657241683,"saar_pct",-1,"backcast","first_release",6.03578557241683,6.03578557241683,36.4307074761952
"US","rgdp_growth","2020Q1",2020-04-29,-4.783229,"saar_pct","gdpnow",2020-04-03,0.981647110246064,"saar_pct",-1,"backcast","first_release",5.76487611024606,5.76487611024606,33.2337965664858
"US","rgdp_growth","2020Q1",2020-04-29,-4.783229,"saar_pct","gdpnow",2020-04-09,0.961951288141072,"saar_pct",-1,"backcast","first_release",5.74518028814107,5.74518028814107,33.0070965432447
"US","rgdp_growth","2020Q1",2020-04-29,-4.783229,"saar_pct","gdpnow",2020-04-10,0.996912743221512,"saar_pct",-1,"backcast","first_release",5.78014174322151,5.78014174322151,33.4100385717318
"US","rgdp_growth","2020Q1",2020-04-29,-4.783229,"saar_pct","gdpnow",2020-04-14,0.98251353704748,"saar_pct",-1,"backcast","first_release",5.76574253704748,5.76574253704748,33.2437870035187
"US","rgdp_growth","2020Q1",2020-04-29,-4.783229,"saar_pct","gdpnow",2020-04-15,-0.317750438270104,"saar_pct",-1,"backcast","first_release",4.4654785617299,4.4654785617299,19.9404987852693
"US","rgdp_growth","2020Q1",2020-04-29,-4.783229,"saar_pct","gdpnow",2020-04-16,-0.263979702787376,"saar_pct",-1,"backcast","first_release",4.51924929721262,4.51924929721262,20.4236142103568
"US","rgdp_growth","2020Q1",2020-04-29,-4.783229,"saar_pct","gdpnow",2020-04-21,-0.269438034778668,"saar_pct",-1,"backcast","first_release",4.51379096522133,4.51379096522133,20.3743088777137
"US","rgdp_growth","2020Q1",2020-04-29,-4.783229,"saar_pct","gdpnow",2020-04-23,-0.331362831587712,"saar_pct",-1,"backcast","first_release",4.45186616841229,4.45186616841229,19.8191123814539
"US","rgdp_growth","2020Q1",2020-04-29,-4.783229,"saar_pct","gdpnow",2020-04-24,-0.252728585653883,"saar_pct",-1,"backcast","first_release",4.53050041434612,4.53050041434612,20.5254340043903
"US","rgdp_growth","2020Q1",2020-04-29,-4.783229,"saar_pct","gdpnow",2020-04-28,-0.969055415961984,"saar_pct",-1,"backcast","first_release",3.81417358403802,3.81417358403802,14.5479201291734
"US","rgdp_growth","2020Q2",2020-07-30,-32.903802,"saar_pct","gdpnow",2020-04-30,-12.0527442758551,"saar_pct",0,"nowcast","first_release",20.8510577241449,20.8510577241449,434.766608215621
"US","rgdp_growth","2020Q2",2020-07-30,-32.903802,"saar_pct","gdpnow",2020-05-01,-16.6422437627346,"saar_pct",0,"nowcast","first_release",16.2615582372654,16.2615582372654,264.438276303976
"US","rgdp_growth","2020Q2",2020-07-30,-32.903802,"saar_pct","gdpnow",2020-05-04,-17.4158192875149,"saar_pct",0,"nowcast","first_release",15.4879827124851,15.4879827124851,239.877608502238
"US","rgdp_growth","2020Q2",2020-07-30,-32.903802,"saar_pct","gdpnow",2020-05-05,-17.6054790049664,"saar_pct",0,"nowcast","first_release",15.2983229950336,15.2983229950336,234.038686460373
"US","rgdp_growth","2020Q2",2020-07-30,-32.903802,"saar_pct","gdpnow",2020-05-08,-34.8590954393956,"saar_pct",0,"nowcast","first_release",-1.95529343939558,1.95529343939558,3.82317243414341
"US","rgdp_growth","2020Q2",2020-07-30,-32.903802,"saar_pct","gdpnow",2020-05-12,-35.1170879540364,"saar_pct",0,"nowcast","first_release",-2.21328595403635,2.21328595403635,4.8986347143346
"US","rgdp_growth","2020Q2",2020-07-30,-32.903802,"saar_pct","gdpnow",2020-05-13,-35.1560090746701,"saar_pct",0,"nowcast","first_release",-2.25220707467008,2.25220707467008,5.07243670719397
"US","rgdp_growth","2020Q2",2020-07-30,-32.903802,"saar_pct","gdpnow",2020-05-14,-35.1662923160538,"saar_pct",0,"nowcast","first_release",-2.26249031605384,2.26249031605384,5.11886243023742
"US","rgdp_growth","2020Q2",2020-07-30,-32.903802,"saar_pct","gdpnow",2020-05-15,-42.8130498119478,"saar_pct",0,"nowcast","first_release",-9.90924781194781,9.90924781194781,98.1931921985925
"US","rgdp_growth","2020Q2",2020-07-30,-32.903802,"saar_pct","gdpnow",2020-05-19,-41.9067644386388,"saar_pct",0,"nowcast","first_release",-9.00296243863878,9.00296243863878,81.0533326715406
"US","rgdp_growth","2020Q2",2020-07-30,-32.903802,"saar_pct","gdpnow",2020-05-21,-41.5078559642674,"saar_pct",0,"nowcast","first_release",-8.60405396426739,8.60405396426739,74.0297446200255
"US","rgdp_growth","2020Q2",2020-07-30,-32.903802,"saar_pct","gdpnow",2020-05-26,-41.4132735363348,"saar_pct",0,"nowcast","first_release",-8.50947153633477,8.50947153633477,72.4111058276917
"US","rgdp_growth","2020Q2",2020-07-30,-32.903802,"saar_pct","gdpnow",2020-05-28,-40.3874840437763,"saar_pct",0,"nowcast","first_release",-7.48368204377628,7.48368204377628,56.0054969323395
"US","rgdp_growth","2020Q2",2020-07-30,-32.903802,"saar_pct","gdpnow",2020-05-29,-51.1585877638211,"saar_pct",0,"nowcast","first_release",-18.2547857638211,18.2547857638211,333.237203283005
"US","rgdp_growth","2020Q2",2020-07-30,-32.903802,"saar_pct","gdpnow",2020-06-01,-52.7976191939397,"saar_pct",0,"nowcast","first_release",-19.8938171939397,19.8938171939397,395.763962545891
"US","rgdp_growth","2020Q2",2020-07-30,-32.903802,"saar_pct","gdpnow",2020-06-03,-52.1837452686822,"saar_pct",0,"nowcast","first_release",-19.2799432686822,19.2799432686822,371.716212443606
"US","rgdp_growth","2020Q2",2020-07-30,-32.903802,"saar_pct","gdpnow",2020-06-04,-53.7605973702189,"saar_pct",0,"nowcast","first_release",-20.8567953702189,20.8567953702189,435.005913115185
"US","rgdp_growth","2020Q2",2020-07-30,-32.903802,"saar_pct","gdpnow",2020-06-05,-49.1365424866754,"saar_pct",0,"nowcast","first_release",-16.2327404866754,16.2327404866754,263.50186370775
"US","rgdp_growth","2020Q2",2020-07-30,-32.903802,"saar_pct","gdpnow",2020-06-09,-48.4664770208029,"saar_pct",0,"nowcast","first_release",-15.5626750208029,15.5626750208029,242.196853803122
"US","rgdp_growth","2020Q2",2020-07-30,-32.903802,"saar_pct","gdpnow",2020-06-10,-48.4422282231179,"saar_pct",0,"nowcast","first_release",-15.5384262231179,15.5384262231179,241.442689491279
"US","rgdp_growth","2020Q2",2020-07-30,-32.903802,"saar_pct","gdpnow",2020-06-11,-48.4328096511941,"saar_pct",0,"nowcast","first_release",-15.5290076511941,15.5290076511941,241.150078630844
"US","rgdp_growth","2020Q2",2020-07-30,-32.903802,"saar_pct","gdpnow",2020-06-12,-48.4405596501159,"saar_pct",0,"nowcast","first_release",-15.5367576501159,15.5367576501159,241.390838278436
"US","rgdp_growth","2020Q2",2020-07-30,-32.903802,"saar_pct","gdpnow",2020-06-16,-45.354191322925,"saar_pct",0,"nowcast","first_release",-12.450389322925,12.450389322925,155.012194292404
"US","rgdp_growth","2020Q2",2020-07-30,-32.903802,"saar_pct","gdpnow",2020-06-17,-45.5085635699141,"saar_pct",0,"nowcast","first_release",-12.6047615699141,12.6047615699141,158.880014234384
"US","rgdp_growth","2020Q2",2020-07-30,-32.903802,"saar_pct","gdpnow",2020-06-22,-45.7818214181364,"saar_pct",0,"nowcast","first_release",-12.8780194181364,12.8780194181364,165.843384133898
"US","rgdp_growth","2020Q2",2020-07-30,-32.903802,"saar_pct","gdpnow",2020-06-23,-45.8995258995739,"saar_pct",0,"nowcast","first_release",-12.9957238995739,12.9957238995739,168.888839673956
"US","rgdp_growth","2020Q2",2020-07-30,-32.903802,"saar_pct","gdpnow",2020-06-25,-46.631193637869,"saar_pct",0,"nowcast","first_release",-13.727391637869,13.727391637869,188.441281179434
"US","rgdp_growth","2020Q2",2020-07-30,-32.903802,"saar_pct","gdpnow",2020-06-26,-39.4532773869728,"saar_pct",0,"nowcast","first_release",-6.54947538697284,6.54947538697284,42.8956278445631
"US","rgdp_growth","2020Q2",2020-07-30,-32.903802,"saar_pct","gdpnow",2020-07-01,-36.7738669131341,"saar_pct",-1,"backcast","first_release",-3.87006491313412,3.87006491313412,14.9774024318718
"US","rgdp_growth","2020Q2",2020-07-30,-32.903802,"saar_pct","gdpnow",2020-07-02,-35.179751410699,"saar_pct",-1,"backcast","first_release",-2.27594941069903,2.27594941069903,5.17994572006125
"US","rgdp_growth","2020Q2",2020-07-30,-32.903802,"saar_pct","gdpnow",2020-07-06,-35.3818866177262,"saar_pct",-1,"backcast","first_release",-2.47808461772618,2.47808461772618,6.14090337261108
"US","rgdp_growth","2020Q2",2020-07-30,-32.903802,"saar_pct","gdpnow",2020-07-09,-35.4682517232205,"saar_pct",-1,"backcast","first_release",-2.56444972322051,2.56444972322051,6.57640238292573
"US","rgdp_growth","2020Q2",2020-07-30,-32.903802,"saar_pct","gdpnow",2020-07-10,-35.4818395365486,"saar_pct",-1,"backcast","first_release",-2.57803753654858,2.57803753654858,6.64627753985346
"US","rgdp_growth","2020Q2",2020-07-30,-32.903802,"saar_pct","gdpnow",2020-07-14,-35.4252276788462,"saar_pct",-1,"backcast","first_release",-2.52142567884621,2.52142567884621,6.35758745394509
"US","rgdp_growth","2020Q2",2020-07-30,-32.903802,"saar_pct","gdpnow",2020-07-15,-34.66668225921,"saar_pct",-1,"backcast","first_release",-1.76288025920998,1.76288025920998,3.10774680831224
"US","rgdp_growth","2020Q2",2020-07-30,-32.903802,"saar_pct","gdpnow",2020-07-16,-34.4749416595071,"saar_pct",-1,"backcast","first_release",-1.57113965950713,1.57113965950713,2.46847982967619
"US","rgdp_growth","2020Q2",2020-07-30,-32.903802,"saar_pct","gdpnow",2020-07-17,-34.7078187550314,"saar_pct",-1,"backcast","first_release",-1.80401675503142,1.80401675503142,3.25447645243409
"US","rgdp_growth","2020Q2",2020-07-30,-32.903802,"saar_pct","gdpnow",2020-07-22,-34.7454773221243,"saar_pct",-1,"backcast","first_release",-1.84167532212433,1.84167532212433,3.39176799212176
"US","rgdp_growth","2020Q2",2020-07-30,-32.903802,"saar_pct","gdpnow",2020-07-24,-34.7730196679034,"saar_pct",-1,"backcast","first_release",-1.86921766790339,1.86921766790339,3.4939746900022
"US","rgdp_growth","2020Q2",2020-07-30,-32.903802,"saar_pct","gdpnow",2020-07-27,-34.2820285005136,"saar_pct",-1,"backcast","first_release",-1.37822650051358,1.37822650051358,1.89950828671792
"US","rgdp_growth","2020Q2",2020-07-30,-32.903802,"saar_pct","gdpnow",2020-07-29,-32.0844209307564,"saar_pct",-1,"backcast","first_release",0.819381069243555,0.819381069243555,0.671385336634711
"US","rgdp_growth","2020Q3",2020-10-30,33.0826240673303,"saar_pct","gdpnow",2020-07-31,11.8844872034981,"saar_pct",0,"nowcast","first_release",-21.1981368638322,21.1981368638322,449.361006497763
"US","rgdp_growth","2020Q3",2020-10-30,33.0826240673303,"saar_pct","gdpnow",2020-08-03,19.6414378604328,"saar_pct",0,"nowcast","first_release",-13.4411862068975,13.4411862068975,180.665486648492
"US","rgdp_growth","2020Q3",2020-10-30,33.0826240673303,"saar_pct","gdpnow",2020-08-04,20.0062405986147,"saar_pct",0,"nowcast","first_release",-13.0763834687156,13.0763834687156,170.991804620899
"US","rgdp_growth","2020Q3",2020-10-30,33.0826240673303,"saar_pct","gdpnow",2020-08-05,20.2588619540407,"saar_pct",0,"nowcast","first_release",-12.8237621132897,12.8237621132897,164.448874738244
"US","rgdp_growth","2020Q3",2020-10-30,33.0826240673303,"saar_pct","gdpnow",2020-08-07,20.5114145010559,"saar_pct",0,"nowcast","first_release",-12.5712095662744,12.5712095662744,158.03530995919
"US","rgdp_growth","2020Q3",2020-10-30,33.0826240673303,"saar_pct","gdpnow",2020-08-11,20.5492678441297,"saar_pct",0,"nowcast","first_release",-12.5333562232006,12.5333562232006,157.085018217641
"US","rgdp_growth","2020Q3",2020-10-30,33.0826240673303,"saar_pct","gdpnow",2020-08-12,20.5840703434672,"saar_pct",0,"nowcast","first_release",-12.4985537238631,12.4985537238631,156.213845188293
"US","rgdp_growth","2020Q3",2020-10-30,33.0826240673303,"saar_pct","gdpnow",2020-08-13,20.5419767936499,"saar_pct",0,"nowcast","first_release",-12.5406472736804,12.5406472736804,157.267834042868
"US","rgdp_growth","2020Q3",2020-10-30,33.0826240673303,"saar_pct","gdpnow",2020-08-14,26.2209633914604,"saar_pct",0,"nowcast","first_release",-6.86166067586993,6.86166067586993,47.0823872307798
"US","rgdp_growth","2020Q3",2020-10-30,33.0826240673303,"saar_pct","gdpnow",2020-08-18,25.5664088295199,"saar_pct",0,"nowcast","first_release",-7.51621523781043,7.51621523781043,56.4934915010937
"US","rgdp_growth","2020Q3",2020-10-30,33.0826240673303,"saar_pct","gdpnow",2020-08-21,25.3939019266339,"saar_pct",0,"nowcast","first_release",-7.68872214069647,7.68872214069647,59.1164481568361
"US","rgdp_growth","2020Q3",2020-10-30,33.0826240673303,"saar_pct","gdpnow",2020-08-25,25.3704089949832,"saar_pct",0,"nowcast","first_release",-7.71221507234718,7.71221507234718,59.4782613221391
"US","rgdp_growth","2020Q3",2020-10-30,33.0826240673303,"saar_pct","gdpnow",2020-08-26,25.60753366091,"saar_pct",0,"nowcast","first_release",-7.47509040642029,7.47509040642029,55.8769765841567
"US","rgdp_growth","2020Q3",2020-10-30,33.0826240673303,"saar_pct","gdpnow",2020-08-28,28.8759085477938,"saar_pct",0,"nowcast","first_release",-4.20671551953653,4.20671551953653,17.6964554623095
"US","rgdp_growth","2020Q3",2020-10-30,33.0826240673303,"saar_pct","gdpnow",2020-09-01,28.5001327787669,"saar_pct",0,"nowcast","first_release",-4.58249128856345,4.58249128856345,20.9992264097599
"US","rgdp_growth","2020Q3",2020-10-30,33.0826240673303,"saar_pct","gdpnow",2020-09-02,29.8096846425141,"saar_pct",0,"nowcast","first_release",-3.27293942481626,3.27293942481626,10.7121324785166
"US","rgdp_growth","2020Q3",2020-10-30,33.0826240673303,"saar_pct","gdpnow",2020-09-03,29.5839429875923,"saar_pct",0,"nowcast","first_release",-3.49868107973806,3.49868107973806,12.240769297717
"US","rgdp_growth","2020Q3",2020-10-30,33.0826240673303,"saar_pct","gdpnow",2020-09-04,31.0012068637787,"saar_pct",0,"nowcast","first_release",-2.08141720355168,2.08141720355168,4.33229757524091
"US","rgdp_growth","2020Q3",2020-10-30,33.0826240673303,"saar_pct","gdpnow",2020-09-10,30.8391158833984,"saar_pct",0,"nowcast","first_release",-2.24350818393191,2.24350818393191,5.03332897136945
"US","rgdp_growth","2020Q3",2020-10-30,33.0826240673303,"saar_pct","gdpnow",2020-09-11,30.6874507858005,"saar_pct",0,"nowcast","first_release",-2.39517328152985,2.39517328152985,5.73685504855447
"US","rgdp_growth","2020Q3",2020-10-30,33.0826240673303,"saar_pct","gdpnow",2020-09-15,30.2097075445087,"saar_pct",0,"nowcast","first_release",-2.87291652282165,2.87291652282165,8.25364934710163
"US","rgdp_growth","2020Q3",2020-10-30,33.0826240673303,"saar_pct","gdpnow",2020-09-16,31.6811276074694,"saar_pct",0,"nowcast","first_release",-1.40149645986092,1.40149645986092,1.96419232700269
"US","rgdp_growth","2020Q3",2020-10-30,33.0826240673303,"saar_pct","gdpnow",2020-09-17,31.9535314437015,"saar_pct",0,"nowcast","first_release",-1.12909262362879,1.12909262362879,1.27485015273295
"US","rgdp_growth","2020Q3",2020-10-30,33.0826240673303,"saar_pct","gdpnow",2020-09-22,32.0298311212482,"saar_pct",0,"nowcast","first_release",-1.05279294608214,1.05279294608214,1.1083729873203
"US","rgdp_growth","2020Q3",2020-10-30,33.0826240673303,"saar_pct","gdpnow",2020-09-24,31.930489850839,"saar_pct",0,"nowcast","first_release",-1.15213421649136,1.15213421649136,1.32741325281016
"US","rgdp_growth","2020Q3",2020-10-30,33.0826240673303,"saar_pct","gdpnow",2020-09-25,31.9954885502824,"saar_pct",0,"nowcast","first_release",-1.08713551704791,1.08713551704791,1.18186363242703
"US","rgdp_growth","2020Q3",2020-10-30,33.0826240673303,"saar_pct","gdpnow",2020-09-29,33.8163619015481,"saar_pct",0,"nowcast","first_release",0.73373783421777,0.73373783421777,0.538371209362584
"US","rgdp_growth","2020Q3",2020-10-30,33.0826240673303,"saar_pct","gdpnow",2020-10-01,34.6024049008068,"saar_pct",-1,"backcast","first_release",1.51978083347646,1.51978083347646,2.3097337818024
"US","rgdp_growth","2020Q3",2020-10-30,33.0826240673303,"saar_pct","gdpnow",2020-10-02,35.4465354068277,"saar_pct",-1,"backcast","first_release",2.36391133949736,2.36391133949736,5.58807682100419
"US","rgdp_growth","2020Q3",2020-10-30,33.0826240673303,"saar_pct","gdpnow",2020-10-05,35.4064801590591,"saar_pct",-1,"backcast","first_release",2.32385609172871,2.32385609172871,5.40030713506466
"US","rgdp_growth","2020Q3",2020-10-30,33.0826240673303,"saar_pct","gdpnow",2020-10-06,35.302481516832,"saar_pct",-1,"backcast","first_release",2.21985744950162,2.21985744950162,4.92776709610783
"US","rgdp_growth","2020Q3",2020-10-30,33.0826240673303,"saar_pct","gdpnow",2020-10-09,35.2314858976292,"saar_pct",-1,"backcast","first_release",2.1488618302989,2.1488618302989,4.61760716571553
"US","rgdp_growth","2020Q3",2020-10-30,33.0826240673303,"saar_pct","gdpnow",2020-10-13,35.2343791544004,"saar_pct",-1,"backcast","first_release",2.15175508707006,2.15175508707006,4.6300499547319
"US","rgdp_growth","2020Q3",2020-10-30,33.0826240673303,"saar_pct","gdpnow",2020-10-14,35.1996782117297,"saar_pct",-1,"backcast","first_release",2.11705414439933,2.11705414439933,4.48191825031839
"US","rgdp_growth","2020Q3",2020-10-30,33.0826240673303,"saar_pct","gdpnow",2020-10-15,35.1595674574031,"saar_pct",-1,"backcast","first_release",2.07694339007276,2.07694339007276,4.31369384556694
"US","rgdp_growth","2020Q3",2020-10-30,33.0826240673303,"saar_pct","gdpnow",2020-10-16,35.1769459034198,"saar_pct",-1,"backcast","first_release",2.09432183608946,2.09432183608946,4.38618395312114
"US","rgdp_growth","2020Q3",2020-10-30,33.0826240673303,"saar_pct","gdpnow",2020-10-19,35.1448110601566,"saar_pct",-1,"backcast","first_release",2.06218699282623,2.06218699282623,4.25261519338171
"US","rgdp_growth","2020Q3",2020-10-30,33.0826240673303,"saar_pct","gdpnow",2020-10-20,35.293401355498,"saar_pct",-1,"backcast","first_release",2.21077728816763,2.21077728816763,4.88753621787781
"US","rgdp_growth","2020Q3",2020-10-30,33.0826240673303,"saar_pct","gdpnow",2020-10-22,35.4997090207545,"saar_pct",-1,"backcast","first_release",2.41708495342421,2.41708495342421,5.84229967206971
"US","rgdp_growth","2020Q3",2020-10-30,33.0826240673303,"saar_pct","gdpnow",2020-10-26,35.462978111552,"saar_pct",-1,"backcast","first_release",2.38035404422168,2.38035404422168,5.66608537584249
"US","rgdp_growth","2020Q3",2020-10-30,33.0826240673303,"saar_pct","gdpnow",2020-10-27,36.1794242103062,"saar_pct",-1,"backcast","first_release",3.09680014297589,3.09680014297589,9.59017112553548
"US","rgdp_growth","2020Q3",2020-10-30,33.0826240673303,"saar_pct","gdpnow",2020-10-28,36.9708104613634,"saar_pct",-1,"backcast","first_release",3.88818639403303,3.88818639403303,15.1179934347436
"US","rgdp_growth","2020Q4",2021-01-28,4.01243,"saar_pct","gdpnow",2020-10-30,2.24819977332964,"saar_pct",0,"nowcast","first_release",-1.76423022667036,1.76423022667036,3.11250829269735
"US","rgdp_growth","2020Q4",2021-01-28,4.01243,"saar_pct","gdpnow",2020-11-02,3.35574463246089,"saar_pct",0,"nowcast","first_release",-0.656685367539112,0.656685367539112,0.431235671939978
"US","rgdp_growth","2020Q4",2021-01-28,4.01243,"saar_pct","gdpnow",2020-11-03,3.31198294596122,"saar_pct",0,"nowcast","first_release",-0.700447054038777,0.700447054038777,0.490626075511602
"US","rgdp_growth","2020Q4",2021-01-28,4.01243,"saar_pct","gdpnow",2020-11-04,3.21704669063523,"saar_pct",0,"nowcast","first_release",-0.795383309364772,0.795383309364772,0.632634608816057
"US","rgdp_growth","2020Q4",2021-01-28,4.01243,"saar_pct","gdpnow",2020-11-06,3.51412349552003,"saar_pct",0,"nowcast","first_release",-0.498306504479973,0.498306504479973,0.248309372407049
"US","rgdp_growth","2020Q4",2021-01-28,4.01243,"saar_pct","gdpnow",2020-11-12,3.53004214225781,"saar_pct",0,"nowcast","first_release",-0.482387857742195,0.482387857742195,0.232698045297104
"US","rgdp_growth","2020Q4",2021-01-28,4.01243,"saar_pct","gdpnow",2020-11-13,3.51313139115257,"saar_pct",0,"nowcast","first_release",-0.499298608847432,0.499298608847432,0.249299100796981
"US","rgdp_growth","2020Q4",2021-01-28,4.01243,"saar_pct","gdpnow",2020-11-17,5.39256278693301,"saar_pct",0,"nowcast","first_release",1.38013278693301,1.38013278693301,1.90476650956747
"US","rgdp_growth","2020Q4",2021-01-28,4.01243,"saar_pct","gdpnow",2020-11-18,5.57291085357545,"saar_pct",0,"nowcast","first_release",1.56048085357545,1.56048085357545,2.43510049437557
"US","rgdp_growth","2020Q4",2021-01-28,4.01243,"saar_pct","gdpnow",2020-11-19,5.98263109916832,"saar_pct",0,"nowcast","first_release",1.97020109916832,1.97020109916832,3.88169237116407
"US","rgdp_growth","2020Q4",2021-01-28,4.01243,"saar_pct","gdpnow",2020-11-25,11.0107659643826,"saar_pct",0,"nowcast","first_release",6.99833596438257,6.99833596438257,48.9767062703706
"US","rgdp_growth","2020Q4",2021-01-28,4.01243,"saar_pct","gdpnow",2020-12-01,11.0863463517638,"saar_pct",0,"nowcast","first_release",7.07391635176384,7.07391635176384,50.0402925517519
"US","rgdp_growth","2020Q4",2021-01-28,4.01243,"saar_pct","gdpnow",2020-12-02,10.8838960284237,"saar_pct",0,"nowcast","first_release",6.87146602842374,6.87146602842374,47.2170453797816
"US","rgdp_growth","2020Q4",2021-01-28,4.01243,"saar_pct","gdpnow",2020-12-03,10.8188614077372,"saar_pct",0,"nowcast","first_release",6.80643140773716,6.80643140773716,46.3275085082308
"US","rgdp_growth","2020Q4",2021-01-28,4.01243,"saar_pct","gdpnow",2020-12-04,11.1653953408477,"saar_pct",0,"nowcast","first_release",7.15296534084768,7.15296534084768,51.1649131673682
"US","rgdp_growth","2020Q4",2021-01-28,4.01243,"saar_pct","gdpnow",2020-12-09,11.150831153741,"saar_pct",0,"nowcast","first_release",7.138401153741,7.138401153741,50.9567710317309
"US","rgdp_growth","2020Q4",2021-01-28,4.01243,"saar_pct","gdpnow",2020-12-10,11.1145417356715,"saar_pct",0,"nowcast","first_release",7.10211173567152,7.10211173567152,50.4399911059632
"US","rgdp_growth","2020Q4",2021-01-28,4.01243,"saar_pct","gdpnow",2020-12-11,11.0861339725617,"saar_pct",0,"nowcast","first_release",7.07370397256173,7.07370397256173,50.0372878914356
"US","rgdp_growth","2020Q4",2021-01-28,4.01243,"saar_pct","gdpnow",2020-12-15,11.2856089651229,"saar_pct",0,"nowcast","first_release",7.27317896512285,7.27317896512285,52.8991322587055
"US","rgdp_growth","2020Q4",2021-01-28,4.01243,"saar_pct","gdpnow",2020-12-16,11.0216382349269,"saar_pct",0,"nowcast","first_release",7.0092082349269,7.0092082349269,49.1290000805671
"US","rgdp_growth","2020Q4",2021-01-28,4.01243,"saar_pct","gdpnow",2020-12-17,11.1293146624915,"saar_pct",0,"nowcast","first_release",7.11688466249154,7.11688466249154,50.6500472992073
"US","rgdp_growth","2020Q4",2021-01-28,4.01243,"saar_pct","gdpnow",2020-12-22,11.1880869877665,"saar_pct",0,"nowcast","first_release",7.17565698776648,7.17565698776648,51.4900532060819
"US","rgdp_growth","2020Q4",2021-01-28,4.01243,"saar_pct","gdpnow",2020-12-23,10.4137665540387,"saar_pct",0,"nowcast","first_release",6.40133655403874,6.40133655403874,40.9771096780726
"US","rgdp_growth","2020Q4",2021-01-28,4.01243,"saar_pct","gdpnow",2020-12-30,8.60741928815423,"saar_pct",0,"nowcast","first_release",4.59498928815423,4.59498928815423,21.1139265582521
"US","rgdp_growth","2020Q4",2021-01-28,4.01243,"saar_pct","gdpnow",2021-01-04,8.6254242042346,"saar_pct",-1,"backcast","first_release",4.6129942042346,4.6129942042346,21.279715528302
"US","rgdp_growth","2020Q4",2021-01-28,4.01243,"saar_pct","gdpnow",2021-01-05,8.88746065804482,"saar_pct",-1,"backcast","first_release",4.87503065804482,4.87503065804482,23.7659239168769
"US","rgdp_growth","2020Q4",2021-01-28,4.01243,"saar_pct","gdpnow",2021-01-06,8.71831395618816,"saar_pct",-1,"backcast","first_release",4.70588395618816,4.70588395618816,22.1453438091091
"US","rgdp_growth","2020Q4",2021-01-28,4.01243,"saar_pct","gdpnow",2021-01-07,8.54305202123804,"saar_pct",-1,"backcast","first_release",4.53062202123804,4.53062202123804,20.5265358993271
"US","rgdp_growth","2020Q4",2021-01-28,4.01243,"saar_pct","gdpnow",2021-01-08,8.66407210960212,"saar_pct",-1,"backcast","first_release",4.65164210960212,4.65164210960212,21.6377743158236
"US","rgdp_growth","2020Q4",2021-01-28,4.01243,"saar_pct","gdpnow",2021-01-13,8.72860252155681,"saar_pct",-1,"backcast","first_release",4.71617252155681,4.71617252155681,22.2422832530875
"US","rgdp_growth","2020Q4",2021-01-28,4.01243,"saar_pct","gdpnow",2021-01-14,8.75207778554678,"saar_pct",-1,"backcast","first_release",4.73964778554678,4.73964778554678,22.4642611310385
"US","rgdp_growth","2020Q4",2021-01-28,4.01243,"saar_pct","gdpnow",2021-01-15,7.44894838567378,"saar_pct",-1,"backcast","first_release",3.43651838567378,3.43651838567378,11.8096586150739
"US","rgdp_growth","2020Q4",2021-01-28,4.01243,"saar_pct","gdpnow",2021-01-21,7.54076846881526,"saar_pct",-1,"backcast","first_release",3.52833846881526,3.52833846881526,12.4491723505216
"US","rgdp_growth","2020Q4",2021-01-28,4.01243,"saar_pct","gdpnow",2021-01-22,7.57626680917522,"saar_pct",-1,"backcast","first_release",3.56383680917522,3.56383680917522,12.7009328024322
"US","rgdp_growth","2020Q4",2021-01-28,4.01243,"saar_pct","gdpnow",2021-01-27,7.16002370499906,"saar_pct",-1,"backcast","first_release",3.14759370499906,3.14759370499906,9.90734613174973
"US","rgdp_growth","2021Q1",2021-04-29,6.387705,"saar_pct","gdpnow",2021-01-29,5.15756027775398,"saar_pct",0,"nowcast","first_release",-1.23014472224602,1.23014472224602,1.51325603766974
"US","rgdp_growth","2021Q1",2021-04-29,6.387705,"saar_pct","gdpnow",2021-02-01,6.00125152466187,"saar_pct",0,"nowcast","first_release",-0.386453475338135,0.386453475338135,0.149346288600922
"US","rgdp_growth","2021Q1",2021-04-29,6.387705,"saar_pct","gdpnow",2021-02-03,6.01400138729036,"saar_pct",0,"nowcast","first_release",-0.373703612709643,0.373703612709643,0.139654390152239
"US","rgdp_growth","2021Q1",2021-04-29,6.387705,"saar_pct","gdpnow",2021-02-04,5.97616682896274,"saar_pct",0,"nowcast","first_release",-0.411538171037264,0.411538171037264,0.169363666220696
"US","rgdp_growth","2021Q1",2021-04-29,6.387705,"saar_pct","gdpnow",2021-02-05,4.6495674700443,"saar_pct",0,"nowcast","first_release",-1.7381375299557,1.7381375299557,3.0211220730405
"US","rgdp_growth","2021Q1",2021-04-29,6.387705,"saar_pct","gdpnow",2021-02-10,4.50750047368702,"saar_pct",0,"nowcast","first_release",-1.88020452631298,1.88020452631298,3.53516906076782
"US","rgdp_growth","2021Q1",2021-04-29,6.387705,"saar_pct","gdpnow",2021-02-11,4.52738969547175,"saar_pct",0,"nowcast","first_release",-1.86031530452825,1.86031530452825,3.46077303226203
"US","rgdp_growth","2021Q1",2021-04-29,6.387705,"saar_pct","gdpnow",2021-02-17,9.49495222047385,"saar_pct",0,"nowcast","first_release",3.10724722047385,3.10724722047385,9.65498528914248
"US","rgdp_growth","2021Q1",2021-04-29,6.387705,"saar_pct","gdpnow",2021-02-18,9.46988953422736,"saar_pct",0,"nowcast","first_release",3.08218453422736,3.08218453422736,9.49986150303032
"US","rgdp_growth","2021Q1",2021-04-29,6.387705,"saar_pct","gdpnow",2021-02-19,9.53683719801439,"saar_pct",0,"nowcast","first_release",3.14913219801439,3.14913219801439,9.91703360057096
"US","rgdp_growth","2021Q1",2021-04-29,6.387705,"saar_pct","gdpnow",2021-02-24,9.58648260168937,"saar_pct",0,"nowcast","first_release",3.19877760168937,3.19877760168937,10.2321781450696
"US","rgdp_growth","2021Q1",2021-04-29,6.387705,"saar_pct","gdpnow",2021-02-25,9.60395467663557,"saar_pct",0,"nowcast","first_release",3.21624967663557,3.21624967663557,10.3442619824584
"US","rgdp_growth","2021Q1",2021-04-29,6.387705,"saar_pct","gdpnow",2021-02-26,8.75243791900324,"saar_pct",0,"nowcast","first_release",2.36473291900324,2.36473291900324,5.59196177821759
"US","rgdp_growth","2021Q1",2021-04-29,6.387705,"saar_pct","gdpnow",2021-03-01,10.0417378797137,"saar_pct",0,"nowcast","first_release",3.65403287971372,3.65403287971372,13.3519562860289
"US","rgdp_growth","2021Q1",2021-04-29,6.387705,"saar_pct","gdpnow",2021-03-03,9.08506648191225,"saar_pct",0,"nowcast","first_release",2.69736148191225,2.69736148191225,7.27575896410386
"US","rgdp_growth","2021Q1",2021-04-29,6.387705,"saar_pct","gdpnow",2021-03-04,8.95385792440619,"saar_pct",0,"nowcast","first_release",2.56615292440619,2.56615292440619,6.58514083143846
"US","rgdp_growth","2021Q1",2021-04-29,6.387705,"saar_pct","gdpnow",2021-03-05,8.34638346345535,"saar_pct",0,"nowcast","first_release",1.95867846345535,1.95867846345535,3.83642132320382
"US","rgdp_growth","2021Q1",2021-04-29,6.387705,"saar_pct","gdpnow",2021-03-08,8.35413964238692,"saar_pct",0,"nowcast","first_release",1.96643464238691,1.96643464238691,3.86686520277935
"US","rgdp_growth","2021Q1",2021-04-29,6.387705,"saar_pct","gdpnow",2021-03-10,8.38114021778946,"saar_pct",0,"nowcast","first_release",1.99343521778946,1.99343521778946,3.97378396752332
"US","rgdp_growth","2021Q1",2021-04-29,6.387705,"saar_pct","gdpnow",2021-03-12,8.29041902126681,"saar_pct",0,"nowcast","first_release",1.90271402126681,1.90271402126681,3.62032064672533
"US","rgdp_growth","2021Q1",2021-04-29,6.387705,"saar_pct","gdpnow",2021-03-16,5.93065916495294,"saar_pct",0,"nowcast","first_release",-0.457045835047055,0.457045835047055,0.20889089533386
"US","rgdp_growth","2021Q1",2021-04-29,6.387705,"saar_pct","gdpnow",2021-03-17,5.73906143409388,"saar_pct",0,"nowcast","first_release",-0.648643565906116,0.648643565906116,0.420738475591402
"US","rgdp_growth","2021Q1",2021-04-29,6.387705,"saar_pct","gdpnow",2021-03-22,5.64946612933894,"saar_pct",0,"nowcast","first_release",-0.738238870661058,0.738238870661058,0.544996630154914
"US","rgdp_growth","2021Q1",2021-04-29,6.387705,"saar_pct","gdpnow",2021-03-23,5.56799004448736,"saar_pct",0,"nowcast","first_release",-0.819714955512642,0.819714955512642,0.671932608291092
"US","rgdp_growth","2021Q1",2021-04-29,6.387705,"saar_pct","gdpnow",2021-03-24,5.41798926036341,"saar_pct",0,"nowcast","first_release",-0.969715739636591,0.969715739636591,0.940348615698941
"US","rgdp_growth","2021Q1",2021-04-29,6.387705,"saar_pct","gdpnow",2021-03-26,4.71242565824521,"saar_pct",0,"nowcast","first_release",-1.67527934175479,1.67527934175479,2.80656087291036
"US","rgdp_growth","2021Q1",2021-04-29,6.387705,"saar_pct","gdpnow",2021-04-01,6.03118553013249,"saar_pct",-1,"backcast","first_release",-0.356519469867512,0.356519469867512,0.127106132394612
"US","rgdp_growth","2021Q1",2021-04-29,6.387705,"saar_pct","gdpnow",2021-04-02,6.23881681208809,"saar_pct",-1,"backcast","first_release",-0.148888187911912,0.148888187911912,0.0221676924996929
"US","rgdp_growth","2021Q1",2021-04-29,6.387705,"saar_pct","gdpnow",2021-04-05,6.24329009919145,"saar_pct",-1,"backcast","first_release",-0.144414900808555,0.144414900808555,0.0208556635755448
"US","rgdp_growth","2021Q1",2021-04-29,6.387705,"saar_pct","gdpnow",2021-04-07,6.18974212763215,"saar_pct",-1,"backcast","first_release",-0.197962872367853,0.197962872367853,0.0391892988361309
"US","rgdp_growth","2021Q1",2021-04-29,6.387705,"saar_pct","gdpnow",2021-04-09,6.04696653596004,"saar_pct",-1,"backcast","first_release",-0.340738464039959,0.340738464039959,0.116102700876311
"US","rgdp_growth","2021Q1",2021-04-29,6.387705,"saar_pct","gdpnow",2021-04-12,6.12168166361782,"saar_pct",-1,"backcast","first_release",-0.266023336382183,0.266023336382183,0.0707684154999082
"US","rgdp_growth","2021Q1",2021-04-29,6.387705,"saar_pct","gdpnow",2021-04-13,6.1221302575784,"saar_pct",-1,"backcast","first_release",-0.265574742421605,0.265574742421605,0.0705299438123019
"US","rgdp_growth","2021Q1",2021-04-29,6.387705,"saar_pct","gdpnow",2021-04-14,6.18858958972475,"saar_pct",-1,"backcast","first_release",-0.199115410275254,0.199115410275254,0.0396469466090826
"US","rgdp_growth","2021Q1",2021-04-29,6.387705,"saar_pct","gdpnow",2021-04-15,8.329902574853,"saar_pct",-1,"backcast","first_release",1.942197574853,1.942197574853,3.77213141976486
"US","rgdp_growth","2021Q1",2021-04-29,6.387705,"saar_pct","gdpnow",2021-04-16,8.32063759359429,"saar_pct",-1,"backcast","first_release",1.93293259359429,1.93293259359429,3.73622841137916
"US","rgdp_growth","2021Q1",2021-04-29,6.387705,"saar_pct","gdpnow",2021-04-22,8.27180356798241,"saar_pct",-1,"backcast","first_release",1.88409856798241,1.88409856798241,3.54982741387335
"US","rgdp_growth","2021Q1",2021-04-29,6.387705,"saar_pct","gdpnow",2021-04-23,8.26733002685205,"saar_pct",-1,"backcast","first_release",1.87962502685205,1.87962502685205,3.53299024156856
"US","rgdp_growth","2021Q1",2021-04-29,6.387705,"saar_pct","gdpnow",2021-04-26,8.18403667563843,"saar_pct",-1,"backcast","first_release",1.79633167563843,1.79633167563843,3.22680748890196
"US","rgdp_growth","2021Q1",2021-04-29,6.387705,"saar_pct","gdpnow",2021-04-28,7.86940783190404,"saar_pct",-1,"backcast","first_release",1.48170283190404,1.48170283190404,2.19544328207245
"US","rgdp_growth","2021Q2",2021-07-29,6.503091,"saar_pct","gdpnow",2021-04-30,10.3867222766472,"saar_pct",0,"nowcast","first_release",3.8836312766472,3.8836312766472,15.0825918929524
"US","rgdp_growth","2021Q2",2021-07-29,6.503091,"saar_pct","gdpnow",2021-05-03,13.1747799964619,"saar_pct",0,"nowcast","first_release",6.67168899646186,6.67168899646186,44.5114340655103
"US","rgdp_growth","2021Q2",2021-07-29,6.503091,"saar_pct","gdpnow",2021-05-04,13.5671733059856,"saar_pct",0,"nowcast","first_release",7.06408230598558,7.06408230598558,49.9012588257386
"US","rgdp_growth","2021Q2",2021-07-29,6.503091,"saar_pct","gdpnow",2021-05-05,13.7085934768151,"saar_pct",0,"nowcast","first_release",7.20550247681512,7.20550247681512,51.9192659433889
"US","rgdp_growth","2021Q2",2021-07-29,6.503091,"saar_pct","gdpnow",2021-05-07,11.0025754257875,"saar_pct",0,"nowcast","first_release",4.49948442578746,4.49948442578746,20.2453600979039
"US","rgdp_growth","2021Q2",2021-07-29,6.503091,"saar_pct","gdpnow",2021-05-12,11.4976276810744,"saar_pct",0,"nowcast","first_release",4.99453668107436,4.99453668107436,24.9453966585973
"US","rgdp_growth","2021Q2",2021-07-29,6.503091,"saar_pct","gdpnow",2021-05-13,11.4944329782787,"saar_pct",0,"nowcast","first_release",4.99134197827868,4.99134197827868,24.9134947441269
"US","rgdp_growth","2021Q2",2021-07-29,6.503091,"saar_pct","gdpnow",2021-05-14,10.5416935134661,"saar_pct",0,"nowcast","first_release",4.03860251346605,4.03860251346605,16.3103102617743
"US","rgdp_growth","2021Q2",2021-07-29,6.503091,"saar_pct","gdpnow",2021-05-18,10.1318493130742,"saar_pct",0,"nowcast","first_release",3.6287583130742,3.6287583130742,13.1678868947051
"US","rgdp_growth","2021Q2",2021-07-29,6.503091,"saar_pct","gdpnow",2021-05-21,9.6534554081215,"saar_pct",0,"nowcast","first_release",3.1503644081215,3.1503644081215,9.92479590395874
"US","rgdp_growth","2021Q2",2021-07-29,6.503091,"saar_pct","gdpnow",2021-05-25,9.68699120648264,"saar_pct",0,"nowcast","first_release",3.18390020648264,3.18390020648264,10.1372205248402
"US","rgdp_growth","2021Q2",2021-07-29,6.503091,"saar_pct","gdpnow",2021-05-27,9.10269359462021,"saar_pct",0,"nowcast","first_release",2.59960259462021,2.59960259462021,6.75793364995615
"US","rgdp_growth","2021Q2",2021-07-29,6.503091,"saar_pct","gdpnow",2021-05-28,9.31098658818144,"saar_pct",0,"nowcast","first_release",2.80789558818144,2.80789558818144,7.88427763412877
"US","rgdp_growth","2021Q2",2021-07-29,6.503091,"saar_pct","gdpnow",2021-06-01,10.3134574597269,"saar_pct",0,"nowcast","first_release",3.81036645972694,3.81036645972694,14.518892557412
"US","rgdp_growth","2021Q2",2021-07-29,6.503091,"saar_pct","gdpnow",2021-06-03,10.1559775926118,"saar_pct",0,"nowcast","first_release",3.65288659261182,3.65288659261182,13.3435804584832
"US","rgdp_growth","2021Q2",2021-07-29,6.503091,"saar_pct","gdpnow",2021-06-04,9.29949117241571,"saar_pct",0,"nowcast","first_release",2.79640017241571,2.79640017241571,7.8198539242866
"US","rgdp_growth","2021Q2",2021-07-29,6.503091,"saar_pct","gdpnow",2021-06-08,9.38233636400341,"saar_pct",0,"nowcast","first_release",2.87924536400341,2.87924536400341,8.29005386613511
"US","rgdp_growth","2021Q2",2021-07-29,6.503091,"saar_pct","gdpnow",2021-06-09,9.27339056500158,"saar_pct",0,"nowcast","first_release",2.77029956500158,2.77029956500158,7.67455967984795
"US","rgdp_growth","2021Q2",2021-07-29,6.503091,"saar_pct","gdpnow",2021-06-10,9.1250517176092,"saar_pct",0,"nowcast","first_release",2.6219607176092,2.6219607176092,6.87467800468575
"US","rgdp_growth","2021Q2",2021-07-29,6.503091,"saar_pct","gdpnow",2021-06-15,10.5252802212559,"saar_pct",0,"nowcast","first_release",4.0221892212559,4.0221892212559,16.1780061315871
"US","rgdp_growth","2021Q2",2021-07-29,6.503091,"saar_pct","gdpnow",2021-06-16,10.2751114792301,"saar_pct",0,"nowcast","first_release",3.77202047923015,3.77202047923015,14.2281384957316
"US","rgdp_growth","2021Q2",2021-07-29,6.503091,"saar_pct","gdpnow",2021-06-22,10.1519109172373,"saar_pct",0,"nowcast","first_release",3.64881991723733,3.64881991723733,13.3138867884278
"US","rgdp_growth","2021Q2",2021-07-29,6.503091,"saar_pct","gdpnow",2021-06-23,10.0506454364291,"saar_pct",0,"nowcast","first_release",3.54755443642913,3.54755443642913,12.585142479428
"US","rgdp_growth","2021Q2",2021-07-29,6.503091,"saar_pct","gdpnow",2021-06-24,9.67310859634254,"saar_pct",0,"nowcast","first_release",3.17001759634254,3.17001759634254,10.0490115611213
"US","rgdp_growth","2021Q2",2021-07-29,6.503091,"saar_pct","gdpnow",2021-06-25,8.34398604351612,"saar_pct",0,"nowcast","first_release",1.84089504351612,1.84089504351612,3.3888945612422
"US","rgdp_growth","2021Q2",2021-07-29,6.503091,"saar_pct","gdpnow",2021-07-01,8.63160515430688,"saar_pct",-1,"backcast","first_release",2.12851415430687,2.12851415430687,4.53057250508471
"US","rgdp_growth","2021Q2",2021-07-29,6.503091,"saar_pct","gdpnow",2021-07-02,7.78093579787924,"saar_pct",-1,"backcast","first_release",1.27784479787924,1.27784479787924,1.63288732746704
"US","rgdp_growth","2021Q2",2021-07-29,6.503091,"saar_pct","gdpnow",2021-07-06,7.7870723283173,"saar_pct",-1,"backcast","first_release",1.2839813283173,1.2839813283173,1.64860805146746
"US","rgdp_growth","2021Q2",2021-07-29,6.503091,"saar_pct","gdpnow",2021-07-09,7.86460090761996,"saar_pct",-1,"backcast","first_release",1.36150990761996,1.36150990761996,1.8537092285473
"US","rgdp_growth","2021Q2",2021-07-29,6.503091,"saar_pct","gdpnow",2021-07-13,7.67367539270907,"saar_pct",-1,"backcast","first_release",1.17058439270907,1.17058439270907,1.37026782045406
"US","rgdp_growth","2021Q2",2021-07-29,6.503091,"saar_pct","gdpnow",2021-07-14,7.6909850552332,"saar_pct",-1,"backcast","first_release",1.1878940552332,1.1878940552332,1.41109228645838
"US","rgdp_growth","2021Q2",2021-07-29,6.503091,"saar_pct","gdpnow",2021-07-15,7.48100170717982,"saar_pct",-1,"backcast","first_release",0.977910707179824,0.977910707179824,0.956309351216943
"US","rgdp_growth","2021Q2",2021-07-29,6.503091,"saar_pct","gdpnow",2021-07-16,7.52810935544892,"saar_pct",-1,"backcast","first_release",1.02501835544892,1.02501835544892,1.05066262900721
"US","rgdp_growth","2021Q2",2021-07-29,6.503091,"saar_pct","gdpnow",2021-07-20,7.57049259040559,"saar_pct",-1,"backcast","first_release",1.06740159040559,1.06740159040559,1.13934615520037
"US","rgdp_growth","2021Q2",2021-07-29,6.503091,"saar_pct","gdpnow",2021-07-22,7.61622248376537,"saar_pct",-1,"backcast","first_release",1.11313148376537,1.11313148376537,1.23906170014969
"US","rgdp_growth","2021Q2",2021-07-29,6.503091,"saar_pct","gdpnow",2021-07-26,7.56344959546611,"saar_pct",-1,"backcast","first_release",1.06035859546611,1.06035859546611,1.12436035097886
"US","rgdp_growth","2021Q2",2021-07-29,6.503091,"saar_pct","gdpnow",2021-07-27,7.38455458807428,"saar_pct",-1,"backcast","first_release",0.881463588074276,0.881463588074276,0.776978057100778
"US","rgdp_growth","2021Q2",2021-07-29,6.503091,"saar_pct","gdpnow",2021-07-28,6.42651545605812,"saar_pct",-1,"backcast","first_release",-0.0765755439418765,0.0765755439418765,0.00586381392999426
"US","rgdp_growth","2021Q3",2021-10-28,2.01596,"saar_pct","gdpnow",2021-07-30,6.08817744500671,"saar_pct",0,"nowcast","first_release",4.07221744500671,4.07221744500671,16.582954919417
"US","rgdp_growth","2021Q3",2021-10-28,2.01596,"saar_pct","gdpnow",2021-08-02,6.32561296874943,"saar_pct",0,"nowcast","first_release",4.30965296874943,4.30965296874943,18.5731087110508
"US","rgdp_growth","2021Q3",2021-10-28,2.01596,"saar_pct","gdpnow",2021-08-03,6.26867744755091,"saar_pct",0,"nowcast","first_release",4.25271744755091,4.25271744755091,18.0856056887039
"US","rgdp_growth","2021Q3",2021-10-28,2.01596,"saar_pct","gdpnow",2021-08-04,6.05971712903539,"saar_pct",0,"nowcast","first_release",4.04375712903539,4.04375712903539,16.3519717186246
"US","rgdp_growth","2021Q3",2021-10-28,2.01596,"saar_pct","gdpnow",2021-08-05,6.05947801086757,"saar_pct",0,"nowcast","first_release",4.04351801086757,4.04351801086757,16.3500379042104
"US","rgdp_growth","2021Q3",2021-10-28,2.01596,"saar_pct","gdpnow",2021-08-06,6.02028740649723,"saar_pct",0,"nowcast","first_release",4.00432740649723,4.00432740649723,16.0346379784248
"US","rgdp_growth","2021Q3",2021-10-28,2.01596,"saar_pct","gdpnow",2021-08-11,6.0308213350706,"saar_pct",0,"nowcast","first_release",4.0148613350706,4.0148613350706,16.1191115398449
"US","rgdp_growth","2021Q3",2021-10-28,2.01596,"saar_pct","gdpnow",2021-08-12,6.03355069557909,"saar_pct",0,"nowcast","first_release",4.01759069557909,4.01759069557909,16.1410349972037
"US","rgdp_growth","2021Q3",2021-10-28,2.01596,"saar_pct","gdpnow",2021-08-13,6.03386450343462,"saar_pct",0,"nowcast","first_release",4.01790450343462,4.01790450343462,16.1435565987202
"US","rgdp_growth","2021Q3",2021-10-28,2.01596,"saar_pct","gdpnow",2021-08-17,6.20343893137116,"saar_pct",0,"nowcast","first_release",4.18747893137116,4.18747893137116,17.5349798006774
"US","rgdp_growth","2021Q3",2021-10-28,2.01596,"saar_pct","gdpnow",2021-08-18,6.13288492803508,"saar_pct",0,"nowcast","first_release",4.11692492803508,4.11692492803508,16.9490708630766
"US","rgdp_growth","2021Q3",2021-10-28,2.01596,"saar_pct","gdpnow",2021-08-23,6.14763594949859,"saar_pct",0,"nowcast","first_release",4.13167594949859,4.13167594949859,17.070746151665
"US","rgdp_growth","2021Q3",2021-10-28,2.01596,"saar_pct","gdpnow",2021-08-24,6.02325744509049,"saar_pct",0,"nowcast","first_release",4.00729744509049,4.00729744509049,16.0584328134288
"US","rgdp_growth","2021Q3",2021-10-28,2.01596,"saar_pct","gdpnow",2021-08-25,5.70980199535698,"saar_pct",0,"nowcast","first_release",3.69384199535698,3.69384199535698,13.6444686866628
"US","rgdp_growth","2021Q3",2021-10-28,2.01596,"saar_pct","gdpnow",2021-08-27,5.05385912220493,"saar_pct",0,"nowcast","first_release",3.03789912220493,3.03789912220493,9.22883107669348
"US","rgdp_growth","2021Q3",2021-10-28,2.01596,"saar_pct","gdpnow",2021-09-01,5.29683113778547,"saar_pct",0,"nowcast","first_release",3.28087113778547,3.28087113778547,10.7641154227537
"US","rgdp_growth","2021Q3",2021-10-28,2.01596,"saar_pct","gdpnow",2021-09-02,3.66135574900472,"saar_pct",0,"nowcast","first_release",1.64539574900472,1.64539574900472,2.70732717084282
"US","rgdp_growth","2021Q3",2021-10-28,2.01596,"saar_pct","gdpnow",2021-09-03,3.67261186261456,"saar_pct",0,"nowcast","first_release",1.65665186261456,1.65665186261456,2.74449539390429
"US","rgdp_growth","2021Q3",2021-10-28,2.01596,"saar_pct","gdpnow",2021-09-10,3.65663700084062,"saar_pct",0,"nowcast","first_release",1.64067700084062,1.64067700084062,2.69182102108738
"US","rgdp_growth","2021Q3",2021-10-28,2.01596,"saar_pct","gdpnow",2021-09-13,3.56543948516264,"saar_pct",0,"nowcast","first_release",1.54947948516264,1.54947948516264,2.40088667493987
"US","rgdp_growth","2021Q3",2021-10-28,2.01596,"saar_pct","gdpnow",2021-09-14,3.57906437050217,"saar_pct",0,"nowcast","first_release",1.56310437050217,1.56310437050217,2.44329527308299
"US","rgdp_growth","2021Q3",2021-10-28,2.01596,"saar_pct","gdpnow",2021-09-15,3.65007502903365,"saar_pct",0,"nowcast","first_release",1.63411502903365,1.63411502903365,2.67033192811365
"US","rgdp_growth","2021Q3",2021-10-28,2.01596,"saar_pct","gdpnow",2021-09-16,3.64969665964086,"saar_pct",0,"nowcast","first_release",1.63373665964086,1.63373665964086,2.66909547305446
"US","rgdp_growth","2021Q3",2021-10-28,2.01596,"saar_pct","gdpnow",2021-09-21,3.66165354790897,"saar_pct",0,"nowcast","first_release",1.64569354790897,1.64569354790897,2.70830725362922
"US","rgdp_growth","2021Q3",2021-10-28,2.01596,"saar_pct","gdpnow",2021-09-22,3.57707464318622,"saar_pct",0,"nowcast","first_release",1.56111464318622,1.56111464318622,2.43707892917043
"US","rgdp_growth","2021Q3",2021-10-28,2.01596,"saar_pct","gdpnow",2021-09-24,3.48961969738022,"saar_pct",0,"nowcast","first_release",1.47365969738022,1.47365969738022,2.17167290368276
"US","rgdp_growth","2021Q3",2021-10-28,2.01596,"saar_pct","gdpnow",2021-09-27,3.16647710430114,"saar_pct",0,"nowcast","first_release",1.15051710430114,1.15051710430114,1.32368960728947
"US","rgdp_growth","2021Q3",2021-10-28,2.01596,"saar_pct","gdpnow",2021-09-28,2.97768361547619,"saar_pct",0,"nowcast","first_release",0.96172361547619,0.96172361547619,0.924912312564594
"US","rgdp_growth","2021Q3",2021-10-28,2.01596,"saar_pct","gdpnow",2021-10-01,2.26621837991809,"saar_pct",-1,"backcast","first_release",0.250258379918094,0.250258379918094,0.0626292567192293
"US","rgdp_growth","2021Q3",2021-10-28,2.01596,"saar_pct","gdpnow",2021-10-04,1.33801594377723,"saar_pct",-1,"backcast","first_release",-0.677944056222774,0.677944056222774,0.459608143367787
"US","rgdp_growth","2021Q3",2021-10-28,2.01596,"saar_pct","gdpnow",2021-10-05,1.33318340090907,"saar_pct",-1,"backcast","first_release",-0.682776599090934,0.682776599090934,0.466183884266182
"US","rgdp_growth","2021Q3",2021-10-28,2.01596,"saar_pct","gdpnow",2021-10-08,1.30564069563075,"saar_pct",-1,"backcast","first_release",-0.71031930436925,0.71031930436925,0.504553514159616
"US","rgdp_growth","2021Q3",2021-10-28,2.01596,"saar_pct","gdpnow",2021-10-13,1.32183926287475,"saar_pct",-1,"backcast","first_release",-0.694120737125254,0.694120737125254,0.481803597707305
"US","rgdp_growth","2021Q3",2021-10-28,2.01596,"saar_pct","gdpnow",2021-10-14,1.29427966285207,"saar_pct",-1,"backcast","first_release",-0.721680337147929,0.721680337147929,0.520822509025948
"US","rgdp_growth","2021Q3",2021-10-28,2.01596,"saar_pct","gdpnow",2021-10-15,1.16533548615985,"saar_pct",-1,"backcast","first_release",-0.850624513840154,0.850624513840154,0.723562063545798
"US","rgdp_growth","2021Q3",2021-10-28,2.01596,"saar_pct","gdpnow",2021-10-18,0.514730236065519,"saar_pct",-1,"backcast","first_release",-1.50122976393448,1.50122976393448,2.25369080412278
"US","rgdp_growth","2021Q3",2021-10-28,2.01596,"saar_pct","gdpnow",2021-10-19,0.532810832443853,"saar_pct",-1,"backcast","first_release",-1.48314916755615,1.48314916755615,2.19973145322249
"US","rgdp_growth","2021Q3",2021-10-28,2.01596,"saar_pct","gdpnow",2021-10-21,0.636767325171594,"saar_pct",-1,"backcast","first_release",-1.37919267482841,1.37919267482841,1.90217243430033
"US","rgdp_growth","2021Q3",2021-10-28,2.01596,"saar_pct","gdpnow",2021-10-22,0.410655342239674,"saar_pct",-1,"backcast","first_release",-1.60530465776033,1.60530465776033,2.577003044227
"US","rgdp_growth","2021Q3",2021-10-28,2.01596,"saar_pct","gdpnow",2021-10-26,0.431141316035033,"saar_pct",-1,"backcast","first_release",-1.58481868396497,1.58481868396497,2.51165026104445
"US","rgdp_growth","2021Q3",2021-10-28,2.01596,"saar_pct","gdpnow",2021-10-27,0.194961295094087,"saar_pct",-1,"backcast","first_release",-1.82099870490591,1.82099870490591,3.31603628326901
"US","rgdp_growth","2021Q4",2022-01-27,6.88744,"saar_pct","gdpnow",2021-10-29,6.60464854890559,"saar_pct",0,"nowcast","first_release",-0.28279145109441,0.28279145109441,0.0799710048120822
"US","rgdp_growth","2021Q4",2022-01-27,6.88744,"saar_pct","gdpnow",2021-11-01,8.16366504580657,"saar_pct",0,"nowcast","first_release",1.27622504580657,1.27622504580657,1.62875036754398
"US","rgdp_growth","2021Q4",2022-01-27,6.88744,"saar_pct","gdpnow",2021-11-03,8.51542045018889,"saar_pct",0,"nowcast","first_release",1.62798045018889,1.62798045018889,2.65032034619723
"US","rgdp_growth","2021Q4",2022-01-27,6.88744,"saar_pct","gdpnow",2021-11-04,8.5359227872603,"saar_pct",0,"nowcast","first_release",1.6484827872603,1.6484827872603,2.71749549989348
"US","rgdp_growth","2021Q4",2022-01-27,6.88744,"saar_pct","gdpnow",2021-11-05,8.37190954887594,"saar_pct",0,"nowcast","first_release",1.48446954887594,1.48446954887594,2.20364984153995
"US","rgdp_growth","2021Q4",2022-01-27,6.88744,"saar_pct","gdpnow",2021-11-09,8.37906460115756,"saar_pct",0,"nowcast","first_release",1.49162460115756,1.49162460115756,2.22494395077845
"US","rgdp_growth","2021Q4",2022-01-27,6.88744,"saar_pct","gdpnow",2021-11-10,8.17197162969368,"saar_pct",0,"nowcast","first_release",1.28453162969368,1.28453162969368,1.65002150768349
"US","rgdp_growth","2021Q4",2022-01-27,6.88744,"saar_pct","gdpnow",2021-11-11,8.0662591983816,"saar_pct",0,"nowcast","first_release",1.1788191983816,1.1788191983816,1.38961470247303
"US","rgdp_growth","2021Q4",2022-01-27,6.88744,"saar_pct","gdpnow",2021-11-16,8.67234327699114,"saar_pct",0,"nowcast","first_release",1.78490327699114,1.78490327699114,3.1858797082137
"US","rgdp_growth","2021Q4",2022-01-27,6.88744,"saar_pct","gdpnow",2021-11-17,8.20853870897269,"saar_pct",0,"nowcast","first_release",1.32109870897269,1.32109870897269,1.74530179884931
"US","rgdp_growth","2021Q4",2022-01-27,6.88744,"saar_pct","gdpnow",2021-11-22,8.19584380649667,"saar_pct",0,"nowcast","first_release",1.30840380649667,1.30840380649667,1.71192052085498
"US","rgdp_growth","2021Q4",2022-01-27,6.88744,"saar_pct","gdpnow",2021-11-24,8.57287337003598,"saar_pct",0,"nowcast","first_release",1.68543337003598,1.68543337003598,2.84068564483085
"US","rgdp_growth","2021Q4",2022-01-27,6.88744,"saar_pct","gdpnow",2021-12-01,9.73893433885267,"saar_pct",0,"nowcast","first_release",2.85149433885267,2.85149433885267,8.13101996450881
"US","rgdp_growth","2021Q4",2022-01-27,6.88744,"saar_pct","gdpnow",2021-12-03,8.92157146867951,"saar_pct",0,"nowcast","first_release",2.03413146867951,2.03413146867951,4.13769083187227
"US","rgdp_growth","2021Q4",2022-01-27,6.88744,"saar_pct","gdpnow",2021-12-07,8.63778331300315,"saar_pct",0,"nowcast","first_release",1.75034331300315,1.75034331300315,3.06370171337486
"US","rgdp_growth","2021Q4",2022-01-27,6.88744,"saar_pct","gdpnow",2021-12-09,8.72203846398905,"saar_pct",0,"nowcast","first_release",1.83459846398905,1.83459846398905,3.36575152407097
"US","rgdp_growth","2021Q4",2022-01-27,6.88744,"saar_pct","gdpnow",2021-12-10,8.76282785096214,"saar_pct",0,"nowcast","first_release",1.87538785096214,1.87538785096214,3.51707959153639
"US","rgdp_growth","2021Q4",2022-01-27,6.88744,"saar_pct","gdpnow",2021-12-14,8.7473777637628,"saar_pct",0,"nowcast","first_release",1.8599377637628,1.8599377637628,3.45936848507096
"US","rgdp_growth","2021Q4",2022-01-27,6.88744,"saar_pct","gdpnow",2021-12-15,6.97005285926762,"saar_pct",0,"nowcast","first_release",0.0826128592676172,0.0826128592676172,0.00682488451637112
"US","rgdp_growth","2021Q4",2022-01-27,6.88744,"saar_pct","gdpnow",2021-12-16,7.16030047958387,"saar_pct",0,"nowcast","first_release",0.27286047958387,0.27286047958387,0.0744528413187396
"US","rgdp_growth","2021Q4",2022-01-27,6.88744,"saar_pct","gdpnow",2021-12-22,7.14839478911149,"saar_pct",0,"nowcast","first_release",0.26095478911149,0.26095478911149,0.0680974019602221
"US","rgdp_growth","2021Q4",2022-01-27,6.88744,"saar_pct","gdpnow",2021-12-23,7.64102690388342,"saar_pct",0,"nowcast","first_release",0.753586903883419,0.753586903883419,0.567893221704598
"US","rgdp_growth","2021Q4",2022-01-27,6.88744,"saar_pct","gdpnow",2021-12-29,7.27523022313805,"saar_pct",0,"nowcast","first_release",0.387790223138052,0.387790223138052,0.15038125716146
"US","rgdp_growth","2021Q4",2022-01-27,6.88744,"saar_pct","gdpnow",2022-01-03,7.22861007301916,"saar_pct",-1,"backcast","first_release",0.34117007301916,0.34117007301916,0.116397018723899
"US","rgdp_growth","2021Q4",2022-01-27,6.88744,"saar_pct","gdpnow",2022-01-04,7.35924648614334,"saar_pct",-1,"backcast","first_release",0.471806486143341,0.471806486143341,0.222601360366926
"US","rgdp_growth","2021Q4",2022-01-27,6.88744,"saar_pct","gdpnow",2022-01-06,6.73102362371902,"saar_pct",-1,"backcast","first_release",-0.156416376280976,0.156416376280976,0.024466082768872
"US","rgdp_growth","2021Q4",2022-01-27,6.88744,"saar_pct","gdpnow",2022-01-07,6.71366775324387,"saar_pct",-1,"backcast","first_release",-0.173772246756132,0.173772246756132,0.0301967937426739
"US","rgdp_growth","2021Q4",2022-01-27,6.88744,"saar_pct","gdpnow",2022-01-10,6.78137087832502,"saar_pct",-1,"backcast","first_release",-0.106069121674978,0.106069121674978,0.0112506585729013
"US","rgdp_growth","2021Q4",2022-01-27,6.88744,"saar_pct","gdpnow",2022-01-12,6.72883589578046,"saar_pct",-1,"backcast","first_release",-0.158604104219539,0.158604104219539,0.0251552618752824
"US","rgdp_growth","2021Q4",2022-01-27,6.88744,"saar_pct","gdpnow",2022-01-13,6.77863124608156,"saar_pct",-1,"backcast","first_release",-0.108808753918443,0.108808753918443,0.0118393449292843
"US","rgdp_growth","2021Q4",2022-01-27,6.88744,"saar_pct","gdpnow",2022-01-14,5.04604037180483,"saar_pct",-1,"backcast","first_release",-1.84139962819517,1.84139962819517,3.39075259071732
"US","rgdp_growth","2021Q4",2022-01-27,6.88744,"saar_pct","gdpnow",2022-01-19,5.13739135893287,"saar_pct",-1,"backcast","first_release",-1.75004864106713,1.75004864106713,3.06267024610089
"US","rgdp_growth","2021Q4",2022-01-27,6.88744,"saar_pct","gdpnow",2022-01-20,5.1152845385005,"saar_pct",-1,"backcast","first_release",-1.7721554614995,1.7721554614995,3.14053497972251
"US","rgdp_growth","2021Q4",2022-01-27,6.88744,"saar_pct","gdpnow",2022-01-26,6.49860015413455,"saar_pct",-1,"backcast","first_release",-0.388839845865451,0.388839845865451,0.151196425732668
"US","rgdp_growth","2022Q1",2022-04-28,-1.41411,"saar_pct","gdpnow",2022-01-28,0.0505390836525121,"saar_pct",0,"nowcast","first_release",1.46464908365251,1.46464908365251,2.14519693824414
"US","rgdp_growth","2022Q1",2022-04-28,-1.41411,"saar_pct","gdpnow",2022-02-01,0.143615137841935,"saar_pct",0,"nowcast","first_release",1.55772513784193,1.55772513784193,2.42650760506467
"US","rgdp_growth","2022Q1",2022-04-28,-1.41411,"saar_pct","gdpnow",2022-02-02,1.32040381440424,"saar_pct",0,"nowcast","first_release",2.73451381440424,2.73451381440424,7.47756580116761
"US","rgdp_growth","2022Q1",2022-04-28,-1.41411,"saar_pct","gdpnow",2022-02-03,1.24402774806371,"saar_pct",0,"nowcast","first_release",2.65813774806371,2.65813774806371,7.06569628768123
"US","rgdp_growth","2022Q1",2022-04-28,-1.41411,"saar_pct","gdpnow",2022-02-04,0.882088866512731,"saar_pct",0,"nowcast","first_release",2.29619886651273,2.29619886651273,5.27252923457435
"US","rgdp_growth","2022Q1",2022-04-28,-1.41411,"saar_pct","gdpnow",2022-02-08,0.730960707731043,"saar_pct",0,"nowcast","first_release",2.14507070773104,2.14507070773104,4.60132834116576
"US","rgdp_growth","2022Q1",2022-04-28,-1.41411,"saar_pct","gdpnow",2022-02-09,0.712622243457095,"saar_pct",0,"nowcast","first_release",2.12673224345709,2.12673224345709,4.52299003536005
"US","rgdp_growth","2022Q1",2022-04-28,-1.41411,"saar_pct","gdpnow",2022-02-10,0.643971195755411,"saar_pct",0,"nowcast","first_release",2.05808119575541,2.05808119575541,4.23569820832202
"US","rgdp_growth","2022Q1",2022-04-28,-1.41411,"saar_pct","gdpnow",2022-02-15,0.641373056262373,"saar_pct",0,"nowcast","first_release",2.05548305626237,2.05548305626237,4.22501059458171
"US","rgdp_growth","2022Q1",2022-04-28,-1.41411,"saar_pct","gdpnow",2022-02-16,1.53996004921844,"saar_pct",0,"nowcast","first_release",2.95407004921844,2.95407004921844,8.72652985568941
"US","rgdp_growth","2022Q1",2022-04-28,-1.41411,"saar_pct","gdpnow",2022-02-17,1.28472001759157,"saar_pct",0,"nowcast","first_release",2.69883001759157,2.69883001759157,7.2836834638533
"US","rgdp_growth","2022Q1",2022-04-28,-1.41411,"saar_pct","gdpnow",2022-02-18,1.65134594892808,"saar_pct",0,"nowcast","first_release",3.06545594892808,3.06545594892808,9.39702017481858
"US","rgdp_growth","2022Q1",2022-04-28,-1.41411,"saar_pct","gdpnow",2022-02-25,0.631257752639747,"saar_pct",0,"nowcast","first_release",2.04536775263975,2.04536775263975,4.18352924353857
"US","rgdp_growth","2022Q1",2022-04-28,-1.41411,"saar_pct","gdpnow",2022-02-28,-0.478000352260277,"saar_pct",0,"nowcast","first_release",0.936109647739723,0.936109647739723,0.876301272591388
"US","rgdp_growth","2022Q1",2022-04-28,-1.41411,"saar_pct","gdpnow",2022-03-01,0.0405063607373579,"saar_pct",0,"nowcast","first_release",1.45461636073736,1.45461636073736,2.1159087569248
"US","rgdp_growth","2022Q1",2022-04-28,-1.41411,"saar_pct","gdpnow",2022-03-02,-0.234730371453384,"saar_pct",0,"nowcast","first_release",1.17937962854662,1.17937962854662,1.39093630823075
"US","rgdp_growth","2022Q1",2022-04-28,-1.41411,"saar_pct","gdpnow",2022-03-03,-0.375462374774349,"saar_pct",0,"nowcast","first_release",1.03864762522565,1.03864762522565,1.07878888938688
"US","rgdp_growth","2022Q1",2022-04-28,-1.41411,"saar_pct","gdpnow",2022-03-04,-0.220652193133442,"saar_pct",0,"nowcast","first_release",1.19345780686656,1.19345780686656,1.42434153677074
"US","rgdp_growth","2022Q1",2022-04-28,-1.41411,"saar_pct","gdpnow",2022-03-08,0.517018288791404,"saar_pct",0,"nowcast","first_release",1.9311282887914,1.9311282887914,3.72925646777042
"US","rgdp_growth","2022Q1",2022-04-28,-1.41411,"saar_pct","gdpnow",2022-03-10,0.50200631753472,"saar_pct",0,"nowcast","first_release",1.91611631753472,1.91611631753472,3.67150174232282
"US","rgdp_growth","2022Q1",2022-04-28,-1.41411,"saar_pct","gdpnow",2022-03-15,0.506320807243266,"saar_pct",0,"nowcast","first_release",1.92043080724327,1.92043080724327,3.68805448540902
"US","rgdp_growth","2022Q1",2022-04-28,-1.41411,"saar_pct","gdpnow",2022-03-16,1.17337114781675,"saar_pct",0,"nowcast","first_release",2.58748114781675,2.58748114781675,6.69505869030708
"US","rgdp_growth","2022Q1",2022-04-28,-1.41411,"saar_pct","gdpnow",2022-03-17,1.25385713923458,"saar_pct",0,"nowcast","first_release",2.66796713923458,2.66796713923458,7.11804865603556
"US","rgdp_growth","2022Q1",2022-04-28,-1.41411,"saar_pct","gdpnow",2022-03-18,1.04273170369726,"saar_pct",0,"nowcast","first_release",2.45684170369726,2.45684170369726,6.03607115702607
"US","rgdp_growth","2022Q1",2022-04-28,-1.41411,"saar_pct","gdpnow",2022-03-23,1.02069248458818,"saar_pct",0,"nowcast","first_release",2.43480248458818,2.43480248458818,5.92826313895678
"US","rgdp_growth","2022Q1",2022-04-28,-1.41411,"saar_pct","gdpnow",2022-03-24,0.866718046844128,"saar_pct",0,"nowcast","first_release",2.28082804684413,2.28082804684413,5.2021765792708
"US","rgdp_growth","2022Q1",2022-04-28,-1.41411,"saar_pct","gdpnow",2022-03-28,1.35534156989552,"saar_pct",0,"nowcast","first_release",2.76945156989552,2.76945156989552,7.66986199799675
"US","rgdp_growth","2022Q1",2022-04-28,-1.41411,"saar_pct","gdpnow",2022-03-31,1.30297833160129,"saar_pct",0,"nowcast","first_release",2.71708833160129,2.71708833160129,7.38256900172388
"US","rgdp_growth","2022Q1",2022-04-28,-1.41411,"saar_pct","gdpnow",2022-04-01,1.5136748511231,"saar_pct",-1,"backcast","first_release",2.9277848511231,2.9277848511231,8.57192413446593
"US","rgdp_growth","2022Q1",2022-04-28,-1.41411,"saar_pct","gdpnow",2022-04-04,1.39417789329404,"saar_pct",-1,"backcast","first_release",2.80828789329404,2.80828789329404,7.88648089162185
"US","rgdp_growth","2022Q1",2022-04-28,-1.41411,"saar_pct","gdpnow",2022-04-05,0.884557088640725,"saar_pct",-1,"backcast","first_release",2.29866708864072,2.29866708864072,5.28387038440003
"US","rgdp_growth","2022Q1",2022-04-28,-1.41411,"saar_pct","gdpnow",2022-04-08,1.05772313206975,"saar_pct",-1,"backcast","first_release",2.47183313206975,2.47183313206975,6.10995903279777
"US","rgdp_growth","2022Q1",2022-04-28,-1.41411,"saar_pct","gdpnow",2022-04-12,0.902883775195407,"saar_pct",-1,"backcast","first_release",2.31699377519541,2.31699377519541,5.36846015429426
"US","rgdp_growth","2022Q1",2022-04-28,-1.41411,"saar_pct","gdpnow",2022-04-13,0.811873728912249,"saar_pct",-1,"backcast","first_release",2.22598372891225,2.22598372891225,4.95500356138208
"US","rgdp_growth","2022Q1",2022-04-28,-1.41411,"saar_pct","gdpnow",2022-04-14,1.08228847278862,"saar_pct",-1,"backcast","first_release",2.49639847278862,2.49639847278862,6.23200533494134
"US","rgdp_growth","2022Q1",2022-04-28,-1.41411,"saar_pct","gdpnow",2022-04-15,1.30517162153725,"saar_pct",-1,"backcast","first_release",2.71928162153725,2.71928162153725,7.39449253723025
"US","rgdp_growth","2022Q1",2022-04-28,-1.41411,"saar_pct","gdpnow",2022-04-19,1.32138209649486,"saar_pct",-1,"backcast","first_release",2.73549209649486,2.73549209649486,7.48291700998585
"US","rgdp_growth","2022Q1",2022-04-28,-1.41411,"saar_pct","gdpnow",2022-04-20,1.27068183137982,"saar_pct",-1,"backcast","first_release",2.68479183137982,2.68479183137982,7.20810717784379
"US","rgdp_growth","2022Q1",2022-04-28,-1.41411,"saar_pct","gdpnow",2022-04-25,0.310245152438404,"saar_pct",-1,"backcast","first_release",1.7243551524384,1.7243551524384,2.97340069174087
"US","rgdp_growth","2022Q1",2022-04-28,-1.41411,"saar_pct","gdpnow",2022-04-26,0.44586651062648,"saar_pct",-1,"backcast","first_release",1.85997651062648,1.85997651062648,3.45951262008226
"US","rgdp_growth","2022Q1",2022-04-28,-1.41411,"saar_pct","gdpnow",2022-04-27,0.372772933031462,"saar_pct",-1,"backcast","first_release",1.78688293303146,1.78688293303146,3.19295061635912
"US","rgdp_growth","2022Q2",2022-07-28,-0.93418,"saar_pct","gdpnow",2022-04-29,1.86893557938861,"saar_pct",0,"nowcast","first_release",2.80311557938861,2.80311557938861,7.85745695141114
"US","rgdp_growth","2022Q2",2022-07-28,-0.93418,"saar_pct","gdpnow",2022-05-02,1.60324952572646,"saar_pct",0,"nowcast","first_release",2.53742952572646,2.53742952572646,6.4385485980284
"US","rgdp_growth","2022Q2",2022-07-28,-0.93418,"saar_pct","gdpnow",2022-05-03,1.58421294909454,"saar_pct",0,"nowcast","first_release",2.51839294909454,2.51839294909454,6.34230304604911
"US","rgdp_growth","2022Q2",2022-07-28,-0.93418,"saar_pct","gdpnow",2022-05-04,2.15642595830132,"saar_pct",0,"nowcast","first_release",3.09060595830132,3.09060595830132,9.55184518948763
"US","rgdp_growth","2022Q2",2022-07-28,-0.93418,"saar_pct","gdpnow",2022-05-06,2.03763155765986,"saar_pct",0,"nowcast","first_release",2.97181155765986,2.97181155765986,8.83166393424071
"US","rgdp_growth","2022Q2",2022-07-28,-0.93418,"saar_pct","gdpnow",2022-05-09,1.84804498629334,"saar_pct",0,"nowcast","first_release",2.78222498629334,2.78222498629334,7.74077587435498
"US","rgdp_growth","2022Q2",2022-07-28,-0.93418,"saar_pct","gdpnow",2022-05-11,1.89715570059263,"saar_pct",0,"nowcast","first_release",2.83133570059263,2.83133570059263,8.01646184945038
"US","rgdp_growth","2022Q2",2022-07-28,-0.93418,"saar_pct","gdpnow",2022-05-12,1.86257293558436,"saar_pct",0,"nowcast","first_release",2.79675293558436,2.79675293558436,7.82182698269974
"US","rgdp_growth","2022Q2",2022-07-28,-0.93418,"saar_pct","gdpnow",2022-05-13,1.96831468150229,"saar_pct",0,"nowcast","first_release",2.90249468150229,2.90249468150229,8.42447537614909
"US","rgdp_growth","2022Q2",2022-07-28,-0.93418,"saar_pct","gdpnow",2022-05-17,2.50193346320269,"saar_pct",0,"nowcast","first_release",3.43611346320269,3.43611346320269,11.8068757320028
"US","rgdp_growth","2022Q2",2022-07-28,-0.93418,"saar_pct","gdpnow",2022-05-18,2.39848352411003,"saar_pct",0,"nowcast","first_release",3.33266352411003,3.33266352411003,11.1066461649335
"US","rgdp_growth","2022Q2",2022-07-28,-0.93418,"saar_pct","gdpnow",2022-05-19,2.30976082172973,"saar_pct",0,"nowcast","first_release",3.24394082172973,3.24394082172973,10.5231520548846
"US","rgdp_growth","2022Q2",2022-07-28,-0.93418,"saar_pct","gdpnow",2022-05-24,2.14213314472003,"saar_pct",0,"nowcast","first_release",3.07631314472003,3.07631314472003,9.46370256437722
"US","rgdp_growth","2022Q2",2022-07-28,-0.93418,"saar_pct","gdpnow",2022-05-25,1.80579275166821,"saar_pct",0,"nowcast","first_release",2.73997275166821,2.73997275166821,7.50745067988427
"US","rgdp_growth","2022Q2",2022-07-28,-0.93418,"saar_pct","gdpnow",2022-05-27,1.92477450991659,"saar_pct",0,"nowcast","first_release",2.85895450991659,2.85895450991659,8.17362088977243
"US","rgdp_growth","2022Q2",2022-07-28,-0.93418,"saar_pct","gdpnow",2022-06-01,1.28100573888381,"saar_pct",0,"nowcast","first_release",2.21518573888381,2.21518573888381,4.90704785775422
"US","rgdp_growth","2022Q2",2022-07-28,-0.93418,"saar_pct","gdpnow",2022-06-02,0.298428054637445,"saar_pct",0,"nowcast","first_release",1.23260805463745,1.23260805463745,1.51932261635711
"US","rgdp_growth","2022Q2",2022-07-28,-0.93418,"saar_pct","gdpnow",2022-06-03,1.04140029692033,"saar_pct",0,"nowcast","first_release",1.97558029692033,1.97558029692033,3.9029175095798
"US","rgdp_growth","2022Q2",2022-07-28,-0.93418,"saar_pct","gdpnow",2022-06-07,0.888786795163576,"saar_pct",0,"nowcast","first_release",1.82296679516358,1.82296679516358,3.32320793626896
"US","rgdp_growth","2022Q2",2022-07-28,-0.93418,"saar_pct","gdpnow",2022-06-08,0.884152309687813,"saar_pct",0,"nowcast","first_release",1.81833230968781,1.81833230968781,3.30633238845462
"US","rgdp_growth","2022Q2",2022-07-28,-0.93418,"saar_pct","gdpnow",2022-06-10,0.742515642544883,"saar_pct",0,"nowcast","first_release",1.67669564254488,1.67669564254488,2.811308277729
"US","rgdp_growth","2022Q2",2022-07-28,-0.93418,"saar_pct","gdpnow",2022-06-14,0.72878228672637,"saar_pct",0,"nowcast","first_release",1.66296228672637,1.66296228672637,2.7654435670742
"US","rgdp_growth","2022Q2",2022-07-28,-0.93418,"saar_pct","gdpnow",2022-06-15,-0.00173901837524637,"saar_pct",0,"nowcast","first_release",0.932440981624754,0.932440981624754,0.869446184213334
"US","rgdp_growth","2022Q2",2022-07-28,-0.93418,"saar_pct","gdpnow",2022-06-16,0.027262804051853,"saar_pct",0,"nowcast","first_release",0.961442804051853,0.961442804051853,0.92437226546309
"US","rgdp_growth","2022Q2",2022-07-28,-0.93418,"saar_pct","gdpnow",2022-06-17,0.349911983501894,"saar_pct",0,"nowcast","first_release",1.28409198350189,1.28409198350189,1.64889222209383
"US","rgdp_growth","2022Q2",2022-07-28,-0.93418,"saar_pct","gdpnow",2022-06-21,0.268512804427923,"saar_pct",0,"nowcast","first_release",1.20269280442792,1.20269280442792,1.4464699818227
"US","rgdp_growth","2022Q2",2022-07-28,-0.93418,"saar_pct","gdpnow",2022-06-24,0.224567819866617,"saar_pct",0,"nowcast","first_release",1.15874781986662,1.15874781986662,1.34269651004564
"US","rgdp_growth","2022Q2",2022-07-28,-0.93418,"saar_pct","gdpnow",2022-06-27,0.256381651651405,"saar_pct",0,"nowcast","first_release",1.19056165165141,1.19056165165141,1.41743704638292
"US","rgdp_growth","2022Q2",2022-07-28,-0.93418,"saar_pct","gdpnow",2022-06-28,0.723808481183852,"saar_pct",0,"nowcast","first_release",1.65798848118385,1.65798848118385,2.74892580373834
"US","rgdp_growth","2022Q2",2022-07-28,-0.93418,"saar_pct","gdpnow",2022-06-30,-1.00827641213509,"saar_pct",0,"nowcast","first_release",-0.0740964121350896,0.0740964121350896,0.00549027829129305
"US","rgdp_growth","2022Q2",2022-07-28,-0.93418,"saar_pct","gdpnow",2022-07-01,-2.07752284223776,"saar_pct",-1,"backcast","first_release",-1.14334284223776,1.14334284223776,1.30723285489631
"US","rgdp_growth","2022Q2",2022-07-28,-0.93418,"saar_pct","gdpnow",2022-07-05,-1.82785662852013,"saar_pct",-1,"backcast","first_release",-0.89367662852013,0.89367662852013,0.798657916363107
"US","rgdp_growth","2022Q2",2022-07-28,-0.93418,"saar_pct","gdpnow",2022-07-06,-1.80719741915362,"saar_pct",-1,"backcast","first_release",-0.873017419153617,0.873017419153617,0.762159414145642
"US","rgdp_growth","2022Q2",2022-07-28,-0.93418,"saar_pct","gdpnow",2022-07-07,-1.86510341157855,"saar_pct",-1,"backcast","first_release",-0.93092341157855,0.93092341157855,0.866618398225047
"US","rgdp_growth","2022Q2",2022-07-28,-0.93418,"saar_pct","gdpnow",2022-07-08,-1.2393263199066,"saar_pct",-1,"backcast","first_release",-0.305146319906597,0.305146319906597,0.0931142765525395
"US","rgdp_growth","2022Q2",2022-07-28,-0.93418,"saar_pct","gdpnow",2022-07-13,-1.30274372045461,"saar_pct",-1,"backcast","first_release",-0.368563720454613,0.368563720454613,0.135839216035346
"US","rgdp_growth","2022Q2",2022-07-28,-0.93418,"saar_pct","gdpnow",2022-07-14,-1.14963663724752,"saar_pct",-1,"backcast","first_release",-0.21545663724752,0.21545663724752,0.0464215625340093
"US","rgdp_growth","2022Q2",2022-07-28,-0.93418,"saar_pct","gdpnow",2022-07-15,-1.52446565577815,"saar_pct",-1,"backcast","first_release",-0.590285655778151,0.590285655778151,0.348437155417442
"US","rgdp_growth","2022Q2",2022-07-28,-0.93418,"saar_pct","gdpnow",2022-07-19,-1.59274930901754,"saar_pct",-1,"backcast","first_release",-0.658569309017538,0.658569309017538,0.433713534779838
"US","rgdp_growth","2022Q2",2022-07-28,-0.93418,"saar_pct","gdpnow",2022-07-20,-1.65407713876967,"saar_pct",-1,"backcast","first_release",-0.719897138769672,0.719897138769672,0.51825189040876
"US","rgdp_growth","2022Q2",2022-07-28,-0.93418,"saar_pct","gdpnow",2022-07-26,-1.7602402734779,"saar_pct",-1,"backcast","first_release",-0.826060273477898,0.826060273477898,0.682375575418379
"US","rgdp_growth","2022Q2",2022-07-28,-0.93418,"saar_pct","gdpnow",2022-07-27,-1.20015913919855,"saar_pct",-1,"backcast","first_release",-0.265979139198553,0.265979139198553,0.0707449024888034
"US","rgdp_growth","2022Q3",2022-10-27,2.56665,"saar_pct","gdpnow",2022-07-29,2.06153116567105,"saar_pct",0,"nowcast","first_release",-0.505118834328951,0.505118834328951,0.255145036793838
"US","rgdp_growth","2022Q3",2022-10-27,2.56665,"saar_pct","gdpnow",2022-08-01,1.2581542516872,"saar_pct",0,"nowcast","first_release",-1.3084957483128,1.3084957483128,1.71216112335266
"US","rgdp_growth","2022Q3",2022-10-27,2.56665,"saar_pct","gdpnow",2022-08-03,1.67292022908794,"saar_pct",0,"nowcast","first_release",-0.893729770912063,0.893729770912063,0.798752903414528
"US","rgdp_growth","2022Q3",2022-10-27,2.56665,"saar_pct","gdpnow",2022-08-04,1.44883296322351,"saar_pct",0,"nowcast","first_release",-1.11781703677649,1.11781703677649,1.24951492770777
"US","rgdp_growth","2022Q3",2022-10-27,2.56665,"saar_pct","gdpnow",2022-08-05,2.36464854755969,"saar_pct",0,"nowcast","first_release",-0.202001452440311,0.202001452440311,0.0408045867879953
"US","rgdp_growth","2022Q3",2022-10-27,2.56665,"saar_pct","gdpnow",2022-08-10,2.45326703802793,"saar_pct",0,"nowcast","first_release",-0.113382961972071,0.113382961972071,0.0128556960655602
"US","rgdp_growth","2022Q3",2022-10-27,2.56665,"saar_pct","gdpnow",2022-08-11,2.51436600777299,"saar_pct",0,"nowcast","first_release",-0.0522839922270055,0.0522839922270055,0.00273361584319357
"US","rgdp_growth","2022Q3",2022-10-27,2.56665,"saar_pct","gdpnow",2022-08-12,2.51516652468045,"saar_pct",0,"nowcast","first_release",-0.0514834753195546,0.0514834753195546,0.00265054823097918
"US","rgdp_growth","2022Q3",2022-10-27,2.56665,"saar_pct","gdpnow",2022-08-16,1.81003155458928,"saar_pct",0,"nowcast","first_release",-0.756618445410725,0.756618445410725,0.572471471935742
"US","rgdp_growth","2022Q3",2022-10-27,2.56665,"saar_pct","gdpnow",2022-08-17,1.62307966002442,"saar_pct",0,"nowcast","first_release",-0.943570339975582,0.943570339975582,0.890324986481636
"US","rgdp_growth","2022Q3",2022-10-27,2.56665,"saar_pct","gdpnow",2022-08-18,1.53623073741167,"saar_pct",0,"nowcast","first_release",-1.03041926258833,1.03041926258833,1.06176385671308
"US","rgdp_growth","2022Q3",2022-10-27,2.56665,"saar_pct","gdpnow",2022-08-23,1.42197622359668,"saar_pct",0,"nowcast","first_release",-1.14467377640332,1.14467377640332,1.31027805438544
"US","rgdp_growth","2022Q3",2022-10-27,2.56665,"saar_pct","gdpnow",2022-08-24,1.37863262131757,"saar_pct",0,"nowcast","first_release",-1.18801737868243,1.18801737868243,1.41138529205148
"US","rgdp_growth","2022Q3",2022-10-27,2.56665,"saar_pct","gdpnow",2022-08-26,1.56699978430768,"saar_pct",0,"nowcast","first_release",-0.999650215692323,0.999650215692323,0.999300553733709
"US","rgdp_growth","2022Q3",2022-10-27,2.56665,"saar_pct","gdpnow",2022-09-01,2.59168210676035,"saar_pct",0,"nowcast","first_release",0.0250321067603512,0.0250321067603512,0.000626606368861619
"US","rgdp_growth","2022Q3",2022-10-27,2.56665,"saar_pct","gdpnow",2022-09-02,1.35191287631695,"saar_pct",0,"nowcast","first_release",-1.21473712368305,1.21473712368305,1.47558627965377
"US","rgdp_growth","2022Q3",2022-10-27,2.56665,"saar_pct","gdpnow",2022-09-06,1.35355058225186,"saar_pct",0,"nowcast","first_release",-1.21309941774814,1.21309941774814,1.47161019734087
"US","rgdp_growth","2022Q3",2022-10-27,2.56665,"saar_pct","gdpnow",2022-09-07,1.36121814239816,"saar_pct",0,"nowcast","first_release",-1.20543185760184,1.20543185760184,1.45306596332143
"US","rgdp_growth","2022Q3",2022-10-27,2.56665,"saar_pct","gdpnow",2022-09-09,1.30231854838008,"saar_pct",0,"nowcast","first_release",-1.26433145161992,1.26433145161992,1.59853401955534
"US","rgdp_growth","2022Q3",2022-10-27,2.56665,"saar_pct","gdpnow",2022-09-13,1.42914220144781,"saar_pct",0,"nowcast","first_release",-1.13750779855219,1.13750779855219,1.29392399176705
"US","rgdp_growth","2022Q3",2022-10-27,2.56665,"saar_pct","gdpnow",2022-09-14,1.52985353977035,"saar_pct",0,"nowcast","first_release",-1.03679646022965,1.03679646022965,1.07494689994472
"US","rgdp_growth","2022Q3",2022-10-27,2.56665,"saar_pct","gdpnow",2022-09-15,0.521422234276447,"saar_pct",0,"nowcast","first_release",-2.04522776572355,2.04522776572355,4.18295661368656
"US","rgdp_growth","2022Q3",2022-10-27,2.56665,"saar_pct","gdpnow",2022-09-20,0.306775746979682,"saar_pct",0,"nowcast","first_release",-2.25987425302032,2.25987425302032,5.10703163946414
"US","rgdp_growth","2022Q3",2022-10-27,2.56665,"saar_pct","gdpnow",2022-09-21,0.198485562607242,"saar_pct",0,"nowcast","first_release",-2.36816443739276,2.36816443739276,5.60820280253176
"US","rgdp_growth","2022Q3",2022-10-27,2.56665,"saar_pct","gdpnow",2022-09-27,0.270548346432609,"saar_pct",0,"nowcast","first_release",-2.29610165356739,2.29610165356739,5.27208280351491
"US","rgdp_growth","2022Q3",2022-10-27,2.56665,"saar_pct","gdpnow",2022-09-28,1.58098027699183,"saar_pct",0,"nowcast","first_release",-0.985669723008172,0.985669723008172,0.971544802855007
"US","rgdp_growth","2022Q3",2022-10-27,2.56665,"saar_pct","gdpnow",2022-09-30,2.42481898852274,"saar_pct",0,"nowcast","first_release",-0.14183101147726,0.14183101147726,0.0201160358166627
"US","rgdp_growth","2022Q3",2022-10-27,2.56665,"saar_pct","gdpnow",2022-10-03,2.28357471444582,"saar_pct",-1,"backcast","first_release",-0.283075285554176,0.283075285554176,0.0801316172915783
"US","rgdp_growth","2022Q3",2022-10-27,2.56665,"saar_pct","gdpnow",2022-10-04,2.45676305859861,"saar_pct",-1,"backcast","first_release",-0.10988694140139,0.10988694140139,0.0120751398905525
"US","rgdp_growth","2022Q3",2022-10-27,2.56665,"saar_pct","gdpnow",2022-10-05,2.69691441687314,"saar_pct",-1,"backcast","first_release",0.130264416873142,0.130264416873142,0.0169688183032996
"US","rgdp_growth","2022Q3",2022-10-27,2.56665,"saar_pct","gdpnow",2022-10-07,2.89053828148149,"saar_pct",-1,"backcast","first_release",0.323888281481492,0.323888281481492,0.104903618881034
"US","rgdp_growth","2022Q3",2022-10-27,2.56665,"saar_pct","gdpnow",2022-10-12,2.84846606872056,"saar_pct",-1,"backcast","first_release",0.281816068720556,0.281816068720556,0.0794202965891094
"US","rgdp_growth","2022Q3",2022-10-27,2.56665,"saar_pct","gdpnow",2022-10-13,2.8530366202705,"saar_pct",-1,"backcast","first_release",0.286386620270499,0.286386620270499,0.0820172962699591
"US","rgdp_growth","2022Q3",2022-10-27,2.56665,"saar_pct","gdpnow",2022-10-14,2.80861020652514,"saar_pct",-1,"backcast","first_release",0.241960206525142,0.241960206525142,0.0585447415416892
"US","rgdp_growth","2022Q3",2022-10-27,2.56665,"saar_pct","gdpnow",2022-10-18,2.90096252548377,"saar_pct",-1,"backcast","first_release",0.334312525483774,0.334312525483774,0.111764864695339
"US","rgdp_growth","2022Q3",2022-10-27,2.56665,"saar_pct","gdpnow",2022-10-19,2.8522073933827,"saar_pct",-1,"backcast","first_release",0.2855573933827,0.2855573933827,0.0815430249155218
"US","rgdp_growth","2022Q3",2022-10-27,2.56665,"saar_pct","gdpnow",2022-10-20,2.84006497569707,"saar_pct",-1,"backcast","first_release",0.273414975697065,0.273414975697065,0.0747557489354267
"US","rgdp_growth","2022Q3",2022-10-27,2.56665,"saar_pct","gdpnow",2022-10-21,3.09512769892466,"saar_pct",-1,"backcast","first_release",0.52847769892466,0.52847769892466,0.279288678260704
"US","rgdp_growth","2022Q3",2022-10-27,2.56665,"saar_pct","gdpnow",2022-10-26,3.08846762208628,"saar_pct",-1,"backcast","first_release",0.521817622086277,0.521817622086277,0.272293630719777
"US","rgdp_growth","2022Q4",2023-01-26,2.89158,"saar_pct","gdpnow",2022-10-28,3.06672689702474,"saar_pct",0,"nowcast","first_release",0.175146897024741,0.175146897024741,0.0306764355373952
"US","rgdp_growth","2022Q4",2023-01-26,2.89158,"saar_pct","gdpnow",2022-11-01,2.59886555926958,"saar_pct",0,"nowcast","first_release",-0.292714440730419,0.292714440730419,0.085681743812122
"US","rgdp_growth","2022Q4",2023-01-26,2.89158,"saar_pct","gdpnow",2022-11-02,3.75728297521865,"saar_pct",0,"nowcast","first_release",0.865702975218646,0.865702975218646,0.749441641302415
"US","rgdp_growth","2022Q4",2023-01-26,2.89158,"saar_pct","gdpnow",2022-11-03,3.60327889673511,"saar_pct",0,"nowcast","first_release",0.711698896735107,0.711698896735107,0.506515319613969
"US","rgdp_growth","2022Q4",2023-01-26,2.89158,"saar_pct","gdpnow",2022-11-04,3.82481077439172,"saar_pct",0,"nowcast","first_release",0.933230774391718,0.933230774391718,0.870919678271766
"US","rgdp_growth","2022Q4",2023-01-26,2.89158,"saar_pct","gdpnow",2022-11-09,4.00145310878033,"saar_pct",0,"nowcast","first_release",1.10987310878033,1.10987310878033,1.23181831759371
"US","rgdp_growth","2022Q4",2023-01-26,2.89158,"saar_pct","gdpnow",2022-11-10,4.01821512813507,"saar_pct",0,"nowcast","first_release",1.12663512813507,1.12663512813507,1.26930671194793
"US","rgdp_growth","2022Q4",2023-01-26,2.89158,"saar_pct","gdpnow",2022-11-15,4.00697931806857,"saar_pct",0,"nowcast","first_release",1.11539931806857,1.11539931806857,1.24411563874783
"US","rgdp_growth","2022Q4",2023-01-26,2.89158,"saar_pct","gdpnow",2022-11-16,4.38203568788231,"saar_pct",0,"nowcast","first_release",1.49045568788231,1.49045568788231,2.22145815754074
"US","rgdp_growth","2022Q4",2023-01-26,2.89158,"saar_pct","gdpnow",2022-11-17,4.18117027556348,"saar_pct",0,"nowcast","first_release",1.28959027556348,1.28959027556348,1.6630430788279
"US","rgdp_growth","2022Q4",2023-01-26,2.89158,"saar_pct","gdpnow",2022-11-18,4.14634897302621,"saar_pct",0,"nowcast","first_release",1.25476897302622,1.25476897302622,1.57444517566926
"US","rgdp_growth","2022Q4",2023-01-26,2.89158,"saar_pct","gdpnow",2022-11-23,4.25780709466725,"saar_pct",0,"nowcast","first_release",1.36622709466725,1.36622709466725,1.86657647420293
"US","rgdp_growth","2022Q4",2023-01-26,2.89158,"saar_pct","gdpnow",2022-11-30,4.00260619228545,"saar_pct",0,"nowcast","first_release",1.11102619228545,1.11102619228545,1.23437919994431
"US","rgdp_growth","2022Q4",2023-01-26,2.89158,"saar_pct","gdpnow",2022-12-01,2.83749926919834,"saar_pct",0,"nowcast","first_release",-0.0540807308016595,0.0540807308016595,0.00292472544404157
"US","rgdp_growth","2022Q4",2023-01-26,2.89158,"saar_pct","gdpnow",2022-12-02,3.59012590393883,"saar_pct",0,"nowcast","first_release",0.698545903938835,0.698545903938835,0.487966379909724
"US","rgdp_growth","2022Q4",2023-01-26,2.89158,"saar_pct","gdpnow",2022-12-05,3.11485369649021,"saar_pct",0,"nowcast","first_release",0.223273696490205,0.223273696490205,0.0498511435444003
"US","rgdp_growth","2022Q4",2023-01-26,2.89158,"saar_pct","gdpnow",2022-12-06,3.36465409311986,"saar_pct",0,"nowcast","first_release",0.473074093119857,0.473074093119857,0.223799097581175
"US","rgdp_growth","2022Q4",2023-01-26,2.89158,"saar_pct","gdpnow",2022-12-09,3.18693348076058,"saar_pct",0,"nowcast","first_release",0.295353480760579,0.295353480760579,0.0872336785973896
"US","rgdp_growth","2022Q4",2023-01-26,2.89158,"saar_pct","gdpnow",2022-12-12,3.13808319920821,"saar_pct",0,"nowcast","first_release",0.246503199208208,0.246503199208208,0.0607638272198816
"US","rgdp_growth","2022Q4",2023-01-26,2.89158,"saar_pct","gdpnow",2022-12-15,2.78097502399388,"saar_pct",0,"nowcast","first_release",-0.110604976006119,0.110604976006119,0.0122334607173141
"US","rgdp_growth","2022Q4",2023-01-26,2.89158,"saar_pct","gdpnow",2022-12-20,2.72748823042941,"saar_pct",0,"nowcast","first_release",-0.164091769570591,0.164091769570591,0.0269261088408079
"US","rgdp_growth","2022Q4",2023-01-26,2.89158,"saar_pct","gdpnow",2022-12-23,3.65704036213716,"saar_pct",0,"nowcast","first_release",0.765460362137165,0.765460362137165,0.58592956600316
"US","rgdp_growth","2022Q4",2023-01-26,2.89158,"saar_pct","gdpnow",2022-12-27,3.59758378805954,"saar_pct",0,"nowcast","first_release",0.706003788059544,0.706003788059544,0.498441348754426
"US","rgdp_growth","2022Q4",2023-01-26,2.89158,"saar_pct","gdpnow",2023-01-03,3.90855790739641,"saar_pct",-1,"backcast","first_release",1.01697790739642,1.01697790739642,1.03424406413239
"US","rgdp_growth","2022Q4",2023-01-26,2.89158,"saar_pct","gdpnow",2023-01-04,3.98492490183171,"saar_pct",-1,"backcast","first_release",1.09334490183171,1.09334490183171,1.19540307436139
"US","rgdp_growth","2022Q4",2023-01-26,2.89158,"saar_pct","gdpnow",2023-01-05,3.75645842589447,"saar_pct",-1,"backcast","first_release",0.864878425894471,0.864878425894471,0.748014691577698
"US","rgdp_growth","2022Q4",2023-01-26,2.89158,"saar_pct","gdpnow",2023-01-06,4.13449209195691,"saar_pct",-1,"backcast","first_release",1.24291209195691,1.24291209195691,1.5448304683327
"US","rgdp_growth","2022Q4",2023-01-26,2.89158,"saar_pct","gdpnow",2023-01-10,4.06989276215939,"saar_pct",-1,"backcast","first_release",1.17831276215939,1.17831276215939,1.38842096546769
"US","rgdp_growth","2022Q4",2023-01-26,2.89158,"saar_pct","gdpnow",2023-01-12,4.0206707574554,"saar_pct",-1,"backcast","first_release",1.1290907574554,1.1290907574554,1.27484593857121
"US","rgdp_growth","2022Q4",2023-01-26,2.89158,"saar_pct","gdpnow",2023-01-13,4.11099962444883,"saar_pct",-1,"backcast","first_release",1.21941962444883,1.21941962444883,1.48698422049093
"US","rgdp_growth","2022Q4",2023-01-26,2.89158,"saar_pct","gdpnow",2023-01-18,3.49399663835124,"saar_pct",-1,"backcast","first_release",0.602416638351238,0.602416638351238,0.362905806162406
"US","rgdp_growth","2022Q4",2023-01-26,2.89158,"saar_pct","gdpnow",2023-01-19,3.52993709377398,"saar_pct",-1,"backcast","first_release",0.638357093773983,0.638357093773983,0.407499779171566
"US","rgdp_growth","2022Q4",2023-01-26,2.89158,"saar_pct","gdpnow",2023-01-20,3.52941880972131,"saar_pct",-1,"backcast","first_release",0.637838809721308,0.637838809721308,0.406838347186695
"US","rgdp_growth","2023Q1",2023-04-27,1.06229,"saar_pct","gdpnow",2023-01-27,0.673902352915023,"saar_pct",0,"nowcast","first_release",-0.388387647084977,0.388387647084977,0.150844964408204
"US","rgdp_growth","2023Q1",2023-04-27,1.06229,"saar_pct","gdpnow",2023-02-01,0.675234555788085,"saar_pct",0,"nowcast","first_release",-0.387055444211915,0.387055444211915,0.149811916894083
"US","rgdp_growth","2023Q1",2023-04-27,1.06229,"saar_pct","gdpnow",2023-02-02,2.07427592646421,"saar_pct",0,"nowcast","first_release",1.01198592646421,1.01198592646421,1.02411551536162
"US","rgdp_growth","2023Q1",2023-04-27,1.06229,"saar_pct","gdpnow",2023-02-03,2.13662433455024,"saar_pct",0,"nowcast","first_release",1.07433433455024,1.07433433455024,1.15419426239351
"US","rgdp_growth","2023Q1",2023-04-27,1.06229,"saar_pct","gdpnow",2023-02-07,2.08473335774164,"saar_pct",0,"nowcast","first_release",1.02244335774164,1.02244335774164,1.04539041979
"US","rgdp_growth","2023Q1",2023-04-27,1.06229,"saar_pct","gdpnow",2023-02-08,2.15922943400071,"saar_pct",0,"nowcast","first_release",1.09693943400071,1.09693943400071,1.2032761218658
"US","rgdp_growth","2023Q1",2023-04-27,1.06229,"saar_pct","gdpnow",2023-02-10,2.15287857521829,"saar_pct",0,"nowcast","first_release",1.09058857521829,1.09058857521829,1.18938344039665
"US","rgdp_growth","2023Q1",2023-04-27,1.06229,"saar_pct","gdpnow",2023-02-14,2.14189111435654,"saar_pct",0,"nowcast","first_release",1.07960111435654,1.07960111435654,1.16553856611989
"US","rgdp_growth","2023Q1",2023-04-27,1.06229,"saar_pct","gdpnow",2023-02-15,2.42267930416777,"saar_pct",0,"nowcast","first_release",1.36038930416777,1.36038930416777,1.85065905889408
"US","rgdp_growth","2023Q1",2023-04-27,1.06229,"saar_pct","gdpnow",2023-02-16,2.4949776374239,"saar_pct",0,"nowcast","first_release",1.4326876374239,1.4326876374239,2.05259386642728
"US","rgdp_growth","2023Q1",2023-04-27,1.06229,"saar_pct","gdpnow",2023-02-17,2.49026402454935,"saar_pct",0,"nowcast","first_release",1.42797402454935,1.42797402454935,2.03910981478767
"US","rgdp_growth","2023Q1",2023-04-27,1.06229,"saar_pct","gdpnow",2023-02-21,2.47447061327566,"saar_pct",0,"nowcast","first_release",1.41218061327566,1.41218061327566,1.99425408451162
"US","rgdp_growth","2023Q1",2023-04-27,1.06229,"saar_pct","gdpnow",2023-02-24,2.74536127905112,"saar_pct",0,"nowcast","first_release",1.68307127905112,1.68307127905112,2.83272893036676
"US","rgdp_growth","2023Q1",2023-04-27,1.06229,"saar_pct","gdpnow",2023-02-27,2.80187292728948,"saar_pct",0,"nowcast","first_release",1.73958292728948,1.73958292728948,3.02614876091705
"US","rgdp_growth","2023Q1",2023-04-27,1.06229,"saar_pct","gdpnow",2023-02-28,2.25583559062923,"saar_pct",0,"nowcast","first_release",1.19354559062923,1.19354559062923,1.42455107691048
"US","rgdp_growth","2023Q1",2023-04-27,1.06229,"saar_pct","gdpnow",2023-03-01,2.2684353315725,"saar_pct",0,"nowcast","first_release",1.2061453315725,1.2061453315725,1.45478656087415
"US","rgdp_growth","2023Q1",2023-04-27,1.06229,"saar_pct","gdpnow",2023-03-02,2.03995502867775,"saar_pct",0,"nowcast","first_release",0.977665028677754,0.977665028677754,0.955828908299473
"US","rgdp_growth","2023Q1",2023-04-27,1.06229,"saar_pct","gdpnow",2023-03-03,2.05132285615259,"saar_pct",0,"nowcast","first_release",0.989032856152593,0.989032856152593,0.978185990549356
"US","rgdp_growth","2023Q1",2023-04-27,1.06229,"saar_pct","gdpnow",2023-03-06,2.04309050380704,"saar_pct",0,"nowcast","first_release",0.980800503807044,0.980800503807044,0.96196962826815
"US","rgdp_growth","2023Q1",2023-04-27,1.06229,"saar_pct","gdpnow",2023-03-07,2.04340907173115,"saar_pct",0,"nowcast","first_release",0.98111907173115,0.98111907173115,0.962594632914594
"US","rgdp_growth","2023Q1",2023-04-27,1.06229,"saar_pct","gdpnow",2023-03-08,2.63317414728987,"saar_pct",0,"nowcast","first_release",1.57088414728987,1.57088414728987,2.46767700420663
"US","rgdp_growth","2023Q1",2023-04-27,1.06229,"saar_pct","gdpnow",2023-03-10,2.8025360020719,"saar_pct",0,"nowcast","first_release",1.7402460020719,1.7402460020719,3.02845614772722
"US","rgdp_growth","2023Q1",2023-04-27,1.06229,"saar_pct","gdpnow",2023-03-14,2.83023134592921,"saar_pct",0,"nowcast","first_release",1.76794134592921,1.76794134592921,3.125616602646
"US","rgdp_growth","2023Q1",2023-04-27,1.06229,"saar_pct","gdpnow",2023-03-15,3.15320445450036,"saar_pct",0,"nowcast","first_release",2.09091445450036,2.09091445450036,4.37192325603853
"US","rgdp_growth","2023Q1",2023-04-27,1.06229,"saar_pct","gdpnow",2023-03-16,3.24846392682889,"saar_pct",0,"nowcast","first_release",2.18617392682889,2.18617392682889,4.77935643834646
"US","rgdp_growth","2023Q1",2023-04-27,1.06229,"saar_pct","gdpnow",2023-03-17,3.24258336290923,"saar_pct",0,"nowcast","first_release",2.18029336290923,2.18029336290923,4.75367914834606
"US","rgdp_growth","2023Q1",2023-04-27,1.06229,"saar_pct","gdpnow",2023-03-21,3.45509517430898,"saar_pct",0,"nowcast","first_release",2.39280517430898,2.39280517430898,5.72551660219981
"US","rgdp_growth","2023Q1",2023-04-27,1.06229,"saar_pct","gdpnow",2023-03-23,3.47120093587341,"saar_pct",0,"nowcast","first_release",2.40891093587341,2.40891093587341,5.8028518969705
"US","rgdp_growth","2023Q1",2023-04-27,1.06229,"saar_pct","gdpnow",2023-03-24,3.19407185178102,"saar_pct",0,"nowcast","first_release",2.13178185178102,2.13178185178102,4.54449386358292
"US","rgdp_growth","2023Q1",2023-04-27,1.06229,"saar_pct","gdpnow",2023-03-28,2.6796475463329,"saar_pct",0,"nowcast","first_release",1.6173575463329,1.6173575463329,2.61584543267997
"US","rgdp_growth","2023Q1",2023-04-27,1.06229,"saar_pct","gdpnow",2023-03-31,2.48856863442688,"saar_pct",0,"nowcast","first_release",1.42627863442688,1.42627863442688,2.03427074302261
"US","rgdp_growth","2023Q1",2023-04-27,1.06229,"saar_pct","gdpnow",2023-04-03,1.70918056433826,"saar_pct",-1,"backcast","first_release",0.646890564338264,0.646890564338264,0.418467402229878
"US","rgdp_growth","2023Q1",2023-04-27,1.06229,"saar_pct","gdpnow",2023-04-04,1.99880262067678,"saar_pct",-1,"backcast","first_release",0.936512620676776,0.936512620676776,0.877055888686883
"US","rgdp_growth","2023Q1",2023-04-27,1.06229,"saar_pct","gdpnow",2023-04-05,1.4691056929701,"saar_pct",-1,"backcast","first_release",0.406815692970096,0.406815692970096,0.16549900804674
"US","rgdp_growth","2023Q1",2023-04-27,1.06229,"saar_pct","gdpnow",2023-04-07,2.2287651187181,"saar_pct",-1,"backcast","first_release",1.1664751187181,1.1664751187181,1.36066420258841
"US","rgdp_growth","2023Q1",2023-04-27,1.06229,"saar_pct","gdpnow",2023-04-10,2.16512753656641,"saar_pct",-1,"backcast","first_release",1.10283753656641,1.10283753656641,1.21625063205988
"US","rgdp_growth","2023Q1",2023-04-27,1.06229,"saar_pct","gdpnow",2023-04-12,2.2691443972132,"saar_pct",-1,"backcast","first_release",1.2068543972132,1.2068543972132,1.45649753607283
"US","rgdp_growth","2023Q1",2023-04-27,1.06229,"saar_pct","gdpnow",2023-04-13,2.28979218884371,"saar_pct",-1,"backcast","first_release",1.22750218884371,1.22750218884371,1.5067616236161
"US","rgdp_growth","2023Q1",2023-04-27,1.06229,"saar_pct","gdpnow",2023-04-14,2.46799577837611,"saar_pct",-1,"backcast","first_release",1.40570577837611,1.40570577837611,1.97600873535998
"US","rgdp_growth","2023Q1",2023-04-27,1.06229,"saar_pct","gdpnow",2023-04-18,2.47751716746174,"saar_pct",-1,"backcast","first_release",1.41522716746174,1.41522716746174,2.00286793552178
"US","rgdp_growth","2023Q1",2023-04-27,1.06229,"saar_pct","gdpnow",2023-04-20,2.44422262647717,"saar_pct",-1,"backcast","first_release",1.38193262647717,1.38193262647717,1.90973778412208
"US","rgdp_growth","2023Q1",2023-04-27,1.06229,"saar_pct","gdpnow",2023-04-24,1.28290108101283,"saar_pct",-1,"backcast","first_release",0.220611081012833,0.220611081012833,0.0486692490656507
"US","rgdp_growth","2023Q1",2023-04-27,1.06229,"saar_pct","gdpnow",2023-04-25,1.41074304433253,"saar_pct",-1,"backcast","first_release",0.34845304433253,0.34845304433253,0.121419524104608
"US","rgdp_growth","2023Q1",2023-04-27,1.06229,"saar_pct","gdpnow",2023-04-26,1.1325749102663,"saar_pct",-1,"backcast","first_release",0.0702849102663041,0.0702849102663041,0.00493996861114242
"US","rgdp_growth","2023Q2",2023-07-27,2.41429,"saar_pct","gdpnow",2023-04-28,1.66029678507555,"saar_pct",0,"nowcast","first_release",-0.753993214924445,0.753993214924445,0.568505768152101
"US","rgdp_growth","2023Q2",2023-07-27,2.41429,"saar_pct","gdpnow",2023-05-01,1.83691762507932,"saar_pct",0,"nowcast","first_release",-0.577372374920685,0.577372374920685,0.333358859321552
"US","rgdp_growth","2023Q2",2023-07-27,2.41429,"saar_pct","gdpnow",2023-05-02,1.85611263855974,"saar_pct",0,"nowcast","first_release",-0.558177361440263,0.558177361440263,0.311561966824414
"US","rgdp_growth","2023Q2",2023-07-27,2.41429,"saar_pct","gdpnow",2023-05-03,2.65375534364709,"saar_pct",0,"nowcast","first_release",0.239465343647091,0.239465343647091,0.0573436508080193
"US","rgdp_growth","2023Q2",2023-07-27,2.41429,"saar_pct","gdpnow",2023-05-04,2.66010959531067,"saar_pct",0,"nowcast","first_release",0.245819595310667,0.245819595310667,0.0604272734387001
"US","rgdp_growth","2023Q2",2023-07-27,2.41429,"saar_pct","gdpnow",2023-05-05,2.67154451961678,"saar_pct",0,"nowcast","first_release",0.257254519616775,0.257254519616775,0.0661798878632579
"US","rgdp_growth","2023Q2",2023-07-27,2.41429,"saar_pct","gdpnow",2023-05-08,2.74768705604402,"saar_pct",0,"nowcast","first_release",0.333397056044024,0.333397056044024,0.111153596978822
"US","rgdp_growth","2023Q2",2023-07-27,2.41429,"saar_pct","gdpnow",2023-05-10,2.7025599717462,"saar_pct",0,"nowcast","first_release",0.288269971746199,0.288269971746199,0.0830995766105545
"US","rgdp_growth","2023Q2",2023-07-27,2.41429,"saar_pct","gdpnow",2023-05-11,2.70407463211475,"saar_pct",0,"nowcast","first_release",0.28978463211475,0.28978463211475,0.0839751330098812
"US","rgdp_growth","2023Q2",2023-07-27,2.41429,"saar_pct","gdpnow",2023-05-12,2.60600696970326,"saar_pct",0,"nowcast","first_release",0.191716969703256,0.191716969703256,0.0367553964721993
"US","rgdp_growth","2023Q2",2023-07-27,2.41429,"saar_pct","gdpnow",2023-05-16,2.60866133318507,"saar_pct",0,"nowcast","first_release",0.19437133318507,0.19437133318507,0.0377802151641413
"US","rgdp_growth","2023Q2",2023-07-27,2.41429,"saar_pct","gdpnow",2023-05-17,2.88638767166547,"saar_pct",0,"nowcast","first_release",0.472097671665469,0.472097671665469,0.222876211591957
"US","rgdp_growth","2023Q2",2023-07-27,2.41429,"saar_pct","gdpnow",2023-05-18,2.89279415508557,"saar_pct",0,"nowcast","first_release",0.478504155085565,0.478504155085565,0.228966226434151
"US","rgdp_growth","2023Q2",2023-07-27,2.41429,"saar_pct","gdpnow",2023-05-23,2.80955720382261,"saar_pct",0,"nowcast","first_release",0.39526720382261,0.39526720382261,0.156236162417745
"US","rgdp_growth","2023Q2",2023-07-27,2.41429,"saar_pct","gdpnow",2023-05-26,1.90013605694364,"saar_pct",0,"nowcast","first_release",-0.514153943056364,0.514153943056364,0.264354277160407
"US","rgdp_growth","2023Q2",2023-07-27,2.41429,"saar_pct","gdpnow",2023-06-01,1.95991598404361,"saar_pct",0,"nowcast","first_release",-0.454374015956386,0.454374015956386,0.206455746376334
"US","rgdp_growth","2023Q2",2023-07-27,2.41429,"saar_pct","gdpnow",2023-06-02,2.30116084879288,"saar_pct",0,"nowcast","first_release",-0.113129151207117,0.113129151207117,0.0127982048528428
"US","rgdp_growth","2023Q2",2023-07-27,2.41429,"saar_pct","gdpnow",2023-06-05,2.2826606885912,"saar_pct",0,"nowcast","first_release",-0.131629311408802,0.131629311408802,0.0173262756219553
"US","rgdp_growth","2023Q2",2023-07-27,2.41429,"saar_pct","gdpnow",2023-06-07,2.22363246444806,"saar_pct",0,"nowcast","first_release",-0.190657535551944,0.190657535551944,0.036350295862741
"US","rgdp_growth","2023Q2",2023-07-27,2.41429,"saar_pct","gdpnow",2023-06-08,2.19515891344702,"saar_pct",0,"nowcast","first_release",-0.219131086552985,0.219131086552985,0.0480184330938917
"US","rgdp_growth","2023Q2",2023-07-27,2.41429,"saar_pct","gdpnow",2023-06-12,2.12494061201198,"saar_pct",0,"nowcast","first_release",-0.289349387988017,0.289349387988017,0.0837230683290399
"US","rgdp_growth","2023Q2",2023-07-27,2.41429,"saar_pct","gdpnow",2023-06-13,2.14448335734665,"saar_pct",0,"nowcast","first_release",-0.269806642653351,0.269806642653351,0.0727956244198728
"US","rgdp_growth","2023Q2",2023-07-27,2.41429,"saar_pct","gdpnow",2023-06-14,2.17202689114917,"saar_pct",0,"nowcast","first_release",-0.24226310885083,0.24226310885083,0.0586914139100689
"US","rgdp_growth","2023Q2",2023-07-27,2.41429,"saar_pct","gdpnow",2023-06-15,1.76581055872587,"saar_pct",0,"nowcast","first_release",-0.648479441274133,0.648479441274133,0.420525585755212
"US","rgdp_growth","2023Q2",2023-07-27,2.41429,"saar_pct","gdpnow",2023-06-20,1.94629974574179,"saar_pct",0,"nowcast","first_release",-0.467990254258214,0.467990254258214,0.219014878080667
"US","rgdp_growth","2023Q2",2023-07-27,2.41429,"saar_pct","gdpnow",2023-06-22,1.91188011510874,"saar_pct",0,"nowcast","first_release",-0.502409884891256,0.502409884891256,0.252415692436445
"US","rgdp_growth","2023Q2",2023-07-27,2.41429,"saar_pct","gdpnow",2023-06-27,1.77045319840554,"saar_pct",0,"nowcast","first_release",-0.643836801594458,0.643836801594458,0.414525827087382
"US","rgdp_growth","2023Q2",2023-07-27,2.41429,"saar_pct","gdpnow",2023-06-28,1.63999117826696,"saar_pct",0,"nowcast","first_release",-0.774298821733036,0.774298821733036,0.599538665337167
"US","rgdp_growth","2023Q2",2023-07-27,2.41429,"saar_pct","gdpnow",2023-06-30,2.16623499414108,"saar_pct",0,"nowcast","first_release",-0.248055005858919,0.248055005858919,0.0615312859316684
"US","rgdp_growth","2023Q2",2023-07-27,2.41429,"saar_pct","gdpnow",2023-07-03,1.9422065733415,"saar_pct",-1,"backcast","first_release",-0.472083426658501,0.472083426658501,0.222862761725633
"US","rgdp_growth","2023Q2",2023-07-27,2.41429,"saar_pct","gdpnow",2023-07-05,1.96972516378857,"saar_pct",-1,"backcast","first_release",-0.444564836211428,0.444564836211428,0.197637893595694
"US","rgdp_growth","2023Q2",2023-07-27,2.41429,"saar_pct","gdpnow",2023-07-06,2.12855541175374,"saar_pct",-1,"backcast","first_release",-0.285734588246259,0.285734588246259,0.0816442549202592
"US","rgdp_growth","2023Q2",2023-07-27,2.41429,"saar_pct","gdpnow",2023-07-07,2.23020640231926,"saar_pct",-1,"backcast","first_release",-0.184083597680743,0.184083597680743,0.0338867709350856
"US","rgdp_growth","2023Q2",2023-07-27,2.41429,"saar_pct","gdpnow",2023-07-10,2.29135094520163,"saar_pct",-1,"backcast","first_release",-0.122939054798369,0.122939054798369,0.0151140111947163
"US","rgdp_growth","2023Q2",2023-07-27,2.41429,"saar_pct","gdpnow",2023-07-12,2.26906557199167,"saar_pct",-1,"backcast","first_release",-0.145224428008331,0.145224428008331,0.021090134490347
"US","rgdp_growth","2023Q2",2023-07-27,2.41429,"saar_pct","gdpnow",2023-07-13,2.3622994147636,"saar_pct",-1,"backcast","first_release",-0.0519905852363975,0.0519905852363975,0.00270302095322312
"US","rgdp_growth","2023Q2",2023-07-27,2.41429,"saar_pct","gdpnow",2023-07-14,2.41251621298018,"saar_pct",-1,"backcast","first_release",-0.001773787019824,0.001773787019824,3.14632039169612e-06
"US","rgdp_growth","2023Q2",2023-07-27,2.41429,"saar_pct","gdpnow",2023-07-18,2.38592000307825,"saar_pct",-1,"backcast","first_release",-0.0283699969217541,0.0283699969217541,0.000804856725340339
"US","rgdp_growth","2023Q2",2023-07-27,2.41429,"saar_pct","gdpnow",2023-07-19,2.42212940854172,"saar_pct",-1,"backcast","first_release",0.00783940854171794,0.00783940854171794,6.14563262839602e-05
"US","rgdp_growth","2023Q2",2023-07-27,2.41429,"saar_pct","gdpnow",2023-07-20,2.39998576282032,"saar_pct",-1,"backcast","first_release",-0.0143042371796773,0.0143042371796773,0.000204611201292463
"US","rgdp_growth","2023Q2",2023-07-27,2.41429,"saar_pct","gdpnow",2023-07-26,2.41257578751031,"saar_pct",-1,"backcast","first_release",-0.00171421248969272,0.00171421248969272,2.93852445981853e-06
"US","rgdp_growth","2023Q3",2023-10-26,4.87801,"saar_pct","gdpnow",2023-07-28,3.54604096266604,"saar_pct",0,"nowcast","first_release",-1.33196903733396,1.33196903733396,1.77414151641635
"US","rgdp_growth","2023Q3",2023-10-26,4.87801,"saar_pct","gdpnow",2023-08-01,3.86580160045655,"saar_pct",0,"nowcast","first_release",-1.01220839954345,1.01220839954345,1.02456584410631
"US","rgdp_growth","2023Q3",2023-10-26,4.87801,"saar_pct","gdpnow",2023-08-03,4.03117733162281,"saar_pct",0,"nowcast","first_release",-0.846832668377185,0.846832668377185,0.717125568230823
"US","rgdp_growth","2023Q3",2023-10-26,4.87801,"saar_pct","gdpnow",2023-08-04,4.04870414528,"saar_pct",0,"nowcast","first_release",-0.829305854719998,0.829305854719998,0.687748200672866
"US","rgdp_growth","2023Q3",2023-10-26,4.87801,"saar_pct","gdpnow",2023-08-08,4.12183305902576,"saar_pct",0,"nowcast","first_release",-0.756176940974241,0.756176940974241,0.57180356606116
"US","rgdp_growth","2023Q3",2023-10-26,4.87801,"saar_pct","gdpnow",2023-08-10,4.0901148902182,"saar_pct",0,"nowcast","first_release",-0.7878951097818,0.7878951097818,0.620778704018075
"US","rgdp_growth","2023Q3",2023-10-26,4.87801,"saar_pct","gdpnow",2023-08-11,4.08827026986076,"saar_pct",0,"nowcast","first_release",-0.789739730139239,0.789739730139239,0.623688841360398
"US","rgdp_growth","2023Q3",2023-10-26,4.87801,"saar_pct","gdpnow",2023-08-15,5.03218522764808,"saar_pct",0,"nowcast","first_release",0.154175227648079,0.154175227648079,0.0237700008203368
"US","rgdp_growth","2023Q3",2023-10-26,4.87801,"saar_pct","gdpnow",2023-08-16,5.75678811891809,"saar_pct",0,"nowcast","first_release",0.878778118918088,0.878778118918088,0.772250982289214
"US","rgdp_growth","2023Q3",2023-10-26,4.87801,"saar_pct","gdpnow",2023-08-22,5.73084837764386,"saar_pct",0,"nowcast","first_release",0.85283837764386,0.85283837764386,0.727333298382212
"US","rgdp_growth","2023Q3",2023-10-26,4.87801,"saar_pct","gdpnow",2023-08-23,5.66128246796844,"saar_pct",0,"nowcast","first_release",0.783272467968443,0.783272467968443,0.613515759077375
"US","rgdp_growth","2023Q3",2023-10-26,4.87801,"saar_pct","gdpnow",2023-08-24,5.90627475854011,"saar_pct",0,"nowcast","first_release",1.02826475854011,1.02826475854011,1.05732841365555
"US","rgdp_growth","2023Q3",2023-10-26,4.87801,"saar_pct","gdpnow",2023-08-31,5.63009927162443,"saar_pct",0,"nowcast","first_release",0.752089271624434,0.752089271624434,0.565638272492571
"US","rgdp_growth","2023Q3",2023-10-26,4.87801,"saar_pct","gdpnow",2023-09-01,5.63945681624207,"saar_pct",0,"nowcast","first_release",0.761446816242072,0.761446816242072,0.579801253965188
"US","rgdp_growth","2023Q3",2023-10-26,4.87801,"saar_pct","gdpnow",2023-09-05,5.40030111272078,"saar_pct",0,"nowcast","first_release",0.522291112720785,0.522291112720785,0.272788006427115
"US","rgdp_growth","2023Q3",2023-10-26,4.87801,"saar_pct","gdpnow",2023-09-06,5.57584765445798,"saar_pct",0,"nowcast","first_release",0.697837654457977,0.697837654457977,0.486977391979411
"US","rgdp_growth","2023Q3",2023-10-26,4.87801,"saar_pct","gdpnow",2023-09-08,5.5706386818543,"saar_pct",0,"nowcast","first_release",0.692628681854301,0.692628681854301,0.479734490927227
"US","rgdp_growth","2023Q3",2023-10-26,4.87801,"saar_pct","gdpnow",2023-09-13,5.45836636534649,"saar_pct",0,"nowcast","first_release",0.58035636534649,0.58035636534649,0.336813510798189
"US","rgdp_growth","2023Q3",2023-10-26,4.87801,"saar_pct","gdpnow",2023-09-14,4.9380759111382,"saar_pct",0,"nowcast","first_release",0.0600659111381958,0.0600659111381958,0.00360791368086164
"US","rgdp_growth","2023Q3",2023-10-26,4.87801,"saar_pct","gdpnow",2023-09-15,4.88548671403495,"saar_pct",0,"nowcast","first_release",0.0074767140349481,0.0074767140349481,5.59012527603898e-05
"US","rgdp_growth","2023Q3",2023-10-26,4.87801,"saar_pct","gdpnow",2023-09-19,4.86369261470159,"saar_pct",0,"nowcast","first_release",-0.0143173852984129,0.0143173852984129,0.000204987521783209
"US","rgdp_growth","2023Q3",2023-10-26,4.87801,"saar_pct","gdpnow",2023-09-21,4.82985214340639,"saar_pct",0,"nowcast","first_release",-0.0481578565936118,0.0481578565936118,0.00231917915169088
"US","rgdp_growth","2023Q3",2023-10-26,4.87801,"saar_pct","gdpnow",2023-09-26,4.81159857991331,"saar_pct",0,"nowcast","first_release",-0.0664114200866877,0.0664114200866877,0.0044104767179305
"US","rgdp_growth","2023Q3",2023-10-26,4.87801,"saar_pct","gdpnow",2023-09-27,4.92337188522298,"saar_pct",0,"nowcast","first_release",0.0453618852229827,0.0453618852229827,0.00205770063098305
"US","rgdp_growth","2023Q3",2023-10-26,4.87801,"saar_pct","gdpnow",2023-09-29,4.93246477409586,"saar_pct",0,"nowcast","first_release",0.0544547740958574,0.0544547740958574,0.00296532242183086
"US","rgdp_growth","2023Q3",2023-10-26,4.87801,"saar_pct","gdpnow",2023-10-02,4.8696658422348,"saar_pct",-1,"backcast","first_release",-0.00834415776519482,0.00834415776519482,6.96249688104609e-05
"US","rgdp_growth","2023Q3",2023-10-26,4.87801,"saar_pct","gdpnow",2023-10-04,4.90315433473318,"saar_pct",-1,"backcast","first_release",0.0251443347331843,0.0251443347331843,0.00063223756917442
"US","rgdp_growth","2023Q3",2023-10-26,4.87801,"saar_pct","gdpnow",2023-10-05,4.86014256377258,"saar_pct",-1,"backcast","first_release",-0.0178674362274149,0.0178674362274149,0.00031924527734074
"US","rgdp_growth","2023Q3",2023-10-26,4.87801,"saar_pct","gdpnow",2023-10-06,5.13392292335402,"saar_pct",-1,"backcast","first_release",0.255912923354018,0.255912923354018,0.0654914243395993
"US","rgdp_growth","2023Q3",2023-10-26,4.87801,"saar_pct","gdpnow",2023-10-10,5.14706692865721,"saar_pct",-1,"backcast","first_release",0.269056928657207,0.269056928657207,0.0723916308584494
"US","rgdp_growth","2023Q3",2023-10-26,4.87801,"saar_pct","gdpnow",2023-10-11,5.12757071132828,"saar_pct",-1,"backcast","first_release",0.249560711328278,0.249560711328278,0.062280548638676
"US","rgdp_growth","2023Q3",2023-10-26,4.87801,"saar_pct","gdpnow",2023-10-12,5.14210717918397,"saar_pct",-1,"backcast","first_release",0.264097179183975,0.264097179183975,0.0697473200529325
"US","rgdp_growth","2023Q3",2023-10-26,4.87801,"saar_pct","gdpnow",2023-10-13,5.19280322087208,"saar_pct",-1,"backcast","first_release",0.314793220872078,0.314793220872078,0.0990947719070168
"US","rgdp_growth","2023Q3",2023-10-26,4.87801,"saar_pct","gdpnow",2023-10-17,5.43796309285631,"saar_pct",-1,"backcast","first_release",0.559953092856313,0.559953092856313,0.313547466199351
"US","rgdp_growth","2023Q3",2023-10-26,4.87801,"saar_pct","gdpnow",2023-10-18,5.4109182746845,"saar_pct",-1,"backcast","first_release",0.532908274684496,0.532908274684496,0.283991229227206
"US","rgdp_growth","2023Q3",2023-10-26,4.87801,"saar_pct","gdpnow",2023-10-19,5.38265178199302,"saar_pct",-1,"backcast","first_release",0.50464178199302,0.50464178199302,0.254663328133091
"US","rgdp_growth","2023Q3",2023-10-26,4.87801,"saar_pct","gdpnow",2023-10-20,5.37403535762153,"saar_pct",-1,"backcast","first_release",0.496025357621532,0.496025357621532,0.246041155403569
"US","rgdp_growth","2023Q3",2023-10-26,4.87801,"saar_pct","gdpnow",2023-10-25,5.40521738499224,"saar_pct",-1,"backcast","first_release",0.527207384992245,0.527207384992245,0.277947626790361
"US","rgdp_growth","2023Q4",2024-01-25,3.280041,"saar_pct","gdpnow",2023-10-27,2.25660344961649,"saar_pct",0,"nowcast","first_release",-1.02343755038351,1.02343755038351,1.047424419535
"US","rgdp_growth","2023Q4",2024-01-25,3.280041,"saar_pct","gdpnow",2023-11-01,1.2361602015426,"saar_pct",0,"nowcast","first_release",-2.0438807984574,2.0438807984574,4.17744871830285
"US","rgdp_growth","2023Q4",2024-01-25,3.280041,"saar_pct","gdpnow",2023-11-02,1.448057634838,"saar_pct",0,"nowcast","first_release",-1.831983365162,1.831983365162,3.3561630502303
"US","rgdp_growth","2023Q4",2024-01-25,3.280041,"saar_pct","gdpnow",2023-11-03,2.19033466464935,"saar_pct",0,"nowcast","first_release",-1.08970633535065,1.08970633535065,1.18745989730334
"US","rgdp_growth","2023Q4",2024-01-25,3.280041,"saar_pct","gdpnow",2023-11-07,2.08711943200079,"saar_pct",0,"nowcast","first_release",-1.19292156799921,1.19292156799921,1.42306186739768
"US","rgdp_growth","2023Q4",2024-01-25,3.280041,"saar_pct","gdpnow",2023-11-08,2.06195565555973,"saar_pct",0,"nowcast","first_release",-1.21808534444027,1.21808534444027,1.48373190634016
"US","rgdp_growth","2023Q4",2024-01-25,3.280041,"saar_pct","gdpnow",2023-11-14,2.05437180032355,"saar_pct",0,"nowcast","first_release",-1.22566919967645,1.22566919967645,1.50226498703551
"US","rgdp_growth","2023Q4",2024-01-25,3.280041,"saar_pct","gdpnow",2023-11-15,2.19833388488784,"saar_pct",0,"nowcast","first_release",-1.08170711511216,1.08170711511216,1.17009028288428
"US","rgdp_growth","2023Q4",2024-01-25,3.280041,"saar_pct","gdpnow",2023-11-16,1.80182886427727,"saar_pct",0,"nowcast","first_release",-1.47821213572273,1.47821213572273,2.18511111819797
"US","rgdp_growth","2023Q4",2024-01-25,3.280041,"saar_pct","gdpnow",2023-11-17,1.97036892908604,"saar_pct",0,"nowcast","first_release",-1.30967207091396,1.30967207091396,1.71524093333206
"US","rgdp_growth","2023Q4",2024-01-25,3.280041,"saar_pct","gdpnow",2023-11-21,1.92915592489726,"saar_pct",0,"nowcast","first_release",-1.35088507510274,1.35088507510274,1.82489048613533
"US","rgdp_growth","2023Q4",2024-01-25,3.280041,"saar_pct","gdpnow",2023-11-22,2.10248653888949,"saar_pct",0,"nowcast","first_release",-1.17755446111051,1.17755446111051,1.38663450888126
"US","rgdp_growth","2023Q4",2024-01-25,3.280041,"saar_pct","gdpnow",2023-11-27,1.86285935272412,"saar_pct",0,"nowcast","first_release",-1.41718164727588,1.41718164727588,2.00840382137557
"US","rgdp_growth","2023Q4",2024-01-25,3.280041,"saar_pct","gdpnow",2023-11-29,1.80725491624918,"saar_pct",0,"nowcast","first_release",-1.47278608375082,1.47278608375082,2.16909884849008
"US","rgdp_growth","2023Q4",2024-01-25,3.280041,"saar_pct","gdpnow",2023-11-30,1.7658579805377,"saar_pct",0,"nowcast","first_release",-1.5141830194623,1.5141830194623,2.29275021642797
"US","rgdp_growth","2023Q4",2024-01-25,3.280041,"saar_pct","gdpnow",2023-12-01,1.18630408234739,"saar_pct",0,"nowcast","first_release",-2.09373691765261,2.09373691765261,4.38373428034146
"US","rgdp_growth","2023Q4",2024-01-25,3.280041,"saar_pct","gdpnow",2023-12-04,1.27200145610697,"saar_pct",0,"nowcast","first_release",-2.00803954389303,2.00803954389303,4.03222280983811
"US","rgdp_growth","2023Q4",2024-01-25,3.280041,"saar_pct","gdpnow",2023-12-05,1.29709680007091,"saar_pct",0,"nowcast","first_release",-1.98294419992909,1.98294419992909,3.93206770003243
"US","rgdp_growth","2023Q4",2024-01-25,3.280041,"saar_pct","gdpnow",2023-12-06,1.27317982714734,"saar_pct",0,"nowcast","first_release",-2.00686117285266,2.00686117285266,4.02749176710355
"US","rgdp_growth","2023Q4",2024-01-25,3.280041,"saar_pct","gdpnow",2023-12-07,1.24643241225955,"saar_pct",0,"nowcast","first_release",-2.03360858774045,2.03360858774045,4.13556388813172
"US","rgdp_growth","2023Q4",2024-01-25,3.280041,"saar_pct","gdpnow",2023-12-08,2.33915827397324,"saar_pct",0,"nowcast","first_release",-0.940882726026759,0.940882726026759,0.885260304135546
"US","rgdp_growth","2023Q4",2024-01-25,3.280041,"saar_pct","gdpnow",2023-12-12,2.36744864897704,"saar_pct",0,"nowcast","first_release",-0.912592351022956,0.912592351022956,0.832824799145606
"US","rgdp_growth","2023Q4",2024-01-25,3.280041,"saar_pct","gdpnow",2023-12-13,2.38904852695807,"saar_pct",0,"nowcast","first_release",-0.890992473041929,0.890992473041929,0.793867587017373
"US","rgdp_growth","2023Q4",2024-01-25,3.280041,"saar_pct","gdpnow",2023-12-14,2.61437801781248,"saar_pct",0,"nowcast","first_release",-0.66566298218752,0.66566298218752,0.443107205854783
"US","rgdp_growth","2023Q4",2024-01-25,3.280041,"saar_pct","gdpnow",2023-12-15,2.58955064207143,"saar_pct",0,"nowcast","first_release",-0.690490357928575,0.690490357928575,0.476776934392331
"US","rgdp_growth","2023Q4",2024-01-25,3.280041,"saar_pct","gdpnow",2023-12-19,2.67976713467137,"saar_pct",0,"nowcast","first_release",-0.600273865328627,0.600273865328627,0.36032871339657
"US","rgdp_growth","2023Q4",2024-01-25,3.280041,"saar_pct","gdpnow",2023-12-20,2.67053942596105,"saar_pct",0,"nowcast","first_release",-0.609501574038951,0.609501574038951,0.371492168755959
"US","rgdp_growth","2023Q4",2024-01-25,3.280041,"saar_pct","gdpnow",2023-12-22,2.26307695298305,"saar_pct",0,"nowcast","first_release",-1.01696404701695,1.01696404701695,1.0342158729251
"US","rgdp_growth","2023Q4",2024-01-25,3.280041,"saar_pct","gdpnow",2023-12-28,1.91059443642383,"saar_pct",0,"nowcast","first_release",-1.36944656357617,1.36944656357617,1.87538389049058
"US","rgdp_growth","2023Q4",2024-01-25,3.280041,"saar_pct","gdpnow",2024-01-02,2.0302702103622,"saar_pct",-1,"backcast","first_release",-1.24977078963781,1.24977078963781,1.5619270266319
"US","rgdp_growth","2023Q4",2024-01-25,3.280041,"saar_pct","gdpnow",2024-01-03,2.51028412583576,"saar_pct",-1,"backcast","first_release",-0.76975687416424,0.76975687416424,0.592525645323102
"US","rgdp_growth","2023Q4",2024-01-25,3.280041,"saar_pct","gdpnow",2024-01-04,2.43270411646319,"saar_pct",-1,"backcast","first_release",-0.847336883536809,0.847336883536809,0.717979794201872
"US","rgdp_growth","2023Q4",2024-01-25,3.280041,"saar_pct","gdpnow",2024-01-05,2.01752722650597,"saar_pct",-1,"backcast","first_release",-1.26251377349403,1.26251377349403,1.59394102826214
"US","rgdp_growth","2023Q4",2024-01-25,3.280041,"saar_pct","gdpnow",2024-01-09,2.23416502746348,"saar_pct",-1,"backcast","first_release",-1.04587597253653,1.04587597253653,1.09385654992922
"US","rgdp_growth","2023Q4",2024-01-25,3.280041,"saar_pct","gdpnow",2024-01-10,2.20829126041528,"saar_pct",-1,"backcast","first_release",-1.07174973958472,1.07174973958472,1.14864750429991
"US","rgdp_growth","2023Q4",2024-01-25,3.280041,"saar_pct","gdpnow",2024-01-11,2.20754221568067,"saar_pct",-1,"backcast","first_release",-1.07249878431933,1.07249878431933,1.15025364236644
"US","rgdp_growth","2023Q4",2024-01-25,3.280041,"saar_pct","gdpnow",2024-01-12,2.23287132229597,"saar_pct",-1,"backcast","first_release",-1.04716967770403,1.04716967770403,1.09656433390276
"US","rgdp_growth","2023Q4",2024-01-25,3.280041,"saar_pct","gdpnow",2024-01-17,2.41247566120428,"saar_pct",-1,"backcast","first_release",-0.867565338795717,0.867565338795717,0.752669617079728
"US","rgdp_growth","2023Q4",2024-01-25,3.280041,"saar_pct","gdpnow",2024-01-18,2.39103442328679,"saar_pct",-1,"backcast","first_release",-0.889006576713214,0.889006576713214,0.790332693439347
"US","rgdp_growth","2023Q4",2024-01-25,3.280041,"saar_pct","gdpnow",2024-01-19,2.38341374580382,"saar_pct",-1,"backcast","first_release",-0.896627254196181,0.896627254196181,0.803940432967382
"US","rgdp_growth","2024Q1",2024-04-25,1.58969,"saar_pct","gdpnow",2024-01-26,3.04618637343945,"saar_pct",0,"nowcast","first_release",1.45649637343945,1.45649637343945,2.12138168584228
"US","rgdp_growth","2024Q1",2024-04-25,1.58969,"saar_pct","gdpnow",2024-02-01,4.22344632104941,"saar_pct",0,"nowcast","first_release",2.63375632104941,2.63375632104941,6.93667235866771
"US","rgdp_growth","2024Q1",2024-04-25,1.58969,"saar_pct","gdpnow",2024-02-02,3.47131093655766,"saar_pct",0,"nowcast","first_release",1.88162093655766,1.88162093655766,3.54049734889212
"US","rgdp_growth","2024Q1",2024-04-25,1.58969,"saar_pct","gdpnow",2024-02-05,3.47759575273328,"saar_pct",0,"nowcast","first_release",1.88790575273328,1.88790575273328,3.5641881312034
"US","rgdp_growth","2024Q1",2024-04-25,1.58969,"saar_pct","gdpnow",2024-02-07,3.39299872116037,"saar_pct",0,"nowcast","first_release",1.80330872116037,1.80330872116037,3.25192234381304
"US","rgdp_growth","2024Q1",2024-04-25,1.58969,"saar_pct","gdpnow",2024-02-08,3.42310460504678,"saar_pct",0,"nowcast","first_release",1.83341460504678,1.83341460504678,3.36140911399883
"US","rgdp_growth","2024Q1",2024-04-25,1.58969,"saar_pct","gdpnow",2024-02-12,3.4251032082006,"saar_pct",0,"nowcast","first_release",1.8354132082006,1.8354132082006,3.36874164483721
"US","rgdp_growth","2024Q1",2024-04-25,1.58969,"saar_pct","gdpnow",2024-02-13,3.42542963552888,"saar_pct",0,"nowcast","first_release",1.83573963552888,1.83573963552888,3.36994000945169
"US","rgdp_growth","2024Q1",2024-04-25,1.58969,"saar_pct","gdpnow",2024-02-15,2.86354816382548,"saar_pct",0,"nowcast","first_release",1.27385816382548,1.27385816382548,1.62271462154482
"US","rgdp_growth","2024Q1",2024-04-25,1.58969,"saar_pct","gdpnow",2024-02-16,2.86608725802198,"saar_pct",0,"nowcast","first_release",1.27639725802198,1.27639725802198,1.62918996028602
"US","rgdp_growth","2024Q1",2024-04-25,1.58969,"saar_pct","gdpnow",2024-02-22,2.90073379043301,"saar_pct",0,"nowcast","first_release",1.31104379043301,1.31104379043301,1.71883582043295
"US","rgdp_growth","2024Q1",2024-04-25,1.58969,"saar_pct","gdpnow",2024-02-26,3.16497241816234,"saar_pct",0,"nowcast","first_release",1.57528241816234,1.57528241816234,2.48151469697138
"US","rgdp_growth","2024Q1",2024-04-25,1.58969,"saar_pct","gdpnow",2024-02-27,3.24651627587349,"saar_pct",0,"nowcast","first_release",1.65682627587349,1.65682627587349,2.74507330842482
"US","rgdp_growth","2024Q1",2024-04-25,1.58969,"saar_pct","gdpnow",2024-02-29,2.9546218940665,"saar_pct",0,"nowcast","first_release",1.3649318940665,1.3649318940665,1.86303907543996
"US","rgdp_growth","2024Q1",2024-04-25,1.58969,"saar_pct","gdpnow",2024-03-01,2.12220197103261,"saar_pct",0,"nowcast","first_release",0.532511971032611,0.532511971032611,0.283568999293037
"US","rgdp_growth","2024Q1",2024-04-25,1.58969,"saar_pct","gdpnow",2024-03-05,2.62771871674348,"saar_pct",0,"nowcast","first_release",1.03802871674348,1.03802871674348,1.07750361678411
"US","rgdp_growth","2024Q1",2024-04-25,1.58969,"saar_pct","gdpnow",2024-03-06,2.54356767269219,"saar_pct",0,"nowcast","first_release",0.953877672692193,0.953877672692193,0.909882614460674
"US","rgdp_growth","2024Q1",2024-04-25,1.58969,"saar_pct","gdpnow",2024-03-07,2.53465574435345,"saar_pct",0,"nowcast","first_release",0.944965744353453,0.944965744353453,0.892960258001476
"US","rgdp_growth","2024Q1",2024-04-25,1.58969,"saar_pct","gdpnow",2024-03-08,3.20134961499117,"saar_pct",0,"nowcast","first_release",1.61165961499117,1.61165961499117,2.59744671459348
"US","rgdp_growth","2024Q1",2024-04-25,1.58969,"saar_pct","gdpnow",2024-03-12,3.17602500349383,"saar_pct",0,"nowcast","first_release",1.58633500349383,1.58633500349383,2.51645874330978
"US","rgdp_growth","2024Q1",2024-04-25,1.58969,"saar_pct","gdpnow",2024-03-14,2.33860742747065,"saar_pct",0,"nowcast","first_release",0.748917427470651,0.748917427470651,0.560877313169258
"US","rgdp_growth","2024Q1",2024-04-25,1.58969,"saar_pct","gdpnow",2024-03-15,1.96888375842195,"saar_pct",0,"nowcast","first_release",0.379193758421946,0.379193758421946,0.143787906426161
"US","rgdp_growth","2024Q1",2024-04-25,1.58969,"saar_pct","gdpnow",2024-03-19,2.07594558316426,"saar_pct",0,"nowcast","first_release",0.486255583164263,0.486255583164263,0.236444492158417
"US","rgdp_growth","2024Q1",2024-04-25,1.58969,"saar_pct","gdpnow",2024-03-21,2.21826385231212,"saar_pct",0,"nowcast","first_release",0.628573852312119,0.628573852312119,0.395105087810498
"US","rgdp_growth","2024Q1",2024-04-25,1.58969,"saar_pct","gdpnow",2024-03-25,2.19013258782856,"saar_pct",0,"nowcast","first_release",0.600442587828564,0.600442587828564,0.360531301278262
"US","rgdp_growth","2024Q1",2024-04-25,1.58969,"saar_pct","gdpnow",2024-03-26,2.14149547735061,"saar_pct",0,"nowcast","first_release",0.551805477350608,0.551805477350608,0.304489284834132
"US","rgdp_growth","2024Q1",2024-04-25,1.58969,"saar_pct","gdpnow",2024-03-29,2.33413256783663,"saar_pct",0,"nowcast","first_release",0.744442567836633,0.744442567836633,0.5541947368072
"US","rgdp_growth","2024Q1",2024-04-25,1.58969,"saar_pct","gdpnow",2024-04-01,2.81937384007127,"saar_pct",-1,"backcast","first_release",1.22968384007127,1.22968384007127,1.51212234653243
"US","rgdp_growth","2024Q1",2024-04-25,1.58969,"saar_pct","gdpnow",2024-04-02,2.82705635862479,"saar_pct",-1,"backcast","first_release",1.23736635862479,1.23736635862479,1.53107550545637
"US","rgdp_growth","2024Q1",2024-04-25,1.58969,"saar_pct","gdpnow",2024-04-03,2.47233672834561,"saar_pct",-1,"backcast","first_release",0.882646728345614,0.882646728345614,0.779065247059217
"US","rgdp_growth","2024Q1",2024-04-25,1.58969,"saar_pct","gdpnow",2024-04-04,2.46626391168081,"saar_pct",-1,"backcast","first_release",0.87657391168081,0.87657391168081,0.768381822639397
"US","rgdp_growth","2024Q1",2024-04-25,1.58969,"saar_pct","gdpnow",2024-04-05,2.31967408129425,"saar_pct",-1,"backcast","first_release",0.729984081294254,0.729984081294254,0.532876758943016
"US","rgdp_growth","2024Q1",2024-04-25,1.58969,"saar_pct","gdpnow",2024-04-10,2.35790859107192,"saar_pct",-1,"backcast","first_release",0.768218591071922,0.768218591071922,0.590159803668529
"US","rgdp_growth","2024Q1",2024-04-25,1.58969,"saar_pct","gdpnow",2024-04-11,2.37029356467544,"saar_pct",-1,"backcast","first_release",0.780603564675441,0.780603564675441,0.609341925184005
"US","rgdp_growth","2024Q1",2024-04-25,1.58969,"saar_pct","gdpnow",2024-04-12,2.41628936591032,"saar_pct",-1,"backcast","first_release",0.826599365910318,0.826599365910318,0.68326651172334
"US","rgdp_growth","2024Q1",2024-04-25,1.58969,"saar_pct","gdpnow",2024-04-15,2.79605422872857,"saar_pct",-1,"backcast","first_release",1.20636422872857,1.20636422872857,1.45531465235588
"US","rgdp_growth","2024Q1",2024-04-25,1.58969,"saar_pct","gdpnow",2024-04-16,2.89709894138346,"saar_pct",-1,"backcast","first_release",1.30740894138346,1.30740894138346,1.70931814000941
"US","rgdp_growth","2024Q1",2024-04-25,1.58969,"saar_pct","gdpnow",2024-04-18,2.85378007942565,"saar_pct",-1,"backcast","first_release",1.26409007942565,1.26409007942565,1.59792372890234
"US","rgdp_growth","2024Q1",2024-04-25,1.58969,"saar_pct","gdpnow",2024-04-23,2.75580269545659,"saar_pct",-1,"backcast","first_release",1.16611269545659,1.16611269545659,1.35981881850503
"US","rgdp_growth","2024Q1",2024-04-25,1.58969,"saar_pct","gdpnow",2024-04-24,2.70469419494332,"saar_pct",-1,"backcast","first_release",1.11500419494332,1.11500419494332,1.24323435474121
"US","rgdp_growth","2024Q2",2024-07-25,2.840098,"saar_pct","gdpnow",2024-04-26,3.88123646993335,"saar_pct",0,"nowcast","first_release",1.04113846993335,1.04113846993335,1.08396931357515
"US","rgdp_growth","2024Q2",2024-07-25,2.840098,"saar_pct","gdpnow",2024-05-01,3.27076984428729,"saar_pct",0,"nowcast","first_release",0.430671844287291,0.430671844287291,0.185478237461817
"US","rgdp_growth","2024Q2",2024-07-25,2.840098,"saar_pct","gdpnow",2024-05-02,3.30760452674073,"saar_pct",0,"nowcast","first_release",0.467506526740726,0.467506526740726,0.218562352545177
"US","rgdp_growth","2024Q2",2024-07-25,2.840098,"saar_pct","gdpnow",2024-05-03,4.14264922107845,"saar_pct",0,"nowcast","first_release",1.30255122107845,1.30255122107845,1.69663968353297
"US","rgdp_growth","2024Q2",2024-07-25,2.840098,"saar_pct","gdpnow",2024-05-08,4.17675521713201,"saar_pct",0,"nowcast","first_release",1.33665721713201,1.33665721713201,1.78665251611109
"US","rgdp_growth","2024Q2",2024-07-25,2.840098,"saar_pct","gdpnow",2024-05-10,4.1666071086738,"saar_pct",0,"nowcast","first_release",1.3265091086738,1.3265091086738,1.75962641539457
"US","rgdp_growth","2024Q2",2024-07-25,2.840098,"saar_pct","gdpnow",2024-05-14,4.16815297855819,"saar_pct",0,"nowcast","first_release",1.32805497855819,1.32805497855819,1.7637300260732
"US","rgdp_growth","2024Q2",2024-07-25,2.840098,"saar_pct","gdpnow",2024-05-15,3.77116442370096,"saar_pct",0,"nowcast","first_release",0.931066423700957,0.931066423700957,0.86688468534329
"US","rgdp_growth","2024Q2",2024-07-25,2.840098,"saar_pct","gdpnow",2024-05-16,3.59524077618343,"saar_pct",0,"nowcast","first_release",0.755142776183428,0.755142776183428,0.570240612422015
"US","rgdp_growth","2024Q2",2024-07-25,2.840098,"saar_pct","gdpnow",2024-05-22,3.56688652786987,"saar_pct",0,"nowcast","first_release",0.726788527869873,0.726788527869873,0.528221564243257
"US","rgdp_growth","2024Q2",2024-07-25,2.840098,"saar_pct","gdpnow",2024-05-23,3.43647370094531,"saar_pct",0,"nowcast","first_release",0.596375700945309,0.596375700945309,0.355663976678008
"US","rgdp_growth","2024Q2",2024-07-25,2.840098,"saar_pct","gdpnow",2024-05-24,3.52173843733987,"saar_pct",0,"nowcast","first_release",0.681640437339872,0.681640437339872,0.464633685816892
"US","rgdp_growth","2024Q2",2024-07-25,2.840098,"saar_pct","gdpnow",2024-05-31,2.66145184663795,"saar_pct",0,"nowcast","first_release",-0.178646153362048,0.178646153362048,0.0319144481110562
"US","rgdp_growth","2024Q2",2024-07-25,2.840098,"saar_pct","gdpnow",2024-06-03,1.84573352654631,"saar_pct",0,"nowcast","first_release",-0.994364473453688,0.994364473453688,0.988760706066831
"US","rgdp_growth","2024Q2",2024-07-25,2.840098,"saar_pct","gdpnow",2024-06-04,2.25346188913331,"saar_pct",0,"nowcast","first_release",-0.586636110866687,0.586636110866687,0.344141926572792
"US","rgdp_growth","2024Q2",2024-07-25,2.840098,"saar_pct","gdpnow",2024-06-05,2.40601136101146,"saar_pct",0,"nowcast","first_release",-0.434086638988538,0.434086638988538,0.188431210148365
"US","rgdp_growth","2024Q2",2024-07-25,2.840098,"saar_pct","gdpnow",2024-06-06,2.57551459216261,"saar_pct",0,"nowcast","first_release",-0.264583407837391,0.264583407837391,0.0700043797028472
"US","rgdp_growth","2024Q2",2024-07-25,2.840098,"saar_pct","gdpnow",2024-06-07,3.10530499523083,"saar_pct",0,"nowcast","first_release",0.265206995230829,0.265206995230829,0.0703347503193649
"US","rgdp_growth","2024Q2",2024-07-25,2.840098,"saar_pct","gdpnow",2024-06-12,3.13413264523881,"saar_pct",0,"nowcast","first_release",0.294034645238808,0.294034645238808,0.0864563726007115
"US","rgdp_growth","2024Q2",2024-07-25,2.840098,"saar_pct","gdpnow",2024-06-13,3.21072849934052,"saar_pct",0,"nowcast","first_release",0.370630499340521,0.370630499340521,0.137366967041404
"US","rgdp_growth","2024Q2",2024-07-25,2.840098,"saar_pct","gdpnow",2024-06-14,3.19262773430857,"saar_pct",0,"nowcast","first_release",0.352529734308573,0.352529734308573,0.124277213571673
"US","rgdp_growth","2024Q2",2024-07-25,2.840098,"saar_pct","gdpnow",2024-06-18,3.08533780628355,"saar_pct",0,"nowcast","first_release",0.24523980628355,0.24523980628355,0.0601425625859933
"US","rgdp_growth","2024Q2",2024-07-25,2.840098,"saar_pct","gdpnow",2024-06-20,3.00698046324817,"saar_pct",0,"nowcast","first_release",0.166882463248166,0.166882463248166,0.0278497565397754
"US","rgdp_growth","2024Q2",2024-07-25,2.840098,"saar_pct","gdpnow",2024-06-21,2.97898668067447,"saar_pct",0,"nowcast","first_release",0.138888680674467,0.138888680674467,0.0192900656194941
"US","rgdp_growth","2024Q2",2024-07-25,2.840098,"saar_pct","gdpnow",2024-06-26,2.95433539294865,"saar_pct",0,"nowcast","first_release",0.114237392948648,0.114237392948648,0.0130501819477039
"US","rgdp_growth","2024Q2",2024-07-25,2.840098,"saar_pct","gdpnow",2024-06-27,2.68926902120334,"saar_pct",0,"nowcast","first_release",-0.150828978796655,0.150828978796655,0.0227493808448419
"US","rgdp_growth","2024Q2",2024-07-25,2.840098,"saar_pct","gdpnow",2024-06-28,2.24781578297726,"saar_pct",0,"nowcast","first_release",-0.592282217022742,0.592282217022742,0.350798224601374
"US","rgdp_growth","2024Q2",2024-07-25,2.840098,"saar_pct","gdpnow",2024-07-01,1.72906845773688,"saar_pct",-1,"backcast","first_release",-1.11102954226312,1.11102954226312,1.23438664378139
"US","rgdp_growth","2024Q2",2024-07-25,2.840098,"saar_pct","gdpnow",2024-07-03,1.54685128391829,"saar_pct",-1,"backcast","first_release",-1.29324671608171,1.29324671608171,1.67248706865612
"US","rgdp_growth","2024Q2",2024-07-25,2.840098,"saar_pct","gdpnow",2024-07-05,1.98582402027914,"saar_pct",-1,"backcast","first_release",-0.854273979720863,0.854273979720863,0.729784032428122
"US","rgdp_growth","2024Q2",2024-07-25,2.840098,"saar_pct","gdpnow",2024-07-10,2.02184751713048,"saar_pct",-1,"backcast","first_release",-0.818250482869518,0.818250482869518,0.669533852716199
"US","rgdp_growth","2024Q2",2024-07-25,2.840098,"saar_pct","gdpnow",2024-07-11,1.99720187480503,"saar_pct",-1,"backcast","first_release",-0.84289612519497,0.84289612519497,0.710473877868694
"US","rgdp_growth","2024Q2",2024-07-25,2.840098,"saar_pct","gdpnow",2024-07-12,2.03612848643735,"saar_pct",-1,"backcast","first_release",-0.80396951356265,0.80396951356265,0.646366978738164
"US","rgdp_growth","2024Q2",2024-07-25,2.840098,"saar_pct","gdpnow",2024-07-16,2.4542241748478,"saar_pct",-1,"backcast","first_release",-0.385873825152203,0.385873825152203,0.148898608937593
"US","rgdp_growth","2024Q2",2024-07-25,2.840098,"saar_pct","gdpnow",2024-07-17,2.72643164340902,"saar_pct",-1,"backcast","first_release",-0.113666356590978,0.113666356590978,0.0129200406206673
"US","rgdp_growth","2024Q2",2024-07-25,2.840098,"saar_pct","gdpnow",2024-07-23,2.60077067408204,"saar_pct",-1,"backcast","first_release",-0.239327325917957,0.239327325917957,0.0572775689310402
"US","rgdp_growth","2024Q2",2024-07-25,2.840098,"saar_pct","gdpnow",2024-07-24,2.61316743874838,"saar_pct",-1,"backcast","first_release",-0.226930561251624,0.226930561251624,0.0514974796299769
"US","rgdp_growth","2024Q3",2024-09-30,2.824836,"saar_pct","gdpnow",2024-07-26,2.83005129146103,"saar_pct",0,"nowcast","first_release",0.00521529146103328,0.00521529146103328,2.71992650235266e-05
"US","rgdp_growth","2024Q3",2024-09-30,2.824836,"saar_pct","gdpnow",2024-08-01,2.54548128215626,"saar_pct",0,"nowcast","first_release",-0.279354717843741,0.279354717843741,0.0780390583815561
"US","rgdp_growth","2024Q3",2024-09-30,2.824836,"saar_pct","gdpnow",2024-08-02,2.90949992431204,"saar_pct",0,"nowcast","first_release",0.0846639243120424,0.0846639243120424,0.00716798007991524
"US","rgdp_growth","2024Q3",2024-09-30,2.824836,"saar_pct","gdpnow",2024-08-05,2.90232444198013,"saar_pct",0,"nowcast","first_release",0.0774884419801309,0.0774884419801309,0.00600445864050812
"US","rgdp_growth","2024Q3",2024-09-30,2.824836,"saar_pct","gdpnow",2024-08-06,2.89552371213226,"saar_pct",0,"nowcast","first_release",0.0706877121322602,0.0706877121322602,0.00499675264649329
"US","rgdp_growth","2024Q3",2024-09-30,2.824836,"saar_pct","gdpnow",2024-08-08,2.90959098449486,"saar_pct",0,"nowcast","first_release",0.0847549844948587,0.0847549844948587,0.00718340739672375
"US","rgdp_growth","2024Q3",2024-09-30,2.824836,"saar_pct","gdpnow",2024-08-13,2.88983476023417,"saar_pct",0,"nowcast","first_release",0.0649987602341668,0.0649987602341668,0.00422483883197871
"US","rgdp_growth","2024Q3",2024-09-30,2.824836,"saar_pct","gdpnow",2024-08-14,2.89014572383983,"saar_pct",0,"nowcast","first_release",0.0653097238398321,0.0653097238398321,0.00426536002803514
"US","rgdp_growth","2024Q3",2024-09-30,2.824836,"saar_pct","gdpnow",2024-08-15,2.43515456090511,"saar_pct",0,"nowcast","first_release",-0.389681439094894,0.389681439094894,0.151851623975067
"US","rgdp_growth","2024Q3",2024-09-30,2.824836,"saar_pct","gdpnow",2024-08-16,1.98962510691949,"saar_pct",0,"nowcast","first_release",-0.83521089308051,0.83521089308051,0.697577235920342
"US","rgdp_growth","2024Q3",2024-09-30,2.824836,"saar_pct","gdpnow",2024-08-22,1.95763977556291,"saar_pct",0,"nowcast","first_release",-0.867196224437086,0.867196224437086,0.752029291677937
"US","rgdp_growth","2024Q3",2024-09-30,2.824836,"saar_pct","gdpnow",2024-08-23,1.99364280570506,"saar_pct",0,"nowcast","first_release",-0.831193194294935,0.831193194294935,0.690882126242218
"US","rgdp_growth","2024Q3",2024-09-30,2.824836,"saar_pct","gdpnow",2024-08-26,1.99076847316215,"saar_pct",0,"nowcast","first_release",-0.834067526837848,0.834067526837848,0.695668639325404
"US","rgdp_growth","2024Q3",2024-09-30,2.824836,"saar_pct","gdpnow",2024-08-30,2.53146932085293,"saar_pct",0,"nowcast","first_release",-0.293366679147069,0.293366679147069,0.0860640084337796
"US","rgdp_growth","2024Q3",2024-09-30,2.824836,"saar_pct","gdpnow",2024-09-03,2.03829734785028,"saar_pct",0,"nowcast","first_release",-0.786538652149718,0.786538652149718,0.618643051325495
"US","rgdp_growth","2024Q3",2024-09-30,2.824836,"saar_pct","gdpnow",2024-09-04,2.09023614745956,"saar_pct",0,"nowcast","first_release",-0.734599852540443,0.734599852540443,0.539636943352441
"US","rgdp_growth","2024Q3",2024-09-30,2.824836,"saar_pct","gdpnow",2024-09-05,1.96627539122307,"saar_pct",0,"nowcast","first_release",-0.858560608776929,0.858560608776929,0.73712631894341
"US","rgdp_growth","2024Q3",2024-09-30,2.824836,"saar_pct","gdpnow",2024-09-06,2.48329385329331,"saar_pct",0,"nowcast","first_release",-0.341542146706689,0.341542146706689,0.116651037977013
"US","rgdp_growth","2024Q3",2024-09-30,2.824836,"saar_pct","gdpnow",2024-09-09,2.4706600887286,"saar_pct",0,"nowcast","first_release",-0.354175911271395,0.354175911271395,0.125440576124923
"US","rgdp_growth","2024Q3",2024-09-30,2.824836,"saar_pct","gdpnow",2024-09-11,2.48705270056238,"saar_pct",0,"nowcast","first_release",-0.337783299437624,0.337783299437624,0.114097557378968
"US","rgdp_growth","2024Q3",2024-09-30,2.824836,"saar_pct","gdpnow",2024-09-12,2.52629460657265,"saar_pct",0,"nowcast","first_release",-0.298541393427346,0.298541393427346,0.0891269635895411
"US","rgdp_growth","2024Q3",2024-09-30,2.824836,"saar_pct","gdpnow",2024-09-13,2.56998714619938,"saar_pct",0,"nowcast","first_release",-0.254848853800618,0.254848853800618,0.0649479382834889
"US","rgdp_growth","2024Q3",2024-09-30,2.824836,"saar_pct","gdpnow",2024-09-17,2.9931152081617,"saar_pct",0,"nowcast","first_release",0.168279208161701,0.168279208161701,0.028317891899529
"US","rgdp_growth","2024Q3",2024-09-30,2.824836,"saar_pct","gdpnow",2024-09-18,2.92959912324628,"saar_pct",0,"nowcast","first_release",0.104763123246285,0.104763123246285,0.0109753119923163
"US","rgdp_growth","2024Q3",2024-09-30,2.824836,"saar_pct","gdpnow",2024-09-19,2.8710592203673,"saar_pct",0,"nowcast","first_release",0.0462232203673003,0.0462232203673003,0.00213658610112401
"US","rgdp_growth","2024Q3",2024-09-30,2.824836,"saar_pct","gdpnow",2024-09-25,2.80651211692742,"saar_pct",0,"nowcast","first_release",-0.0183238830725823,0.0183238830725823,0.000335764690857667
"US","rgdp_growth","2024Q3",2024-09-30,2.824836,"saar_pct","gdpnow",2024-09-27,3.07730803879669,"saar_pct",0,"nowcast","first_release",0.252472038796689,0.252472038796689,0.0637421303741568
"US","rgdp_growth","2024Q4",2025-01-30,2.25121,"saar_pct","gdpnow",2024-10-31,2.66172730675214,"saar_pct",0,"nowcast","first_release",0.41051730675214,0.41051730675214,0.168524459143031
"US","rgdp_growth","2024Q4",2025-01-30,2.25121,"saar_pct","gdpnow",2024-11-01,2.32179273238853,"saar_pct",0,"nowcast","first_release",0.070582732388528,0.070582732388528,0.00498192211143056
"US","rgdp_growth","2024Q4",2025-01-30,2.25121,"saar_pct","gdpnow",2024-11-04,2.43655120622954,"saar_pct",0,"nowcast","first_release",0.185341206229543,0.185341206229543,0.0343513627266218
"US","rgdp_growth","2024Q4",2025-01-30,2.25121,"saar_pct","gdpnow",2024-11-05,2.38159112493987,"saar_pct",0,"nowcast","first_release",0.130381124939875,0.130381124939875,0.0169992377405872
"US","rgdp_growth","2024Q4",2025-01-30,2.25121,"saar_pct","gdpnow",2024-11-07,2.45104503254221,"saar_pct",0,"nowcast","first_release",0.19983503254221,0.19983503254221,0.039934040231146
"US","rgdp_growth","2024Q4",2025-01-30,2.25121,"saar_pct","gdpnow",2024-11-13,2.45927522943172,"saar_pct",0,"nowcast","first_release",0.208065229431723,0.208065229431723,0.0432911396984757
"US","rgdp_growth","2024Q4",2025-01-30,2.25121,"saar_pct","gdpnow",2024-11-14,2.45810443571826,"saar_pct",0,"nowcast","first_release",0.206894435718256,0.206894435718256,0.0428053075311755
"US","rgdp_growth","2024Q4",2025-01-30,2.25121,"saar_pct","gdpnow",2024-11-15,2.53000650738386,"saar_pct",0,"nowcast","first_release",0.278796507383864,0.278796507383864,0.077727492529441
"US","rgdp_growth","2024Q4",2025-01-30,2.25121,"saar_pct","gdpnow",2024-11-19,2.57965247592056,"saar_pct",0,"nowcast","first_release",0.328442475920558,0.328442475920558,0.107874459988826
"US","rgdp_growth","2024Q4",2025-01-30,2.25121,"saar_pct","gdpnow",2024-11-21,2.60307098993682,"saar_pct",0,"nowcast","first_release",0.351860989936818,0.351860989936818,0.123806156239317
"US","rgdp_growth","2024Q4",2025-01-30,2.25121,"saar_pct","gdpnow",2024-11-26,2.80434978077033,"saar_pct",0,"nowcast","first_release",0.553139780770332,0.553139780770332,0.305963617070651
"US","rgdp_growth","2024Q4",2025-01-30,2.25121,"saar_pct","gdpnow",2024-11-27,2.68895597561201,"saar_pct",0,"nowcast","first_release",0.43774597561201,0.43774597561201,0.19162153916451
"US","rgdp_growth","2024Q4",2025-01-30,2.25121,"saar_pct","gdpnow",2024-12-02,3.15792344922197,"saar_pct",0,"nowcast","first_release",0.906713449221967,0.906713449221967,0.822129278999996
"US","rgdp_growth","2024Q4",2025-01-30,2.25121,"saar_pct","gdpnow",2024-12-04,3.08943438657312,"saar_pct",0,"nowcast","first_release",0.83822438657312,0.83822438657312,0.702620122245883
"US","rgdp_growth","2024Q4",2025-01-30,2.25121,"saar_pct","gdpnow",2024-12-05,3.29322715530234,"saar_pct",0,"nowcast","first_release",1.04201715530234,1.04201715530234,1.08579975194437
"US","rgdp_growth","2024Q4",2025-01-30,2.25121,"saar_pct","gdpnow",2024-12-06,3.33174547171238,"saar_pct",0,"nowcast","first_release",1.08053547171238,1.08053547171238,1.16755690562869
"US","rgdp_growth","2024Q4",2025-01-30,2.25121,"saar_pct","gdpnow",2024-12-09,3.3343223778741,"saar_pct",0,"nowcast","first_release",1.0831123778741,1.0831123778741,1.17313242310409
"US","rgdp_growth","2024Q4",2025-01-30,2.25121,"saar_pct","gdpnow",2024-12-11,3.3600742830197,"saar_pct",0,"nowcast","first_release",1.1088642830197,1.1088642830197,1.22957999815679
"US","rgdp_growth","2024Q4",2025-01-30,2.25121,"saar_pct","gdpnow",2024-12-12,3.33289325128934,"saar_pct",0,"nowcast","first_release",1.08168325128934,1.08168325128934,1.17003865611987
"US","rgdp_growth","2024Q4",2025-01-30,2.25121,"saar_pct","gdpnow",2024-12-13,3.29431405796012,"saar_pct",0,"nowcast","first_release",1.04310405796012,1.04310405796012,1.08806607573288
"US","rgdp_growth","2024Q4",2025-01-30,2.25121,"saar_pct","gdpnow",2024-12-17,3.14136317740132,"saar_pct",0,"nowcast","first_release",0.890153177401324,0.890153177401324,0.792372679237673
"US","rgdp_growth","2024Q4",2025-01-30,2.25121,"saar_pct","gdpnow",2024-12-18,3.16370390664087,"saar_pct",0,"nowcast","first_release",0.912493906640869,0.912493906640869,0.832645129656715
"US","rgdp_growth","2024Q4",2025-01-30,2.25121,"saar_pct","gdpnow",2024-12-20,3.08167272786473,"saar_pct",0,"nowcast","first_release",0.830462727864726,0.830462727864726,0.689668342372522
"US","rgdp_growth","2024Q4",2025-01-30,2.25121,"saar_pct","gdpnow",2024-12-24,3.09096898494285,"saar_pct",0,"nowcast","first_release",0.839758984942855,0.839758984942855,0.705195152792254
"US","rgdp_growth","2024Q4",2025-01-30,2.25121,"saar_pct","gdpnow",2024-12-27,2.54305933018906,"saar_pct",0,"nowcast","first_release",0.291849330189057,0.291849330189057,0.0851760315318012
"US","rgdp_growth","2024Q4",2025-01-30,2.25121,"saar_pct","gdpnow",2025-01-02,2.58646961409981,"saar_pct",-1,"backcast","first_release",0.335259614099807,0.335259614099807,0.112399008846351
"US","rgdp_growth","2024Q4",2025-01-30,2.25121,"saar_pct","gdpnow",2025-01-03,2.44919828051551,"saar_pct",-1,"backcast","first_release",0.197988280515508,0.197988280515508,0.0391993592214874
"US","rgdp_growth","2024Q4",2025-01-30,2.25121,"saar_pct","gdpnow",2025-01-06,2.55842381214235,"saar_pct",-1,"backcast","first_release",0.307213812142352,0.307213812142352,0.0943803263710363
"US","rgdp_growth","2024Q4",2025-01-30,2.25121,"saar_pct","gdpnow",2025-01-07,2.68020540368745,"saar_pct",-1,"backcast","first_release",0.428995403687452,0.428995403687452,0.18403705638496
"US","rgdp_growth","2024Q4",2025-01-30,2.25121,"saar_pct","gdpnow",2025-01-09,2.72555879448539,"saar_pct",-1,"backcast","first_release",0.474348794485394,0.474348794485394,0.225006778829747
"US","rgdp_growth","2024Q4",2025-01-30,2.25121,"saar_pct","gdpnow",2025-01-10,2.72174949908222,"saar_pct",-1,"backcast","first_release",0.47053949908222,0.47053949908222,0.221407420196547
"US","rgdp_growth","2024Q4",2025-01-30,2.25121,"saar_pct","gdpnow",2025-01-14,2.77285851410431,"saar_pct",-1,"backcast","first_release",0.521648514104315,0.521648514104315,0.27211717226724
"US","rgdp_growth","2024Q4",2025-01-30,2.25121,"saar_pct","gdpnow",2025-01-15,2.77664653633041,"saar_pct",-1,"backcast","first_release",0.525436536330407,0.525436536330407,0.276083553710895
"US","rgdp_growth","2024Q4",2025-01-30,2.25121,"saar_pct","gdpnow",2025-01-16,2.96258995807859,"saar_pct",-1,"backcast","first_release",0.711379958078588,0.711379958078588,0.506061444755893
"US","rgdp_growth","2024Q4",2025-01-30,2.25121,"saar_pct","gdpnow",2025-01-17,2.99421316353687,"saar_pct",-1,"backcast","first_release",0.74300316353687,0.74300316353687,0.552053701025797
"US","rgdp_growth","2024Q4",2025-01-30,2.25121,"saar_pct","gdpnow",2025-01-24,3.00634427964699,"saar_pct",-1,"backcast","first_release",0.75513427964699,0.75513427964699,0.570227780297978
"US","rgdp_growth","2024Q4",2025-01-30,2.25121,"saar_pct","gdpnow",2025-01-27,3.01270230874695,"saar_pct",-1,"backcast","first_release",0.76149230874695,0.76149230874695,0.579870536280761
"US","rgdp_growth","2024Q4",2025-01-30,2.25121,"saar_pct","gdpnow",2025-01-28,3.17787033187547,"saar_pct",-1,"backcast","first_release",0.926660331875465,0.926660331875465,0.858699370671548
"US","rgdp_growth","2024Q4",2025-01-30,2.25121,"saar_pct","gdpnow",2025-01-29,2.27108707390991,"saar_pct",-1,"backcast","first_release",0.0198770739099055,0.0198770739099055,0.000395098067219844
"US","rgdp_growth","2025Q1",2025-04-30,-0.27605,"saar_pct","gdpnow",2025-01-31,2.88983586897866,"saar_pct",0,"nowcast","first_release",3.16588586897866,3.16588586897866,10.0228333353988
"US","rgdp_growth","2025Q1",2025-04-30,-0.27605,"saar_pct","gdpnow",2025-02-03,3.87875873953962,"saar_pct",0,"nowcast","first_release",4.15480873953962,4.15480873953962,17.2624356621548
"US","rgdp_growth","2025Q1",2025-04-30,-0.27605,"saar_pct","gdpnow",2025-02-04,3.04220862364826,"saar_pct",0,"nowcast","first_release",3.31825862364826,3.31825862364826,11.010840293416
"US","rgdp_growth","2025Q1",2025-04-30,-0.27605,"saar_pct","gdpnow",2025-02-05,2.88608890653512,"saar_pct",0,"nowcast","first_release",3.16213890653512,3.16213890653512,9.99912246422314
"US","rgdp_growth","2025Q1",2025-04-30,-0.27605,"saar_pct","gdpnow",2025-02-07,2.94159804636232,"saar_pct",0,"nowcast","first_release",3.21764804636232,3.21764804636232,10.3532589502593
"US","rgdp_growth","2025Q1",2025-04-30,-0.27605,"saar_pct","gdpnow",2025-02-12,2.94359459456797,"saar_pct",0,"nowcast","first_release",3.21964459456797,3.21964459456797,10.3661113153307
"US","rgdp_growth","2025Q1",2025-04-30,-0.27605,"saar_pct","gdpnow",2025-02-13,2.94565884226661,"saar_pct",0,"nowcast","first_release",3.22170884226661,3.22170884226661,10.3794078643388
"US","rgdp_growth","2025Q1",2025-04-30,-0.27605,"saar_pct","gdpnow",2025-02-14,2.34086730858554,"saar_pct",0,"nowcast","first_release",2.61691730858554,2.61691730858554,6.84825619997459
"US","rgdp_growth","2025Q1",2025-04-30,-0.27605,"saar_pct","gdpnow",2025-02-19,2.33884298726061,"saar_pct",0,"nowcast","first_release",2.61489298726061,2.61489298726061,6.83766533482474
"US","rgdp_growth","2025Q1",2025-04-30,-0.27605,"saar_pct","gdpnow",2025-02-21,2.32597416365541,"saar_pct",0,"nowcast","first_release",2.60202416365541,2.60202416365541,6.77052974824664
"US","rgdp_growth","2025Q1",2025-04-30,-0.27605,"saar_pct","gdpnow",2025-02-26,2.3210488288697,"saar_pct",0,"nowcast","first_release",2.5970988288697,2.5970988288697,6.74492232691636
"US","rgdp_growth","2025Q1",2025-04-30,-0.27605,"saar_pct","gdpnow",2025-02-28,-1.47674678918398,"saar_pct",0,"nowcast","first_release",-1.20069678918398,1.20069678918398,1.44167277955672
"US","rgdp_growth","2025Q1",2025-04-30,-0.27605,"saar_pct","gdpnow",2025-03-03,-2.82467184955028,"saar_pct",0,"nowcast","first_release",-2.54862184955028,2.54862184955028,6.49547333200507
"US","rgdp_growth","2025Q1",2025-04-30,-0.27605,"saar_pct","gdpnow",2025-03-04,-2.33035490301061,"saar_pct",0,"nowcast","first_release",-2.05430490301061,2.05430490301061,4.22016863453344
"US","rgdp_growth","2025Q1",2025-04-30,-0.27605,"saar_pct","gdpnow",2025-03-05,-2.28417850972275,"saar_pct",0,"nowcast","first_release",-2.00812850972275,2.00812850972275,4.03258011156129
"US","rgdp_growth","2025Q1",2025-04-30,-0.27605,"saar_pct","gdpnow",2025-03-06,-2.40675873202217,"saar_pct",0,"nowcast","first_release",-2.13070873202217,2.13070873202217,4.53991970071554
"US","rgdp_growth","2025Q1",2025-04-30,-0.27605,"saar_pct","gdpnow",2025-03-07,-1.61140985580268,"saar_pct",0,"nowcast","first_release",-1.33535985580268,1.33535985580268,1.78318594448935
"US","rgdp_growth","2025Q1",2025-04-30,-0.27605,"saar_pct","gdpnow",2025-03-12,-1.60618800122886,"saar_pct",0,"nowcast","first_release",-1.33013800122886,1.33013800122886,1.7692671023131
"US","rgdp_growth","2025Q1",2025-04-30,-0.27605,"saar_pct","gdpnow",2025-03-13,-1.60151945438782,"saar_pct",0,"nowcast","first_release",-1.32546945438782,1.32546945438782,1.75686927451515
"US","rgdp_growth","2025Q1",2025-04-30,-0.27605,"saar_pct","gdpnow",2025-03-17,-2.05632713230349,"saar_pct",0,"nowcast","first_release",-1.78027713230349,1.78027713230349,3.16938666780275
"US","rgdp_growth","2025Q1",2025-04-30,-0.27605,"saar_pct","gdpnow",2025-03-18,-1.75787128702236,"saar_pct",0,"nowcast","first_release",-1.48182128702236,1.48182128702236,2.19579432667261
"US","rgdp_growth","2025Q1",2025-04-30,-0.27605,"saar_pct","gdpnow",2025-03-20,-1.70045308915192,"saar_pct",0,"nowcast","first_release",-1.42440308915192,1.42440308915192,2.02892416038554
"US","rgdp_growth","2025Q1",2025-04-30,-0.27605,"saar_pct","gdpnow",2025-03-25,-1.85174143596717,"saar_pct",0,"nowcast","first_release",-1.57569143596717,1.57569143596717,2.48280350138028
"US","rgdp_growth","2025Q1",2025-04-30,-0.27605,"saar_pct","gdpnow",2025-03-26,-1.80561224457287,"saar_pct",0,"nowcast","first_release",-1.52956224457287,1.52956224457287,2.33956066002281
"US","rgdp_growth","2025Q1",2025-04-30,-0.27605,"saar_pct","gdpnow",2025-03-28,-2.80406823709215,"saar_pct",0,"nowcast","first_release",-2.52801823709215,2.52801823709215,6.3908762070705
"US","rgdp_growth","2025Q1",2025-04-30,-0.27605,"saar_pct","gdpnow",2025-04-01,-3.66997151701174,"saar_pct",-1,"backcast","first_release",-3.39392151701174,3.39392151701174,11.5187032636353
"US","rgdp_growth","2025Q1",2025-04-30,-0.27605,"saar_pct","gdpnow",2025-04-02,-3.0231099898912,"saar_pct",-1,"backcast","first_release",-2.7470599898912,2.7470599898912,7.54633858806104
"US","rgdp_growth","2025Q1",2025-04-30,-0.27605,"saar_pct","gdpnow",2025-04-03,-2.84762764161505,"saar_pct",-1,"backcast","first_release",-2.57157764161505,2.57157764161505,6.61301156685441
"US","rgdp_growth","2025Q1",2025-04-30,-0.27605,"saar_pct","gdpnow",2025-04-04,-2.42262579152042,"saar_pct",-1,"backcast","first_release",-2.14657579152042,2.14657579152042,4.60778762874152
"US","rgdp_growth","2025Q1",2025-04-30,-0.27605,"saar_pct","gdpnow",2025-04-09,-2.41606971545858,"saar_pct",-1,"backcast","first_release",-2.14001971545858,2.14001971545858,4.57968438255142
"US","rgdp_growth","2025Q1",2025-04-30,-0.27605,"saar_pct","gdpnow",2025-04-10,-2.41804055325344,"saar_pct",-1,"backcast","first_release",-2.14199055325344,2.14199055325344,4.58812353022699
"US","rgdp_growth","2025Q1",2025-04-30,-0.27605,"saar_pct","gdpnow",2025-04-11,-2.42834974312876,"saar_pct",-1,"backcast","first_release",-2.15229974312876,2.15229974312876,4.63239418427213
"US","rgdp_growth","2025Q1",2025-04-30,-0.27605,"saar_pct","gdpnow",2025-04-15,-2.59340687506392,"saar_pct",-1,"backcast","first_release",-2.31735687506392,2.31735687506392,5.37014288640601
"US","rgdp_growth","2025Q1",2025-04-30,-0.27605,"saar_pct","gdpnow",2025-04-16,-2.16518595570538,"saar_pct",-1,"backcast","first_release",-1.88913595570538,1.88913595570538,3.5688346591389
"US","rgdp_growth","2025Q1",2025-04-30,-0.27605,"saar_pct","gdpnow",2025-04-17,-2.19726935739756,"saar_pct",-1,"backcast","first_release",-1.92121935739756,1.92121935739756,3.69108381923908
"US","rgdp_growth","2025Q1",2025-04-30,-0.27605,"saar_pct","gdpnow",2025-04-23,-2.27895226665916,"saar_pct",-1,"backcast","first_release",-2.00290226665916,2.00290226665916,4.01161748978841
"US","rgdp_growth","2025Q1",2025-04-30,-0.27605,"saar_pct","gdpnow",2025-04-24,-2.50604610850512,"saar_pct",-1,"backcast","first_release",-2.22999610850512,2.22999610850512,4.97288264394799
"US","rgdp_growth","2025Q1",2025-04-30,-0.27605,"saar_pct","gdpnow",2025-04-29,-2.73176716350414,"saar_pct",-1,"backcast","first_release",-2.45571716350414,2.45571716350414,6.03054678712882
"US","rgdp_growth","2025Q2",2025-07-30,2.968252,"saar_pct","gdpnow",2025-04-30,2.36436717095028,"saar_pct",0,"nowcast","first_release",-0.603884829049723,0.603884829049723,0.364676886756414
"US","rgdp_growth","2025Q2",2025-07-30,2.968252,"saar_pct","gdpnow",2025-05-01,1.10590105812249,"saar_pct",0,"nowcast","first_release",-1.86235094187751,1.86235094187751,3.46835103071204
"US","rgdp_growth","2025Q2",2025-07-30,2.968252,"saar_pct","gdpnow",2025-05-02,2.20151199362557,"saar_pct",0,"nowcast","first_release",-0.76674000637443,0.76674000637443,0.587890237375061
"US","rgdp_growth","2025Q2",2025-07-30,2.968252,"saar_pct","gdpnow",2025-05-05,2.20148903185713,"saar_pct",0,"nowcast","first_release",-0.76676296814287,0.76676296814287,0.587925449315264
"US","rgdp_growth","2025Q2",2025-07-30,2.968252,"saar_pct","gdpnow",2025-05-06,2.23543508151152,"saar_pct",0,"nowcast","first_release",-0.732816918488484,0.732816918488484,0.537020636022957
"US","rgdp_growth","2025Q2",2025-07-30,2.968252,"saar_pct","gdpnow",2025-05-08,2.25768105320667,"saar_pct",0,"nowcast","first_release",-0.710570946793327,0.710570946793327,0.504911070426766
"US","rgdp_growth","2025Q2",2025-07-30,2.968252,"saar_pct","gdpnow",2025-05-12,2.2424463513872,"saar_pct",0,"nowcast","first_release",-0.7258056486128,0.7258056486128,0.526793839558248
"US","rgdp_growth","2025Q2",2025-07-30,2.968252,"saar_pct","gdpnow",2025-05-13,2.23968159649903,"saar_pct",0,"nowcast","first_release",-0.72857040350097,0.72857040350097,0.530814832857566
"US","rgdp_growth","2025Q2",2025-07-30,2.968252,"saar_pct","gdpnow",2025-05-15,2.53068866499526,"saar_pct",0,"nowcast","first_release",-0.437563335004738,0.437563335004738,0.191461672140469
"US","rgdp_growth","2025Q2",2025-07-30,2.968252,"saar_pct","gdpnow",2025-05-16,2.35438291168233,"saar_pct",0,"nowcast","first_release",-0.613869088317671,0.613869088317671,0.376835257591969
"US","rgdp_growth","2025Q2",2025-07-30,2.968252,"saar_pct","gdpnow",2025-05-19,2.36752387380386,"saar_pct",0,"nowcast","first_release",-0.600728126196144,0.600728126196144,0.36087428160313
"US","rgdp_growth","2025Q2",2025-07-30,2.968252,"saar_pct","gdpnow",2025-05-22,2.33171190708821,"saar_pct",0,"nowcast","first_release",-0.636540092911793,0.636540092911793,0.405183289884154
"US","rgdp_growth","2025Q2",2025-07-30,2.968252,"saar_pct","gdpnow",2025-05-23,2.40204944836202,"saar_pct",0,"nowcast","first_release",-0.56620255163798,0.56620255163798,0.320585329481359
"US","rgdp_growth","2025Q2",2025-07-30,2.968252,"saar_pct","gdpnow",2025-05-27,2.18229619387686,"saar_pct",0,"nowcast","first_release",-0.785955806123135,0.785955806123135,0.617726529178667
"US","rgdp_growth","2025Q2",2025-07-30,2.968252,"saar_pct","gdpnow",2025-05-30,3.8366282044991,"saar_pct",0,"nowcast","first_release",0.8683762044991,0.8683762044991,0.754077232540263
"US","rgdp_growth","2025Q2",2025-07-30,2.968252,"saar_pct","gdpnow",2025-06-02,4.64242810008744,"saar_pct",0,"nowcast","first_release",1.67417610008744,1.67417610008744,2.80286561410398
"US","rgdp_growth","2025Q2",2025-07-30,2.968252,"saar_pct","gdpnow",2025-06-03,4.65145642870017,"saar_pct",0,"nowcast","first_release",1.68320442870017,1.68320442870017,2.83317714879588
"US","rgdp_growth","2025Q2",2025-07-30,2.968252,"saar_pct","gdpnow",2025-06-04,3.50296358799449,"saar_pct",0,"nowcast","first_release",0.53471158799449,0.53471158799449,0.285916482335589
"US","rgdp_growth","2025Q2",2025-07-30,2.968252,"saar_pct","gdpnow",2025-06-05,3.79465541807587,"saar_pct",0,"nowcast","first_release",0.826403418075865,0.826403418075865,0.682942609407473
"US","rgdp_growth","2025Q2",2025-07-30,2.968252,"saar_pct","gdpnow",2025-06-06,3.69422257815986,"saar_pct",0,"nowcast","first_release",0.725970578159856,0.725970578159856,0.527033280353755
"US","rgdp_growth","2025Q2",2025-07-30,2.968252,"saar_pct","gdpnow",2025-06-09,3.76933887418485,"saar_pct",0,"nowcast","first_release",0.801086874184846,0.801086874184846,0.641740179991248
"US","rgdp_growth","2025Q2",2025-07-30,2.968252,"saar_pct","gdpnow",2025-06-11,3.73419509327162,"saar_pct",0,"nowcast","first_release",0.765943093271619,0.765943093271619,0.586668822130497
"US","rgdp_growth","2025Q2",2025-07-30,2.968252,"saar_pct","gdpnow",2025-06-12,3.74125153748961,"saar_pct",0,"nowcast","first_release",0.772999537489609,0.772999537489609,0.59752828495915
"US","rgdp_growth","2025Q2",2025-07-30,2.968252,"saar_pct","gdpnow",2025-06-17,3.46889339144991,"saar_pct",0,"nowcast","first_release",0.500641391449912,0.500641391449912,0.250641802832904
"US","rgdp_growth","2025Q2",2025-07-30,2.968252,"saar_pct","gdpnow",2025-06-18,3.39886726638834,"saar_pct",0,"nowcast","first_release",0.430615266388339,0.430615266388339,0.1854295076467
"US","rgdp_growth","2025Q2",2025-07-30,2.968252,"saar_pct","gdpnow",2025-06-23,3.40546689256094,"saar_pct",0,"nowcast","first_release",0.437214892560938,0.437214892560938,0.191156862277072
"US","rgdp_growth","2025Q2",2025-07-30,2.968252,"saar_pct","gdpnow",2025-06-25,3.35104242197439,"saar_pct",0,"nowcast","first_release",0.382790421974393,0.382790421974393,0.146528507155334
"US","rgdp_growth","2025Q2",2025-07-30,2.968252,"saar_pct","gdpnow",2025-06-27,2.85148544873457,"saar_pct",0,"nowcast","first_release",-0.11676655126543,0.11676655126543,0.0136344274944224
"US","rgdp_growth","2025Q2",2025-07-30,2.968252,"saar_pct","gdpnow",2025-07-01,2.54552287027008,"saar_pct",-1,"backcast","first_release",-0.422729129729922,0.422729129729922,0.178699917122217
"US","rgdp_growth","2025Q2",2025-07-30,2.968252,"saar_pct","gdpnow",2025-07-02,2.42646547210039,"saar_pct",-1,"backcast","first_release",-0.541786527899608,0.541786527899608,0.293532641813513
"US","rgdp_growth","2025Q2",2025-07-30,2.968252,"saar_pct","gdpnow",2025-07-03,2.60847558021411,"saar_pct",-1,"backcast","first_release",-0.359776419785891,0.359776419785891,0.129439072233954
"US","rgdp_growth","2025Q2",2025-07-30,2.968252,"saar_pct","gdpnow",2025-07-09,2.583925714621,"saar_pct",-1,"backcast","first_release",-0.384326285378995,0.384326285378995,0.147706693633217
"US","rgdp_growth","2025Q2",2025-07-30,2.968252,"saar_pct","gdpnow",2025-07-11,2.54923700647471,"saar_pct",-1,"backcast","first_release",-0.419014993525286,0.419014993525286,0.175573564798996
"US","rgdp_growth","2025Q2",2025-07-30,2.968252,"saar_pct","gdpnow",2025-07-15,2.54307973689769,"saar_pct",-1,"backcast","first_release",-0.42517226310231,0.42517226310231,0.18077145331154
"US","rgdp_growth","2025Q2",2025-07-30,2.968252,"saar_pct","gdpnow",2025-07-16,2.66472623048832,"saar_pct",-1,"backcast","first_release",-0.30352576951168,0.30352576951168,0.0921278927576576
"US","rgdp_growth","2025Q2",2025-07-30,2.968252,"saar_pct","gdpnow",2025-07-17,2.39322025465181,"saar_pct",-1,"backcast","first_release",-0.575031745348193,0.575031745348193,0.33066150815819
"US","rgdp_growth","2025Q2",2025-07-30,2.968252,"saar_pct","gdpnow",2025-07-18,2.36453666011096,"saar_pct",-1,"backcast","first_release",-0.603715339889039,0.603715339889039,0.364472211617338
"US","rgdp_growth","2025Q2",2025-07-30,2.968252,"saar_pct","gdpnow",2025-07-23,2.34889367374092,"saar_pct",-1,"backcast","first_release",-0.61935832625908,0.61935832625908,0.383604736306449
"US","rgdp_growth","2025Q2",2025-07-30,2.968252,"saar_pct","gdpnow",2025-07-24,2.36508705372818,"saar_pct",-1,"backcast","first_release",-0.60316494627182,0.60316494627182,0.363807952411088
"US","rgdp_growth","2025Q2",2025-07-30,2.968252,"saar_pct","gdpnow",2025-07-25,2.37865951522422,"saar_pct",-1,"backcast","first_release",-0.589592484775776,0.589592484775776,0.347619298104074
"US","rgdp_growth","2025Q2",2025-07-30,2.968252,"saar_pct","gdpnow",2025-07-29,2.90204974653705,"saar_pct",-1,"backcast","first_release",-0.0662022534629503,0.0662022534629503,0.00438273836357271
"US","rgdp_growth","2025Q3",2025-12-23,4.34278443849256,"saar_pct","gdpnow",2025-07-31,2.33727439695812,"saar_pct",0,"nowcast","first_release",-2.00551004153444,2.00551004153444,4.02207052669548
"US","rgdp_growth","2025Q3",2025-12-23,4.34278443849256,"saar_pct","gdpnow",2025-08-01,2.1464174766658,"saar_pct",0,"nowcast","first_release",-2.19636696182677,2.19636696182677,4.82402783100415
"US","rgdp_growth","2025Q3",2025-12-23,4.34278443849256,"saar_pct","gdpnow",2025-08-04,2.46121547470033,"saar_pct",0,"nowcast","first_release",-1.88156896379223,1.88156896379223,3.54030176550618
"US","rgdp_growth","2025Q3",2025-12-23,4.34278443849256,"saar_pct","gdpnow",2025-08-05,2.45620618330067,"saar_pct",0,"nowcast","first_release",-1.8865782551919,1.8865782551919,3.5591775129629
"US","rgdp_growth","2025Q3",2025-12-23,4.34278443849256,"saar_pct","gdpnow",2025-08-07,2.52573559007334,"saar_pct",0,"nowcast","first_release",-1.81704884841922,1.81704884841922,3.30166651754162
"US","rgdp_growth","2025Q3",2025-12-23,4.34278443849256,"saar_pct","gdpnow",2025-08-12,2.52264876627548,"saar_pct",0,"nowcast","first_release",-1.82013567221708,1.82013567221708,3.31289386527713
"US","rgdp_growth","2025Q3",2025-12-23,4.34278443849256,"saar_pct","gdpnow",2025-08-14,2.51843437916088,"saar_pct",0,"nowcast","first_release",-1.82435005933168,1.82435005933168,3.32825313898351
"US","rgdp_growth","2025Q3",2025-12-23,4.34278443849256,"saar_pct","gdpnow",2025-08-15,2.548834257678,"saar_pct",0,"nowcast","first_release",-1.79395018081456,1.79395018081456,3.2182572512446
"US","rgdp_growth","2025Q3",2025-12-23,4.34278443849256,"saar_pct","gdpnow",2025-08-19,2.26357414610141,"saar_pct",0,"nowcast","first_release",-2.07921029239115,2.07921029239115,4.32311543998531
"US","rgdp_growth","2025Q3",2025-12-23,4.34278443849256,"saar_pct","gdpnow",2025-08-21,2.24776164097198,"saar_pct",0,"nowcast","first_release",-2.09502279752058,2.09502279752058,4.38912052213098
"US","rgdp_growth","2025Q3",2025-12-23,4.34278443849256,"saar_pct","gdpnow",2025-08-25,2.16590461152071,"saar_pct",0,"nowcast","first_release",-2.17687982697186,2.17687982697186,4.73880578107702
"US","rgdp_growth","2025Q3",2025-12-23,4.34278443849256,"saar_pct","gdpnow",2025-08-26,2.17663511028434,"saar_pct",0,"nowcast","first_release",-2.16614932820822,2.16614932820822,4.69220291209693
"US","rgdp_growth","2025Q3",2025-12-23,4.34278443849256,"saar_pct","gdpnow",2025-08-29,3.4704749517094,"saar_pct",0,"nowcast","first_release",-0.872309486783163,0.872309486783163,0.760923840731905
"US","rgdp_growth","2025Q3",2025-12-23,4.34278443849256,"saar_pct","gdpnow",2025-09-02,3.03990182142428,"saar_pct",0,"nowcast","first_release",-1.30288261706828,1.30288261706828,1.69750311385869
"US","rgdp_growth","2025Q3",2025-12-23,4.34278443849256,"saar_pct","gdpnow",2025-09-03,3.04457471931503,"saar_pct",0,"nowcast","first_release",-1.29820971917753,1.29820971917753,1.68534847496701
"US","rgdp_growth","2025Q3",2025-12-23,4.34278443849256,"saar_pct","gdpnow",2025-09-04,2.9983067017556,"saar_pct",0,"nowcast","first_release",-1.34447773673696,1.34447773673696,1.80762038458134
"US","rgdp_growth","2025Q3",2025-12-23,4.34278443849256,"saar_pct","gdpnow",2025-09-05,3.09172134796418,"saar_pct",0,"nowcast","first_release",-1.25106309052838,1.25106309052838,1.56515885648243
"US","rgdp_growth","2025Q3",2025-12-23,4.34278443849256,"saar_pct","gdpnow",2025-09-10,3.08833358228155,"saar_pct",0,"nowcast","first_release",-1.25445085621101,1.25445085621101,1.57364695064853
"US","rgdp_growth","2025Q3",2025-12-23,4.34278443849256,"saar_pct","gdpnow",2025-09-11,3.11333844954467,"saar_pct",0,"nowcast","first_release",-1.2294459889479,1.2294459889479,1.51153743974007
"US","rgdp_growth","2025Q3",2025-12-23,4.34278443849256,"saar_pct","gdpnow",2025-09-16,3.41322308397987,"saar_pct",0,"nowcast","first_release",-0.929561354512698,0.929561354512698,0.864084311803482
"US","rgdp_growth","2025Q3",2025-12-23,4.34278443849256,"saar_pct","gdpnow",2025-09-17,3.33581612929621,"saar_pct",0,"nowcast","first_release",-1.00696830919635,1.00696830919635,1.01398517572576
"US","rgdp_growth","2025Q3",2025-12-23,4.34278443849256,"saar_pct","gdpnow",2025-09-24,3.40565164749687,"saar_pct",0,"nowcast","first_release",-0.937132790995698,0.937132790995698,0.878217867959387
"US","rgdp_growth","2025Q3",2025-12-23,4.34278443849256,"saar_pct","gdpnow",2025-09-26,3.89887648066682,"saar_pct",0,"nowcast","first_release",-0.44390795782574,0.44390795782574,0.197054275021019
"US","rgdp_growth","2025Q3",2025-12-23,4.34278443849256,"saar_pct","gdpnow",2025-10-01,3.84160818415837,"saar_pct",-1,"backcast","first_release",-0.50117625433419,0.50117625433419,0.251177637908449
"US","rgdp_growth","2025Q3",2025-12-23,4.34278443849256,"saar_pct","gdpnow",2025-10-03,3.76555620735968,"saar_pct",-1,"backcast","first_release",-0.577228231132887,0.577228231132887,0.333192430816801
"US","rgdp_growth","2025Q3",2025-12-23,4.34278443849256,"saar_pct","gdpnow",2025-10-16,3.89081890700065,"saar_pct",-1,"backcast","first_release",-0.451965531491916,0.451965531491916,0.20427284165677
"US","rgdp_growth","2025Q3",2025-12-23,4.34278443849256,"saar_pct","gdpnow",2025-10-23,3.93693829848638,"saar_pct",-1,"backcast","first_release",-0.405846140006184,0.405846140006184,0.164711089357919
"US","rgdp_growth","2025Q3",2025-12-23,4.34278443849256,"saar_pct","gdpnow",2025-10-24,3.92637096549522,"saar_pct",-1,"backcast","first_release",-0.416413472997346,0.416413472997346,0.173400180493711
"US","rgdp_growth","2025Q3",2025-12-23,4.34278443849256,"saar_pct","gdpnow",2025-11-03,3.98943515425481,"saar_pct",-1,"backcast","first_release",-0.353349284237758,0.353349284237758,0.124855716671336
"US","rgdp_growth","2025Q3",2025-12-23,4.34278443849256,"saar_pct","gdpnow",2025-11-05,3.97726394223763,"saar_pct",-1,"backcast","first_release",-0.365520496254934,0.365520496254934,0.133605233182453
"US","rgdp_growth","2025Q3",2025-12-23,4.34278443849256,"saar_pct","gdpnow",2025-11-17,4.05482748142034,"saar_pct",-1,"backcast","first_release",-0.287956957072222,0.287956957072222,0.0829192091262934
"US","rgdp_growth","2025Q3",2025-12-23,4.34278443849256,"saar_pct","gdpnow",2025-11-18,4.04453355059127,"saar_pct",-1,"backcast","first_release",-0.298250887901297,0.298250887901297,0.0889535921339119
"US","rgdp_growth","2025Q3",2025-12-23,4.34278443849256,"saar_pct","gdpnow",2025-11-19,4.22933128968435,"saar_pct",-1,"backcast","first_release",-0.113453148808218,0.113453148808218,0.0128716169744997
"US","rgdp_growth","2025Q3",2025-12-23,4.34278443849256,"saar_pct","gdpnow",2025-11-20,4.16564822844889,"saar_pct",-1,"backcast","first_release",-0.177136210043671,0.177136210043671,0.0313772369086356
"US","rgdp_growth","2025Q3",2025-12-23,4.34278443849256,"saar_pct","gdpnow",2025-11-21,4.22180370924035,"saar_pct",-1,"backcast","first_release",-0.120980729252218,0.120980729252218,0.0146363368503985
"US","rgdp_growth","2025Q3",2025-12-23,4.34278443849256,"saar_pct","gdpnow",2025-11-24,4.21759756931546,"saar_pct",-1,"backcast","first_release",-0.125186869177107,0.125186869177107,0.0156717522143662
"US","rgdp_growth","2025Q3",2025-12-23,4.34278443849256,"saar_pct","gdpnow",2025-11-25,4.02288989630719,"saar_pct",-1,"backcast","first_release",-0.319894542185373,0.319894542185373,0.102332518119989
"US","rgdp_growth","2025Q3",2025-12-23,4.34278443849256,"saar_pct","gdpnow",2025-11-26,3.85562695811015,"saar_pct",-1,"backcast","first_release",-0.487157480382416,0.487157480382416,0.237322410692544
"US","rgdp_growth","2025Q3",2025-12-23,4.34278443849256,"saar_pct","gdpnow",2025-12-01,3.85272494400972,"saar_pct",-1,"backcast","first_release",-0.490059494482842,0.490059494482842,0.240158308132778
"US","rgdp_growth","2025Q3",2025-12-23,4.34278443849256,"saar_pct","gdpnow",2025-12-03,3.84497135511384,"saar_pct",-1,"backcast","first_release",-0.497813083378729,0.497813083378729,0.247817865983037
"US","rgdp_growth","2025Q3",2025-12-23,4.34278443849256,"saar_pct","gdpnow",2025-12-04,3.81017504861756,"saar_pct",-1,"backcast","first_release",-0.532609389875005,0.532609389875005,0.283672762183025
"US","rgdp_growth","2025Q3",2025-12-23,4.34278443849256,"saar_pct","gdpnow",2025-12-05,3.52825266430377,"saar_pct",-1,"backcast","first_release",-0.814531774188798,0.814531774188798,0.663462011163151
"US","rgdp_growth","2025Q3",2025-12-23,4.34278443849256,"saar_pct","gdpnow",2025-12-11,3.57052895854151,"saar_pct",-1,"backcast","first_release",-0.772255479951056,0.772255479951056,0.596378526314436
"US","rgdp_growth","2025Q3",2025-12-23,4.34278443849256,"saar_pct","gdpnow",2025-12-16,3.4727578269012,"saar_pct",-1,"backcast","first_release",-0.870026611591368,0.870026611591368,0.756946304877157
"US","rgdp_growth","2025Q4",2026-02-20,1.422613,"saar_pct","gdpnow",2025-12-23,2.97212133436433,"saar_pct",0,"nowcast","first_release",1.54950833436433,1.54950833436433,2.40097607826452
"US","rgdp_growth","2025Q4",2026-02-20,1.422613,"saar_pct","gdpnow",2026-01-05,2.67861086143242,"saar_pct",-1,"backcast","first_release",1.25599786143242,1.25599786143242,1.57753062792281
"US","rgdp_growth","2025Q4",2026-02-20,1.422613,"saar_pct","gdpnow",2026-01-06,2.87472212431348,"saar_pct",-1,"backcast","first_release",1.45210912431348,1.45210912431348,2.10862090891446
"US","rgdp_growth","2025Q4",2026-02-20,1.422613,"saar_pct","gdpnow",2026-01-07,2.90314019511344,"saar_pct",-1,"backcast","first_release",1.48052719511344,1.48052719511344,2.19196077547047
"US","rgdp_growth","2025Q4",2026-02-20,1.422613,"saar_pct","gdpnow",2026-01-08,5.44782940758,"saar_pct",-1,"backcast","first_release",4.02521640758,4.02521640758,16.2023671278512
"US","rgdp_growth","2025Q4",2026-02-20,1.422613,"saar_pct","gdpnow",2026-01-09,5.1308255863354,"saar_pct",-1,"backcast","first_release",3.7082125863354,3.7082125863354,13.7508405854563
"US","rgdp_growth","2025Q4",2026-02-20,1.422613,"saar_pct","gdpnow",2026-01-13,5.10986448154149,"saar_pct",-1,"backcast","first_release",3.68725148154149,3.68725148154149,13.5958234881299
"US","rgdp_growth","2025Q4",2026-02-20,1.422613,"saar_pct","gdpnow",2026-01-14,5.29616695517761,"saar_pct",-1,"backcast","first_release",3.87355395517761,3.87355395517761,15.0044202436721
"US","rgdp_growth","2025Q4",2026-02-20,1.422613,"saar_pct","gdpnow",2026-01-15,5.19260979192111,"saar_pct",-1,"backcast","first_release",3.76999679192111,3.76999679192111,14.2128758110955
"US","rgdp_growth","2025Q4",2026-02-20,1.422613,"saar_pct","gdpnow",2026-01-16,5.274120581205,"saar_pct",-1,"backcast","first_release",3.851507581205,3.851507581205,14.8341106480796
"US","rgdp_growth","2025Q4",2026-02-20,1.422613,"saar_pct","gdpnow",2026-01-21,5.40669273181158,"saar_pct",-1,"backcast","first_release",3.98407973181158,3.98407973181158,15.8728913094318
"US","rgdp_growth","2025Q4",2026-02-20,1.422613,"saar_pct","gdpnow",2026-01-22,5.37210078447972,"saar_pct",-1,"backcast","first_release",3.94948778447972,3.94948778447972,15.5984537597545
"US","rgdp_growth","2025Q4",2026-02-20,1.422613,"saar_pct","gdpnow",2026-01-26,5.39883176964924,"saar_pct",-1,"backcast","first_release",3.97621876964924,3.97621876964924,15.8103157041109
"US","rgdp_growth","2025Q4",2026-02-20,1.422613,"saar_pct","gdpnow",2026-01-29,4.23732185444332,"saar_pct",-1,"backcast","first_release",2.81470885444332,2.81470885444332,7.92258593528163
"US","rgdp_growth","2025Q4",2026-02-20,1.422613,"saar_pct","gdpnow",2026-01-30,4.23186333342391,"saar_pct",-1,"backcast","first_release",2.80925033342391,2.80925033342391,7.89188743584237
"US","rgdp_growth","2025Q4",2026-02-20,1.422613,"saar_pct","gdpnow",2026-02-02,4.22347419886953,"saar_pct",-1,"backcast","first_release",2.80086119886953,2.80086119886953,7.84482345533284
"US","rgdp_growth","2025Q4",2026-02-20,1.422613,"saar_pct","gdpnow",2026-02-04,4.18242227629815,"saar_pct",-1,"backcast","first_release",2.75980927629815,2.75980927629815,7.61654724154132
"US","rgdp_growth","2025Q4",2026-02-20,1.422613,"saar_pct","gdpnow",2026-02-10,3.67526501586095,"saar_pct",-1,"backcast","first_release",2.25265201586095,2.25265201586095,5.07444110456241
"US","rgdp_growth","2025Q4",2026-02-20,1.422613,"saar_pct","gdpnow",2026-02-11,3.67647409425067,"saar_pct",-1,"backcast","first_release",2.25386109425067,2.25386109425067,5.07988983217683
"US","rgdp_growth","2025Q4",2026-02-20,1.422613,"saar_pct","gdpnow",2026-02-12,3.64231406427531,"saar_pct",-1,"backcast","first_release",2.21970106427531,2.21970106427531,4.92707281474494
"US","rgdp_growth","2025Q4",2026-02-20,1.422613,"saar_pct","gdpnow",2026-02-13,3.64031415404493,"saar_pct",-1,"backcast","first_release",2.21770115404493,2.21770115404493,4.91819840865222
"US","rgdp_growth","2025Q4",2026-02-20,1.422613,"saar_pct","gdpnow",2026-02-18,3.58928955914932,"saar_pct",-1,"backcast","first_release",2.16667655914932,2.16667655914932,4.69448731196715
"US","rgdp_growth","2025Q4",2026-02-20,1.422613,"saar_pct","gdpnow",2026-02-19,2.9989686770822,"saar_pct",-1,"backcast","first_release",1.5763556770822,1.5763556770822,2.48489722066929
"US","rgdp_growth","2026Q1",2026-04-30,1.9901,"saar_pct","gdpnow",2026-02-20,3.12610256756933,"saar_pct",0,"nowcast","first_release",1.13600256756933,1.13600256756933,1.29050183352412
"US","rgdp_growth","2026Q1",2026-04-30,1.9901,"saar_pct","gdpnow",2026-02-23,3.14200741591595,"saar_pct",0,"nowcast","first_release",1.15190741591595,1.15190741591595,1.32689069484216
"US","rgdp_growth","2026Q1",2026-04-30,1.9901,"saar_pct","gdpnow",2026-02-24,3.13610983082637,"saar_pct",0,"nowcast","first_release",1.14600983082637,1.14600983082637,1.31333853235069
"US","rgdp_growth","2026Q1",2026-04-30,1.9901,"saar_pct","gdpnow",2026-02-27,3.03210850568332,"saar_pct",0,"nowcast","first_release",1.04200850568332,1.04200850568332,1.08578172591638
"US","rgdp_growth","2026Q1",2026-04-30,1.9901,"saar_pct","gdpnow",2026-03-02,3.01717907381223,"saar_pct",0,"nowcast","first_release",1.02707907381223,1.02707907381223,1.05489142386298
"US","rgdp_growth","2026Q1",2026-04-30,1.9901,"saar_pct","gdpnow",2026-03-04,3.20681558107232,"saar_pct",0,"nowcast","first_release",1.21671558107232,1.21671558107232,1.48039680522415
"US","rgdp_growth","2026Q1",2026-04-30,1.9901,"saar_pct","gdpnow",2026-03-05,3.18207430780917,"saar_pct",0,"nowcast","first_release",1.19197430780917,1.19197430780917,1.42080275047715
"US","rgdp_growth","2026Q1",2026-04-30,1.9901,"saar_pct","gdpnow",2026-03-06,2.12273507313245,"saar_pct",0,"nowcast","first_release",0.132635073132453,0.132635073132453,0.0175920626248513
"US","rgdp_growth","2026Q1",2026-04-30,1.9901,"saar_pct","gdpnow",2026-03-10,2.15559674239791,"saar_pct",0,"nowcast","first_release",0.165496742397914,0.165496742397914,0.0273891717443215
"US","rgdp_growth","2026Q1",2026-04-30,1.9901,"saar_pct","gdpnow",2026-03-11,2.20645545809675,"saar_pct",0,"nowcast","first_release",0.216355458096746,0.216355458096746,0.0468096842482526
"US","rgdp_growth","2026Q1",2026-04-30,1.9901,"saar_pct","gdpnow",2026-03-12,2.74293002101502,"saar_pct",0,"nowcast","first_release",0.752830021015022,0.752830021015022,0.566753040541479
"US","rgdp_growth","2026Q1",2026-04-30,1.9901,"saar_pct","gdpnow",2026-03-13,2.69786057604229,"saar_pct",0,"nowcast","first_release",0.707760576042288,0.707760576042288,0.500925032999711
"US","rgdp_growth","2026Q1",2026-04-30,1.9901,"saar_pct","gdpnow",2026-03-16,2.83675098655296,"saar_pct",0,"nowcast","first_release",0.846650986552961,0.846650986552961,0.716817893031101
"US","rgdp_growth","2026Q1",2026-04-30,1.9901,"saar_pct","gdpnow",2026-03-18,2.81143973469042,"saar_pct",0,"nowcast","first_release",0.821339734690424,0.821339734690424,0.674598959781336
"US","rgdp_growth","2026Q1",2026-04-30,1.9901,"saar_pct","gdpnow",2026-03-19,2.32642032639792,"saar_pct",0,"nowcast","first_release",0.336320326397916,0.336320326397916,0.1131113619484
"US","rgdp_growth","2026Q1",2026-04-30,1.9901,"saar_pct","gdpnow",2026-03-23,1.99905695177556,"saar_pct",0,"nowcast","first_release",0.00895695177555744,0.00895695177555744,8.02269851096616e-05
"US","rgdp_growth","2026Q1",2026-04-30,1.9901,"saar_pct","gdpnow",2026-03-25,2.12115422201691,"saar_pct",0,"nowcast","first_release",0.131054222016908,0.131054222016908,0.0171752091084569
"US","rgdp_growth","2026Q1",2026-04-30,1.9901,"saar_pct","gdpnow",2026-04-01,1.94526334528058,"saar_pct",-1,"backcast","first_release",-0.044836654719421,0.044836654719421,0.00201032560642858
"US","rgdp_growth","2026Q1",2026-04-30,1.9901,"saar_pct","gdpnow",2026-04-02,1.63726733050455,"saar_pct",-1,"backcast","first_release",-0.352832669495445,0.352832669495445,0.124490892663282
"US","rgdp_growth","2026Q1",2026-04-30,1.9901,"saar_pct","gdpnow",2026-04-03,1.43778737594717,"saar_pct",-1,"backcast","first_release",-0.552312624052825,0.552312624052825,0.305049234688117
"US","rgdp_growth","2026Q1",2026-04-30,1.9901,"saar_pct","gdpnow",2026-04-06,1.43607133190384,"saar_pct",-1,"backcast","first_release",-0.554028668096157,0.554028668096157,0.306947765072401
"US","rgdp_growth","2026Q1",2026-04-30,1.9901,"saar_pct","gdpnow",2026-04-07,1.32046185253021,"saar_pct",-1,"backcast","first_release",-0.669638147469792,0.669638147469792,0.448415248546775
"US","rgdp_growth","2026Q1",2026-04-30,1.9901,"saar_pct","gdpnow",2026-04-09,1.30777121703576,"saar_pct",-1,"backcast","first_release",-0.682328782964242,0.682328782964242,0.465572568061464
"US","rgdp_growth","2026Q1",2026-04-30,1.9901,"saar_pct","gdpnow",2026-04-10,1.22840482241573,"saar_pct",-1,"backcast","first_release",-0.76169517758427,0.76169517758427,0.580179543555133
"US","rgdp_growth","2026Q1",2026-04-30,1.9901,"saar_pct","gdpnow",2026-04-13,1.20221997536474,"saar_pct",-1,"backcast","first_release",-0.787880024635262,0.787880024635262,0.620754933219261
"US","rgdp_growth","2026Q1",2026-04-30,1.9901,"saar_pct","gdpnow",2026-04-14,1.20348429944201,"saar_pct",-1,"backcast","first_release",-0.786615700557985,0.786615700557985,0.61876426036433
"US","rgdp_growth","2026Q1",2026-04-30,1.9901,"saar_pct","gdpnow",2026-04-15,1.0905653681299,"saar_pct",-1,"backcast","first_release",-0.8995346318701,0.8995346318701,0.809162553933676
"US","rgdp_growth","2026Q1",2026-04-30,1.9901,"saar_pct","gdpnow",2026-04-16,0.945646933389455,"saar_pct",-1,"backcast","first_release",-1.04445306661055,1.04445306661055,1.09088220835217
"US","rgdp_growth","2026Q1",2026-04-30,1.9901,"saar_pct","gdpnow",2026-04-21,1.2410282671006,"saar_pct",-1,"backcast","first_release",-0.749071732899403,0.749071732899403,0.561108461028915
"US","rgdp_growth","2026Q1",2026-04-30,1.9901,"saar_pct","gdpnow",2026-04-29,1.23917497408428,"saar_pct",-1,"backcast","first_release",-0.75092502591572,0.75092502591572,0.563888394546525
"US","rgdp_growth","2016Q1",2016-04-28,0.537795,"saar_pct","nyfed",2015-12-04,1.16,"saar_pct",1,"1q_ahead","first_release",0.622205,0.622205,0.387139062025
"US","rgdp_growth","2016Q1",2016-04-28,0.537795,"saar_pct","nyfed",2015-12-11,1.08,"saar_pct",1,"1q_ahead","first_release",0.542205,0.542205,0.293986262025
"US","rgdp_growth","2016Q1",2016-04-28,0.537795,"saar_pct","nyfed",2015-12-18,1.09,"saar_pct",1,"1q_ahead","first_release",0.552205,0.552205,0.304930362025
"US","rgdp_growth","2016Q1",2016-04-28,0.537795,"saar_pct","nyfed",2015-12-25,0.99,"saar_pct",1,"1q_ahead","first_release",0.452205,0.452205,0.204489362025
"US","rgdp_growth","2016Q1",2016-04-28,0.537795,"saar_pct","nyfed",2016-01-01,0.99,"saar_pct",0,"nowcast","first_release",0.452205,0.452205,0.204489362025
"US","rgdp_growth","2016Q1",2016-04-28,0.537795,"saar_pct","nyfed",2016-01-08,0.95,"saar_pct",0,"nowcast","first_release",0.412205,0.412205,0.169912962025
"US","rgdp_growth","2016Q1",2016-04-28,0.537795,"saar_pct","nyfed",2016-01-15,1.1,"saar_pct",0,"nowcast","first_release",0.562205,0.562205,0.316074462025
"US","rgdp_growth","2016Q1",2016-04-28,0.537795,"saar_pct","nyfed",2016-01-22,0.34,"saar_pct",0,"nowcast","first_release",-0.197795,0.197795,0.039122862025
"US","rgdp_growth","2016Q1",2016-04-28,0.537795,"saar_pct","nyfed",2016-01-29,0.6,"saar_pct",0,"nowcast","first_release",0.062205,0.062205,0.00386946202499999
"US","rgdp_growth","2016Q1",2016-04-28,0.537795,"saar_pct","nyfed",2016-02-05,-0.09,"saar_pct",0,"nowcast","first_release",-0.627795,0.627795,0.394126562025
"US","rgdp_growth","2016Q1",2016-04-28,0.537795,"saar_pct","nyfed",2016-02-12,0.18,"saar_pct",0,"nowcast","first_release",-0.357795,0.357795,0.128017262025
"US","rgdp_growth","2016Q1",2016-04-28,0.537795,"saar_pct","nyfed",2016-02-19,0.99,"saar_pct",0,"nowcast","first_release",0.452205,0.452205,0.204489362025
"US","rgdp_growth","2016Q1",2016-04-28,0.537795,"saar_pct","nyfed",2016-02-26,0.94,"saar_pct",0,"nowcast","first_release",0.402205,0.402205,0.161768862025
"US","rgdp_growth","2016Q1",2016-04-28,0.537795,"saar_pct","nyfed",2016-03-04,1.54,"saar_pct",0,"nowcast","first_release",1.002205,1.002205,1.004414862025
"US","rgdp_growth","2016Q1",2016-04-28,0.537795,"saar_pct","nyfed",2016-03-11,1.26,"saar_pct",0,"nowcast","first_release",0.722205,0.722205,0.521580062025
"US","rgdp_growth","2016Q1",2016-04-28,0.537795,"saar_pct","nyfed",2016-03-18,0.99,"saar_pct",0,"nowcast","first_release",0.452205,0.452205,0.204489362025
"US","rgdp_growth","2016Q1",2016-04-28,0.537795,"saar_pct","nyfed",2016-03-25,1.05,"saar_pct",0,"nowcast","first_release",0.512205,0.512205,0.262353962025
"US","rgdp_growth","2016Q1",2016-04-28,0.537795,"saar_pct","nyfed",2016-04-01,1,"saar_pct",-1,"backcast","first_release",0.462205,0.462205,0.213633462025
"US","rgdp_growth","2016Q1",2016-04-28,0.537795,"saar_pct","nyfed",2016-04-08,1.02,"saar_pct",-1,"backcast","first_release",0.482205,0.482205,0.232521662025
"US","rgdp_growth","2016Q1",2016-04-28,0.537795,"saar_pct","nyfed",2016-04-15,1.05,"saar_pct",-1,"backcast","first_release",0.512205,0.512205,0.262353962025
"US","rgdp_growth","2016Q1",2016-04-28,0.537795,"saar_pct","nyfed",2016-04-22,0.7,"saar_pct",-1,"backcast","first_release",0.162205,0.162205,0.026310462025
"US","rgdp_growth","2016Q2",2016-07-28,1.217502,"saar_pct","nyfed",2016-02-26,1.27,"saar_pct",1,"1q_ahead","first_release",0.0524979999999999,0.0524979999999999,0.00275604000399999
"US","rgdp_growth","2016Q2",2016-07-28,1.217502,"saar_pct","nyfed",2016-03-04,1.54,"saar_pct",1,"1q_ahead","first_release",0.322498,0.322498,0.104004960004
"US","rgdp_growth","2016Q2",2016-07-28,1.217502,"saar_pct","nyfed",2016-03-11,1.52,"saar_pct",1,"1q_ahead","first_release",0.302498,0.302498,0.091505040004
"US","rgdp_growth","2016Q2",2016-07-28,1.217502,"saar_pct","nyfed",2016-03-18,1.51,"saar_pct",1,"1q_ahead","first_release",0.292498,0.292498,0.085555080004
"US","rgdp_growth","2016Q2",2016-07-28,1.217502,"saar_pct","nyfed",2016-03-25,1.71,"saar_pct",1,"1q_ahead","first_release",0.492498,0.492498,0.242554280004
"US","rgdp_growth","2016Q2",2016-07-28,1.217502,"saar_pct","nyfed",2016-04-01,1.74,"saar_pct",0,"nowcast","first_release",0.522498,0.522498,0.273004160004
"US","rgdp_growth","2016Q2",2016-07-28,1.217502,"saar_pct","nyfed",2016-04-08,1.91,"saar_pct",0,"nowcast","first_release",0.692498,0.692498,0.479553480004
"US","rgdp_growth","2016Q2",2016-07-28,1.217502,"saar_pct","nyfed",2016-04-15,1.21,"saar_pct",0,"nowcast","first_release",-0.00750200000000012,0.00750200000000012,5.62800040000018e-05
"US","rgdp_growth","2016Q2",2016-07-28,1.217502,"saar_pct","nyfed",2016-04-22,0.74,"saar_pct",0,"nowcast","first_release",-0.477502,0.477502,0.228008160004
"US","rgdp_growth","2016Q2",2016-07-28,1.217502,"saar_pct","nyfed",2016-04-29,0.81,"saar_pct",0,"nowcast","first_release",-0.407502,0.407502,0.166057880004
"US","rgdp_growth","2016Q2",2016-07-28,1.217502,"saar_pct","nyfed",2016-05-06,0.81,"saar_pct",0,"nowcast","first_release",-0.407502,0.407502,0.166057880004
"US","rgdp_growth","2016Q2",2016-07-28,1.217502,"saar_pct","nyfed",2016-05-13,1.25,"saar_pct",0,"nowcast","first_release",0.0324979999999999,0.0324979999999999,0.00105612000399999
"US","rgdp_growth","2016Q2",2016-07-28,1.217502,"saar_pct","nyfed",2016-05-20,1.71,"saar_pct",0,"nowcast","first_release",0.492498,0.492498,0.242554280004
"US","rgdp_growth","2016Q2",2016-07-28,1.217502,"saar_pct","nyfed",2016-05-27,2.15,"saar_pct",0,"nowcast","first_release",0.932498,0.932498,0.869552520004
"US","rgdp_growth","2016Q2",2016-07-28,1.217502,"saar_pct","nyfed",2016-06-03,2.37,"saar_pct",0,"nowcast","first_release",1.152498,1.152498,1.328251640004
"US","rgdp_growth","2016Q2",2016-07-28,1.217502,"saar_pct","nyfed",2016-06-10,2.3,"saar_pct",0,"nowcast","first_release",1.082498,1.082498,1.171801920004
"US","rgdp_growth","2016Q2",2016-07-28,1.217502,"saar_pct","nyfed",2016-06-17,2.12,"saar_pct",0,"nowcast","first_release",0.902498,0.902498,0.814502640004
"US","rgdp_growth","2016Q2",2016-07-28,1.217502,"saar_pct","nyfed",2016-06-24,2.11,"saar_pct",0,"nowcast","first_release",0.892498,0.892498,0.796552680004
"US","rgdp_growth","2016Q2",2016-07-28,1.217502,"saar_pct","nyfed",2016-07-01,2.08,"saar_pct",-1,"backcast","first_release",0.862498,0.862498,0.743902800004
"US","rgdp_growth","2016Q2",2016-07-28,1.217502,"saar_pct","nyfed",2016-07-08,2.09,"saar_pct",-1,"backcast","first_release",0.872498,0.872498,0.761252760004
"US","rgdp_growth","2016Q2",2016-07-28,1.217502,"saar_pct","nyfed",2016-07-15,2.18,"saar_pct",-1,"backcast","first_release",0.962498,0.962498,0.926402400004
"US","rgdp_growth","2016Q2",2016-07-28,1.217502,"saar_pct","nyfed",2016-07-22,2.17,"saar_pct",-1,"backcast","first_release",0.952498,0.952498,0.907252440004
"US","rgdp_growth","2016Q3",2016-10-28,2.900812,"saar_pct","nyfed",2016-06-03,2.17,"saar_pct",1,"1q_ahead","first_release",-0.730812,0.730812,0.534086179344
"US","rgdp_growth","2016Q3",2016-10-28,2.900812,"saar_pct","nyfed",2016-06-10,2.15,"saar_pct",1,"1q_ahead","first_release",-0.750812,0.750812,0.563718659344
"US","rgdp_growth","2016Q3",2016-10-28,2.900812,"saar_pct","nyfed",2016-06-17,2.13,"saar_pct",1,"1q_ahead","first_release",-0.770812,0.770812,0.594151139344
"US","rgdp_growth","2016Q3",2016-10-28,2.900812,"saar_pct","nyfed",2016-06-24,2.14,"saar_pct",1,"1q_ahead","first_release",-0.760812,0.760812,0.578834899344
"US","rgdp_growth","2016Q3",2016-10-28,2.900812,"saar_pct","nyfed",2016-07-01,2.21,"saar_pct",0,"nowcast","first_release",-0.690812,0.690812,0.477221219344
"US","rgdp_growth","2016Q3",2016-10-28,2.900812,"saar_pct","nyfed",2016-07-08,2.31,"saar_pct",0,"nowcast","first_release",-0.590812,0.590812,0.349058819344
"US","rgdp_growth","2016Q3",2016-10-28,2.900812,"saar_pct","nyfed",2016-07-15,2.61,"saar_pct",0,"nowcast","first_release",-0.290812,0.290812,0.0845716193440002
"US","rgdp_growth","2016Q3",2016-10-28,2.900812,"saar_pct","nyfed",2016-07-22,2.56,"saar_pct",0,"nowcast","first_release",-0.340812,0.340812,0.116152819344
"US","rgdp_growth","2016Q3",2016-10-28,2.900812,"saar_pct","nyfed",2016-07-29,2.52,"saar_pct",0,"nowcast","first_release",-0.380812,0.380812,0.145017779344
"US","rgdp_growth","2016Q3",2016-10-28,2.900812,"saar_pct","nyfed",2016-08-05,2.63,"saar_pct",0,"nowcast","first_release",-0.270812,0.270812,0.0733391393440001
"US","rgdp_growth","2016Q3",2016-10-28,2.900812,"saar_pct","nyfed",2016-08-12,2.43,"saar_pct",0,"nowcast","first_release",-0.470812,0.470812,0.221663939344
"US","rgdp_growth","2016Q3",2016-10-28,2.900812,"saar_pct","nyfed",2016-08-19,2.96,"saar_pct",0,"nowcast","first_release",0.0591879999999998,0.0591879999999998,0.00350321934399998
"US","rgdp_growth","2016Q3",2016-10-28,2.900812,"saar_pct","nyfed",2016-08-26,2.83,"saar_pct",0,"nowcast","first_release",-0.0708120000000001,0.0708120000000001,0.00501433934400001
"US","rgdp_growth","2016Q3",2016-10-28,2.900812,"saar_pct","nyfed",2016-09-02,2.8,"saar_pct",0,"nowcast","first_release",-0.100812,0.100812,0.0101630593440001
"US","rgdp_growth","2016Q3",2016-10-28,2.900812,"saar_pct","nyfed",2016-09-09,2.8,"saar_pct",0,"nowcast","first_release",-0.100812,0.100812,0.0101630593440001
"US","rgdp_growth","2016Q3",2016-10-28,2.900812,"saar_pct","nyfed",2016-09-16,2.38,"saar_pct",0,"nowcast","first_release",-0.520812,0.520812,0.271245139344
"US","rgdp_growth","2016Q3",2016-10-28,2.900812,"saar_pct","nyfed",2016-09-23,2.26,"saar_pct",0,"nowcast","first_release",-0.640812,0.640812,0.410640019344
"US","rgdp_growth","2016Q3",2016-10-28,2.900812,"saar_pct","nyfed",2016-09-30,2.23,"saar_pct",0,"nowcast","first_release",-0.670812,0.670812,0.449988739344
"US","rgdp_growth","2016Q3",2016-10-28,2.900812,"saar_pct","nyfed",2016-10-07,2.2,"saar_pct",-1,"backcast","first_release",-0.700812,0.700812,0.491137459344
"US","rgdp_growth","2016Q3",2016-10-28,2.900812,"saar_pct","nyfed",2016-10-14,2.3,"saar_pct",-1,"backcast","first_release",-0.600812,0.600812,0.360975059344
"US","rgdp_growth","2016Q3",2016-10-28,2.900812,"saar_pct","nyfed",2016-10-21,2.22,"saar_pct",-1,"backcast","first_release",-0.680812,0.680812,0.463504979344
"US","rgdp_growth","2016Q4",2017-01-27,1.873485,"saar_pct","nyfed",2016-09-02,1.71,"saar_pct",1,"1q_ahead","first_release",-0.163485,0.163485,0.026727345225
"US","rgdp_growth","2016Q4",2017-01-27,1.873485,"saar_pct","nyfed",2016-09-09,1.69,"saar_pct",1,"1q_ahead","first_release",-0.183485,0.183485,0.033666745225
"US","rgdp_growth","2016Q4",2017-01-27,1.873485,"saar_pct","nyfed",2016-09-16,1.37,"saar_pct",1,"1q_ahead","first_release",-0.503485,0.503485,0.253497145225
"US","rgdp_growth","2016Q4",2017-01-27,1.873485,"saar_pct","nyfed",2016-09-23,1.22,"saar_pct",1,"1q_ahead","first_release",-0.653485,0.653485,0.427042645225
"US","rgdp_growth","2016Q4",2017-01-27,1.873485,"saar_pct","nyfed",2016-09-30,1.25,"saar_pct",1,"1q_ahead","first_release",-0.623485,0.623485,0.388733545225
"US","rgdp_growth","2016Q4",2017-01-27,1.873485,"saar_pct","nyfed",2016-10-07,1.32,"saar_pct",0,"nowcast","first_release",-0.553485,0.553485,0.306345645225
"US","rgdp_growth","2016Q4",2017-01-27,1.873485,"saar_pct","nyfed",2016-10-14,1.56,"saar_pct",0,"nowcast","first_release",-0.313485,0.313485,0.098272845225
"US","rgdp_growth","2016Q4",2017-01-27,1.873485,"saar_pct","nyfed",2016-10-21,1.4,"saar_pct",0,"nowcast","first_release",-0.473485,0.473485,0.224188045225
"US","rgdp_growth","2016Q4",2017-01-27,1.873485,"saar_pct","nyfed",2016-10-28,1.55,"saar_pct",0,"nowcast","first_release",-0.323485,0.323485,0.104642545225
"US","rgdp_growth","2016Q4",2017-01-27,1.873485,"saar_pct","nyfed",2016-11-04,1.6,"saar_pct",0,"nowcast","first_release",-0.273485,0.273485,0.074794045225
"US","rgdp_growth","2016Q4",2017-01-27,1.873485,"saar_pct","nyfed",2016-11-11,1.63,"saar_pct",0,"nowcast","first_release",-0.243485,0.243485,0.0592849452250001
"US","rgdp_growth","2016Q4",2017-01-27,1.873485,"saar_pct","nyfed",2016-11-18,2.36,"saar_pct",0,"nowcast","first_release",0.486515,0.486515,0.236696845225
"US","rgdp_growth","2016Q4",2017-01-27,1.873485,"saar_pct","nyfed",2016-11-25,2.5,"saar_pct",0,"nowcast","first_release",0.626515,0.626515,0.392521045225
"US","rgdp_growth","2016Q4",2017-01-27,1.873485,"saar_pct","nyfed",2016-12-02,2.67,"saar_pct",0,"nowcast","first_release",0.796515,0.796515,0.634436145225
"US","rgdp_growth","2016Q4",2017-01-27,1.873485,"saar_pct","nyfed",2016-12-09,2.48,"saar_pct",0,"nowcast","first_release",0.606515,0.606515,0.367860445225
"US","rgdp_growth","2016Q4",2017-01-27,1.873485,"saar_pct","nyfed",2016-12-16,1.83,"saar_pct",0,"nowcast","first_release",-0.043485,0.043485,0.001890945225
"US","rgdp_growth","2016Q4",2017-01-27,1.873485,"saar_pct","nyfed",2016-12-23,1.85,"saar_pct",0,"nowcast","first_release",-0.023485,0.023485,0.000551545224999999
"US","rgdp_growth","2016Q4",2017-01-27,1.873485,"saar_pct","nyfed",2016-12-30,1.77,"saar_pct",0,"nowcast","first_release",-0.103485,0.103485,0.010709145225
"US","rgdp_growth","2016Q4",2017-01-27,1.873485,"saar_pct","nyfed",2017-01-06,1.93,"saar_pct",-1,"backcast","first_release",0.0565149999999999,0.0565149999999999,0.00319394522499999
"US","rgdp_growth","2016Q4",2017-01-27,1.873485,"saar_pct","nyfed",2017-01-13,1.94,"saar_pct",-1,"backcast","first_release",0.0665149999999999,0.0665149999999999,0.00442424522499998
"US","rgdp_growth","2016Q4",2017-01-27,1.873485,"saar_pct","nyfed",2017-01-20,2.08,"saar_pct",-1,"backcast","first_release",0.206515,0.206515,0.042648445225
"US","rgdp_growth","2017Q1",2017-04-28,0.692529,"saar_pct","nyfed",2016-12-02,2.54,"saar_pct",1,"1q_ahead","first_release",1.847471,1.847471,3.413149095841
"US","rgdp_growth","2017Q1",2017-04-28,0.692529,"saar_pct","nyfed",2016-12-09,2.4,"saar_pct",1,"1q_ahead","first_release",1.707471,1.707471,2.915457215841
"US","rgdp_growth","2017Q1",2017-04-28,0.692529,"saar_pct","nyfed",2016-12-16,1.72,"saar_pct",1,"1q_ahead","first_release",1.027471,1.027471,1.055696655841
"US","rgdp_growth","2017Q1",2017-04-28,0.692529,"saar_pct","nyfed",2016-12-23,1.76,"saar_pct",1,"1q_ahead","first_release",1.067471,1.067471,1.139494335841
"US","rgdp_growth","2017Q1",2017-04-28,0.692529,"saar_pct","nyfed",2016-12-30,1.7,"saar_pct",1,"1q_ahead","first_release",1.007471,1.007471,1.014997815841
"US","rgdp_growth","2017Q1",2017-04-28,0.692529,"saar_pct","nyfed",2017-01-06,1.99,"saar_pct",0,"nowcast","first_release",1.297471,1.297471,1.683430995841
"US","rgdp_growth","2017Q1",2017-04-28,0.692529,"saar_pct","nyfed",2017-01-13,2.07,"saar_pct",0,"nowcast","first_release",1.377471,1.377471,1.897426355841
"US","rgdp_growth","2017Q1",2017-04-28,0.692529,"saar_pct","nyfed",2017-01-20,2.66,"saar_pct",0,"nowcast","first_release",1.967471,1.967471,3.870942135841
"US","rgdp_growth","2017Q1",2017-04-28,0.692529,"saar_pct","nyfed",2017-01-27,2.66,"saar_pct",0,"nowcast","first_release",1.967471,1.967471,3.870942135841
"US","rgdp_growth","2017Q1",2017-04-28,0.692529,"saar_pct","nyfed",2017-02-03,2.92,"saar_pct",0,"nowcast","first_release",2.227471,2.227471,4.961627055841
"US","rgdp_growth","2017Q1",2017-04-28,0.692529,"saar_pct","nyfed",2017-02-10,3.07,"saar_pct",0,"nowcast","first_release",2.377471,2.377471,5.652368355841
"US","rgdp_growth","2017Q1",2017-04-28,0.692529,"saar_pct","nyfed",2017-02-17,3.09,"saar_pct",0,"nowcast","first_release",2.397471,2.397471,5.747867195841
"US","rgdp_growth","2017Q1",2017-04-28,0.692529,"saar_pct","nyfed",2017-02-24,3.12,"saar_pct",0,"nowcast","first_release",2.427471,2.427471,5.892615455841
"US","rgdp_growth","2017Q1",2017-04-28,0.692529,"saar_pct","nyfed",2017-03-03,3.09,"saar_pct",0,"nowcast","first_release",2.397471,2.397471,5.747867195841
"US","rgdp_growth","2017Q1",2017-04-28,0.692529,"saar_pct","nyfed",2017-03-10,3.19,"saar_pct",0,"nowcast","first_release",2.497471,2.497471,6.237361395841
"US","rgdp_growth","2017Q1",2017-04-28,0.692529,"saar_pct","nyfed",2017-03-17,2.83,"saar_pct",0,"nowcast","first_release",2.137471,2.137471,4.568782275841
"US","rgdp_growth","2017Q1",2017-04-28,0.692529,"saar_pct","nyfed",2017-03-24,2.96,"saar_pct",0,"nowcast","first_release",2.267471,2.267471,5.141424735841
"US","rgdp_growth","2017Q1",2017-04-28,0.692529,"saar_pct","nyfed",2017-03-31,2.87,"saar_pct",0,"nowcast","first_release",2.177471,2.177471,4.741379955841
"US","rgdp_growth","2017Q1",2017-04-28,0.692529,"saar_pct","nyfed",2017-04-07,2.82,"saar_pct",-1,"backcast","first_release",2.127471,2.127471,4.526132855841
"US","rgdp_growth","2017Q1",2017-04-28,0.692529,"saar_pct","nyfed",2017-04-14,2.64,"saar_pct",-1,"backcast","first_release",1.947471,1.947471,3.792643295841
"US","rgdp_growth","2017Q1",2017-04-28,0.692529,"saar_pct","nyfed",2017-04-21,2.65,"saar_pct",-1,"backcast","first_release",1.957471,1.957471,3.831692715841
"US","rgdp_growth","2017Q2",2017-07-28,2.56771,"saar_pct","nyfed",2017-03-03,2.91,"saar_pct",1,"1q_ahead","first_release",0.34229,0.34229,0.1171624441
"US","rgdp_growth","2017Q2",2017-07-28,2.56771,"saar_pct","nyfed",2017-03-10,3,"saar_pct",1,"1q_ahead","first_release",0.43229,0.43229,0.1868746441
"US","rgdp_growth","2017Q2",2017-07-28,2.56771,"saar_pct","nyfed",2017-03-17,2.53,"saar_pct",1,"1q_ahead","first_release",-0.0377100000000001,0.0377100000000001,0.00142204410000001
"US","rgdp_growth","2017Q2",2017-07-28,2.56771,"saar_pct","nyfed",2017-03-24,2.66,"saar_pct",1,"1q_ahead","first_release",0.0922900000000002,0.0922900000000002,0.00851744410000004
"US","rgdp_growth","2017Q2",2017-07-28,2.56771,"saar_pct","nyfed",2017-03-31,2.58,"saar_pct",1,"1q_ahead","first_release",0.0122900000000001,0.0122900000000001,0.000151044100000003
"US","rgdp_growth","2017Q2",2017-07-28,2.56771,"saar_pct","nyfed",2017-04-07,2.56,"saar_pct",0,"nowcast","first_release",-0.00770999999999988,0.00770999999999988,5.94440999999982e-05
"US","rgdp_growth","2017Q2",2017-07-28,2.56771,"saar_pct","nyfed",2017-04-14,2.09,"saar_pct",0,"nowcast","first_release",-0.47771,0.47771,0.2282068441
"US","rgdp_growth","2017Q2",2017-07-28,2.56771,"saar_pct","nyfed",2017-04-21,2.06,"saar_pct",0,"nowcast","first_release",-0.50771,0.50771,0.2577694441
"US","rgdp_growth","2017Q2",2017-07-28,2.56771,"saar_pct","nyfed",2017-04-28,2.33,"saar_pct",0,"nowcast","first_release",-0.23771,0.23771,0.0565060440999999
"US","rgdp_growth","2017Q2",2017-07-28,2.56771,"saar_pct","nyfed",2017-05-05,1.8,"saar_pct",0,"nowcast","first_release",-0.76771,0.76771,0.5893786441
"US","rgdp_growth","2017Q2",2017-07-28,2.56771,"saar_pct","nyfed",2017-05-12,1.88,"saar_pct",0,"nowcast","first_release",-0.68771,0.68771,0.4729450441
"US","rgdp_growth","2017Q2",2017-07-28,2.56771,"saar_pct","nyfed",2017-05-19,2.32,"saar_pct",0,"nowcast","first_release",-0.24771,0.24771,0.0613602441000001
"US","rgdp_growth","2017Q2",2017-07-28,2.56771,"saar_pct","nyfed",2017-05-26,2.17,"saar_pct",0,"nowcast","first_release",-0.39771,0.39771,0.1581732441
"US","rgdp_growth","2017Q2",2017-07-28,2.56771,"saar_pct","nyfed",2017-06-02,2.17,"saar_pct",0,"nowcast","first_release",-0.39771,0.39771,0.1581732441
"US","rgdp_growth","2017Q2",2017-07-28,2.56771,"saar_pct","nyfed",2017-06-09,2.25,"saar_pct",0,"nowcast","first_release",-0.31771,0.31771,0.1009396441
"US","rgdp_growth","2017Q2",2017-07-28,2.56771,"saar_pct","nyfed",2017-06-16,1.86,"saar_pct",0,"nowcast","first_release",-0.70771,0.70771,0.5008534441
"US","rgdp_growth","2017Q2",2017-07-28,2.56771,"saar_pct","nyfed",2017-06-23,1.88,"saar_pct",0,"nowcast","first_release",-0.68771,0.68771,0.4729450441
"US","rgdp_growth","2017Q2",2017-07-28,2.56771,"saar_pct","nyfed",2017-06-30,1.91,"saar_pct",0,"nowcast","first_release",-0.65771,0.65771,0.4325824441
"US","rgdp_growth","2017Q2",2017-07-28,2.56771,"saar_pct","nyfed",2017-07-07,1.96,"saar_pct",-1,"backcast","first_release",-0.60771,0.60771,0.3693114441
"US","rgdp_growth","2017Q2",2017-07-28,2.56771,"saar_pct","nyfed",2017-07-14,1.9,"saar_pct",-1,"backcast","first_release",-0.66771,0.66771,0.4458366441
"US","rgdp_growth","2017Q2",2017-07-28,2.56771,"saar_pct","nyfed",2017-07-21,2.04,"saar_pct",-1,"backcast","first_release",-0.52771,0.52771,0.2784778441
"US","rgdp_growth","2017Q3",2017-10-27,2.98896,"saar_pct","nyfed",2017-06-02,1.82,"saar_pct",1,"1q_ahead","first_release",-1.16896,1.16896,1.3664674816
"US","rgdp_growth","2017Q3",2017-10-27,2.98896,"saar_pct","nyfed",2017-06-09,1.8,"saar_pct",1,"1q_ahead","first_release",-1.18896,1.18896,1.4136258816
"US","rgdp_growth","2017Q3",2017-10-27,2.98896,"saar_pct","nyfed",2017-06-16,1.54,"saar_pct",1,"1q_ahead","first_release",-1.44896,1.44896,2.0994850816
"US","rgdp_growth","2017Q3",2017-10-27,2.98896,"saar_pct","nyfed",2017-06-23,1.55,"saar_pct",1,"1q_ahead","first_release",-1.43896,1.43896,2.0706058816
"US","rgdp_growth","2017Q3",2017-10-27,2.98896,"saar_pct","nyfed",2017-06-30,1.61,"saar_pct",1,"1q_ahead","first_release",-1.37896,1.37896,1.9015306816
"US","rgdp_growth","2017Q3",2017-10-27,2.98896,"saar_pct","nyfed",2017-07-07,1.78,"saar_pct",0,"nowcast","first_release",-1.20896,1.20896,1.4615842816
"US","rgdp_growth","2017Q3",2017-10-27,2.98896,"saar_pct","nyfed",2017-07-14,1.84,"saar_pct",0,"nowcast","first_release",-1.14896,1.14896,1.3201090816
"US","rgdp_growth","2017Q3",2017-10-27,2.98896,"saar_pct","nyfed",2017-07-21,1.95,"saar_pct",0,"nowcast","first_release",-1.03896,1.03896,1.0794378816
"US","rgdp_growth","2017Q3",2017-10-27,2.98896,"saar_pct","nyfed",2017-07-28,1.92,"saar_pct",0,"nowcast","first_release",-1.06896,1.06896,1.1426754816
"US","rgdp_growth","2017Q3",2017-10-27,2.98896,"saar_pct","nyfed",2017-08-04,1.98,"saar_pct",0,"nowcast","first_release",-1.00896,1.00896,1.0180002816
"US","rgdp_growth","2017Q3",2017-10-27,2.98896,"saar_pct","nyfed",2017-08-11,1.96,"saar_pct",0,"nowcast","first_release",-1.02896,1.02896,1.0587586816
"US","rgdp_growth","2017Q3",2017-10-27,2.98896,"saar_pct","nyfed",2017-08-18,2.09,"saar_pct",0,"nowcast","first_release",-0.89896,0.89896,0.8081290816
"US","rgdp_growth","2017Q3",2017-10-27,2.98896,"saar_pct","nyfed",2017-08-25,1.93,"saar_pct",0,"nowcast","first_release",-1.05896,1.05896,1.1213962816
"US","rgdp_growth","2017Q3",2017-10-27,2.98896,"saar_pct","nyfed",2017-09-01,2.17,"saar_pct",0,"nowcast","first_release",-0.81896,0.81896,0.6706954816
"US","rgdp_growth","2017Q3",2017-10-27,2.98896,"saar_pct","nyfed",2017-09-08,2.06,"saar_pct",0,"nowcast","first_release",-0.92896,0.92896,0.8629666816
"US","rgdp_growth","2017Q3",2017-10-27,2.98896,"saar_pct","nyfed",2017-09-15,1.34,"saar_pct",0,"nowcast","first_release",-1.64896,1.64896,2.7190690816
"US","rgdp_growth","2017Q3",2017-10-27,2.98896,"saar_pct","nyfed",2017-09-22,1.56,"saar_pct",0,"nowcast","first_release",-1.42896,1.42896,2.0419266816
"US","rgdp_growth","2017Q3",2017-10-27,2.98896,"saar_pct","nyfed",2017-09-29,1.46,"saar_pct",0,"nowcast","first_release",-1.52896,1.52896,2.3377186816
"US","rgdp_growth","2017Q3",2017-10-27,2.98896,"saar_pct","nyfed",2017-10-06,1.53,"saar_pct",-1,"backcast","first_release",-1.45896,1.45896,2.1285642816
"US","rgdp_growth","2017Q3",2017-10-27,2.98896,"saar_pct","nyfed",2017-10-13,1.7,"saar_pct",-1,"backcast","first_release",-1.28896,1.28896,1.6614178816
"US","rgdp_growth","2017Q3",2017-10-27,2.98896,"saar_pct","nyfed",2017-10-20,1.46,"saar_pct",-1,"backcast","first_release",-1.52896,1.52896,2.3377186816
"US","rgdp_growth","2017Q4",2018-01-26,2.555015,"saar_pct","nyfed",2017-09-01,2.72,"saar_pct",1,"1q_ahead","first_release",0.164985,0.164985,0.0272200502250001
"US","rgdp_growth","2017Q4",2018-01-26,2.555015,"saar_pct","nyfed",2017-09-08,2.62,"saar_pct",1,"1q_ahead","first_release",0.0649850000000001,0.0649850000000001,0.00422305022500001
"US","rgdp_growth","2017Q4",2018-01-26,2.555015,"saar_pct","nyfed",2017-09-15,1.82,"saar_pct",1,"1q_ahead","first_release",-0.735015,0.735015,0.540247050225
"US","rgdp_growth","2017Q4",2018-01-26,2.555015,"saar_pct","nyfed",2017-09-22,2.01,"saar_pct",1,"1q_ahead","first_release",-0.545015,0.545015,0.297041350225
"US","rgdp_growth","2017Q4",2018-01-26,2.555015,"saar_pct","nyfed",2017-09-29,1.95,"saar_pct",1,"1q_ahead","first_release",-0.605015,0.605015,0.366043150225
"US","rgdp_growth","2017Q4",2018-01-26,2.555015,"saar_pct","nyfed",2017-10-06,2.45,"saar_pct",0,"nowcast","first_release",-0.105015,0.105015,0.011028150225
"US","rgdp_growth","2017Q4",2018-01-26,2.555015,"saar_pct","nyfed",2017-10-13,2.91,"saar_pct",0,"nowcast","first_release",0.354985,0.354985,0.126014350225
"US","rgdp_growth","2017Q4",2018-01-26,2.555015,"saar_pct","nyfed",2017-10-20,2.61,"saar_pct",0,"nowcast","first_release",0.0549849999999998,0.0549849999999998,0.00302335022499998
"US","rgdp_growth","2017Q4",2018-01-26,2.555015,"saar_pct","nyfed",2017-10-27,3.05,"saar_pct",0,"nowcast","first_release",0.494985,0.494985,0.245010150225
"US","rgdp_growth","2017Q4",2018-01-26,2.555015,"saar_pct","nyfed",2017-11-03,3.16,"saar_pct",0,"nowcast","first_release",0.604985,0.604985,0.366006850225
"US","rgdp_growth","2017Q4",2018-01-26,2.555015,"saar_pct","nyfed",2017-11-10,3.15,"saar_pct",0,"nowcast","first_release",0.594985,0.594985,0.354007150225
"US","rgdp_growth","2017Q4",2018-01-26,2.555015,"saar_pct","nyfed",2017-11-17,3.82,"saar_pct",0,"nowcast","first_release",1.264985,1.264985,1.600187050225
"US","rgdp_growth","2017Q4",2018-01-26,2.555015,"saar_pct","nyfed",2017-11-24,3.67,"saar_pct",0,"nowcast","first_release",1.114985,1.114985,1.243191550225
"US","rgdp_growth","2017Q4",2018-01-26,2.555015,"saar_pct","nyfed",2017-12-01,3.93,"saar_pct",0,"nowcast","first_release",1.374985,1.374985,1.890583750225
"US","rgdp_growth","2017Q4",2018-01-26,2.555015,"saar_pct","nyfed",2017-12-08,3.92,"saar_pct",0,"nowcast","first_release",1.364985,1.364985,1.863184050225
"US","rgdp_growth","2017Q4",2018-01-26,2.555015,"saar_pct","nyfed",2017-12-15,3.98,"saar_pct",0,"nowcast","first_release",1.424985,1.424985,2.030582250225
"US","rgdp_growth","2017Q4",2018-01-26,2.555015,"saar_pct","nyfed",2017-12-22,3.9,"saar_pct",0,"nowcast","first_release",1.344985,1.344985,1.808984650225
"US","rgdp_growth","2017Q4",2018-01-26,2.555015,"saar_pct","nyfed",2017-12-29,3.87,"saar_pct",0,"nowcast","first_release",1.314985,1.314985,1.729185550225
"US","rgdp_growth","2017Q4",2018-01-26,2.555015,"saar_pct","nyfed",2018-01-05,3.97,"saar_pct",-1,"backcast","first_release",1.414985,1.414985,2.002182550225
"US","rgdp_growth","2017Q4",2018-01-26,2.555015,"saar_pct","nyfed",2018-01-12,3.88,"saar_pct",-1,"backcast","first_release",1.324985,1.324985,1.755585250225
"US","rgdp_growth","2017Q4",2018-01-26,2.555015,"saar_pct","nyfed",2018-01-19,3.94,"saar_pct",-1,"backcast","first_release",1.384985,1.384985,1.918183450225
"US","rgdp_growth","2018Q1",2018-04-27,2.318422,"saar_pct","nyfed",2017-12-08,3.12,"saar_pct",1,"1q_ahead","first_release",0.801578,0.801578,0.642527290084
"US","rgdp_growth","2018Q1",2018-04-27,2.318422,"saar_pct","nyfed",2017-12-15,3.15,"saar_pct",1,"1q_ahead","first_release",0.831578,0.831578,0.691521970084
"US","rgdp_growth","2018Q1",2018-04-27,2.318422,"saar_pct","nyfed",2017-12-22,3.17,"saar_pct",1,"1q_ahead","first_release",0.851578,0.851578,0.725185090084
"US","rgdp_growth","2018Q1",2018-04-27,2.318422,"saar_pct","nyfed",2017-12-29,3.15,"saar_pct",1,"1q_ahead","first_release",0.831578,0.831578,0.691521970084
"US","rgdp_growth","2018Q1",2018-04-27,2.318422,"saar_pct","nyfed",2018-01-05,3.45,"saar_pct",0,"nowcast","first_release",1.131578,1.131578,1.280468770084
"US","rgdp_growth","2018Q1",2018-04-27,2.318422,"saar_pct","nyfed",2018-01-12,3.21,"saar_pct",0,"nowcast","first_release",0.891578,0.891578,0.794911330084
"US","rgdp_growth","2018Q1",2018-04-27,2.318422,"saar_pct","nyfed",2018-01-19,3.07,"saar_pct",0,"nowcast","first_release",0.751578,0.751578,0.564869490084
"US","rgdp_growth","2018Q1",2018-04-27,2.318422,"saar_pct","nyfed",2018-01-26,3.09,"saar_pct",0,"nowcast","first_release",0.771578,0.771578,0.595332610084
"US","rgdp_growth","2018Q1",2018-04-27,2.318422,"saar_pct","nyfed",2018-02-02,3.22,"saar_pct",0,"nowcast","first_release",0.901578,0.901578,0.812842890084
"US","rgdp_growth","2018Q1",2018-04-27,2.318422,"saar_pct","nyfed",2018-02-09,3.35,"saar_pct",0,"nowcast","first_release",1.031578,1.031578,1.064153170084
"US","rgdp_growth","2018Q1",2018-04-27,2.318422,"saar_pct","nyfed",2018-02-16,3.11,"saar_pct",0,"nowcast","first_release",0.791578,0.791578,0.626595730084
"US","rgdp_growth","2018Q1",2018-04-27,2.318422,"saar_pct","nyfed",2018-02-23,3.11,"saar_pct",0,"nowcast","first_release",0.791578,0.791578,0.626595730084
"US","rgdp_growth","2018Q1",2018-04-27,2.318422,"saar_pct","nyfed",2018-03-02,3.05,"saar_pct",0,"nowcast","first_release",0.731578,0.731578,0.535206370084
"US","rgdp_growth","2018Q1",2018-04-27,2.318422,"saar_pct","nyfed",2018-03-09,2.83,"saar_pct",0,"nowcast","first_release",0.511578,0.511578,0.261712050084
"US","rgdp_growth","2018Q1",2018-04-27,2.318422,"saar_pct","nyfed",2018-03-16,2.73,"saar_pct",0,"nowcast","first_release",0.411578,0.411578,0.169396450084
"US","rgdp_growth","2018Q1",2018-04-27,2.318422,"saar_pct","nyfed",2018-03-23,2.85,"saar_pct",0,"nowcast","first_release",0.531578,0.531578,0.282575170084
"US","rgdp_growth","2018Q1",2018-04-27,2.318422,"saar_pct","nyfed",2018-03-30,2.71,"saar_pct",0,"nowcast","first_release",0.391578,0.391578,0.153333330084
"US","rgdp_growth","2018Q1",2018-04-27,2.318422,"saar_pct","nyfed",2018-04-06,2.77,"saar_pct",-1,"backcast","first_release",0.451578,0.451578,0.203922690084
"US","rgdp_growth","2018Q1",2018-04-27,2.318422,"saar_pct","nyfed",2018-04-13,2.79,"saar_pct",-1,"backcast","first_release",0.471578,0.471578,0.222385810084
"US","rgdp_growth","2018Q1",2018-04-27,2.318422,"saar_pct","nyfed",2018-04-20,2.91,"saar_pct",-1,"backcast","first_release",0.591578,0.591578,0.349964530084
"US","rgdp_growth","2018Q2",2018-07-27,4.060342,"saar_pct","nyfed",2018-03-02,3.1,"saar_pct",1,"1q_ahead","first_release",-0.960342,0.960342,0.922256756964
"US","rgdp_growth","2018Q2",2018-07-27,4.060342,"saar_pct","nyfed",2018-03-09,2.96,"saar_pct",1,"1q_ahead","first_release",-1.100342,1.100342,1.210752516964
"US","rgdp_growth","2018Q2",2018-07-27,4.060342,"saar_pct","nyfed",2018-03-16,2.85,"saar_pct",1,"1q_ahead","first_release",-1.210342,1.210342,1.464927756964
"US","rgdp_growth","2018Q2",2018-07-27,4.060342,"saar_pct","nyfed",2018-03-23,2.98,"saar_pct",1,"1q_ahead","first_release",-1.080342,1.080342,1.167138836964
"US","rgdp_growth","2018Q2",2018-07-27,4.060342,"saar_pct","nyfed",2018-03-30,2.87,"saar_pct",1,"1q_ahead","first_release",-1.190342,1.190342,1.416914076964
"US","rgdp_growth","2018Q2",2018-07-27,4.060342,"saar_pct","nyfed",2018-04-06,2.91,"saar_pct",0,"nowcast","first_release",-1.150342,1.150342,1.323286716964
"US","rgdp_growth","2018Q2",2018-07-27,4.060342,"saar_pct","nyfed",2018-04-13,2.87,"saar_pct",0,"nowcast","first_release",-1.190342,1.190342,1.416914076964
"US","rgdp_growth","2018Q2",2018-07-27,4.060342,"saar_pct","nyfed",2018-04-20,3.03,"saar_pct",0,"nowcast","first_release",-1.030342,1.030342,1.061604636964
"US","rgdp_growth","2018Q2",2018-07-27,4.060342,"saar_pct","nyfed",2018-04-27,3.22,"saar_pct",0,"nowcast","first_release",-0.840342,0.840342,0.706174676964
"US","rgdp_growth","2018Q2",2018-07-27,4.060342,"saar_pct","nyfed",2018-05-04,2.96,"saar_pct",0,"nowcast","first_release",-1.100342,1.100342,1.210752516964
"US","rgdp_growth","2018Q2",2018-07-27,4.060342,"saar_pct","nyfed",2018-05-11,2.97,"saar_pct",0,"nowcast","first_release",-1.090342,1.090342,1.188845676964
"US","rgdp_growth","2018Q2",2018-07-27,4.060342,"saar_pct","nyfed",2018-05-18,3.2,"saar_pct",0,"nowcast","first_release",-0.860342,0.860342,0.740188356964
"US","rgdp_growth","2018Q2",2018-07-27,4.060342,"saar_pct","nyfed",2018-05-25,3.01,"saar_pct",0,"nowcast","first_release",-1.050342,1.050342,1.103218316964
"US","rgdp_growth","2018Q2",2018-07-27,4.060342,"saar_pct","nyfed",2018-06-01,3.26,"saar_pct",0,"nowcast","first_release",-0.800342000000001,0.800342000000001,0.640547316964001
"US","rgdp_growth","2018Q2",2018-07-27,4.060342,"saar_pct","nyfed",2018-06-08,3.08,"saar_pct",0,"nowcast","first_release",-0.980342,0.980342,0.961070436964001
"US","rgdp_growth","2018Q2",2018-07-27,4.060342,"saar_pct","nyfed",2018-06-15,2.98,"saar_pct",0,"nowcast","first_release",-1.080342,1.080342,1.167138836964
"US","rgdp_growth","2018Q2",2018-07-27,4.060342,"saar_pct","nyfed",2018-06-22,2.87,"saar_pct",0,"nowcast","first_release",-1.190342,1.190342,1.416914076964
"US","rgdp_growth","2018Q2",2018-07-27,4.060342,"saar_pct","nyfed",2018-06-29,2.79,"saar_pct",0,"nowcast","first_release",-1.270342,1.270342,1.613768796964
"US","rgdp_growth","2018Q2",2018-07-27,4.060342,"saar_pct","nyfed",2018-07-06,2.79,"saar_pct",-1,"backcast","first_release",-1.270342,1.270342,1.613768796964
"US","rgdp_growth","2018Q2",2018-07-27,4.060342,"saar_pct","nyfed",2018-07-13,2.77,"saar_pct",-1,"backcast","first_release",-1.290342,1.290342,1.664982476964
"US","rgdp_growth","2018Q2",2018-07-27,4.060342,"saar_pct","nyfed",2018-07-20,2.69,"saar_pct",-1,"backcast","first_release",-1.370342,1.370342,1.877837196964
"US","rgdp_growth","2018Q3",2018-10-26,3.500627,"saar_pct","nyfed",2018-06-01,3.01,"saar_pct",1,"1q_ahead","first_release",-0.490627,0.490627,0.240714853129
"US","rgdp_growth","2018Q3",2018-10-26,3.500627,"saar_pct","nyfed",2018-06-08,2.89,"saar_pct",1,"1q_ahead","first_release",-0.610627,0.610627,0.372865333129
"US","rgdp_growth","2018Q3",2018-10-26,3.500627,"saar_pct","nyfed",2018-06-15,2.84,"saar_pct",1,"1q_ahead","first_release",-0.660627,0.660627,0.436428033129
"US","rgdp_growth","2018Q3",2018-10-26,3.500627,"saar_pct","nyfed",2018-06-22,2.57,"saar_pct",1,"1q_ahead","first_release",-0.930627,0.930627,0.866066613129001
"US","rgdp_growth","2018Q3",2018-10-26,3.500627,"saar_pct","nyfed",2018-06-29,2.46,"saar_pct",1,"1q_ahead","first_release",-1.040627,1.040627,1.082904553129
"US","rgdp_growth","2018Q3",2018-10-26,3.500627,"saar_pct","nyfed",2018-07-06,2.71,"saar_pct",0,"nowcast","first_release",-0.790627,0.790627,0.625091053129
"US","rgdp_growth","2018Q3",2018-10-26,3.500627,"saar_pct","nyfed",2018-07-13,2.64,"saar_pct",0,"nowcast","first_release",-0.860627,0.860627,0.740678833129
"US","rgdp_growth","2018Q3",2018-10-26,3.500627,"saar_pct","nyfed",2018-07-20,2.38,"saar_pct",0,"nowcast","first_release",-1.120627,1.120627,1.255804873129
"US","rgdp_growth","2018Q3",2018-10-26,3.500627,"saar_pct","nyfed",2018-07-27,2.83,"saar_pct",0,"nowcast","first_release",-0.670627,0.670627,0.449740573129
"US","rgdp_growth","2018Q3",2018-10-26,3.500627,"saar_pct","nyfed",2018-08-03,2.58,"saar_pct",0,"nowcast","first_release",-0.920627,0.920627,0.847554073129
"US","rgdp_growth","2018Q3",2018-10-26,3.500627,"saar_pct","nyfed",2018-08-10,2.57,"saar_pct",0,"nowcast","first_release",-0.930627,0.930627,0.866066613129001
"US","rgdp_growth","2018Q3",2018-10-26,3.500627,"saar_pct","nyfed",2018-08-17,2.39,"saar_pct",0,"nowcast","first_release",-1.110627,1.110627,1.233492333129
"US","rgdp_growth","2018Q3",2018-10-26,3.500627,"saar_pct","nyfed",2018-08-24,1.96,"saar_pct",0,"nowcast","first_release",-1.540627,1.540627,2.373531553129
"US","rgdp_growth","2018Q3",2018-10-26,3.500627,"saar_pct","nyfed",2018-08-31,1.98,"saar_pct",0,"nowcast","first_release",-1.520627,1.520627,2.312306473129
"US","rgdp_growth","2018Q3",2018-10-26,3.500627,"saar_pct","nyfed",2018-09-07,2.23,"saar_pct",0,"nowcast","first_release",-1.270627,1.270627,1.614492973129
"US","rgdp_growth","2018Q3",2018-10-26,3.500627,"saar_pct","nyfed",2018-09-14,2.24,"saar_pct",0,"nowcast","first_release",-1.260627,1.260627,1.589180433129
"US","rgdp_growth","2018Q3",2018-10-26,3.500627,"saar_pct","nyfed",2018-09-21,2.26,"saar_pct",0,"nowcast","first_release",-1.240627,1.240627,1.539155353129
"US","rgdp_growth","2018Q3",2018-10-26,3.500627,"saar_pct","nyfed",2018-09-28,2.47,"saar_pct",0,"nowcast","first_release",-1.030627,1.030627,1.062192013129
"US","rgdp_growth","2018Q3",2018-10-26,3.500627,"saar_pct","nyfed",2018-10-05,2.27,"saar_pct",-1,"backcast","first_release",-1.230627,1.230627,1.514442813129
"US","rgdp_growth","2018Q3",2018-10-26,3.500627,"saar_pct","nyfed",2018-10-12,2.25,"saar_pct",-1,"backcast","first_release",-1.250627,1.250627,1.564067893129
"US","rgdp_growth","2018Q3",2018-10-26,3.500627,"saar_pct","nyfed",2018-10-19,2.13,"saar_pct",-1,"backcast","first_release",-1.370627,1.370627,1.878618373129
"US","rgdp_growth","2018Q4",2019-02-28,2.589119,"saar_pct","nyfed",2018-08-31,2,"saar_pct",1,"1q_ahead","first_release",-0.589119,0.589119,0.347061196161
"US","rgdp_growth","2018Q4",2019-02-28,2.589119,"saar_pct","nyfed",2018-09-07,2.76,"saar_pct",1,"1q_ahead","first_release",0.170881,0.170881,0.0292003161609999
"US","rgdp_growth","2018Q4",2019-02-28,2.589119,"saar_pct","nyfed",2018-09-14,2.75,"saar_pct",1,"1q_ahead","first_release",0.160881,0.160881,0.0258826961609999
"US","rgdp_growth","2018Q4",2019-02-28,2.589119,"saar_pct","nyfed",2018-09-21,2.66,"saar_pct",1,"1q_ahead","first_release",0.070881,0.070881,0.005024116161
"US","rgdp_growth","2018Q4",2019-02-28,2.589119,"saar_pct","nyfed",2018-09-28,2.92,"saar_pct",1,"1q_ahead","first_release",0.330881,0.330881,0.109482236161
"US","rgdp_growth","2018Q4",2019-02-28,2.589119,"saar_pct","nyfed",2018-10-05,2.8,"saar_pct",0,"nowcast","first_release",0.210881,0.210881,0.0444707961609999
"US","rgdp_growth","2018Q4",2019-02-28,2.589119,"saar_pct","nyfed",2018-10-12,2.77,"saar_pct",0,"nowcast","first_release",0.180881,0.180881,0.0327179361609999
"US","rgdp_growth","2018Q4",2019-02-28,2.589119,"saar_pct","nyfed",2018-10-19,2.43,"saar_pct",0,"nowcast","first_release",-0.159119,0.159119,0.025318856161
"US","rgdp_growth","2018Q4",2019-02-28,2.589119,"saar_pct","nyfed",2018-10-26,2.55,"saar_pct",0,"nowcast","first_release",-0.0391190000000003,0.0391190000000003,0.00153029616100003
"US","rgdp_growth","2018Q4",2019-02-28,2.589119,"saar_pct","nyfed",2018-11-02,2.61,"saar_pct",0,"nowcast","first_release",0.0208809999999997,0.0208809999999997,0.000436016160999988
"US","rgdp_growth","2018Q4",2019-02-28,2.589119,"saar_pct","nyfed",2018-11-09,2.69,"saar_pct",0,"nowcast","first_release",0.100881,0.100881,0.010176976161
"US","rgdp_growth","2018Q4",2019-02-28,2.589119,"saar_pct","nyfed",2018-11-16,2.59,"saar_pct",0,"nowcast","first_release",0.000880999999999688,0.000880999999999688,7.76160999999449e-07
"US","rgdp_growth","2018Q4",2019-02-28,2.589119,"saar_pct","nyfed",2018-11-23,2.51,"saar_pct",0,"nowcast","first_release",-0.0791190000000004,0.0791190000000004,0.00625981616100006
"US","rgdp_growth","2018Q4",2019-02-28,2.589119,"saar_pct","nyfed",2018-11-30,2.5,"saar_pct",0,"nowcast","first_release",-0.0891190000000002,0.0891190000000002,0.00794219616100003
"US","rgdp_growth","2018Q4",2019-02-28,2.589119,"saar_pct","nyfed",2018-12-07,2.44,"saar_pct",0,"nowcast","first_release",-0.149119,0.149119,0.0222364761610001
"US","rgdp_growth","2018Q4",2019-02-28,2.589119,"saar_pct","nyfed",2018-12-14,2.42,"saar_pct",0,"nowcast","first_release",-0.169119,0.169119,0.0286012361610001
"US","rgdp_growth","2018Q4",2019-02-28,2.589119,"saar_pct","nyfed",2018-12-21,2.48,"saar_pct",0,"nowcast","first_release",-0.109119,0.109119,0.011906956161
"US","rgdp_growth","2018Q4",2019-02-28,2.589119,"saar_pct","nyfed",2018-12-28,2.48,"saar_pct",0,"nowcast","first_release",-0.109119,0.109119,0.011906956161
"US","rgdp_growth","2018Q4",2019-02-28,2.589119,"saar_pct","nyfed",2019-01-04,2.49,"saar_pct",-1,"backcast","first_release",-0.099119,0.099119,0.00982457616099999
"US","rgdp_growth","2018Q4",2019-02-28,2.589119,"saar_pct","nyfed",2019-01-11,2.48,"saar_pct",-1,"backcast","first_release",-0.109119,0.109119,0.011906956161
"US","rgdp_growth","2018Q4",2019-02-28,2.589119,"saar_pct","nyfed",2019-01-18,2.57,"saar_pct",-1,"backcast","first_release",-0.0191190000000003,0.0191190000000003,0.000365536161000013
"US","rgdp_growth","2018Q4",2019-02-28,2.589119,"saar_pct","nyfed",2019-01-25,2.57,"saar_pct",-1,"backcast","first_release",-0.0191190000000003,0.0191190000000003,0.000365536161000013
"US","rgdp_growth","2018Q4",2019-02-28,2.589119,"saar_pct","nyfed",2019-02-01,2.61,"saar_pct",-1,"backcast","first_release",0.0208809999999997,0.0208809999999997,0.000436016160999988
"US","rgdp_growth","2018Q4",2019-02-28,2.589119,"saar_pct","nyfed",2019-02-08,2.41,"saar_pct",-1,"backcast","first_release",-0.179119,0.179119,0.032083616161
"US","rgdp_growth","2018Q4",2019-02-28,2.589119,"saar_pct","nyfed",2019-02-15,2.23,"saar_pct",-1,"backcast","first_release",-0.359119,0.359119,0.128966456161
"US","rgdp_growth","2018Q4",2019-02-28,2.589119,"saar_pct","nyfed",2019-02-22,2.35,"saar_pct",-1,"backcast","first_release",-0.239119,0.239119,0.057177896161
"US","rgdp_growth","2019Q1",2019-04-26,3.17199,"saar_pct","nyfed",2018-11-30,2.29,"saar_pct",1,"1q_ahead","first_release",-0.88199,0.88199,0.7779063601
"US","rgdp_growth","2019Q1",2019-04-26,3.17199,"saar_pct","nyfed",2018-12-07,2.44,"saar_pct",1,"1q_ahead","first_release",-0.73199,0.73199,0.5358093601
"US","rgdp_growth","2019Q1",2019-04-26,3.17199,"saar_pct","nyfed",2018-12-14,2.4,"saar_pct",1,"1q_ahead","first_release",-0.77199,0.77199,0.5959685601
"US","rgdp_growth","2019Q1",2019-04-26,3.17199,"saar_pct","nyfed",2018-12-21,2.14,"saar_pct",1,"1q_ahead","first_release",-1.03199,1.03199,1.0650033601
"US","rgdp_growth","2019Q1",2019-04-26,3.17199,"saar_pct","nyfed",2018-12-28,2.14,"saar_pct",1,"1q_ahead","first_release",-1.03199,1.03199,1.0650033601
"US","rgdp_growth","2019Q1",2019-04-26,3.17199,"saar_pct","nyfed",2019-01-04,2.14,"saar_pct",0,"nowcast","first_release",-1.03199,1.03199,1.0650033601
"US","rgdp_growth","2019Q1",2019-04-26,3.17199,"saar_pct","nyfed",2019-01-11,2.11,"saar_pct",0,"nowcast","first_release",-1.06199,1.06199,1.1278227601
"US","rgdp_growth","2019Q1",2019-04-26,3.17199,"saar_pct","nyfed",2019-01-18,2.17,"saar_pct",0,"nowcast","first_release",-1.00199,1.00199,1.0039839601
"US","rgdp_growth","2019Q1",2019-04-26,3.17199,"saar_pct","nyfed",2019-01-25,2.17,"saar_pct",0,"nowcast","first_release",-1.00199,1.00199,1.0039839601
"US","rgdp_growth","2019Q1",2019-04-26,3.17199,"saar_pct","nyfed",2019-02-01,2.39,"saar_pct",0,"nowcast","first_release",-0.78199,0.78199,0.6115083601
"US","rgdp_growth","2019Q1",2019-04-26,3.17199,"saar_pct","nyfed",2019-02-08,2.17,"saar_pct",0,"nowcast","first_release",-1.00199,1.00199,1.0039839601
"US","rgdp_growth","2019Q1",2019-04-26,3.17199,"saar_pct","nyfed",2019-02-15,1.08,"saar_pct",0,"nowcast","first_release",-2.09199,2.09199,4.3764221601
"US","rgdp_growth","2019Q1",2019-04-26,3.17199,"saar_pct","nyfed",2019-02-22,1.2,"saar_pct",0,"nowcast","first_release",-1.97199,1.97199,3.8887445601
"US","rgdp_growth","2019Q1",2019-04-26,3.17199,"saar_pct","nyfed",2019-03-01,0.88,"saar_pct",0,"nowcast","first_release",-2.29199,2.29199,5.2532181601
"US","rgdp_growth","2019Q1",2019-04-26,3.17199,"saar_pct","nyfed",2019-03-08,1.4,"saar_pct",0,"nowcast","first_release",-1.77199,1.77199,3.1399485601
"US","rgdp_growth","2019Q1",2019-04-26,3.17199,"saar_pct","nyfed",2019-03-15,1.37,"saar_pct",0,"nowcast","first_release",-1.80199,1.80199,3.2471679601
"US","rgdp_growth","2019Q1",2019-04-26,3.17199,"saar_pct","nyfed",2019-03-22,1.29,"saar_pct",0,"nowcast","first_release",-1.88199,1.88199,3.5418863601
"US","rgdp_growth","2019Q1",2019-04-26,3.17199,"saar_pct","nyfed",2019-03-29,1.31,"saar_pct",0,"nowcast","first_release",-1.86199,1.86199,3.4670067601
"US","rgdp_growth","2019Q1",2019-04-26,3.17199,"saar_pct","nyfed",2019-04-05,1.4,"saar_pct",-1,"backcast","first_release",-1.77199,1.77199,3.1399485601
"US","rgdp_growth","2019Q1",2019-04-26,3.17199,"saar_pct","nyfed",2019-04-12,1.4,"saar_pct",-1,"backcast","first_release",-1.77199,1.77199,3.1399485601
"US","rgdp_growth","2019Q1",2019-04-26,3.17199,"saar_pct","nyfed",2019-04-19,1.37,"saar_pct",-1,"backcast","first_release",-1.80199,1.80199,3.2471679601
"US","rgdp_growth","2019Q2",2019-07-26,2.055871,"saar_pct","nyfed",2019-03-01,1.19,"saar_pct",1,"1q_ahead","first_release",-0.865871,0.865871,0.749732588641
"US","rgdp_growth","2019Q2",2019-07-26,2.055871,"saar_pct","nyfed",2019-03-08,1.51,"saar_pct",1,"1q_ahead","first_release",-0.545871,0.545871,0.297975148641
"US","rgdp_growth","2019Q2",2019-07-26,2.055871,"saar_pct","nyfed",2019-03-15,1.5,"saar_pct",1,"1q_ahead","first_release",-0.555871,0.555871,0.308992568641
"US","rgdp_growth","2019Q2",2019-07-26,2.055871,"saar_pct","nyfed",2019-03-22,1.67,"saar_pct",1,"1q_ahead","first_release",-0.385871,0.385871,0.148896428641
"US","rgdp_growth","2019Q2",2019-07-26,2.055871,"saar_pct","nyfed",2019-03-29,1.62,"saar_pct",1,"1q_ahead","first_release",-0.435871,0.435871,0.189983528641
"US","rgdp_growth","2019Q2",2019-07-26,2.055871,"saar_pct","nyfed",2019-04-05,1.95,"saar_pct",0,"nowcast","first_release",-0.105871,0.105871,0.011208668641
"US","rgdp_growth","2019Q2",2019-07-26,2.055871,"saar_pct","nyfed",2019-04-12,2.04,"saar_pct",0,"nowcast","first_release",-0.0158709999999997,0.0158709999999997,0.000251888640999992
"US","rgdp_growth","2019Q2",2019-07-26,2.055871,"saar_pct","nyfed",2019-04-19,1.92,"saar_pct",0,"nowcast","first_release",-0.135871,0.135871,0.018460928641
"US","rgdp_growth","2019Q2",2019-07-26,2.055871,"saar_pct","nyfed",2019-04-26,2.08,"saar_pct",0,"nowcast","first_release",0.0241290000000003,0.0241290000000003,0.000582208641000014
"US","rgdp_growth","2019Q2",2019-07-26,2.055871,"saar_pct","nyfed",2019-05-03,2.15,"saar_pct",0,"nowcast","first_release",0.0941290000000001,0.0941290000000001,0.00886026864100002
"US","rgdp_growth","2019Q2",2019-07-26,2.055871,"saar_pct","nyfed",2019-05-10,2.2,"saar_pct",0,"nowcast","first_release",0.144129,0.144129,0.0207731686410001
"US","rgdp_growth","2019Q2",2019-07-26,2.055871,"saar_pct","nyfed",2019-05-17,1.79,"saar_pct",0,"nowcast","first_release",-0.265871,0.265871,0.0706873886409999
"US","rgdp_growth","2019Q2",2019-07-26,2.055871,"saar_pct","nyfed",2019-05-24,1.41,"saar_pct",0,"nowcast","first_release",-0.645871,0.645871,0.417149348641
"US","rgdp_growth","2019Q2",2019-07-26,2.055871,"saar_pct","nyfed",2019-05-31,1.48,"saar_pct",0,"nowcast","first_release",-0.575871,0.575871,0.331627408641
"US","rgdp_growth","2019Q2",2019-07-26,2.055871,"saar_pct","nyfed",2019-06-07,1.01,"saar_pct",0,"nowcast","first_release",-1.045871,1.045871,1.093846148641
"US","rgdp_growth","2019Q2",2019-07-26,2.055871,"saar_pct","nyfed",2019-06-14,1.36,"saar_pct",0,"nowcast","first_release",-0.695871,0.695871,0.484236448641
"US","rgdp_growth","2019Q2",2019-07-26,2.055871,"saar_pct","nyfed",2019-06-21,1.39,"saar_pct",0,"nowcast","first_release",-0.665871,0.665871,0.443384188641
"US","rgdp_growth","2019Q2",2019-07-26,2.055871,"saar_pct","nyfed",2019-06-28,1.3,"saar_pct",0,"nowcast","first_release",-0.755871,0.755871,0.571340968641
"US","rgdp_growth","2019Q2",2019-07-26,2.055871,"saar_pct","nyfed",2019-07-05,1.48,"saar_pct",-1,"backcast","first_release",-0.575871,0.575871,0.331627408641
"US","rgdp_growth","2019Q2",2019-07-26,2.055871,"saar_pct","nyfed",2019-07-12,1.49,"saar_pct",-1,"backcast","first_release",-0.565871,0.565871,0.320209988641
"US","rgdp_growth","2019Q2",2019-07-26,2.055871,"saar_pct","nyfed",2019-07-19,1.41,"saar_pct",-1,"backcast","first_release",-0.645871,0.645871,0.417149348641
"US","rgdp_growth","2019Q3",2019-10-30,1.918827,"saar_pct","nyfed",2019-05-31,1.98,"saar_pct",1,"1q_ahead","first_release",0.0611729999999999,0.0611729999999999,0.00374213592899999
"US","rgdp_growth","2019Q3",2019-10-30,1.918827,"saar_pct","nyfed",2019-06-07,1.31,"saar_pct",1,"1q_ahead","first_release",-0.608827,0.608827,0.370670315929
"US","rgdp_growth","2019Q3",2019-10-30,1.918827,"saar_pct","nyfed",2019-06-14,1.7,"saar_pct",1,"1q_ahead","first_release",-0.218827,0.218827,0.047885255929
"US","rgdp_growth","2019Q3",2019-10-30,1.918827,"saar_pct","nyfed",2019-06-21,1.29,"saar_pct",1,"1q_ahead","first_release",-0.628827,0.628827,0.395423395929
"US","rgdp_growth","2019Q3",2019-10-30,1.918827,"saar_pct","nyfed",2019-06-28,1.2,"saar_pct",1,"1q_ahead","first_release",-0.718827,0.718827,0.516712255929
"US","rgdp_growth","2019Q3",2019-10-30,1.918827,"saar_pct","nyfed",2019-07-05,1.74,"saar_pct",0,"nowcast","first_release",-0.178827,0.178827,0.031979095929
"US","rgdp_growth","2019Q3",2019-10-30,1.918827,"saar_pct","nyfed",2019-07-12,1.75,"saar_pct",0,"nowcast","first_release",-0.168827,0.168827,0.028502555929
"US","rgdp_growth","2019Q3",2019-10-30,1.918827,"saar_pct","nyfed",2019-07-19,1.88,"saar_pct",0,"nowcast","first_release",-0.0388270000000002,0.0388270000000002,0.00150753592900001
"US","rgdp_growth","2019Q3",2019-10-30,1.918827,"saar_pct","nyfed",2019-07-26,2.21,"saar_pct",0,"nowcast","first_release",0.291173,0.291173,0.0847817159289999
"US","rgdp_growth","2019Q3",2019-10-30,1.918827,"saar_pct","nyfed",2019-08-02,1.56,"saar_pct",0,"nowcast","first_release",-0.358827,0.358827,0.128756815929
"US","rgdp_growth","2019Q3",2019-10-30,1.918827,"saar_pct","nyfed",2019-08-09,1.58,"saar_pct",0,"nowcast","first_release",-0.338827,0.338827,0.114803735929
"US","rgdp_growth","2019Q3",2019-10-30,1.918827,"saar_pct","nyfed",2019-08-16,1.82,"saar_pct",0,"nowcast","first_release",-0.098827,0.098827,0.009766775929
"US","rgdp_growth","2019Q3",2019-10-30,1.918827,"saar_pct","nyfed",2019-08-23,1.76,"saar_pct",0,"nowcast","first_release",-0.158827,0.158827,0.025226015929
"US","rgdp_growth","2019Q3",2019-10-30,1.918827,"saar_pct","nyfed",2019-08-30,1.8,"saar_pct",0,"nowcast","first_release",-0.118827,0.118827,0.014119855929
"US","rgdp_growth","2019Q3",2019-10-30,1.918827,"saar_pct","nyfed",2019-09-06,1.55,"saar_pct",0,"nowcast","first_release",-0.368827,0.368827,0.136033355929
"US","rgdp_growth","2019Q3",2019-10-30,1.918827,"saar_pct","nyfed",2019-09-13,1.59,"saar_pct",0,"nowcast","first_release",-0.328827,0.328827,0.108127195929
"US","rgdp_growth","2019Q3",2019-10-30,1.918827,"saar_pct","nyfed",2019-09-20,2.24,"saar_pct",0,"nowcast","first_release",0.321173,0.321173,0.103152095929
"US","rgdp_growth","2019Q3",2019-10-30,1.918827,"saar_pct","nyfed",2019-09-27,2.06,"saar_pct",0,"nowcast","first_release",0.141173,0.141173,0.019929815929
"US","rgdp_growth","2019Q3",2019-10-30,1.918827,"saar_pct","nyfed",2019-10-04,2.03,"saar_pct",-1,"backcast","first_release",0.111173,0.111173,0.0123594359289999
"US","rgdp_growth","2019Q3",2019-10-30,1.918827,"saar_pct","nyfed",2019-10-11,2.03,"saar_pct",-1,"backcast","first_release",0.111173,0.111173,0.0123594359289999
"US","rgdp_growth","2019Q3",2019-10-30,1.918827,"saar_pct","nyfed",2019-10-18,1.94,"saar_pct",-1,"backcast","first_release",0.0211729999999999,0.0211729999999999,0.000448295928999995
"US","rgdp_growth","2019Q3",2019-10-30,1.918827,"saar_pct","nyfed",2019-10-25,1.91,"saar_pct",-1,"backcast","first_release",-0.00882700000000014,0.00882700000000014,7.79159290000025e-05
"US","rgdp_growth","2019Q4",2020-01-30,2.080777,"saar_pct","nyfed",2019-09-06,1.08,"saar_pct",1,"1q_ahead","first_release",-1.000777,1.000777,1.001554603729
"US","rgdp_growth","2019Q4",2020-01-30,2.080777,"saar_pct","nyfed",2019-09-13,1.11,"saar_pct",1,"1q_ahead","first_release",-0.970777,0.970777,0.942407983729
"US","rgdp_growth","2019Q4",2020-01-30,2.080777,"saar_pct","nyfed",2019-09-20,1.96,"saar_pct",1,"1q_ahead","first_release",-0.120777,0.120777,0.014587083729
"US","rgdp_growth","2019Q4",2020-01-30,2.080777,"saar_pct","nyfed",2019-09-27,1.76,"saar_pct",1,"1q_ahead","first_release",-0.320777,0.320777,0.102897883729
"US","rgdp_growth","2019Q4",2020-01-30,2.080777,"saar_pct","nyfed",2019-10-04,1.3,"saar_pct",0,"nowcast","first_release",-0.780777,0.780777,0.609612723729
"US","rgdp_growth","2019Q4",2020-01-30,2.080777,"saar_pct","nyfed",2019-10-11,1.3,"saar_pct",0,"nowcast","first_release",-0.780777,0.780777,0.609612723729
"US","rgdp_growth","2019Q4",2020-01-30,2.080777,"saar_pct","nyfed",2019-10-18,1.05,"saar_pct",0,"nowcast","first_release",-1.030777,1.030777,1.062501223729
"US","rgdp_growth","2019Q4",2020-01-30,2.080777,"saar_pct","nyfed",2019-10-25,0.92,"saar_pct",0,"nowcast","first_release",-1.160777,1.160777,1.347403243729
"US","rgdp_growth","2019Q4",2020-01-30,2.080777,"saar_pct","nyfed",2019-11-01,0.8,"saar_pct",0,"nowcast","first_release",-1.280777,1.280777,1.640389723729
"US","rgdp_growth","2019Q4",2020-01-30,2.080777,"saar_pct","nyfed",2019-11-08,0.73,"saar_pct",0,"nowcast","first_release",-1.350777,1.350777,1.824598503729
"US","rgdp_growth","2019Q4",2020-01-30,2.080777,"saar_pct","nyfed",2019-11-15,0.39,"saar_pct",0,"nowcast","first_release",-1.690777,1.690777,2.858726863729
"US","rgdp_growth","2019Q4",2020-01-30,2.080777,"saar_pct","nyfed",2019-11-22,0.71,"saar_pct",0,"nowcast","first_release",-1.370777,1.370777,1.879029583729
"US","rgdp_growth","2019Q4",2020-01-30,2.080777,"saar_pct","nyfed",2019-11-29,0.77,"saar_pct",0,"nowcast","first_release",-1.310777,1.310777,1.718136343729
"US","rgdp_growth","2019Q4",2020-01-30,2.080777,"saar_pct","nyfed",2019-12-06,0.58,"saar_pct",0,"nowcast","first_release",-1.500777,1.500777,2.252331603729
"US","rgdp_growth","2019Q4",2020-01-30,2.080777,"saar_pct","nyfed",2019-12-13,0.69,"saar_pct",0,"nowcast","first_release",-1.390777,1.390777,1.934260663729
"US","rgdp_growth","2019Q4",2020-01-30,2.080777,"saar_pct","nyfed",2019-12-20,1.32,"saar_pct",0,"nowcast","first_release",-0.760777,0.760777,0.578781643729
"US","rgdp_growth","2019Q4",2020-01-30,2.080777,"saar_pct","nyfed",2019-12-27,1.19,"saar_pct",0,"nowcast","first_release",-0.890777,0.890777,0.793483663729
"US","rgdp_growth","2019Q4",2020-01-30,2.080777,"saar_pct","nyfed",2020-01-03,1.16,"saar_pct",-1,"backcast","first_release",-0.920777,0.920777,0.847830283729
"US","rgdp_growth","2019Q4",2020-01-30,2.080777,"saar_pct","nyfed",2020-01-10,1.11,"saar_pct",-1,"backcast","first_release",-0.970777,0.970777,0.942407983729
"US","rgdp_growth","2019Q4",2020-01-30,2.080777,"saar_pct","nyfed",2020-01-17,1.22,"saar_pct",-1,"backcast","first_release",-0.860777,0.860777,0.740937043729
"US","rgdp_growth","2019Q4",2020-01-30,2.080777,"saar_pct","nyfed",2020-01-24,1.22,"saar_pct",-1,"backcast","first_release",-0.860777,0.860777,0.740937043729
"US","rgdp_growth","2020Q1",2020-04-29,-4.783229,"saar_pct","nyfed",2019-12-06,0.66,"saar_pct",1,"1q_ahead","first_release",5.443229,5.443229,29.628741946441
"US","rgdp_growth","2020Q1",2020-04-29,-4.783229,"saar_pct","nyfed",2019-12-13,0.82,"saar_pct",1,"1q_ahead","first_release",5.603229,5.603229,31.396175226441
"US","rgdp_growth","2020Q1",2020-04-29,-4.783229,"saar_pct","nyfed",2019-12-20,1.64,"saar_pct",1,"1q_ahead","first_release",6.423229,6.423229,41.257870786441
"US","rgdp_growth","2020Q1",2020-04-29,-4.783229,"saar_pct","nyfed",2019-12-27,1.51,"saar_pct",1,"1q_ahead","first_release",6.293229,6.293229,39.604731246441
"US","rgdp_growth","2020Q1",2020-04-29,-4.783229,"saar_pct","nyfed",2020-01-03,1.19,"saar_pct",0,"nowcast","first_release",5.973229,5.973229,35.679464686441
"US","rgdp_growth","2020Q1",2020-04-29,-4.783229,"saar_pct","nyfed",2020-01-10,1.24,"saar_pct",0,"nowcast","first_release",6.023229,6.023229,36.279287586441
"US","rgdp_growth","2020Q1",2020-04-29,-4.783229,"saar_pct","nyfed",2020-01-17,1.67,"saar_pct",0,"nowcast","first_release",6.453229,6.453229,41.644164526441
"US","rgdp_growth","2020Q1",2020-04-29,-4.783229,"saar_pct","nyfed",2020-01-24,1.67,"saar_pct",0,"nowcast","first_release",6.453229,6.453229,41.644164526441
"US","rgdp_growth","2020Q1",2020-04-29,-4.783229,"saar_pct","nyfed",2020-01-31,1.55,"saar_pct",0,"nowcast","first_release",6.333229,6.333229,40.109789566441
"US","rgdp_growth","2020Q1",2020-04-29,-4.783229,"saar_pct","nyfed",2020-02-07,1.67,"saar_pct",0,"nowcast","first_release",6.453229,6.453229,41.644164526441
"US","rgdp_growth","2020Q1",2020-04-29,-4.783229,"saar_pct","nyfed",2020-02-14,1.39,"saar_pct",0,"nowcast","first_release",6.173229,6.173229,38.108756286441
"US","rgdp_growth","2020Q1",2020-04-29,-4.783229,"saar_pct","nyfed",2020-02-21,2.01,"saar_pct",0,"nowcast","first_release",6.793229,6.793229,46.147960246441
"US","rgdp_growth","2020Q1",2020-04-29,-4.783229,"saar_pct","nyfed",2020-02-28,2.14,"saar_pct",0,"nowcast","first_release",6.923229,6.923229,47.931099786441
"US","rgdp_growth","2020Q1",2020-04-29,-4.783229,"saar_pct","nyfed",2020-03-06,1.71,"saar_pct",0,"nowcast","first_release",6.493229,6.493229,42.162022846441
"US","rgdp_growth","2020Q1",2020-04-29,-4.783229,"saar_pct","nyfed",2020-03-13,1.59,"saar_pct",0,"nowcast","first_release",6.373229,6.373229,40.618047886441
"US","rgdp_growth","2020Q1",2020-04-29,-4.783229,"saar_pct","nyfed",2020-03-20,1.49,"saar_pct",0,"nowcast","first_release",6.273229,6.273229,39.353402086441
"US","rgdp_growth","2020Q1",2020-04-29,-4.783229,"saar_pct","nyfed",2020-03-27,1.68,"saar_pct",0,"nowcast","first_release",6.463229,6.463229,41.773329106441
"US","rgdp_growth","2020Q1",2020-04-29,-4.783229,"saar_pct","nyfed",2020-04-03,1.46,"saar_pct",-1,"backcast","first_release",6.243229,6.243229,38.977908346441
"US","rgdp_growth","2020Q1",2020-04-29,-4.783229,"saar_pct","nyfed",2020-04-10,1.46,"saar_pct",-1,"backcast","first_release",6.243229,6.243229,38.977908346441
"US","rgdp_growth","2020Q1",2020-04-29,-4.783229,"saar_pct","nyfed",2020-04-17,-0.39,"saar_pct",-1,"backcast","first_release",4.393229,4.393229,19.300461046441
"US","rgdp_growth","2020Q1",2020-04-29,-4.783229,"saar_pct","nyfed",2020-04-24,-0.4,"saar_pct",-1,"backcast","first_release",4.383229,4.383229,19.212696466441
"US","rgdp_growth","2020Q2",2020-07-30,-32.903802,"saar_pct","nyfed",2020-03-06,1.3,"saar_pct",1,"1q_ahead","first_release",34.203802,34.203802,1169.9000712552
"US","rgdp_growth","2020Q2",2020-07-30,-32.903802,"saar_pct","nyfed",2020-03-13,1.08,"saar_pct",1,"1q_ahead","first_release",33.983802,33.983802,1154.8987983752
"US","rgdp_growth","2020Q2",2020-07-30,-32.903802,"saar_pct","nyfed",2020-03-20,0.13,"saar_pct",1,"1q_ahead","first_release",33.033802,33.033802,1091.2320745752
"US","rgdp_growth","2020Q2",2020-07-30,-32.903802,"saar_pct","nyfed",2020-03-27,0.27,"saar_pct",1,"1q_ahead","first_release",33.173802,33.173802,1100.5011391352
"US","rgdp_growth","2020Q2",2020-07-30,-32.903802,"saar_pct","nyfed",2020-04-03,-0.37,"saar_pct",0,"nowcast","first_release",32.533802,32.533802,1058.4482725752
"US","rgdp_growth","2020Q2",2020-07-30,-32.903802,"saar_pct","nyfed",2020-04-10,-0.44,"saar_pct",0,"nowcast","first_release",32.463802,32.463802,1053.8984402952
"US","rgdp_growth","2020Q2",2020-07-30,-32.903802,"saar_pct","nyfed",2020-04-17,-7.87,"saar_pct",0,"nowcast","first_release",25.033802,25.033802,626.691242575204
"US","rgdp_growth","2020Q2",2020-07-30,-32.903802,"saar_pct","nyfed",2020-04-24,-7.79,"saar_pct",0,"nowcast","first_release",25.113802,25.113802,630.703050895204
"US","rgdp_growth","2020Q2",2020-07-30,-32.903802,"saar_pct","nyfed",2020-05-01,-9.33,"saar_pct",0,"nowcast","first_release",23.573802,23.573802,555.724140735204
"US","rgdp_growth","2020Q2",2020-07-30,-32.903802,"saar_pct","nyfed",2020-05-08,-31.22,"saar_pct",0,"nowcast","first_release",1.683802,1.683802,2.835189175204
"US","rgdp_growth","2020Q2",2020-07-30,-32.903802,"saar_pct","nyfed",2020-05-15,-31.05,"saar_pct",0,"nowcast","first_release",1.853802,1.853802,3.43658185520399
"US","rgdp_growth","2020Q2",2020-07-30,-32.903802,"saar_pct","nyfed",2020-05-22,-30.47,"saar_pct",0,"nowcast","first_release",2.433802,2.433802,5.923392175204
"US","rgdp_growth","2020Q2",2020-07-30,-32.903802,"saar_pct","nyfed",2020-05-29,-35.53,"saar_pct",0,"nowcast","first_release",-2.626198,2.626198,6.89691593520401
"US","rgdp_growth","2020Q2",2020-07-30,-32.903802,"saar_pct","nyfed",2020-06-05,-25.48,"saar_pct",0,"nowcast","first_release",7.423802,7.423802,55.112836135204
"US","rgdp_growth","2020Q2",2020-07-30,-32.903802,"saar_pct","nyfed",2020-06-12,-25.9,"saar_pct",0,"nowcast","first_release",7.003802,7.003802,49.053242455204
"US","rgdp_growth","2020Q2",2020-07-30,-32.903802,"saar_pct","nyfed",2020-06-19,-19.03,"saar_pct",0,"nowcast","first_release",13.873802,13.873802,192.482381935204
"US","rgdp_growth","2020Q2",2020-07-30,-32.903802,"saar_pct","nyfed",2020-06-26,-16.33,"saar_pct",0,"nowcast","first_release",16.573802,16.573802,274.690912735204
"US","rgdp_growth","2020Q2",2020-07-30,-32.903802,"saar_pct","nyfed",2020-07-02,-15.09,"saar_pct",-1,"backcast","first_release",17.813802,17.813802,317.331541695204
"US","rgdp_growth","2020Q2",2020-07-30,-32.903802,"saar_pct","nyfed",2020-07-10,-15.31,"saar_pct",-1,"backcast","first_release",17.593802,17.593802,309.541868815204
"US","rgdp_growth","2020Q2",2020-07-30,-32.903802,"saar_pct","nyfed",2020-07-17,-14.31,"saar_pct",-1,"backcast","first_release",18.593802,18.593802,345.729472815204
"US","rgdp_growth","2020Q2",2020-07-30,-32.903802,"saar_pct","nyfed",2020-07-24,-14.27,"saar_pct",-1,"backcast","first_release",18.633802,18.633802,347.218576975204
"US","rgdp_growth","2020Q3",2020-10-30,33.0826240673303,"saar_pct","nyfed",2020-06-05,-12,"saar_pct",1,"1q_ahead","first_release",-45.0826240673303,45.0826240673303,2032.44299279623
"US","rgdp_growth","2020Q3",2020-10-30,33.0826240673303,"saar_pct","nyfed",2020-06-12,-12.54,"saar_pct",1,"1q_ahead","first_release",-45.6226240673303,45.6226240673303,2081.42382678895
"US","rgdp_growth","2020Q3",2020-10-30,33.0826240673303,"saar_pct","nyfed",2020-06-19,-1.89,"saar_pct",1,"1q_ahead","first_release",-34.9726240673303,34.9726240673303,1223.08443415481
"US","rgdp_growth","2020Q3",2020-10-30,33.0826240673303,"saar_pct","nyfed",2020-06-26,1.49,"saar_pct",1,"1q_ahead","first_release",-31.5926240673303,31.5926240673303,998.09389545966
"US","rgdp_growth","2020Q3",2020-10-30,33.0826240673303,"saar_pct","nyfed",2020-07-02,10.4,"saar_pct",0,"nowcast","first_release",-22.6826240673303,22.6826240673303,514.501434579833
"US","rgdp_growth","2020Q3",2020-10-30,33.0826240673303,"saar_pct","nyfed",2020-07-10,10.09,"saar_pct",0,"nowcast","first_release",-22.9926240673303,22.9926240673303,528.660761501578
"US","rgdp_growth","2020Q3",2020-10-30,33.0826240673303,"saar_pct","nyfed",2020-07-17,13.19,"saar_pct",0,"nowcast","first_release",-19.8926240673303,19.8926240673303,395.71649228413
"US","rgdp_growth","2020Q3",2020-10-30,33.0826240673303,"saar_pct","nyfed",2020-07-24,13.31,"saar_pct",0,"nowcast","first_release",-19.7726240673303,19.7726240673303,390.956662507971
"US","rgdp_growth","2020Q3",2020-10-30,33.0826240673303,"saar_pct","nyfed",2020-07-31,16.85,"saar_pct",0,"nowcast","first_release",-16.2326240673303,16.2326240673303,263.498084111272
"US","rgdp_growth","2020Q3",2020-10-30,33.0826240673303,"saar_pct","nyfed",2020-08-07,14.58,"saar_pct",0,"nowcast","first_release",-18.5026240673303,18.5026240673303,342.347097376952
"US","rgdp_growth","2020Q3",2020-10-30,33.0826240673303,"saar_pct","nyfed",2020-08-14,14.78,"saar_pct",0,"nowcast","first_release",-18.3026240673303,18.3026240673303,334.98604775002
"US","rgdp_growth","2020Q3",2020-10-30,33.0826240673303,"saar_pct","nyfed",2020-08-21,14.62,"saar_pct",0,"nowcast","first_release",-18.4626240673303,18.4626240673303,340.868487451565
"US","rgdp_growth","2020Q3",2020-10-30,33.0826240673303,"saar_pct","nyfed",2020-08-28,15.27,"saar_pct",0,"nowcast","first_release",-17.8126240673303,17.8126240673303,317.289576164036
"US","rgdp_growth","2020Q3",2020-10-30,33.0826240673303,"saar_pct","nyfed",2020-09-04,15.58,"saar_pct",0,"nowcast","first_release",-17.5026240673303,17.5026240673303,306.341849242291
"US","rgdp_growth","2020Q3",2020-10-30,33.0826240673303,"saar_pct","nyfed",2020-09-11,15.63,"saar_pct",0,"nowcast","first_release",-17.4526240673303,17.4526240673303,304.594086835558
"US","rgdp_growth","2020Q3",2020-10-30,33.0826240673303,"saar_pct","nyfed",2020-09-18,14.27,"saar_pct",0,"nowcast","first_release",-18.8126240673303,18.8126240673303,353.914824298697
"US","rgdp_growth","2020Q3",2020-10-30,33.0826240673303,"saar_pct","nyfed",2020-09-25,14.09,"saar_pct",0,"nowcast","first_release",-18.9926240673303,18.9926240673303,360.719768962936
"US","rgdp_growth","2020Q3",2020-10-30,33.0826240673303,"saar_pct","nyfed",2020-10-02,14.04,"saar_pct",-1,"backcast","first_release",-19.0426240673303,19.0426240673303,362.621531369669
"US","rgdp_growth","2020Q3",2020-10-30,33.0826240673303,"saar_pct","nyfed",2020-10-09,14.07,"saar_pct",-1,"backcast","first_release",-19.0126240673303,19.0126240673303,361.479873925629
"US","rgdp_growth","2020Q3",2020-10-30,33.0826240673303,"saar_pct","nyfed",2020-10-16,13.79,"saar_pct",-1,"backcast","first_release",-19.2926240673303,19.2926240673303,372.205343403334
"US","rgdp_growth","2020Q3",2020-10-30,33.0826240673303,"saar_pct","nyfed",2020-10-23,13.75,"saar_pct",-1,"backcast","first_release",-19.3326240673303,19.3326240673303,373.75035332872
"US","rgdp_growth","2020Q4",2021-01-28,4.01243,"saar_pct","nyfed",2020-09-04,7.27,"saar_pct",1,"1q_ahead","first_release",3.25757,3.25757,10.6117623049
"US","rgdp_growth","2020Q4",2021-01-28,4.01243,"saar_pct","nyfed",2020-09-11,7.28,"saar_pct",1,"1q_ahead","first_release",3.26757,3.26757,10.6770137049
"US","rgdp_growth","2020Q4",2021-01-28,4.01243,"saar_pct","nyfed",2020-09-18,5.32,"saar_pct",1,"1q_ahead","first_release",1.30757,1.30757,1.7097393049
"US","rgdp_growth","2020Q4",2021-01-28,4.01243,"saar_pct","nyfed",2020-09-25,5.05,"saar_pct",1,"1q_ahead","first_release",1.03757,1.03757,1.0765515049
"US","rgdp_growth","2020Q4",2021-01-28,4.01243,"saar_pct","nyfed",2020-10-02,4.77,"saar_pct",0,"nowcast","first_release",0.757569999999999,0.757569999999999,0.573912304899999
"US","rgdp_growth","2020Q4",2021-01-28,4.01243,"saar_pct","nyfed",2020-10-09,4.82,"saar_pct",0,"nowcast","first_release",0.80757,0.80757,0.6521693049
"US","rgdp_growth","2020Q4",2021-01-28,4.01243,"saar_pct","nyfed",2020-10-16,3.55,"saar_pct",0,"nowcast","first_release",-0.46243,0.46243,0.2138415049
"US","rgdp_growth","2020Q4",2021-01-28,4.01243,"saar_pct","nyfed",2020-10-23,3.46,"saar_pct",0,"nowcast","first_release",-0.55243,0.55243,0.3051789049
"US","rgdp_growth","2020Q4",2021-01-28,4.01243,"saar_pct","nyfed",2020-10-30,3.24,"saar_pct",0,"nowcast","first_release",-0.77243,0.77243,0.5966481049
"US","rgdp_growth","2020Q4",2021-01-28,4.01243,"saar_pct","nyfed",2020-11-06,2.86,"saar_pct",0,"nowcast","first_release",-1.15243,1.15243,1.3280949049
"US","rgdp_growth","2020Q4",2021-01-28,4.01243,"saar_pct","nyfed",2020-11-13,2.86,"saar_pct",0,"nowcast","first_release",-1.15243,1.15243,1.3280949049
"US","rgdp_growth","2020Q4",2021-01-28,4.01243,"saar_pct","nyfed",2020-11-20,2.86,"saar_pct",0,"nowcast","first_release",-1.15243,1.15243,1.3280949049
"US","rgdp_growth","2020Q4",2021-01-28,4.01243,"saar_pct","nyfed",2020-11-27,2.82,"saar_pct",0,"nowcast","first_release",-1.19243,1.19243,1.4218893049
"US","rgdp_growth","2020Q4",2021-01-28,4.01243,"saar_pct","nyfed",2020-12-04,2.52,"saar_pct",0,"nowcast","first_release",-1.49243,1.49243,2.2273473049
"US","rgdp_growth","2020Q4",2021-01-28,4.01243,"saar_pct","nyfed",2020-12-11,2.45,"saar_pct",0,"nowcast","first_release",-1.56243,1.56243,2.4411875049
"US","rgdp_growth","2020Q4",2021-01-28,4.01243,"saar_pct","nyfed",2020-12-18,2.36,"saar_pct",0,"nowcast","first_release",-1.65243,1.65243,2.7305249049
"US","rgdp_growth","2020Q4",2021-01-28,4.01243,"saar_pct","nyfed",2020-12-24,1.96,"saar_pct",0,"nowcast","first_release",-2.05243,2.05243,4.2124689049
"US","rgdp_growth","2020Q4",2021-01-28,4.01243,"saar_pct","nyfed",2020-12-31,2.05,"saar_pct",0,"nowcast","first_release",-1.96243,1.96243,3.8511315049
"US","rgdp_growth","2020Q4",2021-01-28,4.01243,"saar_pct","nyfed",2021-01-08,2.22,"saar_pct",-1,"backcast","first_release",-1.79243,1.79243,3.2128053049
"US","rgdp_growth","2020Q4",2021-01-28,4.01243,"saar_pct","nyfed",2021-01-15,2.5,"saar_pct",-1,"backcast","first_release",-1.51243,1.51243,2.2874445049
"US","rgdp_growth","2020Q4",2021-01-28,4.01243,"saar_pct","nyfed",2021-01-22,2.58,"saar_pct",-1,"backcast","first_release",-1.43243,1.43243,2.0518557049
"US","rgdp_growth","2021Q1",2021-04-29,6.387705,"saar_pct","nyfed",2020-12-04,5.86,"saar_pct",1,"1q_ahead","first_release",-0.527705,0.527705,0.278472567025
"US","rgdp_growth","2021Q1",2021-04-29,6.387705,"saar_pct","nyfed",2020-12-11,5.87,"saar_pct",1,"1q_ahead","first_release",-0.517705,0.517705,0.268018467025
"US","rgdp_growth","2021Q1",2021-04-29,6.387705,"saar_pct","nyfed",2020-12-18,5.56,"saar_pct",1,"1q_ahead","first_release",-0.827705000000001,0.827705000000001,0.685095567025001
"US","rgdp_growth","2021Q1",2021-04-29,6.387705,"saar_pct","nyfed",2020-12-24,5.09,"saar_pct",1,"1q_ahead","first_release",-1.297705,1.297705,1.684038267025
"US","rgdp_growth","2021Q1",2021-04-29,6.387705,"saar_pct","nyfed",2020-12-31,5.22,"saar_pct",1,"1q_ahead","first_release",-1.167705,1.167705,1.363534967025
"US","rgdp_growth","2021Q1",2021-04-29,6.387705,"saar_pct","nyfed",2021-01-08,5.49,"saar_pct",0,"nowcast","first_release",-0.897705,0.897705,0.805874267025
"US","rgdp_growth","2021Q1",2021-04-29,6.387705,"saar_pct","nyfed",2021-01-15,6.23,"saar_pct",0,"nowcast","first_release",-0.157705,0.157705,0.024870867025
"US","rgdp_growth","2021Q1",2021-04-29,6.387705,"saar_pct","nyfed",2021-01-22,6.65,"saar_pct",0,"nowcast","first_release",0.262295,0.262295,0.068798667025
"US","rgdp_growth","2021Q1",2021-04-29,6.387705,"saar_pct","nyfed",2021-01-29,6.48,"saar_pct",0,"nowcast","first_release",0.092295,0.092295,0.008518367025
"US","rgdp_growth","2021Q1",2021-04-29,6.387705,"saar_pct","nyfed",2021-02-05,6.79,"saar_pct",0,"nowcast","first_release",0.402295,0.402295,0.161841267025
"US","rgdp_growth","2021Q1",2021-04-29,6.387705,"saar_pct","nyfed",2021-02-12,6.71,"saar_pct",0,"nowcast","first_release",0.322295,0.322295,0.103874067025
"US","rgdp_growth","2021Q1",2021-04-29,6.387705,"saar_pct","nyfed",2021-02-19,8.3,"saar_pct",0,"nowcast","first_release",1.912295,1.912295,3.656872167025
"US","rgdp_growth","2021Q1",2021-04-29,6.387705,"saar_pct","nyfed",2021-02-26,8.68,"saar_pct",0,"nowcast","first_release",2.292295,2.292295,5.254616367025
"US","rgdp_growth","2021Q1",2021-04-29,6.387705,"saar_pct","nyfed",2021-03-05,8.6,"saar_pct",0,"nowcast","first_release",2.212295,2.212295,4.894249167025
"US","rgdp_growth","2021Q1",2021-04-29,6.387705,"saar_pct","nyfed",2021-03-12,8.6,"saar_pct",0,"nowcast","first_release",2.212295,2.212295,4.894249167025
"US","rgdp_growth","2021Q1",2021-04-29,6.387705,"saar_pct","nyfed",2021-03-19,6.26,"saar_pct",0,"nowcast","first_release",-0.127705000000001,0.127705000000001,0.0163085670250002
"US","rgdp_growth","2021Q1",2021-04-29,6.387705,"saar_pct","nyfed",2021-03-26,6.05,"saar_pct",0,"nowcast","first_release",-0.337705000000001,0.337705000000001,0.114044667025
"US","rgdp_growth","2021Q1",2021-04-29,6.387705,"saar_pct","nyfed",2021-04-02,6.18,"saar_pct",-1,"backcast","first_release",-0.207705000000001,0.207705000000001,0.0431413670250003
"US","rgdp_growth","2021Q1",2021-04-29,6.387705,"saar_pct","nyfed",2021-04-09,6.05,"saar_pct",-1,"backcast","first_release",-0.337705000000001,0.337705000000001,0.114044667025
"US","rgdp_growth","2021Q1",2021-04-29,6.387705,"saar_pct","nyfed",2021-04-16,6.78,"saar_pct",-1,"backcast","first_release",0.392295,0.392295,0.153895367025
"US","rgdp_growth","2021Q1",2021-04-29,6.387705,"saar_pct","nyfed",2021-04-23,6.86,"saar_pct",-1,"backcast","first_release",0.472295,0.472295,0.223062567025
"US","rgdp_growth","2021Q2",2021-07-29,6.503091,"saar_pct","nyfed",2021-03-05,3.98,"saar_pct",1,"1q_ahead","first_release",-2.523091,2.523091,6.365988194281
"US","rgdp_growth","2021Q2",2021-07-29,6.503091,"saar_pct","nyfed",2021-03-12,3.99,"saar_pct",1,"1q_ahead","first_release",-2.513091,2.513091,6.315626374281
"US","rgdp_growth","2021Q2",2021-07-29,6.503091,"saar_pct","nyfed",2021-03-19,1.17,"saar_pct",1,"1q_ahead","first_release",-5.333091,5.333091,28.441859614281
"US","rgdp_growth","2021Q2",2021-07-29,6.503091,"saar_pct","nyfed",2021-03-26,0.7,"saar_pct",1,"1q_ahead","first_release",-5.803091,5.803091,33.675865154281
"US","rgdp_growth","2021Q2",2021-07-29,6.503091,"saar_pct","nyfed",2021-04-02,1.58,"saar_pct",0,"nowcast","first_release",-4.923091,4.923091,24.236824994281
"US","rgdp_growth","2021Q2",2021-07-29,6.503091,"saar_pct","nyfed",2021-04-09,1.52,"saar_pct",0,"nowcast","first_release",-4.983091,4.983091,24.831195914281
"US","rgdp_growth","2021Q2",2021-07-29,6.503091,"saar_pct","nyfed",2021-04-16,4.43,"saar_pct",0,"nowcast","first_release",-2.073091,2.073091,4.297706294281
"US","rgdp_growth","2021Q2",2021-07-29,6.503091,"saar_pct","nyfed",2021-04-23,4.57,"saar_pct",0,"nowcast","first_release",-1.933091,1.933091,3.736840814281
"US","rgdp_growth","2021Q2",2021-07-29,6.503091,"saar_pct","nyfed",2021-04-30,5.28,"saar_pct",0,"nowcast","first_release",-1.223091,1.223091,1.495951594281
"US","rgdp_growth","2021Q2",2021-07-29,6.503091,"saar_pct","nyfed",2021-05-07,5.07,"saar_pct",0,"nowcast","first_release",-1.433091,1.433091,2.053749814281
"US","rgdp_growth","2021Q2",2021-07-29,6.503091,"saar_pct","nyfed",2021-05-14,4.9,"saar_pct",0,"nowcast","first_release",-1.603091,1.603091,2.569900754281
"US","rgdp_growth","2021Q2",2021-07-29,6.503091,"saar_pct","nyfed",2021-05-21,4.6,"saar_pct",0,"nowcast","first_release",-1.903091,1.903091,3.621755354281
"US","rgdp_growth","2021Q2",2021-07-29,6.503091,"saar_pct","nyfed",2021-05-28,4.22,"saar_pct",0,"nowcast","first_release",-2.283091,2.283091,5.212504514281
"US","rgdp_growth","2021Q2",2021-07-29,6.503091,"saar_pct","nyfed",2021-06-04,4.37,"saar_pct",0,"nowcast","first_release",-2.133091,2.133091,4.550077214281
"US","rgdp_growth","2021Q2",2021-07-29,6.503091,"saar_pct","nyfed",2021-06-11,4.2,"saar_pct",0,"nowcast","first_release",-2.303091,2.303091,5.304228154281
"US","rgdp_growth","2021Q2",2021-07-29,6.503091,"saar_pct","nyfed",2021-06-18,3.69,"saar_pct",0,"nowcast","first_release",-2.813091,2.813091,7.913480974281
"US","rgdp_growth","2021Q2",2021-07-29,6.503091,"saar_pct","nyfed",2021-06-25,3.39,"saar_pct",0,"nowcast","first_release",-3.113091,3.113091,9.691335574281
"US","rgdp_growth","2021Q2",2021-07-29,6.503091,"saar_pct","nyfed",2021-07-02,3.23,"saar_pct",-1,"backcast","first_release",-3.273091,3.273091,10.713124694281
"US","rgdp_growth","2021Q2",2021-07-29,6.503091,"saar_pct","nyfed",2021-07-09,3.19,"saar_pct",-1,"backcast","first_release",-3.313091,3.313091,10.976571974281
"US","rgdp_growth","2021Q2",2021-07-29,6.503091,"saar_pct","nyfed",2021-07-16,3.19,"saar_pct",-1,"backcast","first_release",-3.313091,3.313091,10.976571974281
"US","rgdp_growth","2021Q2",2021-07-29,6.503091,"saar_pct","nyfed",2021-07-23,3.16,"saar_pct",-1,"backcast","first_release",-3.343091,3.343091,11.176257434281
"US","rgdp_growth","2021Q3",2021-10-28,2.01596,"saar_pct","nyfed",2021-06-04,5.43,"saar_pct",1,"1q_ahead","first_release",3.41404,3.41404,11.6556691216
"US","rgdp_growth","2021Q3",2021-10-28,2.01596,"saar_pct","nyfed",2021-06-11,5.29,"saar_pct",1,"1q_ahead","first_release",3.27404,3.27404,10.7193379216
"US","rgdp_growth","2021Q3",2021-10-28,2.01596,"saar_pct","nyfed",2021-06-18,4.45,"saar_pct",1,"1q_ahead","first_release",2.43404,2.43404,5.9245507216
"US","rgdp_growth","2021Q3",2021-10-28,2.01596,"saar_pct","nyfed",2021-06-25,4.11,"saar_pct",1,"1q_ahead","first_release",2.09404,2.09404,4.3850035216
"US","rgdp_growth","2021Q3",2021-10-28,2.01596,"saar_pct","nyfed",2021-07-02,3.86,"saar_pct",0,"nowcast","first_release",1.84404,1.84404,3.4004835216
"US","rgdp_growth","2021Q3",2021-10-28,2.01596,"saar_pct","nyfed",2021-07-09,3.81,"saar_pct",0,"nowcast","first_release",1.79404,1.79404,3.2185795216
"US","rgdp_growth","2021Q3",2021-10-28,2.01596,"saar_pct","nyfed",2021-07-16,4.21,"saar_pct",0,"nowcast","first_release",2.19404,2.19404,4.8138115216
"US","rgdp_growth","2021Q3",2021-10-28,2.01596,"saar_pct","nyfed",2021-07-23,4.13,"saar_pct",0,"nowcast","first_release",2.11404,2.11404,4.4691651216
"US","rgdp_growth","2021Q3",2021-10-28,2.01596,"saar_pct","nyfed",2021-07-30,4.19,"saar_pct",0,"nowcast","first_release",2.17404,2.17404,4.7264499216
"US","rgdp_growth","2021Q3",2021-10-28,2.01596,"saar_pct","nyfed",2021-08-06,3.74,"saar_pct",0,"nowcast","first_release",1.72404,1.72404,2.9723139216
"US","rgdp_growth","2021Q3",2021-10-28,2.01596,"saar_pct","nyfed",2021-08-13,3.79,"saar_pct",0,"nowcast","first_release",1.77404,1.77404,3.1472179216
"US","rgdp_growth","2021Q3",2021-10-28,2.01596,"saar_pct","nyfed",2021-08-20,3.48,"saar_pct",0,"nowcast","first_release",1.46404,1.46404,2.1434131216
"US","rgdp_growth","2021Q3",2021-10-28,2.01596,"saar_pct","nyfed",2021-08-27,3.79,"saar_pct",0,"nowcast","first_release",1.77404,1.77404,3.1472179216
"US","rgdp_growth","2023Q1",2023-04-27,1.06229,"saar_pct","nyfed",2022-12-02,1.79,"saar_pct",1,"1q_ahead","first_release",0.72771,0.72771,0.5295618441
"US","rgdp_growth","2023Q1",2023-04-27,1.06229,"saar_pct","nyfed",2022-12-09,1.76,"saar_pct",1,"1q_ahead","first_release",0.69771,0.69771,0.4867992441
"US","rgdp_growth","2023Q1",2023-04-27,1.06229,"saar_pct","nyfed",2022-12-16,1.58,"saar_pct",1,"1q_ahead","first_release",0.51771,0.51771,0.2680236441
"US","rgdp_growth","2023Q1",2023-04-27,1.06229,"saar_pct","nyfed",2022-12-23,1.33,"saar_pct",1,"1q_ahead","first_release",0.26771,0.26771,0.0716686441000001
"US","rgdp_growth","2023Q1",2023-04-27,1.06229,"saar_pct","nyfed",2022-12-30,1.31,"saar_pct",1,"1q_ahead","first_release",0.24771,0.24771,0.0613602441000001
"US","rgdp_growth","2023Q1",2023-04-27,1.06229,"saar_pct","nyfed",2023-01-06,1.57,"saar_pct",0,"nowcast","first_release",0.50771,0.50771,0.2577694441
"US","rgdp_growth","2023Q1",2023-04-27,1.06229,"saar_pct","nyfed",2023-01-13,1.64,"saar_pct",0,"nowcast","first_release",0.57771,0.57771,0.3337488441
"US","rgdp_growth","2023Q1",2023-04-27,1.06229,"saar_pct","nyfed",2023-01-20,0.79,"saar_pct",0,"nowcast","first_release",-0.27229,0.27229,0.0741418441
"US","rgdp_growth","2023Q1",2023-04-27,1.06229,"saar_pct","nyfed",2023-01-27,1.2,"saar_pct",0,"nowcast","first_release",0.13771,0.13771,0.0189640441
"US","rgdp_growth","2023Q1",2023-04-27,1.06229,"saar_pct","nyfed",2023-02-03,1.59,"saar_pct",0,"nowcast","first_release",0.52771,0.52771,0.2784778441
"US","rgdp_growth","2023Q1",2023-04-27,1.06229,"saar_pct","nyfed",2023-02-10,1.48,"saar_pct",0,"nowcast","first_release",0.41771,0.41771,0.1744816441
"US","rgdp_growth","2023Q1",2023-04-27,1.06229,"saar_pct","nyfed",2023-02-17,1.14,"saar_pct",0,"nowcast","first_release",0.0777099999999999,0.0777099999999999,0.00603884409999999
"US","rgdp_growth","2023Q1",2023-04-27,1.06229,"saar_pct","nyfed",2023-02-24,2.84,"saar_pct",0,"nowcast","first_release",1.77771,1.77771,3.1602528441
"US","rgdp_growth","2023Q1",2023-04-27,1.06229,"saar_pct","nyfed",2023-03-03,1.44,"saar_pct",0,"nowcast","first_release",0.37771,0.37771,0.1426648441
"US","rgdp_growth","2023Q1",2023-04-27,1.06229,"saar_pct","nyfed",2023-03-10,1.88,"saar_pct",0,"nowcast","first_release",0.81771,0.81771,0.6686496441
"US","rgdp_growth","2023Q1",2023-04-27,1.06229,"saar_pct","nyfed",2023-03-17,1.89,"saar_pct",0,"nowcast","first_release",0.82771,0.82771,0.6851038441
"US","rgdp_growth","2023Q1",2023-04-27,1.06229,"saar_pct","nyfed",2023-03-24,1.47,"saar_pct",0,"nowcast","first_release",0.40771,0.40771,0.1662274441
"US","rgdp_growth","2023Q1",2023-04-27,1.06229,"saar_pct","nyfed",2023-03-31,1.4,"saar_pct",0,"nowcast","first_release",0.33771,0.33771,0.1140480441
"US","rgdp_growth","2023Q1",2023-04-27,1.06229,"saar_pct","nyfed",2023-04-07,1.34,"saar_pct",-1,"backcast","first_release",0.27771,0.27771,0.0771228441000001
"US","rgdp_growth","2023Q1",2023-04-27,1.06229,"saar_pct","nyfed",2023-04-14,1.75,"saar_pct",-1,"backcast","first_release",0.68771,0.68771,0.4729450441
"US","rgdp_growth","2023Q1",2023-04-27,1.06229,"saar_pct","nyfed",2023-04-21,1.72,"saar_pct",-1,"backcast","first_release",0.65771,0.65771,0.4325824441
"US","rgdp_growth","2023Q2",2023-07-27,2.41429,"saar_pct","nyfed",2023-02-24,2,"saar_pct",1,"1q_ahead","first_release",-0.41429,0.41429,0.1716362041
"US","rgdp_growth","2023Q2",2023-07-27,2.41429,"saar_pct","nyfed",2023-03-03,1.45,"saar_pct",1,"1q_ahead","first_release",-0.96429,0.96429,0.9298552041
"US","rgdp_growth","2023Q2",2023-07-27,2.41429,"saar_pct","nyfed",2023-03-10,1.53,"saar_pct",1,"1q_ahead","first_release",-0.88429,0.88429,0.7819688041
"US","rgdp_growth","2023Q2",2023-07-27,2.41429,"saar_pct","nyfed",2023-03-17,1.3,"saar_pct",1,"1q_ahead","first_release",-1.11429,1.11429,1.2416422041
"US","rgdp_growth","2023Q2",2023-07-27,2.41429,"saar_pct","nyfed",2023-03-24,1.1,"saar_pct",1,"1q_ahead","first_release",-1.31429,1.31429,1.7273582041
"US","rgdp_growth","2023Q2",2023-07-27,2.41429,"saar_pct","nyfed",2023-03-31,1.08,"saar_pct",1,"1q_ahead","first_release",-1.33429,1.33429,1.7803298041
"US","rgdp_growth","2023Q2",2023-07-27,2.41429,"saar_pct","nyfed",2023-04-07,0.67,"saar_pct",0,"nowcast","first_release",-1.74429,1.74429,3.0425476041
"US","rgdp_growth","2023Q2",2023-07-27,2.41429,"saar_pct","nyfed",2023-04-14,0.86,"saar_pct",0,"nowcast","first_release",-1.55429,1.55429,2.4158174041
"US","rgdp_growth","2023Q2",2023-07-27,2.41429,"saar_pct","nyfed",2023-04-21,1.12,"saar_pct",0,"nowcast","first_release",-1.29429,1.29429,1.6751866041
"US","rgdp_growth","2023Q2",2023-07-27,2.41429,"saar_pct","nyfed",2023-04-28,0.52,"saar_pct",0,"nowcast","first_release",-1.89429,1.89429,3.5883346041
"US","rgdp_growth","2023Q2",2023-07-27,2.41429,"saar_pct","nyfed",2023-05-05,1.28,"saar_pct",0,"nowcast","first_release",-1.13429,1.13429,1.2866138041
"US","rgdp_growth","2023Q2",2023-07-27,2.41429,"saar_pct","nyfed",2023-05-12,1.19,"saar_pct",0,"nowcast","first_release",-1.22429,1.22429,1.4988860041
"US","rgdp_growth","2023Q2",2023-07-27,2.41429,"saar_pct","nyfed",2023-05-19,1.44,"saar_pct",0,"nowcast","first_release",-0.97429,0.97429,0.9492410041
"US","rgdp_growth","2023Q2",2023-07-27,2.41429,"saar_pct","nyfed",2023-05-26,1.57,"saar_pct",0,"nowcast","first_release",-0.84429,0.84429,0.7128256041
"US","rgdp_growth","2023Q2",2023-07-27,2.41429,"saar_pct","nyfed",2023-06-02,1.61,"saar_pct",0,"nowcast","first_release",-0.80429,0.80429,0.6468824041
"US","rgdp_growth","2023Q2",2023-07-27,2.41429,"saar_pct","nyfed",2023-06-09,1.43,"saar_pct",0,"nowcast","first_release",-0.98429,0.98429,0.9688268041
"US","rgdp_growth","2023Q2",2023-07-27,2.41429,"saar_pct","nyfed",2023-06-16,1.31,"saar_pct",0,"nowcast","first_release",-1.10429,1.10429,1.2194564041
"US","rgdp_growth","2023Q2",2023-07-27,2.41429,"saar_pct","nyfed",2023-06-23,1.52,"saar_pct",0,"nowcast","first_release",-0.89429,0.89429,0.7997546041
"US","rgdp_growth","2023Q2",2023-07-27,2.41429,"saar_pct","nyfed",2023-06-30,1.63,"saar_pct",0,"nowcast","first_release",-0.78429,0.78429,0.6151108041
"US","rgdp_growth","2023Q2",2023-07-27,2.41429,"saar_pct","nyfed",2023-07-07,1.16,"saar_pct",-1,"backcast","first_release",-1.25429,1.25429,1.5732434041
"US","rgdp_growth","2023Q2",2023-07-27,2.41429,"saar_pct","nyfed",2023-07-14,1.16,"saar_pct",-1,"backcast","first_release",-1.25429,1.25429,1.5732434041
"US","rgdp_growth","2023Q2",2023-07-27,2.41429,"saar_pct","nyfed",2023-07-21,1.08,"saar_pct",-1,"backcast","first_release",-1.33429,1.33429,1.7803298041
"US","rgdp_growth","2023Q3",2023-10-26,4.87801,"saar_pct","nyfed",2023-05-26,2,"saar_pct",1,"1q_ahead","first_release",-2.87801,2.87801,8.2829415601
"US","rgdp_growth","2023Q3",2023-10-26,4.87801,"saar_pct","nyfed",2023-06-02,1.96,"saar_pct",1,"1q_ahead","first_release",-2.91801,2.91801,8.5147823601
"US","rgdp_growth","2023Q3",2023-10-26,4.87801,"saar_pct","nyfed",2023-06-09,1.9,"saar_pct",1,"1q_ahead","first_release",-2.97801,2.97801,8.8685435601
"US","rgdp_growth","2023Q3",2023-10-26,4.87801,"saar_pct","nyfed",2023-06-16,1.81,"saar_pct",1,"1q_ahead","first_release",-3.06801,3.06801,9.4126853601
"US","rgdp_growth","2023Q3",2023-10-26,4.87801,"saar_pct","nyfed",2023-06-23,2,"saar_pct",1,"1q_ahead","first_release",-2.87801,2.87801,8.2829415601
"US","rgdp_growth","2023Q3",2023-10-26,4.87801,"saar_pct","nyfed",2023-06-30,2.07,"saar_pct",1,"1q_ahead","first_release",-2.80801,2.80801,7.8849201601
"US","rgdp_growth","2023Q3",2023-10-26,4.87801,"saar_pct","nyfed",2023-07-07,1.53,"saar_pct",0,"nowcast","first_release",-3.34801,3.34801,11.2091709601
"US","rgdp_growth","2023Q3",2023-10-26,4.87801,"saar_pct","nyfed",2023-07-14,1.51,"saar_pct",0,"nowcast","first_release",-3.36801,3.36801,11.3434913601
"US","rgdp_growth","2023Q3",2023-10-26,4.87801,"saar_pct","nyfed",2023-07-21,1.25,"saar_pct",0,"nowcast","first_release",-3.62801,3.62801,13.1624565601
"US","rgdp_growth","2023Q3",2023-10-26,4.87801,"saar_pct","nyfed",2023-07-28,1.93,"saar_pct",0,"nowcast","first_release",-2.94801,2.94801,8.6907629601
"US","rgdp_growth","2023Q3",2023-10-26,4.87801,"saar_pct","nyfed",2023-08-04,1.81,"saar_pct",0,"nowcast","first_release",-3.06801,3.06801,9.4126853601
"US","rgdp_growth","2023Q3",2023-10-26,4.87801,"saar_pct","nyfed",2023-08-11,1.7,"saar_pct",0,"nowcast","first_release",-3.17801,3.17801,10.0997475601
"US","rgdp_growth","2023Q3",2023-10-26,4.87801,"saar_pct","nyfed",2023-08-18,2.34,"saar_pct",0,"nowcast","first_release",-2.53801,2.53801,6.4414947601
"US","rgdp_growth","2023Q3",2023-10-26,4.87801,"saar_pct","nyfed",2023-08-25,2.12,"saar_pct",0,"nowcast","first_release",-2.75801,2.75801,7.6066191601
"US","rgdp_growth","2023Q3",2023-10-26,4.87801,"saar_pct","nyfed",2023-09-01,2.09,"saar_pct",0,"nowcast","first_release",-2.78801,2.78801,7.7729997601
"US","rgdp_growth","2023Q3",2023-10-26,4.87801,"saar_pct","nyfed",2023-09-08,2.25,"saar_pct",0,"nowcast","first_release",-2.62801,2.62801,6.9064365601
"US","rgdp_growth","2023Q3",2023-10-26,4.87801,"saar_pct","nyfed",2023-09-15,2.27,"saar_pct",0,"nowcast","first_release",-2.60801,2.60801,6.8017161601
"US","rgdp_growth","2023Q3",2023-10-26,4.87801,"saar_pct","nyfed",2023-09-22,2.12,"saar_pct",0,"nowcast","first_release",-2.75801,2.75801,7.6066191601
"US","rgdp_growth","2023Q3",2023-10-26,4.87801,"saar_pct","nyfed",2023-09-29,2.08,"saar_pct",0,"nowcast","first_release",-2.79801,2.79801,7.8288599601
"US","rgdp_growth","2023Q3",2023-10-26,4.87801,"saar_pct","nyfed",2023-10-06,2.5,"saar_pct",-1,"backcast","first_release",-2.37801,2.37801,5.6549315601
"US","rgdp_growth","2023Q3",2023-10-26,4.87801,"saar_pct","nyfed",2023-10-13,2.5,"saar_pct",-1,"backcast","first_release",-2.37801,2.37801,5.6549315601
"US","rgdp_growth","2023Q3",2023-10-26,4.87801,"saar_pct","nyfed",2023-10-20,2.55,"saar_pct",-1,"backcast","first_release",-2.32801,2.32801,5.4196305601
"US","rgdp_growth","2023Q4",2024-01-25,3.280041,"saar_pct","nyfed",2023-09-01,2.21,"saar_pct",1,"1q_ahead","first_release",-1.070041,1.070041,1.144987741681
"US","rgdp_growth","2023Q4",2024-01-25,3.280041,"saar_pct","nyfed",2023-09-08,2.29,"saar_pct",1,"1q_ahead","first_release",-0.990041,0.990041,0.980181181681
"US","rgdp_growth","2023Q4",2024-01-25,3.280041,"saar_pct","nyfed",2023-09-15,2.35,"saar_pct",1,"1q_ahead","first_release",-0.930041,0.930041,0.864976261681
"US","rgdp_growth","2023Q4",2024-01-25,3.280041,"saar_pct","nyfed",2023-09-22,1.98,"saar_pct",1,"1q_ahead","first_release",-1.300041,1.300041,1.690106601681
"US","rgdp_growth","2023Q4",2024-01-25,3.280041,"saar_pct","nyfed",2023-09-29,1.98,"saar_pct",1,"1q_ahead","first_release",-1.300041,1.300041,1.690106601681
"US","rgdp_growth","2023Q4",2024-01-25,3.280041,"saar_pct","nyfed",2023-10-06,2.404,"saar_pct",0,"nowcast","first_release",-0.876041,0.876041,0.767447833681001
"US","rgdp_growth","2023Q4",2024-01-25,3.280041,"saar_pct","nyfed",2023-10-13,2.34,"saar_pct",0,"nowcast","first_release",-0.940041,0.940041,0.883677081681001
"US","rgdp_growth","2023Q4",2024-01-25,3.280041,"saar_pct","nyfed",2023-10-20,2.27,"saar_pct",0,"nowcast","first_release",-1.010041,1.010041,1.020182821681
"US","rgdp_growth","2023Q4",2024-01-25,3.280041,"saar_pct","nyfed",2023-10-27,2.79,"saar_pct",0,"nowcast","first_release",-0.490041,0.490041,0.240140181681
"US","rgdp_growth","2023Q4",2024-01-25,3.280041,"saar_pct","nyfed",2023-11-03,2.41,"saar_pct",0,"nowcast","first_release",-0.870041,0.870041,0.756971341681
"US","rgdp_growth","2023Q4",2024-01-25,3.280041,"saar_pct","nyfed",2023-11-10,2.51,"saar_pct",0,"nowcast","first_release",-0.770041,0.770041,0.592963141681001
"US","rgdp_growth","2023Q4",2024-01-25,3.280041,"saar_pct","nyfed",2023-11-17,2.45,"saar_pct",0,"nowcast","first_release",-0.830041,0.830041,0.688968061681
"US","rgdp_growth","2023Q4",2024-01-25,3.280041,"saar_pct","nyfed",2023-11-24,2.17,"saar_pct",0,"nowcast","first_release",-1.110041,1.110041,1.232191021681
"US","rgdp_growth","2023Q4",2024-01-25,3.280041,"saar_pct","nyfed",2023-12-01,2.26,"saar_pct",0,"nowcast","first_release",-1.020041,1.020041,1.040483641681
"US","rgdp_growth","2023Q4",2024-01-25,3.280041,"saar_pct","nyfed",2023-12-08,2.33,"saar_pct",0,"nowcast","first_release",-0.950041,0.950041,0.902577901681
"US","rgdp_growth","2023Q4",2024-01-25,3.280041,"saar_pct","nyfed",2023-12-15,2.21,"saar_pct",0,"nowcast","first_release",-1.070041,1.070041,1.144987741681
"US","rgdp_growth","2023Q4",2024-01-25,3.280041,"saar_pct","nyfed",2023-12-22,2.4,"saar_pct",0,"nowcast","first_release",-0.880041,0.880041,0.774472161681001
"US","rgdp_growth","2023Q4",2024-01-25,3.280041,"saar_pct","nyfed",2023-12-29,2.39,"saar_pct",0,"nowcast","first_release",-0.890041,0.890041,0.792172981681
"US","rgdp_growth","2023Q4",2024-01-25,3.280041,"saar_pct","nyfed",2024-01-05,2.54,"saar_pct",-1,"backcast","first_release",-0.740041,0.740041,0.547660681681
"US","rgdp_growth","2023Q4",2024-01-25,3.280041,"saar_pct","nyfed",2024-01-12,2.41,"saar_pct",-1,"backcast","first_release",-0.870041,0.870041,0.756971341681
"US","rgdp_growth","2023Q4",2024-01-25,3.280041,"saar_pct","nyfed",2024-01-19,2.41,"saar_pct",-1,"backcast","first_release",-0.870041,0.870041,0.756971341681
"US","rgdp_growth","2024Q1",2024-04-25,1.58969,"saar_pct","nyfed",2023-12-01,2.05,"saar_pct",1,"1q_ahead","first_release",0.46031,0.46031,0.2118852961
"US","rgdp_growth","2024Q1",2024-04-25,1.58969,"saar_pct","nyfed",2023-12-08,2.13,"saar_pct",1,"1q_ahead","first_release",0.54031,0.54031,0.2919348961
"US","rgdp_growth","2024Q1",2024-04-25,1.58969,"saar_pct","nyfed",2023-12-15,1.98,"saar_pct",1,"1q_ahead","first_release",0.39031,0.39031,0.1523418961
"US","rgdp_growth","2024Q1",2024-04-25,1.58969,"saar_pct","nyfed",2023-12-22,2.21,"saar_pct",1,"1q_ahead","first_release",0.62031,0.62031,0.3847844961
"US","rgdp_growth","2024Q1",2024-04-25,1.58969,"saar_pct","nyfed",2023-12-29,2.21,"saar_pct",1,"1q_ahead","first_release",0.62031,0.62031,0.3847844961
"US","rgdp_growth","2024Q1",2024-04-25,1.58969,"saar_pct","nyfed",2024-01-05,2.68,"saar_pct",0,"nowcast","first_release",1.09031,1.09031,1.1887758961
"US","rgdp_growth","2024Q1",2024-04-25,1.58969,"saar_pct","nyfed",2024-01-12,2.45,"saar_pct",0,"nowcast","first_release",0.86031,0.86031,0.7401332961
"US","rgdp_growth","2024Q1",2024-04-25,1.58969,"saar_pct","nyfed",2024-01-19,2.42,"saar_pct",0,"nowcast","first_release",0.83031,0.83031,0.6894146961
"US","rgdp_growth","2024Q1",2024-04-25,1.58969,"saar_pct","nyfed",2024-01-26,2.8,"saar_pct",0,"nowcast","first_release",1.21031,1.21031,1.4648502961
"US","rgdp_growth","2024Q1",2024-04-25,1.58969,"saar_pct","nyfed",2024-02-02,3.31,"saar_pct",0,"nowcast","first_release",1.72031,1.72031,2.9594664961
"US","rgdp_growth","2024Q1",2024-04-25,1.58969,"saar_pct","nyfed",2024-02-09,3.33,"saar_pct",0,"nowcast","first_release",1.74031,1.74031,3.0286788961
"US","rgdp_growth","2024Q1",2024-04-25,1.58969,"saar_pct","nyfed",2024-02-16,2.8,"saar_pct",0,"nowcast","first_release",1.21031,1.21031,1.4648502961
"US","rgdp_growth","2024Q1",2024-04-25,1.58969,"saar_pct","nyfed",2024-02-23,2.8,"saar_pct",0,"nowcast","first_release",1.21031,1.21031,1.4648502961
"US","rgdp_growth","2024Q1",2024-04-25,1.58969,"saar_pct","nyfed",2024-03-01,2.12,"saar_pct",0,"nowcast","first_release",0.53031,0.53031,0.2812286961
"US","rgdp_growth","2024Q1",2024-04-25,1.58969,"saar_pct","nyfed",2024-03-08,2.14,"saar_pct",0,"nowcast","first_release",0.55031,0.55031,0.3028410961
"US","rgdp_growth","2024Q1",2024-04-25,1.58969,"saar_pct","nyfed",2024-03-15,1.78,"saar_pct",0,"nowcast","first_release",0.19031,0.19031,0.0362178961
"US","rgdp_growth","2024Q1",2024-04-25,1.58969,"saar_pct","nyfed",2024-03-22,1.9,"saar_pct",0,"nowcast","first_release",0.31031,0.31031,0.0962922960999999
"US","rgdp_growth","2024Q1",2024-04-25,1.58969,"saar_pct","nyfed",2024-03-29,1.87,"saar_pct",0,"nowcast","first_release",0.28031,0.28031,0.0785736961
"US","rgdp_growth","2024Q1",2024-04-25,1.58969,"saar_pct","nyfed",2024-04-05,2.25,"saar_pct",-1,"backcast","first_release",0.66031,0.66031,0.4360092961
"US","rgdp_growth","2024Q1",2024-04-25,1.58969,"saar_pct","nyfed",2024-04-12,2.23,"saar_pct",-1,"backcast","first_release",0.64031,0.64031,0.4099968961
"US","rgdp_growth","2024Q1",2024-04-25,1.58969,"saar_pct","nyfed",2024-04-19,2.228,"saar_pct",-1,"backcast","first_release",0.63831,0.63831,0.4074396561
"US","rgdp_growth","2024Q2",2024-07-25,2.840098,"saar_pct","nyfed",2024-03-01,2.52,"saar_pct",1,"1q_ahead","first_release",-0.320098,0.320098,0.102462729604
"US","rgdp_growth","2024Q2",2024-07-25,2.840098,"saar_pct","nyfed",2024-03-08,2.53,"saar_pct",1,"1q_ahead","first_release",-0.310098,0.310098,0.096160769604
"US","rgdp_growth","2024Q2",2024-07-25,2.840098,"saar_pct","nyfed",2024-03-15,2.09,"saar_pct",1,"1q_ahead","first_release",-0.750098,0.750098,0.562647009604
"US","rgdp_growth","2024Q2",2024-07-25,2.840098,"saar_pct","nyfed",2024-03-22,2.19,"saar_pct",1,"1q_ahead","first_release",-0.650098,0.650098,0.422627409604
"US","rgdp_growth","2024Q2",2024-07-25,2.840098,"saar_pct","nyfed",2024-03-29,2.21,"saar_pct",1,"1q_ahead","first_release",-0.630098,0.630098,0.397023489604
"US","rgdp_growth","2024Q2",2024-07-25,2.840098,"saar_pct","nyfed",2024-04-05,2.62,"saar_pct",0,"nowcast","first_release",-0.220098,0.220098,0.0484431296039999
"US","rgdp_growth","2024Q2",2024-07-25,2.840098,"saar_pct","nyfed",2024-04-12,2.58,"saar_pct",0,"nowcast","first_release",-0.260098,0.260098,0.0676509696039999
"US","rgdp_growth","2024Q2",2024-07-25,2.840098,"saar_pct","nyfed",2024-04-19,2.714,"saar_pct",0,"nowcast","first_release",-0.126098,0.126098,0.015900705604
"US","rgdp_growth","2024Q2",2024-07-25,2.840098,"saar_pct","nyfed",2024-04-26,2.738,"saar_pct",0,"nowcast","first_release",-0.102098,0.102098,0.010424001604
"US","rgdp_growth","2024Q2",2024-07-25,2.840098,"saar_pct","nyfed",2024-05-03,2.229,"saar_pct",0,"nowcast","first_release",-0.611098,0.611098,0.373440765604
"US","rgdp_growth","2024Q2",2024-07-25,2.840098,"saar_pct","nyfed",2024-05-10,2.23,"saar_pct",0,"nowcast","first_release",-0.610098,0.610098,0.372219569604
"US","rgdp_growth","2024Q2",2024-07-25,2.840098,"saar_pct","nyfed",2024-05-17,1.88,"saar_pct",0,"nowcast","first_release",-0.960098,0.960098,0.921788169604
"US","rgdp_growth","2024Q2",2024-07-25,2.840098,"saar_pct","nyfed",2024-05-24,2.04,"saar_pct",0,"nowcast","first_release",-0.800098,0.800098,0.640156809604
"US","rgdp_growth","2024Q2",2024-07-25,2.840098,"saar_pct","nyfed",2024-05-31,1.76,"saar_pct",0,"nowcast","first_release",-1.080098,1.080098,1.166611689604
"US","rgdp_growth","2024Q2",2024-07-25,2.840098,"saar_pct","nyfed",2024-06-07,1.902,"saar_pct",0,"nowcast","first_release",-0.938098,0.938098,0.880027857604
"US","rgdp_growth","2024Q2",2024-07-25,2.840098,"saar_pct","nyfed",2024-06-14,1.908,"saar_pct",0,"nowcast","first_release",-0.932098,0.932098,0.868806681604
"US","rgdp_growth","2024Q2",2024-07-25,2.840098,"saar_pct","nyfed",2024-06-21,1.891,"saar_pct",0,"nowcast","first_release",-0.949098,0.949098,0.900787013604
"US","rgdp_growth","2024Q2",2024-07-25,2.840098,"saar_pct","nyfed",2024-06-28,1.928,"saar_pct",0,"nowcast","first_release",-0.912098,0.912098,0.831922761604
"US","rgdp_growth","2024Q2",2024-07-25,2.840098,"saar_pct","nyfed",2024-07-05,1.789,"saar_pct",-1,"backcast","first_release",-1.051098,1.051098,1.104807005604
"US","rgdp_growth","2024Q2",2024-07-25,2.840098,"saar_pct","nyfed",2024-07-12,1.798,"saar_pct",-1,"backcast","first_release",-1.042098,1.042098,1.085968241604
"US","rgdp_growth","2024Q2",2024-07-25,2.840098,"saar_pct","nyfed",2024-07-19,2.011,"saar_pct",-1,"backcast","first_release",-0.829098,0.829098,0.687403493603999
"US","rgdp_growth","2024Q3",2024-09-30,2.824836,"saar_pct","nyfed",2024-05-31,1.96,"saar_pct",1,"1q_ahead","first_release",-0.864836,0.864836,0.747941306896
"US","rgdp_growth","2024Q3",2024-09-30,2.824836,"saar_pct","nyfed",2024-06-07,2.04,"saar_pct",1,"1q_ahead","first_release",-0.784836,0.784836,0.615967546896
"US","rgdp_growth","2024Q3",2024-09-30,2.824836,"saar_pct","nyfed",2024-06-14,2.134,"saar_pct",1,"1q_ahead","first_release",-0.690836,0.690836,0.477254378896
"US","rgdp_growth","2024Q3",2024-09-30,2.824836,"saar_pct","nyfed",2024-06-21,2.17,"saar_pct",1,"1q_ahead","first_release",-0.654836,0.654836,0.428810186896
"US","rgdp_growth","2024Q3",2024-09-30,2.824836,"saar_pct","nyfed",2024-06-28,2.214,"saar_pct",1,"1q_ahead","first_release",-0.610836,0.610836,0.373120618896
"US","rgdp_growth","2024Q3",2024-09-30,2.824836,"saar_pct","nyfed",2024-07-05,2.106,"saar_pct",0,"nowcast","first_release",-0.718836,0.718836,0.516725194896
"US","rgdp_growth","2024Q3",2024-09-30,2.824836,"saar_pct","nyfed",2024-07-12,2.167,"saar_pct",0,"nowcast","first_release",-0.657836,0.657836,0.432748202896
"US","rgdp_growth","2024Q3",2024-09-30,2.824836,"saar_pct","nyfed",2024-07-19,2.664,"saar_pct",0,"nowcast","first_release",-0.160836,0.160836,0.0258682188959999
"US","rgdp_growth","2024Q3",2024-09-30,2.824836,"saar_pct","nyfed",2024-07-26,2.701,"saar_pct",0,"nowcast","first_release",-0.123836,0.123836,0.015335354896
"US","rgdp_growth","2024Q3",2024-09-30,2.824836,"saar_pct","nyfed",2024-08-02,2.113,"saar_pct",0,"nowcast","first_release",-0.711836,0.711836,0.506710490896
"US","rgdp_growth","2024Q3",2024-09-30,2.824836,"saar_pct","nyfed",2024-08-09,2.238,"saar_pct",0,"nowcast","first_release",-0.586836,0.586836,0.344376490896
"US","rgdp_growth","2024Q3",2024-09-30,2.824836,"saar_pct","nyfed",2024-08-16,1.84,"saar_pct",0,"nowcast","first_release",-0.984836,0.984836,0.969901946896
"US","rgdp_growth","2024Q3",2024-09-30,2.824836,"saar_pct","nyfed",2024-08-23,1.941,"saar_pct",0,"nowcast","first_release",-0.883836,0.883836,0.781166074896
"US","rgdp_growth","2024Q3",2024-09-30,2.824836,"saar_pct","nyfed",2024-08-30,2.488,"saar_pct",0,"nowcast","first_release",-0.336836,0.336836,0.113458490896
"US","rgdp_growth","2024Q3",2024-09-30,2.824836,"saar_pct","nyfed",2024-09-06,2.611,"saar_pct",0,"nowcast","first_release",-0.213836,0.213836,0.0457258348959999
"US","rgdp_growth","2024Q3",2024-09-30,2.824836,"saar_pct","nyfed",2024-09-13,2.567,"saar_pct",0,"nowcast","first_release",-0.257836,0.257836,0.0664794028959999
"US","rgdp_growth","2024Q3",2024-09-30,2.824836,"saar_pct","nyfed",2024-09-20,3.004,"saar_pct",0,"nowcast","first_release",0.179164,0.179164,0.032099738896
"US","rgdp_growth","2024Q3",2024-09-30,2.824836,"saar_pct","nyfed",2024-09-27,2.991,"saar_pct",0,"nowcast","first_release",0.166164,0.166164,0.0276104748960001
"US","rgdp_growth","2024Q4",2025-01-30,2.25121,"saar_pct","nyfed",2024-08-30,2.116,"saar_pct",1,"1q_ahead","first_release",-0.13521,0.13521,0.0182817441
"US","rgdp_growth","2024Q4",2025-01-30,2.25121,"saar_pct","nyfed",2024-09-06,2.213,"saar_pct",1,"1q_ahead","first_release",-0.0382099999999999,0.0382099999999999,0.00146000409999999
"US","rgdp_growth","2024Q4",2025-01-30,2.25121,"saar_pct","nyfed",2024-09-13,2.175,"saar_pct",1,"1q_ahead","first_release",-0.0762100000000001,0.0762100000000001,0.00580796410000002
"US","rgdp_growth","2024Q4",2025-01-30,2.25121,"saar_pct","nyfed",2024-09-20,2.74,"saar_pct",1,"1q_ahead","first_release",0.48879,0.48879,0.2389156641
"US","rgdp_growth","2024Q4",2025-01-30,2.25121,"saar_pct","nyfed",2024-09-27,2.797,"saar_pct",1,"1q_ahead","first_release",0.54579,0.54579,0.2978867241
"US","rgdp_growth","2024Q4",2025-01-30,2.25121,"saar_pct","nyfed",2024-10-04,2.763,"saar_pct",0,"nowcast","first_release",0.51179,0.51179,0.2619290041
"US","rgdp_growth","2024Q4",2025-01-30,2.25121,"saar_pct","nyfed",2024-10-11,2.753,"saar_pct",0,"nowcast","first_release",0.50179,0.50179,0.2517932041
"US","rgdp_growth","2024Q4",2025-01-30,2.25121,"saar_pct","nyfed",2024-10-18,2.607,"saar_pct",0,"nowcast","first_release",0.35579,0.35579,0.1265865241
"US","rgdp_growth","2024Q4",2025-01-30,2.25121,"saar_pct","nyfed",2024-10-25,2.465,"saar_pct",0,"nowcast","first_release",0.21379,0.21379,0.0457061641
"US","rgdp_growth","2024Q4",2025-01-30,2.25121,"saar_pct","nyfed",2024-11-01,2.007,"saar_pct",0,"nowcast","first_release",-0.24421,0.24421,0.0596385240999999
"US","rgdp_growth","2024Q4",2025-01-30,2.25121,"saar_pct","nyfed",2024-11-08,2.059,"saar_pct",0,"nowcast","first_release",-0.19221,0.19221,0.0369446840999999
"US","rgdp_growth","2024Q4",2025-01-30,2.25121,"saar_pct","nyfed",2024-11-15,2.064,"saar_pct",0,"nowcast","first_release",-0.18721,0.18721,0.0350475841
"US","rgdp_growth","2024Q4",2025-01-30,2.25121,"saar_pct","nyfed",2024-11-22,1.909,"saar_pct",0,"nowcast","first_release",-0.34221,0.34221,0.1171076841
"US","rgdp_growth","2024Q4",2025-01-30,2.25121,"saar_pct","nyfed",2024-11-29,1.805,"saar_pct",0,"nowcast","first_release",-0.44621,0.44621,0.1991033641
"US","rgdp_growth","2024Q4",2025-01-30,2.25121,"saar_pct","nyfed",2024-12-06,1.887,"saar_pct",0,"nowcast","first_release",-0.36421,0.36421,0.1326489241
"US","rgdp_growth","2024Q4",2025-01-30,2.25121,"saar_pct","nyfed",2024-12-13,1.853,"saar_pct",0,"nowcast","first_release",-0.39821,0.39821,0.1585712041
"US","rgdp_growth","2024Q4",2025-01-30,2.25121,"saar_pct","nyfed",2024-12-20,1.899,"saar_pct",0,"nowcast","first_release",-0.35221,0.35221,0.1240518841
"US","rgdp_growth","2024Q4",2025-01-30,2.25121,"saar_pct","nyfed",2024-12-27,1.859,"saar_pct",0,"nowcast","first_release",-0.39221,0.39221,0.1538286841
"US","rgdp_growth","2024Q4",2025-01-30,2.25121,"saar_pct","nyfed",2025-01-03,1.896,"saar_pct",-1,"backcast","first_release",-0.35521,0.35521,0.1261741441
"US","rgdp_growth","2024Q4",2025-01-30,2.25121,"saar_pct","nyfed",2025-01-10,2.356,"saar_pct",-1,"backcast","first_release",0.10479,0.10479,0.0109809441
"US","rgdp_growth","2024Q4",2025-01-30,2.25121,"saar_pct","nyfed",2025-01-17,2.563,"saar_pct",-1,"backcast","first_release",0.31179,0.31179,0.0972130041000001
"US","rgdp_growth","2024Q4",2025-01-30,2.25121,"saar_pct","nyfed",2025-01-24,2.563,"saar_pct",-1,"backcast","first_release",0.31179,0.31179,0.0972130041000001
"US","rgdp_growth","2025Q1",2025-04-30,-0.27605,"saar_pct","nyfed",2024-12-06,2.377,"saar_pct",1,"1q_ahead","first_release",2.65305,2.65305,7.0386743025
"US","rgdp_growth","2025Q1",2025-04-30,-0.27605,"saar_pct","nyfed",2024-12-13,2.291,"saar_pct",1,"1q_ahead","first_release",2.56705,2.56705,6.5897457025
"US","rgdp_growth","2025Q1",2025-04-30,-0.27605,"saar_pct","nyfed",2024-12-20,2.127,"saar_pct",1,"1q_ahead","first_release",2.40305,2.40305,5.7746493025
"US","rgdp_growth","2025Q1",2025-04-30,-0.27605,"saar_pct","nyfed",2024-12-27,2.082,"saar_pct",1,"1q_ahead","first_release",2.35805,2.35805,5.5603998025
"US","rgdp_growth","2025Q1",2025-04-30,-0.27605,"saar_pct","nyfed",2025-01-03,2.208,"saar_pct",0,"nowcast","first_release",2.48405,2.48405,6.1705044025
"US","rgdp_growth","2025Q1",2025-04-30,-0.27605,"saar_pct","nyfed",2025-01-10,2.738,"saar_pct",0,"nowcast","first_release",3.01405,3.01405,9.0844974025
"US","rgdp_growth","2025Q1",2025-04-30,-0.27605,"saar_pct","nyfed",2025-01-17,2.9995,"saar_pct",0,"nowcast","first_release",3.27555,3.27555,10.7292278025
"US","rgdp_growth","2025Q1",2025-04-30,-0.27605,"saar_pct","nyfed",2025-01-24,2.9995,"saar_pct",0,"nowcast","first_release",3.27555,3.27555,10.7292278025
"US","rgdp_growth","2025Q1",2025-04-30,-0.27605,"saar_pct","nyfed",2025-01-31,2.915,"saar_pct",0,"nowcast","first_release",3.19105,3.19105,10.1828001025
"US","rgdp_growth","2025Q1",2025-04-30,-0.27605,"saar_pct","nyfed",2025-02-07,3.12,"saar_pct",0,"nowcast","first_release",3.39605,3.39605,11.5331556025
"US","rgdp_growth","2025Q1",2025-04-30,-0.27605,"saar_pct","nyfed",2025-02-14,3.015,"saar_pct",0,"nowcast","first_release",3.29105,3.29105,10.8310101025
"US","rgdp_growth","2025Q1",2025-04-30,-0.27605,"saar_pct","nyfed",2025-02-21,2.946,"saar_pct",0,"nowcast","first_release",3.22205,3.22205,10.3816062025
"US","rgdp_growth","2025Q1",2025-04-30,-0.27605,"saar_pct","nyfed",2025-02-28,2.935,"saar_pct",0,"nowcast","first_release",3.21105,3.21105,10.3108421025
"US","rgdp_growth","2025Q1",2025-04-30,-0.27605,"saar_pct","nyfed",2025-03-07,2.672,"saar_pct",0,"nowcast","first_release",2.94805,2.94805,8.6909988025
"US","rgdp_growth","2025Q1",2025-04-30,-0.27605,"saar_pct","nyfed",2025-03-14,2.693,"saar_pct",0,"nowcast","first_release",2.96905,2.96905,8.8152579025
"US","rgdp_growth","2025Q1",2025-04-30,-0.27605,"saar_pct","nyfed",2025-03-21,2.723,"saar_pct",0,"nowcast","first_release",2.99905,2.99905,8.9943009025
"US","rgdp_growth","2025Q1",2025-04-30,-0.27605,"saar_pct","nyfed",2025-03-28,2.862,"saar_pct",0,"nowcast","first_release",3.13805,3.13805,9.8473578025
"US","rgdp_growth","2025Q1",2025-04-30,-0.27605,"saar_pct","nyfed",2025-04-04,2.604,"saar_pct",-1,"backcast","first_release",2.88005,2.88005,8.2946880025
"US","rgdp_growth","2025Q1",2025-04-30,-0.27605,"saar_pct","nyfed",2025-04-11,2.591,"saar_pct",-1,"backcast","first_release",2.86705,2.86705,8.2199757025
"US","rgdp_growth","2025Q1",2025-04-30,-0.27605,"saar_pct","nyfed",2025-04-18,2.578,"saar_pct",-1,"backcast","first_release",2.85405,2.85405,8.1456014025
"US","rgdp_growth","2025Q1",2025-04-30,-0.27605,"saar_pct","nyfed",2025-04-25,2.631,"saar_pct",-1,"backcast","first_release",2.90705,2.90705,8.4509397025
"US","rgdp_growth","2025Q2",2025-07-30,2.968252,"saar_pct","nyfed",2025-02-28,2.849,"saar_pct",1,"1q_ahead","first_release",-0.119252,0.119252,0.014221039504
"US","rgdp_growth","2025Q2",2025-07-30,2.968252,"saar_pct","nyfed",2025-03-07,2.575,"saar_pct",1,"1q_ahead","first_release",-0.393252,0.393252,0.154647135504
"US","rgdp_growth","2025Q2",2025-07-30,2.968252,"saar_pct","nyfed",2025-03-14,2.658,"saar_pct",1,"1q_ahead","first_release",-0.310252,0.310252,0.0962563035040001
"US","rgdp_growth","2025Q2",2025-07-30,2.968252,"saar_pct","nyfed",2025-03-21,2.641,"saar_pct",1,"1q_ahead","first_release",-0.327252,0.327252,0.107093871504
"US","rgdp_growth","2025Q2",2025-07-30,2.968252,"saar_pct","nyfed",2025-03-28,2.629,"saar_pct",1,"1q_ahead","first_release",-0.339252,0.339252,0.115091919504
"US","rgdp_growth","2025Q2",2025-07-30,2.968252,"saar_pct","nyfed",2025-04-04,2.438,"saar_pct",0,"nowcast","first_release",-0.530252,0.530252,0.281167183504
"US","rgdp_growth","2025Q2",2025-07-30,2.968252,"saar_pct","nyfed",2025-04-11,2.618,"saar_pct",0,"nowcast","first_release",-0.350252,0.350252,0.122676463504
"US","rgdp_growth","2025Q2",2025-07-30,2.968252,"saar_pct","nyfed",2025-04-18,2.605,"saar_pct",0,"nowcast","first_release",-0.363252,0.363252,0.131952015504
"US","rgdp_growth","2025Q2",2025-07-30,2.968252,"saar_pct","nyfed",2025-04-25,2.715,"saar_pct",0,"nowcast","first_release",-0.253252,0.253252,0.0641365755040001
"US","rgdp_growth","2025Q2",2025-07-30,2.968252,"saar_pct","nyfed",2025-05-02,2.335,"saar_pct",0,"nowcast","first_release",-0.633252,0.633252,0.401008095504
"US","rgdp_growth","2025Q2",2025-07-30,2.968252,"saar_pct","nyfed",2025-05-09,2.425,"saar_pct",0,"nowcast","first_release",-0.543252,0.543252,0.295122735504
"US","rgdp_growth","2025Q2",2025-07-30,2.968252,"saar_pct","nyfed",2025-05-16,2.346,"saar_pct",0,"nowcast","first_release",-0.622252,0.622252,0.387197551504
"US","rgdp_growth","2025Q2",2025-07-30,2.968252,"saar_pct","nyfed",2025-05-23,2.429,"saar_pct",0,"nowcast","first_release",-0.539252,0.539252,0.290792719504
"US","rgdp_growth","2025Q2",2025-07-30,2.968252,"saar_pct","nyfed",2025-05-30,2.417,"saar_pct",0,"nowcast","first_release",-0.551252,0.551252,0.303878767504
"US","rgdp_growth","2025Q2",2025-07-30,2.968252,"saar_pct","nyfed",2025-06-06,2.329,"saar_pct",0,"nowcast","first_release",-0.639252,0.639252,0.408643119504
"US","rgdp_growth","2025Q2",2025-07-30,2.968252,"saar_pct","nyfed",2025-06-13,2.339,"saar_pct",0,"nowcast","first_release",-0.629252,0.629252,0.395958079504
"US","rgdp_growth","2025Q2",2025-07-30,2.968252,"saar_pct","nyfed",2025-06-20,1.913,"saar_pct",0,"nowcast","first_release",-1.055252,1.055252,1.113556783504
"US","rgdp_growth","2025Q2",2025-07-30,2.968252,"saar_pct","nyfed",2025-06-27,1.715,"saar_pct",0,"nowcast","first_release",-1.253252,1.253252,1.570640575504
"US","rgdp_growth","2025Q2",2025-07-30,2.968252,"saar_pct","nyfed",2025-07-04,1.557,"saar_pct",-1,"backcast","first_release",-1.411252,1.411252,1.991632207504
"US","rgdp_growth","2025Q2",2025-07-30,2.968252,"saar_pct","nyfed",2025-07-11,1.56,"saar_pct",-1,"backcast","first_release",-1.408252,1.408252,1.983173695504
"US","rgdp_growth","2025Q2",2025-07-30,2.968252,"saar_pct","nyfed",2025-07-18,1.71,"saar_pct",-1,"backcast","first_release",-1.258252,1.258252,1.583198095504
"US","rgdp_growth","2025Q2",2025-07-30,2.968252,"saar_pct","nyfed",2025-07-25,1.68,"saar_pct",-1,"backcast","first_release",-1.288252,1.288252,1.659593215504
"US","rgdp_growth","2025Q3",2025-12-23,4.34278443849256,"saar_pct","nyfed",2025-05-30,2.538,"saar_pct",1,"1q_ahead","first_release",-1.80478443849256,1.80478443849256,3.25724686942492
"US","rgdp_growth","2025Q3",2025-12-23,4.34278443849256,"saar_pct","nyfed",2025-06-06,2.398,"saar_pct",1,"1q_ahead","first_release",-1.94478443849256,1.94478443849256,3.78218651220284
"US","rgdp_growth","2025Q3",2025-12-23,4.34278443849256,"saar_pct","nyfed",2025-06-13,2.504,"saar_pct",1,"1q_ahead","first_release",-1.83878443849256,1.83878443849256,3.38112821124241
"US","rgdp_growth","2025Q3",2025-12-23,4.34278443849256,"saar_pct","nyfed",2025-06-20,2.061,"saar_pct",1,"1q_ahead","first_release",-2.28178443849256,2.28178443849256,5.20654022374683
"US","rgdp_growth","2025Q3",2025-12-23,4.34278443849256,"saar_pct","nyfed",2025-06-27,1.917,"saar_pct",1,"1q_ahead","first_release",-2.42578443849256,2.42578443849256,5.88443014203269
"US","rgdp_growth","2025Q3",2025-12-23,4.34278443849256,"saar_pct","nyfed",2025-07-04,1.781,"saar_pct",0,"nowcast","first_release",-2.56178443849256,2.56178443849256,6.56273950930266
"US","rgdp_growth","2025Q3",2025-12-23,4.34278443849256,"saar_pct","nyfed",2025-07-11,1.78,"saar_pct",0,"nowcast","first_release",-2.56278443849256,2.56278443849256,6.56786407817965
"US","rgdp_growth","2025Q3",2025-12-23,4.34278443849256,"saar_pct","nyfed",2025-07-18,2.44,"saar_pct",0,"nowcast","first_release",-1.90278443849256,1.90278443849256,3.62058861936946
"US","rgdp_growth","2025Q3",2025-12-23,4.34278443849256,"saar_pct","nyfed",2025-07-25,2.37,"saar_pct",0,"nowcast","first_release",-1.97278443849256,1.97278443849256,3.89187844075842
"US","rgdp_growth","2025Q3",2025-12-23,4.34278443849256,"saar_pct","nyfed",2025-08-01,2.12,"saar_pct",0,"nowcast","first_release",-2.22278443849256,2.22278443849256,4.9407706600047
"US","rgdp_growth","2025Q3",2025-12-23,4.34278443849256,"saar_pct","nyfed",2025-08-08,2.02,"saar_pct",0,"nowcast","first_release",-2.32278443849256,2.32278443849256,5.39532754770322
"US","rgdp_growth","2025Q3",2025-12-23,4.34278443849256,"saar_pct","nyfed",2025-08-15,2.06,"saar_pct",0,"nowcast","first_release",-2.28278443849256,2.28278443849256,5.21110479262381
"US","rgdp_growth","2025Q3",2025-12-23,4.34278443849256,"saar_pct","nyfed",2025-08-22,2.01,"saar_pct",0,"nowcast","first_release",-2.33278443849256,2.33278443849256,5.44188323647307
"US","rgdp_growth","2025Q3",2025-12-23,4.34278443849256,"saar_pct","nyfed",2025-08-29,2.22,"saar_pct",0,"nowcast","first_release",-2.12278443849256,2.12278443849256,4.50621377230619
"US","rgdp_growth","2025Q3",2025-12-23,4.34278443849256,"saar_pct","nyfed",2025-09-05,2.1,"saar_pct",0,"nowcast","first_release",-2.24278443849256,2.24278443849256,5.03008203754441
"US","rgdp_growth","2025Q3",2025-12-23,4.34278443849256,"saar_pct","nyfed",2025-09-12,2.08,"saar_pct",0,"nowcast","first_release",-2.26278443849256,2.26278443849256,5.12019341508411
"US","rgdp_growth","2025Q3",2025-12-23,4.34278443849256,"saar_pct","nyfed",2025-09-19,2.1,"saar_pct",0,"nowcast","first_release",-2.24278443849256,2.24278443849256,5.03008203754441
"US","rgdp_growth","2025Q3",2025-12-23,4.34278443849256,"saar_pct","nyfed",2025-09-26,2.55,"saar_pct",0,"nowcast","first_release",-1.79278443849256,1.79278443849256,3.2140760429011
"US","rgdp_growth","2025Q3",2025-12-23,4.34278443849256,"saar_pct","nyfed",2025-10-03,2.35,"saar_pct",-1,"backcast","first_release",-1.99278443849256,1.99278443849256,3.97118981829812
"US","rgdp_growth","2025Q3",2025-12-23,4.34278443849256,"saar_pct","nyfed",2025-10-10,2.34,"saar_pct",-1,"backcast","first_release",-2.00278443849256,2.00278443849256,4.01114550706798
"US","rgdp_growth","2025Q3",2025-12-23,4.34278443849256,"saar_pct","nyfed",2025-10-17,2.34,"saar_pct",-1,"backcast","first_release",-2.00278443849256,2.00278443849256,4.01114550706798
"US","rgdp_growth","2025Q3",2025-12-23,4.34278443849256,"saar_pct","nyfed",2025-10-24,2.35,"saar_pct",-1,"backcast","first_release",-1.99278443849256,1.99278443849256,3.97118981829812
"US","rgdp_growth","2025Q3",2025-12-23,4.34278443849256,"saar_pct","nyfed",2025-10-31,2.35,"saar_pct",-1,"backcast","first_release",-1.99278443849256,1.99278443849256,3.97118981829812
"US","rgdp_growth","2025Q3",2025-12-23,4.34278443849256,"saar_pct","nyfed",2025-11-07,2.31,"saar_pct",-1,"backcast","first_release",-2.03278443849256,2.03278443849256,4.13221257337753
"US","rgdp_growth","2025Q3",2025-12-23,4.34278443849256,"saar_pct","nyfed",2025-11-14,2.31,"saar_pct",-1,"backcast","first_release",-2.03278443849256,2.03278443849256,4.13221257337753
"US","rgdp_growth","2025Q3",2025-12-23,4.34278443849256,"saar_pct","nyfed",2025-11-21,2.31,"saar_pct",-1,"backcast","first_release",-2.03278443849256,2.03278443849256,4.13221257337753
"US","rgdp_growth","2025Q3",2025-12-23,4.34278443849256,"saar_pct","nyfed",2025-11-28,2.31,"saar_pct",-1,"backcast","first_release",-2.03278443849256,2.03278443849256,4.13221257337753
"US","rgdp_growth","2025Q4",2026-02-20,1.422613,"saar_pct","nyfed",2025-08-29,2.37,"saar_pct",1,"1q_ahead","first_release",0.947387,0.947387,0.897542127769
"US","rgdp_growth","2025Q4",2026-02-20,1.422613,"saar_pct","nyfed",2025-09-05,2.28,"saar_pct",1,"1q_ahead","first_release",0.857387,0.857387,0.735112467769
"US","rgdp_growth","2025Q4",2026-02-20,1.422613,"saar_pct","nyfed",2025-09-12,2.16,"saar_pct",1,"1q_ahead","first_release",0.737387,0.737387,0.543739587769
"US","rgdp_growth","2025Q4",2026-02-20,1.422613,"saar_pct","nyfed",2025-09-19,2.18,"saar_pct",1,"1q_ahead","first_release",0.757387,0.757387,0.573635067769
"US","rgdp_growth","2025Q4",2026-02-20,1.422613,"saar_pct","nyfed",2025-09-26,2.46,"saar_pct",1,"1q_ahead","first_release",1.037387,1.037387,1.076171787769
"US","rgdp_growth","2025Q4",2026-02-20,1.422613,"saar_pct","nyfed",2025-10-03,2.25,"saar_pct",0,"nowcast","first_release",0.827387,0.827387,0.684569247769
"US","rgdp_growth","2025Q4",2026-02-20,1.422613,"saar_pct","nyfed",2025-10-10,2.23,"saar_pct",0,"nowcast","first_release",0.807387,0.807387,0.651873767769
"US","rgdp_growth","2025Q4",2026-02-20,1.422613,"saar_pct","nyfed",2025-10-17,2.25,"saar_pct",0,"nowcast","first_release",0.827387,0.827387,0.684569247769
"US","rgdp_growth","2025Q4",2026-02-20,1.422613,"saar_pct","nyfed",2025-10-24,2.26,"saar_pct",0,"nowcast","first_release",0.837387,0.837387,0.701216987769
"US","rgdp_growth","2025Q4",2026-02-20,1.422613,"saar_pct","nyfed",2025-10-31,2.26,"saar_pct",0,"nowcast","first_release",0.837387,0.837387,0.701216987769
"US","rgdp_growth","2025Q4",2026-02-20,1.422613,"saar_pct","nyfed",2025-11-07,2.1,"saar_pct",0,"nowcast","first_release",0.677387,0.677387,0.458853147769
"US","rgdp_growth","2025Q4",2026-02-20,1.422613,"saar_pct","nyfed",2025-11-14,2.1,"saar_pct",0,"nowcast","first_release",0.677387,0.677387,0.458853147769
"US","rgdp_growth","2025Q4",2026-02-20,1.422613,"saar_pct","nyfed",2025-11-21,2.31,"saar_pct",0,"nowcast","first_release",0.887387,0.887387,0.787455687769
"US","rgdp_growth","2025Q4",2026-02-20,1.422613,"saar_pct","nyfed",2025-11-28,2.33,"saar_pct",0,"nowcast","first_release",0.907387,0.907387,0.823351167769
"US","rgdp_growth","2025Q4",2026-02-20,1.422613,"saar_pct","nyfed",2025-12-05,1.73,"saar_pct",0,"nowcast","first_release",0.307387,0.307387,0.094486767769
"US","rgdp_growth","2025Q4",2026-02-20,1.422613,"saar_pct","nyfed",2025-12-12,1.81,"saar_pct",0,"nowcast","first_release",0.387387,0.387387,0.150068687769
"US","rgdp_growth","2025Q4",2026-02-20,1.422613,"saar_pct","nyfed",2025-12-19,1.71,"saar_pct",0,"nowcast","first_release",0.287387,0.287387,0.082591287769
"US","rgdp_growth","2025Q4",2026-02-20,1.422613,"saar_pct","nyfed",2025-12-26,2.07,"saar_pct",0,"nowcast","first_release",0.647387,0.647387,0.419109927769
"US","rgdp_growth","2025Q4",2026-02-20,1.422613,"saar_pct","nyfed",2026-01-02,2.07,"saar_pct",-1,"backcast","first_release",0.647387,0.647387,0.419109927769
"US","rgdp_growth","2025Q4",2026-02-20,1.422613,"saar_pct","nyfed",2026-01-09,2.62,"saar_pct",-1,"backcast","first_release",1.197387,1.197387,1.433735627769
"US","rgdp_growth","2025Q4",2026-02-20,1.422613,"saar_pct","nyfed",2026-01-16,2.71,"saar_pct",-1,"backcast","first_release",1.287387,1.287387,1.657365287769
"US","rgdp_growth","2025Q4",2026-02-20,1.422613,"saar_pct","nyfed",2026-01-23,2.74,"saar_pct",-1,"backcast","first_release",1.317387,1.317387,1.735508507769
"US","rgdp_growth","2025Q4",2026-02-20,1.422613,"saar_pct","nyfed",2026-01-30,2.74,"saar_pct",-1,"backcast","first_release",1.317387,1.317387,1.735508507769
"US","rgdp_growth","2025Q4",2026-02-20,1.422613,"saar_pct","nyfed",2026-02-06,2.69,"saar_pct",-1,"backcast","first_release",1.267387,1.267387,1.606269807769
"US","rgdp_growth","2025Q4",2026-02-20,1.422613,"saar_pct","nyfed",2026-02-13,2.71,"saar_pct",-1,"backcast","first_release",1.287387,1.287387,1.657365287769
"US","rgdp_growth","2026Q1",2026-04-30,1.9901,"saar_pct","nyfed",2025-11-28,2.66,"saar_pct",1,"1q_ahead","first_release",0.6699,0.6699,0.44876601
"US","rgdp_growth","2026Q1",2026-04-30,1.9901,"saar_pct","nyfed",2025-12-05,2.22,"saar_pct",1,"1q_ahead","first_release",0.2299,0.2299,0.0528540100000001
"US","rgdp_growth","2026Q1",2026-04-30,1.9901,"saar_pct","nyfed",2025-12-12,2.24,"saar_pct",1,"1q_ahead","first_release",0.2499,0.2499,0.0624500100000001
"US","rgdp_growth","2026Q1",2026-04-30,1.9901,"saar_pct","nyfed",2025-12-19,2.11,"saar_pct",1,"1q_ahead","first_release",0.1199,0.1199,0.01437601
"US","rgdp_growth","2026Q1",2026-04-30,1.9901,"saar_pct","nyfed",2025-12-26,2.17,"saar_pct",1,"1q_ahead","first_release",0.1799,0.1799,0.03236401
"US","rgdp_growth","2026Q1",2026-04-30,1.9901,"saar_pct","nyfed",2026-01-02,2.17,"saar_pct",0,"nowcast","first_release",0.1799,0.1799,0.03236401
"US","rgdp_growth","2026Q1",2026-04-30,1.9901,"saar_pct","nyfed",2026-01-09,2.61,"saar_pct",0,"nowcast","first_release",0.6199,0.6199,0.38427601
"US","rgdp_growth","2026Q1",2026-04-30,1.9901,"saar_pct","nyfed",2026-01-16,2.75,"saar_pct",0,"nowcast","first_release",0.7599,0.7599,0.57744801
"US","rgdp_growth","2026Q1",2026-04-30,1.9901,"saar_pct","nyfed",2026-01-23,2.73,"saar_pct",0,"nowcast","first_release",0.7399,0.7399,0.54745201
"US","rgdp_growth","2026Q1",2026-04-30,1.9901,"saar_pct","nyfed",2026-01-30,2.73,"saar_pct",0,"nowcast","first_release",0.7399,0.7399,0.54745201
"US","rgdp_growth","2026Q1",2026-04-30,1.9901,"saar_pct","nyfed",2026-02-06,2.59,"saar_pct",0,"nowcast","first_release",0.5999,0.5999,0.35988001
"US","rgdp_growth","2026Q1",2026-04-30,1.9901,"saar_pct","nyfed",2026-02-13,2.63,"saar_pct",0,"nowcast","first_release",0.6399,0.6399,0.40947201
"US","rgdp_growth","2026Q1",2026-04-30,1.9901,"saar_pct","nyfed",2026-02-20,2.37,"saar_pct",0,"nowcast","first_release",0.3799,0.3799,0.14432401
"US","rgdp_growth","2026Q1",2026-04-30,1.9901,"saar_pct","nyfed",2026-02-27,2.38,"saar_pct",0,"nowcast","first_release",0.3899,0.3899,0.15202201
"US","rgdp_growth","2026Q1",2026-04-30,1.9901,"saar_pct","nyfed",2026-03-06,2.23,"saar_pct",0,"nowcast","first_release",0.2399,0.2399,0.05755201
"US","rgdp_growth","2026Q1",2026-04-30,1.9901,"saar_pct","nyfed",2026-03-13,2.09,"saar_pct",0,"nowcast","first_release",0.0998999999999999,0.0998999999999999,0.00998000999999997
"US","rgdp_growth","2026Q1",2026-04-30,1.9901,"saar_pct","nyfed",2026-03-20,2.07,"saar_pct",0,"nowcast","first_release",0.0798999999999999,0.0798999999999999,0.00638400999999998
"US","rgdp_growth","2026Q1",2026-04-30,1.9901,"saar_pct","nyfed",2026-03-27,2.09,"saar_pct",0,"nowcast","first_release",0.0998999999999999,0.0998999999999999,0.00998000999999997
"US","rgdp_growth","2026Q1",2026-04-30,1.9901,"saar_pct","nyfed",2026-04-03,2.41,"saar_pct",-1,"backcast","first_release",0.4199,0.4199,0.17631601
"US","rgdp_growth","2026Q1",2026-04-30,1.9901,"saar_pct","nyfed",2026-04-10,2.31,"saar_pct",-1,"backcast","first_release",0.3199,0.3199,0.10233601
"US","rgdp_growth","2026Q1",2026-04-30,1.9901,"saar_pct","nyfed",2026-04-17,2.31,"saar_pct",-1,"backcast","first_release",0.3199,0.3199,0.10233601
"US","rgdp_growth","2026Q1",2026-04-30,1.9901,"saar_pct","nyfed",2026-04-24,2.36,"saar_pct",-1,"backcast","first_release",0.3699,0.3699,0.13682601
"EA","rgdp_growth_yoy","1999Q3",2001-01-03,2.5889,"yoy_pct","spf_ecb",1999-01-15,2.061,"yoy_pct",2,"2-4q_ahead","first_release",-0.5279,0.5279,0.27867841
"EA","rgdp_growth_yoy","1999Q4",2001-01-03,3.3029,"yoy_pct","spf_ecb",1999-04-15,2.2309,"yoy_pct",2,"2-4q_ahead","first_release",-1.072,1.072,1.149184
"EA","rgdp_growth_yoy","2000Q1",2001-01-03,3.4629,"yoy_pct","spf_ecb",1999-07-15,2.4152,"yoy_pct",2,"2-4q_ahead","first_release",-1.0477,1.0477,1.09767529
"EA","rgdp_growth_yoy","2000Q2",2001-01-03,3.7183,"yoy_pct","spf_ecb",1999-10-15,2.8308,"yoy_pct",2,"2-4q_ahead","first_release",-0.8875,0.8875,0.78765625
"EA","rgdp_growth_yoy","2000Q3",2001-01-03,3.4258,"yoy_pct","spf_ecb",1999-01-15,2.497,"yoy_pct",6,"5q+_ahead","first_release",-0.9288,0.9288,0.862669440000001
"EA","rgdp_growth_yoy","2000Q3",2001-01-03,3.4258,"yoy_pct","spf_ecb",2000-01-15,3.0633,"yoy_pct",2,"2-4q_ahead","first_release",-0.3625,0.3625,0.13140625
"EA","rgdp_growth_yoy","2000Q4",2001-04-10,2.9726,"yoy_pct","spf_ecb",1999-04-15,2.5435,"yoy_pct",6,"5q+_ahead","first_release",-0.4291,0.4291,0.18412681
"EA","rgdp_growth_yoy","2000Q4",2001-04-10,2.9726,"yoy_pct","spf_ecb",2000-04-15,3.2477,"yoy_pct",2,"2-4q_ahead","first_release",0.2751,0.2751,0.0756800100000001
"EA","rgdp_growth_yoy","2001Q1",2001-07-04,2.513,"yoy_pct","spf_ecb",1999-07-15,2.6669,"yoy_pct",6,"5q+_ahead","first_release",0.1539,0.1539,0.02368521
"EA","rgdp_growth_yoy","2001Q1",2001-07-04,2.513,"yoy_pct","spf_ecb",2000-07-15,3.3644,"yoy_pct",2,"2-4q_ahead","first_release",0.8514,0.8514,0.72488196
"EA","rgdp_growth_yoy","2001Q2",2001-09-13,1.6668,"yoy_pct","spf_ecb",1999-10-15,2.7449,"yoy_pct",6,"5q+_ahead","first_release",1.0781,1.0781,1.16229961
"EA","rgdp_growth_yoy","2001Q2",2001-09-13,1.6668,"yoy_pct","spf_ecb",2000-10-15,3.0667,"yoy_pct",2,"2-4q_ahead","first_release",1.3999,1.3999,1.95972001
"EA","rgdp_growth_yoy","2001Q3",2001-12-05,1.2808,"yoy_pct","spf_ecb",2000-01-15,2.8642,"yoy_pct",6,"5q+_ahead","first_release",1.5834,1.5834,2.50715556
"EA","rgdp_growth_yoy","2001Q3",2001-12-05,1.2808,"yoy_pct","spf_ecb",2001-01-15,2.7015,"yoy_pct",2,"2-4q_ahead","first_release",1.4207,1.4207,2.01838849
"EA","rgdp_growth_yoy","2001Q4",2002-04-03,0.6044,"yoy_pct","spf_ecb",2000-04-15,2.9242,"yoy_pct",6,"5q+_ahead","first_release",2.3198,2.3198,5.38147204
"EA","rgdp_growth_yoy","2001Q4",2002-04-03,0.6044,"yoy_pct","spf_ecb",2001-04-15,2.3644,"yoy_pct",2,"2-4q_ahead","first_release",1.76,1.76,3.0976
"EA","rgdp_growth_yoy","2002Q1",2002-06-05,0.0556,"yoy_pct","spf_ecb",2000-07-15,2.9669,"yoy_pct",6,"5q+_ahead","first_release",2.9113,2.9113,8.47566769
"EA","rgdp_growth_yoy","2002Q1",2002-06-05,0.0556,"yoy_pct","spf_ecb",2001-07-15,1.9762,"yoy_pct",2,"2-4q_ahead","first_release",1.9206,1.9206,3.68870436
"EA","rgdp_growth_yoy","2002Q2",2002-09-11,0.5673,"yoy_pct","spf_ecb",2000-10-15,2.8751,"yoy_pct",6,"5q+_ahead","first_release",2.3078,2.3078,5.32594084
"EA","rgdp_growth_yoy","2002Q2",2002-09-11,0.5673,"yoy_pct","spf_ecb",2001-10-15,1.2448,"yoy_pct",2,"2-4q_ahead","first_release",0.6775,0.6775,0.45900625
"EA","rgdp_growth_yoy","2002Q3",2002-12-04,0.7772,"yoy_pct","spf_ecb",2001-01-15,2.7258,"yoy_pct",6,"5q+_ahead","first_release",1.9486,1.9486,3.79704196
"EA","rgdp_growth_yoy","2002Q3",2002-12-04,0.7772,"yoy_pct","spf_ecb",2002-01-15,1.67,"yoy_pct",2,"2-4q_ahead","first_release",0.8928,0.8928,0.79709184
"EA","rgdp_growth_yoy","2002Q4",2003-03-05,1.2804,"yoy_pct","spf_ecb",2001-04-15,2.7725,"yoy_pct",6,"5q+_ahead","first_release",1.4921,1.4921,2.22636241
"EA","rgdp_growth_yoy","2002Q4",2003-03-05,1.2804,"yoy_pct","spf_ecb",2002-04-15,2.3593,"yoy_pct",2,"2-4q_ahead","first_release",1.0789,1.0789,1.16402521
"EA","rgdp_growth_yoy","2003Q1",2003-06-04,0.7901,"yoy_pct","spf_ecb",2001-07-15,2.5629,"yoy_pct",6,"5q+_ahead","first_release",1.7728,1.7728,3.14281984
"EA","rgdp_growth_yoy","2003Q1",2003-06-04,0.7901,"yoy_pct","spf_ecb",2002-07-15,2.4452,"yoy_pct",2,"2-4q_ahead","first_release",1.6551,1.6551,2.73935601
"EA","rgdp_growth_yoy","2003Q2",2003-09-03,0.4049,"yoy_pct","spf_ecb",2001-10-15,2.4802,"yoy_pct",6,"5q+_ahead","first_release",2.0753,2.0753,4.30687009
"EA","rgdp_growth_yoy","2003Q2",2003-09-03,0.4049,"yoy_pct","spf_ecb",2002-10-15,1.6972,"yoy_pct",2,"2-4q_ahead","first_release",1.2923,1.2923,1.67003929
"EA","rgdp_growth_yoy","2003Q3",2003-12-03,0.2785,"yoy_pct","spf_ecb",2002-01-15,2.6333,"yoy_pct",6,"5q+_ahead","first_release",2.3548,2.3548,5.54508304
"EA","rgdp_growth_yoy","2003Q3",2003-12-03,0.2785,"yoy_pct","spf_ecb",2003-01-15,1.5358,"yoy_pct",2,"2-4q_ahead","first_release",1.2573,1.2573,1.58080329
"EA","rgdp_growth_yoy","2003Q4",2004-03-03,0.5936,"yoy_pct","spf_ecb",1999-01-15,2.4492,"yoy_pct",19,"5q+_ahead","first_release",1.8556,1.8556,3.44325136
"EA","rgdp_growth_yoy","2003Q4",2004-03-03,0.5936,"yoy_pct","spf_ecb",2002-04-15,2.5804,"yoy_pct",6,"5q+_ahead","first_release",1.9868,1.9868,3.94737424
"EA","rgdp_growth_yoy","2003Q4",2004-03-03,0.5936,"yoy_pct","spf_ecb",2003-04-15,1.3047,"yoy_pct",2,"2-4q_ahead","first_release",0.7111,0.7111,0.50566321
"EA","rgdp_growth_yoy","2004Q1",2004-06-02,1.2793,"yoy_pct","spf_ecb",2002-07-15,2.5298,"yoy_pct",6,"5q+_ahead","first_release",1.2505,1.2505,1.56375025
"EA","rgdp_growth_yoy","2004Q1",2004-06-02,1.2793,"yoy_pct","spf_ecb",2003-07-15,1.2021,"yoy_pct",2,"2-4q_ahead","first_release",-0.0772000000000002,0.0772000000000002,0.00595984000000002
"EA","rgdp_growth_yoy","2004Q2",2004-09-01,1.9624,"yoy_pct","spf_ecb",2002-10-15,2.5114,"yoy_pct",6,"5q+_ahead","first_release",0.549,0.549,0.301401
"EA","rgdp_growth_yoy","2004Q2",2004-09-01,1.9624,"yoy_pct","spf_ecb",2003-10-15,1.6006,"yoy_pct",2,"2-4q_ahead","first_release",-0.3618,0.3618,0.13089924
"EA","rgdp_growth_yoy","2004Q3",2004-12-01,1.8281,"yoy_pct","spf_ecb",2000-01-15,2.5386,"yoy_pct",18,"5q+_ahead","first_release",0.7105,0.7105,0.50481025
"EA","rgdp_growth_yoy","2004Q3",2004-12-01,1.8281,"yoy_pct","spf_ecb",2003-01-15,2.3566,"yoy_pct",6,"5q+_ahead","first_release",0.5285,0.5285,0.27931225
"EA","rgdp_growth_yoy","2004Q3",2004-12-01,1.8281,"yoy_pct","spf_ecb",2004-01-15,1.9731,"yoy_pct",2,"2-4q_ahead","first_release",0.145,0.145,0.021025
"EA","rgdp_growth_yoy","2004Q4",2005-03-02,1.6114,"yoy_pct","spf_ecb",2003-04-15,2.3457,"yoy_pct",6,"5q+_ahead","first_release",0.7343,0.7343,0.53919649
"EA","rgdp_growth_yoy","2004Q4",2005-03-02,1.6114,"yoy_pct","spf_ecb",2004-04-15,1.9672,"yoy_pct",2,"2-4q_ahead","first_release",0.3558,0.3558,0.12659364
"EA","rgdp_growth_yoy","2005Q1",2005-06-01,1.3483,"yoy_pct","spf_ecb",2003-07-15,2.1376,"yoy_pct",6,"5q+_ahead","first_release",0.7893,0.7893,0.62299449
"EA","rgdp_growth_yoy","2005Q1",2005-06-01,1.3483,"yoy_pct","spf_ecb",2004-07-15,2.0564,"yoy_pct",2,"2-4q_ahead","first_release",0.7081,0.7081,0.50140561
"EA","rgdp_growth_yoy","2005Q2",2005-08-31,1.1099,"yoy_pct","spf_ecb",2003-10-15,2.2227,"yoy_pct",6,"5q+_ahead","first_release",1.1128,1.1128,1.23832384
"EA","rgdp_growth_yoy","2005Q2",2005-08-31,1.1099,"yoy_pct","spf_ecb",2004-10-15,1.9566,"yoy_pct",2,"2-4q_ahead","first_release",0.8467,0.8467,0.71690089
"EA","rgdp_growth_yoy","2005Q3",2005-11-30,1.5532,"yoy_pct","spf_ecb",2001-01-15,2.7191,"yoy_pct",18,"5q+_ahead","first_release",1.1659,1.1659,1.35932281
"EA","rgdp_growth_yoy","2005Q3",2005-11-30,1.5532,"yoy_pct","spf_ecb",2004-01-15,2.275,"yoy_pct",6,"5q+_ahead","first_release",0.7218,0.7218,0.52099524
"EA","rgdp_growth_yoy","2005Q3",2005-11-30,1.5532,"yoy_pct","spf_ecb",2005-01-15,1.8669,"yoy_pct",2,"2-4q_ahead","first_release",0.3137,0.3137,0.0984076900000001
"EA","rgdp_growth_yoy","2005Q4",2006-03-01,1.7091,"yoy_pct","spf_ecb",2004-04-15,2.2308,"yoy_pct",6,"5q+_ahead","first_release",0.5217,0.5217,0.27217089
"EA","rgdp_growth_yoy","2005Q4",2006-03-01,1.7091,"yoy_pct","spf_ecb",2005-04-15,1.8699,"yoy_pct",2,"2-4q_ahead","first_release",0.1608,0.1608,0.0258566399999999
"EA","rgdp_growth_yoy","2006Q1",2006-06-07,1.9476,"yoy_pct","spf_ecb",2004-07-15,2.2652,"yoy_pct",6,"5q+_ahead","first_release",0.3176,0.3176,0.10086976
"EA","rgdp_growth_yoy","2006Q1",2006-06-07,1.9476,"yoy_pct","spf_ecb",2005-07-15,1.6387,"yoy_pct",2,"2-4q_ahead","first_release",-0.3089,0.3089,0.09541921
"EA","rgdp_growth_yoy","2006Q2",2006-08-30,2.4271,"yoy_pct","spf_ecb",2004-10-15,2.1782,"yoy_pct",6,"5q+_ahead","first_release",-0.2489,0.2489,0.06195121
"EA","rgdp_growth_yoy","2006Q2",2006-08-30,2.4271,"yoy_pct","spf_ecb",2005-10-15,1.6916,"yoy_pct",2,"2-4q_ahead","first_release",-0.7355,0.7355,0.54096025
"EA","rgdp_growth_yoy","2006Q3",2006-12-06,2.7269,"yoy_pct","spf_ecb",2005-01-15,2.169,"yoy_pct",6,"5q+_ahead","first_release",-0.5579,0.5579,0.31125241
"EA","rgdp_growth_yoy","2006Q3",2006-12-06,2.7269,"yoy_pct","spf_ecb",2006-01-15,1.911,"yoy_pct",2,"2-4q_ahead","first_release",-0.8159,0.8159,0.66569281
"EA","rgdp_growth_yoy","2006Q4",2007-03-07,3.2805,"yoy_pct","spf_ecb",2005-04-15,2.0501,"yoy_pct",6,"5q+_ahead","first_release",-1.2304,1.2304,1.51388416
"EA","rgdp_growth_yoy","2006Q4",2007-03-07,3.2805,"yoy_pct","spf_ecb",2006-04-15,2.1856,"yoy_pct",2,"2-4q_ahead","first_release",-1.0949,1.0949,1.19880601
"EA","rgdp_growth_yoy","2007Q1",2007-06-05,3.0328,"yoy_pct","spf_ecb",2005-07-15,1.9981,"yoy_pct",6,"5q+_ahead","first_release",-1.0347,1.0347,1.07060409
"EA","rgdp_growth_yoy","2007Q1",2007-06-05,3.0328,"yoy_pct","spf_ecb",2006-07-15,1.9976,"yoy_pct",2,"2-4q_ahead","first_release",-1.0352,1.0352,1.07163904
"EA","rgdp_growth_yoy","2007Q2",2007-09-05,2.5212,"yoy_pct","spf_ecb",2005-10-15,2.0095,"yoy_pct",6,"5q+_ahead","first_release",-0.5117,0.5117,0.26183689
"EA","rgdp_growth_yoy","2007Q2",2007-09-05,2.5212,"yoy_pct","spf_ecb",2006-10-15,2.0202,"yoy_pct",2,"2-4q_ahead","first_release",-0.501,0.501,0.251001
"EA","rgdp_growth_yoy","2007Q3",2007-12-05,2.6502,"yoy_pct","spf_ecb",2006-01-15,1.8766,"yoy_pct",6,"5q+_ahead","first_release",-0.7736,0.7736,0.59845696
"EA","rgdp_growth_yoy","2007Q3",2007-12-05,2.6502,"yoy_pct","spf_ecb",2007-01-15,2.0615,"yoy_pct",2,"2-4q_ahead","first_release",-0.5887,0.5887,0.34656769
"EA","rgdp_growth_yoy","2007Q4",2008-03-05,2.2115,"yoy_pct","spf_ecb",2006-04-15,1.8044,"yoy_pct",6,"5q+_ahead","first_release",-0.4071,0.4071,0.16573041
"EA","rgdp_growth_yoy","2007Q4",2008-03-05,2.2115,"yoy_pct","spf_ecb",2007-04-15,2.1755,"yoy_pct",2,"2-4q_ahead","first_release",-0.036,0.036,0.001296
"EA","rgdp_growth_yoy","2008Q1",2008-06-04,2.1554,"yoy_pct","spf_ecb",2006-07-15,1.9101,"yoy_pct",6,"5q+_ahead","first_release",-0.2453,0.2453,0.0601720900000001
"EA","rgdp_growth_yoy","2008Q1",2008-06-04,2.1554,"yoy_pct","spf_ecb",2007-07-15,2.375,"yoy_pct",2,"2-4q_ahead","first_release",0.2196,0.2196,0.0482241599999999
"EA","rgdp_growth_yoy","2008Q2",2008-09-03,1.4021,"yoy_pct","spf_ecb",2006-10-15,1.9665,"yoy_pct",6,"5q+_ahead","first_release",0.5644,0.5644,0.31854736
"EA","rgdp_growth_yoy","2008Q2",2008-09-03,1.4021,"yoy_pct","spf_ecb",2007-10-15,2.1112,"yoy_pct",2,"2-4q_ahead","first_release",0.7091,0.7091,0.50282281
"EA","rgdp_growth_yoy","2008Q3",2008-12-03,0.6285,"yoy_pct","spf_ecb",2007-01-15,2.1361,"yoy_pct",6,"5q+_ahead","first_release",1.5076,1.5076,2.27285776
"EA","rgdp_growth_yoy","2008Q3",2008-12-03,0.6285,"yoy_pct","spf_ecb",2008-01-15,1.7204,"yoy_pct",2,"2-4q_ahead","first_release",1.0919,1.0919,1.19224561
"EA","rgdp_growth_yoy","2008Q4",2009-03-04,-1.2621,"yoy_pct","spf_ecb",2007-04-15,2.2584,"yoy_pct",6,"5q+_ahead","first_release",3.5205,3.5205,12.39392025
"EA","rgdp_growth_yoy","2008Q4",2009-03-04,-1.2621,"yoy_pct","spf_ecb",2008-04-15,1.361,"yoy_pct",2,"2-4q_ahead","first_release",2.6231,2.6231,6.88065361
"EA","rgdp_growth_yoy","2009Q1",2009-06-03,-4.8021,"yoy_pct","spf_ecb",2007-07-15,2.2053,"yoy_pct",6,"5q+_ahead","first_release",7.0074,7.0074,49.10365476
"EA","rgdp_growth_yoy","2009Q1",2009-06-03,-4.8021,"yoy_pct","spf_ecb",2008-07-15,0.8797,"yoy_pct",2,"2-4q_ahead","first_release",5.6818,5.6818,32.28285124
"EA","rgdp_growth_yoy","2009Q2",2009-09-02,-4.6683,"yoy_pct","spf_ecb",2007-10-15,2.1722,"yoy_pct",6,"5q+_ahead","first_release",6.8405,6.8405,46.79244025
"EA","rgdp_growth_yoy","2009Q2",2009-09-02,-4.6683,"yoy_pct","spf_ecb",2008-10-15,0.1155,"yoy_pct",2,"2-4q_ahead","first_release",4.7838,4.7838,22.88474244
"EA","rgdp_growth_yoy","2009Q3",2009-12-02,-4.0584,"yoy_pct","spf_ecb",2008-01-15,2.0896,"yoy_pct",6,"5q+_ahead","first_release",6.148,6.148,37.797904
"EA","rgdp_growth_yoy","2009Q3",2009-12-02,-4.0584,"yoy_pct","spf_ecb",2009-01-15,-1.7755,"yoy_pct",2,"2-4q_ahead","first_release",2.2829,2.2829,5.21163241
"EA","rgdp_growth_yoy","2009Q4",2010-03-03,-2.1064,"yoy_pct","spf_ecb",2008-04-15,1.8684,"yoy_pct",6,"5q+_ahead","first_release",3.9748,3.9748,15.79903504
"EA","rgdp_growth_yoy","2009Q4",2010-03-03,-2.1064,"yoy_pct","spf_ecb",2009-04-15,-1.9784,"yoy_pct",2,"2-4q_ahead","first_release",0.128,0.128,0.016384
"EA","rgdp_growth_yoy","2010Q1",2010-06-09,0.601,"yoy_pct","spf_ecb",2008-07-15,1.6817,"yoy_pct",6,"5q+_ahead","first_release",1.0807,1.0807,1.16791249
"EA","rgdp_growth_yoy","2010Q1",2010-06-09,0.601,"yoy_pct","spf_ecb",2009-07-15,-0.4009,"yoy_pct",2,"2-4q_ahead","first_release",-1.0019,1.0019,1.00380361
"EA","rgdp_growth_yoy","2010Q2",2010-09-01,1.8842,"yoy_pct","spf_ecb",2008-10-15,1.2468,"yoy_pct",6,"5q+_ahead","first_release",-0.6374,0.6374,0.40627876
"EA","rgdp_growth_yoy","2010Q2",2010-09-01,1.8842,"yoy_pct","spf_ecb",2009-10-15,1.1714,"yoy_pct",2,"2-4q_ahead","first_release",-0.7128,0.7128,0.50808384
"EA","rgdp_growth_yoy","2010Q3",2010-12-01,1.9304,"yoy_pct","spf_ecb",2009-01-15,0.8754,"yoy_pct",6,"5q+_ahead","first_release",-1.055,1.055,1.113025
"EA","rgdp_growth_yoy","2010Q3",2010-12-01,1.9304,"yoy_pct","spf_ecb",2010-01-15,1.2347,"yoy_pct",2,"2-4q_ahead","first_release",-0.6957,0.6957,0.48399849
"EA","rgdp_growth_yoy","2010Q4",2011-03-02,2.0211,"yoy_pct","spf_ecb",2009-04-15,0.9224,"yoy_pct",6,"5q+_ahead","first_release",-1.0987,1.0987,1.20714169
"EA","rgdp_growth_yoy","2010Q4",2011-03-02,2.0211,"yoy_pct","spf_ecb",2010-04-15,1.4302,"yoy_pct",2,"2-4q_ahead","first_release",-0.5909,0.5909,0.34916281
"EA","rgdp_growth_yoy","2011Q1",2011-06-08,2.4655,"yoy_pct","spf_ecb",2009-07-15,1.2623,"yoy_pct",6,"5q+_ahead","first_release",-1.2032,1.2032,1.44769024
"EA","rgdp_growth_yoy","2011Q1",2011-06-08,2.4655,"yoy_pct","spf_ecb",2010-07-15,1.3575,"yoy_pct",2,"2-4q_ahead","first_release",-1.108,1.108,1.227664
"EA","rgdp_growth_yoy","2011Q2",2011-09-07,1.6005,"yoy_pct","spf_ecb",2009-10-15,1.6294,"yoy_pct",6,"5q+_ahead","first_release",0.0288999999999999,0.0288999999999999,0.000835209999999996
"EA","rgdp_growth_yoy","2011Q2",2011-09-07,1.6005,"yoy_pct","spf_ecb",2010-10-15,1.3478,"yoy_pct",2,"2-4q_ahead","first_release",-0.2527,0.2527,0.06385729
"EA","rgdp_growth_yoy","2011Q3",2011-12-07,1.3692,"yoy_pct","spf_ecb",2010-01-15,1.6331,"yoy_pct",6,"5q+_ahead","first_release",0.2639,0.2639,0.06964321
"EA","rgdp_growth_yoy","2011Q3",2011-12-07,1.3692,"yoy_pct","spf_ecb",2011-01-15,1.4415,"yoy_pct",2,"2-4q_ahead","first_release",0.0723,0.0723,0.00522729
"EA","rgdp_growth_yoy","2011Q4",2012-03-07,0.7128,"yoy_pct","spf_ecb",2010-04-15,1.6443,"yoy_pct",6,"5q+_ahead","first_release",0.9315,0.9315,0.86769225
"EA","rgdp_growth_yoy","2011Q4",2012-03-07,0.7128,"yoy_pct","spf_ecb",2011-04-15,1.6056,"yoy_pct",2,"2-4q_ahead","first_release",0.8928,0.8928,0.79709184
"EA","rgdp_growth_yoy","2012Q1",2012-06-05,-0.0501,"yoy_pct","spf_ecb",2010-07-15,1.4454,"yoy_pct",6,"5q+_ahead","first_release",1.4955,1.4955,2.23652025
"EA","rgdp_growth_yoy","2012Q1",2012-06-05,-0.0501,"yoy_pct","spf_ecb",2011-07-15,1.4973,"yoy_pct",2,"2-4q_ahead","first_release",1.5474,1.5474,2.39444676
"EA","rgdp_growth_yoy","2012Q2",2012-09-05,-0.4586,"yoy_pct","spf_ecb",2010-10-15,1.6057,"yoy_pct",6,"5q+_ahead","first_release",2.0643,2.0643,4.26133449
"EA","rgdp_growth_yoy","2012Q2",2012-09-05,-0.4586,"yoy_pct","spf_ecb",2011-10-15,0.6821,"yoy_pct",2,"2-4q_ahead","first_release",1.1407,1.1407,1.30119649
"EA","rgdp_growth_yoy","2012Q3",2012-12-05,-0.6059,"yoy_pct","spf_ecb",2011-01-15,1.7603,"yoy_pct",6,"5q+_ahead","first_release",2.3662,2.3662,5.59890244
"EA","rgdp_growth_yoy","2012Q3",2012-12-05,-0.6059,"yoy_pct","spf_ecb",2012-01-15,0.0736,"yoy_pct",2,"2-4q_ahead","first_release",0.6795,0.6795,0.46172025
"EA","rgdp_growth_yoy","2012Q4",2013-03-06,-0.8888,"yoy_pct","spf_ecb",2011-04-15,1.7629,"yoy_pct",6,"5q+_ahead","first_release",2.6517,2.6517,7.03151289
"EA","rgdp_growth_yoy","2012Q4",2013-03-06,-0.8888,"yoy_pct","spf_ecb",2012-04-15,0.2226,"yoy_pct",2,"2-4q_ahead","first_release",1.1114,1.1114,1.23520996
"EA","rgdp_growth_yoy","2013Q1",2013-06-05,-1.1094,"yoy_pct","spf_ecb",2011-07-15,1.8078,"yoy_pct",6,"5q+_ahead","first_release",2.9172,2.9172,8.51005584
"EA","rgdp_growth_yoy","2013Q1",2013-06-05,-1.1094,"yoy_pct","spf_ecb",2012-07-15,0.0908,"yoy_pct",2,"2-4q_ahead","first_release",1.2002,1.2002,1.44048004
"EA","rgdp_growth_yoy","2013Q2",2013-09-04,-0.4516,"yoy_pct","spf_ecb",2011-10-15,1.5031,"yoy_pct",6,"5q+_ahead","first_release",1.9547,1.9547,3.82085209
"EA","rgdp_growth_yoy","2013Q2",2013-09-04,-0.4516,"yoy_pct","spf_ecb",2012-10-15,0.1294,"yoy_pct",2,"2-4q_ahead","first_release",0.581,0.581,0.337561
"EA","rgdp_growth_yoy","2013Q3",2013-12-04,-0.3579,"yoy_pct","spf_ecb",2012-01-15,1.1627,"yoy_pct",6,"5q+_ahead","first_release",1.5206,1.5206,2.31222436
"EA","rgdp_growth_yoy","2013Q3",2013-12-04,-0.3579,"yoy_pct","spf_ecb",2013-01-15,0.0959,"yoy_pct",2,"2-4q_ahead","first_release",0.4538,0.4538,0.20593444
"EA","rgdp_growth_yoy","2013Q4",2014-03-05,0.529,"yoy_pct","spf_ecb",2012-04-15,1.2285,"yoy_pct",6,"5q+_ahead","first_release",0.6995,0.6995,0.48930025
"EA","rgdp_growth_yoy","2013Q4",2014-03-05,0.529,"yoy_pct","spf_ecb",2013-04-15,0.3861,"yoy_pct",2,"2-4q_ahead","first_release",-0.1429,0.1429,0.02042041
"EA","rgdp_growth_yoy","2014Q1",2014-06-04,0.8962,"yoy_pct","spf_ecb",2012-07-15,1.246,"yoy_pct",6,"5q+_ahead","first_release",0.3498,0.3498,0.12236004
"EA","rgdp_growth_yoy","2014Q1",2014-06-04,0.8962,"yoy_pct","spf_ecb",2013-07-15,0.5998,"yoy_pct",2,"2-4q_ahead","first_release",-0.2964,0.2964,0.08785296
"EA","rgdp_growth_yoy","2014Q2",2014-09-03,0.6562,"yoy_pct","spf_ecb",2012-10-15,1.1977,"yoy_pct",6,"5q+_ahead","first_release",0.5415,0.5415,0.29322225
"EA","rgdp_growth_yoy","2014Q2",2014-09-03,0.6562,"yoy_pct","spf_ecb",2013-10-15,0.9107,"yoy_pct",2,"2-4q_ahead","first_release",0.2545,0.2545,0.06477025
"EA","rgdp_growth_yoy","2014Q3",2014-12-03,0.785,"yoy_pct","spf_ecb",2013-01-15,1.1354,"yoy_pct",6,"5q+_ahead","first_release",0.3504,0.3504,0.12278016
"EA","rgdp_growth_yoy","2014Q3",2014-12-03,0.785,"yoy_pct","spf_ecb",2014-01-15,1.1157,"yoy_pct",2,"2-4q_ahead","first_release",0.3307,0.3307,0.10936249
"EA","rgdp_growth_yoy","2014Q4",2015-03-04,0.8858,"yoy_pct","spf_ecb",2013-04-15,1.2216,"yoy_pct",6,"5q+_ahead","first_release",0.3358,0.3358,0.11276164
"EA","rgdp_growth_yoy","2014Q4",2015-03-04,0.8858,"yoy_pct","spf_ecb",2014-04-15,1.2975,"yoy_pct",2,"2-4q_ahead","first_release",0.4117,0.4117,0.16949689
"EA","rgdp_growth_yoy","2015Q1",2015-06-02,0.9853,"yoy_pct","spf_ecb",2013-07-15,1.2294,"yoy_pct",6,"5q+_ahead","first_release",0.2441,0.2441,0.05958481
"EA","rgdp_growth_yoy","2015Q1",2015-06-02,0.9853,"yoy_pct","spf_ecb",2014-07-15,1.3037,"yoy_pct",2,"2-4q_ahead","first_release",0.3184,0.3184,0.10137856
"EA","rgdp_growth_yoy","2015Q2",2015-09-02,1.2215,"yoy_pct","spf_ecb",2013-10-15,1.4665,"yoy_pct",6,"5q+_ahead","first_release",0.245,0.245,0.0600249999999999
"EA","rgdp_growth_yoy","2015Q2",2015-09-02,1.2215,"yoy_pct","spf_ecb",2014-10-15,1.0337,"yoy_pct",2,"2-4q_ahead","first_release",-0.1878,0.1878,0.03526884
"EA","rgdp_growth_yoy","2015Q3",2015-12-02,1.5723,"yoy_pct","spf_ecb",2014-01-15,1.4929,"yoy_pct",6,"5q+_ahead","first_release",-0.0794000000000001,0.0794000000000001,0.00630436000000002
"EA","rgdp_growth_yoy","2015Q3",2015-12-02,1.5723,"yoy_pct","spf_ecb",2015-01-15,1.2057,"yoy_pct",2,"2-4q_ahead","first_release",-0.3666,0.3666,0.13439556
"EA","rgdp_growth_yoy","2015Q4",2016-03-09,1.5806,"yoy_pct","spf_ecb",2014-04-15,1.5957,"yoy_pct",6,"5q+_ahead","first_release",0.0150999999999999,0.0150999999999999,0.000228009999999997
"EA","rgdp_growth_yoy","2015Q4",2016-03-09,1.5806,"yoy_pct","spf_ecb",2015-04-15,1.6998,"yoy_pct",2,"2-4q_ahead","first_release",0.1192,0.1192,0.01420864
"EA","rgdp_growth_yoy","2016Q1",2016-06-01,1.5292,"yoy_pct","spf_ecb",2014-07-15,1.624,"yoy_pct",6,"5q+_ahead","first_release",0.0948000000000002,0.0948000000000002,0.00898704000000004
"EA","rgdp_growth_yoy","2016Q1",2016-06-01,1.5292,"yoy_pct","spf_ecb",2015-07-15,1.7534,"yoy_pct",2,"2-4q_ahead","first_release",0.2242,0.2242,0.0502656400000001
"EA","rgdp_growth_yoy","2016Q2",2016-09-07,1.6237,"yoy_pct","spf_ecb",2014-10-15,1.4689,"yoy_pct",6,"5q+_ahead","first_release",-0.1548,0.1548,0.0239630399999999
"EA","rgdp_growth_yoy","2016Q2",2016-09-07,1.6237,"yoy_pct","spf_ecb",2015-10-15,1.719,"yoy_pct",2,"2-4q_ahead","first_release",0.0953000000000002,0.0953000000000002,0.00908209000000003
"EA","rgdp_growth_yoy","2016Q3",2016-12-07,1.6728,"yoy_pct","spf_ecb",2015-01-15,1.5468,"yoy_pct",6,"5q+_ahead","first_release",-0.126,0.126,0.015876
"EA","rgdp_growth_yoy","2016Q3",2016-12-07,1.6728,"yoy_pct","spf_ecb",2016-01-15,1.7094,"yoy_pct",2,"2-4q_ahead","first_release",0.0366,0.0366,0.00133956
"EA","rgdp_growth_yoy","2016Q4",2017-03-08,1.6856,"yoy_pct","spf_ecb",2015-04-15,1.7554,"yoy_pct",6,"5q+_ahead","first_release",0.0698000000000001,0.0698000000000001,0.00487204000000001
"EA","rgdp_growth_yoy","2016Q4",2017-03-08,1.6856,"yoy_pct","spf_ecb",2016-04-15,1.6046,"yoy_pct",2,"2-4q_ahead","first_release",-0.081,0.081,0.00656099999999999
"EA","rgdp_growth_yoy","2017Q1",2017-06-07,1.9012,"yoy_pct","spf_ecb",2015-07-15,1.7564,"yoy_pct",6,"5q+_ahead","first_release",-0.1448,0.1448,0.02096704
"EA","rgdp_growth_yoy","2017Q1",2017-06-07,1.9012,"yoy_pct","spf_ecb",2016-07-15,1.326,"yoy_pct",2,"2-4q_ahead","first_release",-0.5752,0.5752,0.33085504
"EA","rgdp_growth_yoy","2017Q2",2017-09-06,2.3031,"yoy_pct","spf_ecb",2015-10-15,1.7402,"yoy_pct",6,"5q+_ahead","first_release",-0.5629,0.5629,0.31685641
"EA","rgdp_growth_yoy","2017Q2",2017-09-06,2.3031,"yoy_pct","spf_ecb",2016-10-15,1.3773,"yoy_pct",2,"2-4q_ahead","first_release",-0.9258,0.9258,0.85710564
"EA","rgdp_growth_yoy","2017Q3",2017-12-13,2.5889,"yoy_pct","spf_ecb",2016-01-15,1.7473,"yoy_pct",6,"5q+_ahead","first_release",-0.8416,0.8416,0.70829056
"EA","rgdp_growth_yoy","2017Q3",2017-12-13,2.5889,"yoy_pct","spf_ecb",2017-01-15,1.5661,"yoy_pct",2,"2-4q_ahead","first_release",-1.0228,1.0228,1.04611984
"EA","rgdp_growth_yoy","2017Q4",2018-03-07,2.6703,"yoy_pct","spf_ecb",2016-04-15,1.6097,"yoy_pct",6,"5q+_ahead","first_release",-1.0606,1.0606,1.12487236
"EA","rgdp_growth_yoy","2017Q4",2018-03-07,2.6703,"yoy_pct","spf_ecb",2017-04-15,1.6263,"yoy_pct",2,"2-4q_ahead","first_release",-1.044,1.044,1.089936
"EA","rgdp_growth_yoy","2018Q1",2018-06-13,2.5407,"yoy_pct","spf_ecb",2016-07-15,1.5391,"yoy_pct",6,"5q+_ahead","first_release",-1.0016,1.0016,1.00320256
"EA","rgdp_growth_yoy","2018Q1",2018-06-13,2.5407,"yoy_pct","spf_ecb",2017-07-15,1.8,"yoy_pct",2,"2-4q_ahead","first_release",-0.7407,0.7407,0.54863649
"EA","rgdp_growth_yoy","2018Q2",2018-09-12,2.1128,"yoy_pct","spf_ecb",2016-10-15,1.5313,"yoy_pct",6,"5q+_ahead","first_release",-0.5815,0.5815,0.33814225
"EA","rgdp_growth_yoy","2018Q2",2018-09-12,2.1128,"yoy_pct","spf_ecb",2017-10-15,1.9097,"yoy_pct",2,"2-4q_ahead","first_release",-0.2031,0.2031,0.04124961
"EA","rgdp_growth_yoy","2018Q3",2018-12-12,1.636,"yoy_pct","spf_ecb",2017-01-15,1.5582,"yoy_pct",6,"5q+_ahead","first_release",-0.0777999999999999,0.0777999999999999,0.00605283999999998
"EA","rgdp_growth_yoy","2018Q3",2018-12-12,1.636,"yoy_pct","spf_ecb",2018-01-15,2.2032,"yoy_pct",2,"2-4q_ahead","first_release",0.5672,0.5672,0.32171584
"EA","rgdp_growth_yoy","2018Q4",2019-03-06,1.1527,"yoy_pct","spf_ecb",2017-04-15,1.5419,"yoy_pct",6,"5q+_ahead","first_release",0.3892,0.3892,0.15147664
"EA","rgdp_growth_yoy","2018Q4",2019-03-06,1.1527,"yoy_pct","spf_ecb",2018-04-15,2.1761,"yoy_pct",2,"2-4q_ahead","first_release",1.0234,1.0234,1.04734756
"EA","rgdp_growth_yoy","2019Q1",2019-06-05,1.172,"yoy_pct","spf_ecb",2017-07-15,1.6456,"yoy_pct",6,"5q+_ahead","first_release",0.4736,0.4736,0.22429696
"EA","rgdp_growth_yoy","2019Q1",2019-06-05,1.172,"yoy_pct","spf_ecb",2018-07-15,1.8994,"yoy_pct",2,"2-4q_ahead","first_release",0.7274,0.7274,0.52911076
"EA","rgdp_growth_yoy","2019Q2",2019-09-11,1.1512,"yoy_pct","spf_ecb",2017-10-15,1.7198,"yoy_pct",6,"5q+_ahead","first_release",0.5686,0.5686,0.32330596
"EA","rgdp_growth_yoy","2019Q2",2019-09-11,1.1512,"yoy_pct","spf_ecb",2018-10-15,1.8298,"yoy_pct",2,"2-4q_ahead","first_release",0.6786,0.6786,0.46049796
"EA","rgdp_growth_yoy","2019Q3",2019-12-11,1.2156,"yoy_pct","spf_ecb",2018-01-15,1.9019,"yoy_pct",6,"5q+_ahead","first_release",0.6863,0.6863,0.47100769
"EA","rgdp_growth_yoy","2019Q3",2019-12-11,1.2156,"yoy_pct","spf_ecb",2019-01-15,1.5549,"yoy_pct",2,"2-4q_ahead","first_release",0.3393,0.3393,0.11512449
"EA","rgdp_growth_yoy","2019Q4",2020-03-11,1.03,"yoy_pct","spf_ecb",2018-04-15,1.8422,"yoy_pct",6,"5q+_ahead","first_release",0.8122,0.8122,0.65966884
"EA","rgdp_growth_yoy","2019Q4",2020-03-11,1.03,"yoy_pct","spf_ecb",2019-04-15,1.3792,"yoy_pct",2,"2-4q_ahead","first_release",0.3492,0.3492,0.12194064
"EA","rgdp_growth_yoy","2020Q1",2020-04-29,-3.2873,"yoy_pct","spf_ecb",2018-07-15,1.7368,"yoy_pct",6,"5q+_ahead","first_release",5.0241,5.0241,25.24158081
"EA","rgdp_growth_yoy","2020Q1",2020-04-29,-3.2873,"yoy_pct","spf_ecb",2019-07-15,1.2245,"yoy_pct",2,"2-4q_ahead","first_release",4.5118,4.5118,20.35633924
"EA","rgdp_growth_yoy","2020Q2",2020-09-09,-14.7386,"yoy_pct","spf_ecb",2018-10-15,1.6206,"yoy_pct",6,"5q+_ahead","first_release",16.3592,16.3592,267.62342464
"EA","rgdp_growth_yoy","2020Q2",2020-09-09,-14.7386,"yoy_pct","spf_ecb",2019-10-15,0.9474,"yoy_pct",2,"2-4q_ahead","first_release",15.686,15.686,246.050596
"EA","rgdp_growth_yoy","2020Q3",2020-12-09,-4.2606,"yoy_pct","spf_ecb",2019-01-15,1.4343,"yoy_pct",6,"5q+_ahead","first_release",5.6949,5.6949,32.43188601
"EA","rgdp_growth_yoy","2020Q3",2020-12-09,-4.2606,"yoy_pct","spf_ecb",2020-01-15,1.0822,"yoy_pct",2,"2-4q_ahead","first_release",5.3428,5.3428,28.54551184
"EA","rgdp_growth_yoy","2020Q4",2021-03-10,-4.9191,"yoy_pct","spf_ecb",2019-04-15,1.3325,"yoy_pct",6,"5q+_ahead","first_release",6.2516,6.2516,39.08250256
"EA","rgdp_growth_yoy","2020Q4",2021-03-10,-4.9191,"yoy_pct","spf_ecb",2020-04-15,-2.7706,"yoy_pct",2,"2-4q_ahead","first_release",2.1485,2.1485,4.61605225
"EA","rgdp_growth_yoy","2021Q1",2021-06-09,-1.2743,"yoy_pct","spf_ecb",2019-07-15,1.3353,"yoy_pct",6,"5q+_ahead","first_release",2.6096,2.6096,6.81001216
"EA","rgdp_growth_yoy","2021Q1",2021-06-09,-1.2743,"yoy_pct","spf_ecb",2020-07-15,-0.9486,"yoy_pct",2,"2-4q_ahead","first_release",0.3257,0.3257,0.10608049
"EA","rgdp_growth_yoy","2021Q2",2021-09-08,14.3221,"yoy_pct","spf_ecb",2019-10-15,1.2915,"yoy_pct",6,"5q+_ahead","first_release",-13.0306,13.0306,169.79653636
"EA","rgdp_growth_yoy","2021Q2",2021-09-08,14.3221,"yoy_pct","spf_ecb",2020-10-15,12.7495,"yoy_pct",2,"2-4q_ahead","first_release",-1.5726,1.5726,2.47307076
"EA","rgdp_growth_yoy","2021Q3",2021-12-15,3.8542,"yoy_pct","spf_ecb",2020-01-15,1.2353,"yoy_pct",6,"5q+_ahead","first_release",-2.6189,2.6189,6.85863721
"EA","rgdp_growth_yoy","2021Q3",2021-12-15,3.8542,"yoy_pct","spf_ecb",2021-01-15,2.7015,"yoy_pct",2,"2-4q_ahead","first_release",-1.1527,1.1527,1.32871729
"EA","rgdp_growth_yoy","2021Q4",2022-02-02,4.607,"yoy_pct","spf_ecb",2020-04-15,2.7747,"yoy_pct",6,"5q+_ahead","first_release",-1.8323,1.8323,3.35732329
"EA","rgdp_growth_yoy","2021Q4",2022-02-02,4.607,"yoy_pct","spf_ecb",2021-04-15,4.2404,"yoy_pct",2,"2-4q_ahead","first_release",-0.3666,0.3666,0.13439556
"EA","rgdp_growth_yoy","2022Q1",2022-07-20,5.3896,"yoy_pct","spf_ecb",2020-07-15,3.2921,"yoy_pct",6,"5q+_ahead","first_release",-2.0975,2.0975,4.39950625
"EA","rgdp_growth_yoy","2022Q1",2022-07-20,5.3896,"yoy_pct","spf_ecb",2021-07-15,6.1265,"yoy_pct",2,"2-4q_ahead","first_release",0.7369,0.7369,0.54302161
"EA","rgdp_growth_yoy","2022Q2",2022-09-07,4.149,"yoy_pct","spf_ecb",2020-10-15,2.9117,"yoy_pct",6,"5q+_ahead","first_release",-1.2373,1.2373,1.53091129
"EA","rgdp_growth_yoy","2022Q2",2022-09-07,4.149,"yoy_pct","spf_ecb",2021-10-15,4.8567,"yoy_pct",2,"2-4q_ahead","first_release",0.7077,0.7077,0.50083929
"EA","rgdp_growth_yoy","2022Q3",2022-12-14,2.2787,"yoy_pct","spf_ecb",2021-01-15,2.7579,"yoy_pct",6,"5q+_ahead","first_release",0.4792,0.4792,0.22963264
"EA","rgdp_growth_yoy","2022Q3",2022-12-14,2.2787,"yoy_pct","spf_ecb",2022-01-15,3.339,"yoy_pct",2,"2-4q_ahead","first_release",1.0603,1.0603,1.12423609
"EA","rgdp_growth_yoy","2022Q4",2023-02-01,1.9189,"yoy_pct","spf_ecb",2021-04-15,2.5865,"yoy_pct",6,"5q+_ahead","first_release",0.6676,0.6676,0.44568976
"EA","rgdp_growth_yoy","2022Q4",2023-02-01,1.9189,"yoy_pct","spf_ecb",2022-04-15,1.7925,"yoy_pct",2,"2-4q_ahead","first_release",-0.1264,0.1264,0.01597696
"EA","rgdp_growth_yoy","2023Q1",2023-05-03,1.3178,"yoy_pct","spf_ecb",2021-07-15,2.4127,"yoy_pct",6,"5q+_ahead","first_release",1.0949,1.0949,1.19880601
"EA","rgdp_growth_yoy","2023Q1",2023-05-03,1.3178,"yoy_pct","spf_ecb",2022-07-15,1.021,"yoy_pct",2,"2-4q_ahead","first_release",-0.2968,0.2968,0.0880902400000001
"EA","rgdp_growth_yoy","2023Q2",2023-09-13,0.468,"yoy_pct","spf_ecb",2021-10-15,2.4048,"yoy_pct",6,"5q+_ahead","first_release",1.9368,1.9368,3.75119424
"EA","rgdp_growth_yoy","2023Q2",2023-09-13,0.468,"yoy_pct","spf_ecb",2022-10-15,-0.4902,"yoy_pct",2,"2-4q_ahead","first_release",-0.9582,0.9582,0.91814724
"EA","rgdp_growth_yoy","2023Q3",2023-12-13,0.0269,"yoy_pct","spf_ecb",2022-01-15,2.1646,"yoy_pct",6,"5q+_ahead","first_release",2.1377,2.1377,4.56976129
"EA","rgdp_growth_yoy","2023Q3",2023-12-13,0.0269,"yoy_pct","spf_ecb",2023-01-15,-0.0831,"yoy_pct",2,"2-4q_ahead","first_release",-0.11,0.11,0.0121
"EA","rgdp_growth_yoy","2023Q4",2024-03-06,0.1434,"yoy_pct","spf_ecb",2022-04-15,2.0967,"yoy_pct",6,"5q+_ahead","first_release",1.9533,1.9533,3.81538089
"EA","rgdp_growth_yoy","2023Q4",2024-03-06,0.1434,"yoy_pct","spf_ecb",2023-04-15,0.6565,"yoy_pct",2,"2-4q_ahead","first_release",0.5131,0.5131,0.26327161
"EA","rgdp_growth_yoy","2024Q1",2024-06-05,0.3566,"yoy_pct","spf_ecb",2022-07-15,1.6968,"yoy_pct",6,"5q+_ahead","first_release",1.3402,1.3402,1.79613604
"EA","rgdp_growth_yoy","2024Q1",2024-06-05,0.3566,"yoy_pct","spf_ecb",2023-07-15,0.866,"yoy_pct",2,"2-4q_ahead","first_release",0.5094,0.5094,0.25948836
"EA","rgdp_growth_yoy","2024Q2",2024-09-11,0.6223,"yoy_pct","spf_ecb",2022-10-15,1.5087,"yoy_pct",6,"5q+_ahead","first_release",0.8864,0.8864,0.78570496
"EA","rgdp_growth_yoy","2024Q2",2024-09-11,0.6223,"yoy_pct","spf_ecb",2023-10-15,0.633,"yoy_pct",2,"2-4q_ahead","first_release",0.0107,0.0107,0.000114490000000001
"EA","rgdp_growth_yoy","2024Q3",2024-12-11,0.9473,"yoy_pct","spf_ecb",2023-01-15,1.3547,"yoy_pct",6,"5q+_ahead","first_release",0.4074,0.4074,0.16597476
"EA","rgdp_growth_yoy","2024Q3",2024-12-11,0.9473,"yoy_pct","spf_ecb",2024-01-15,0.6577,"yoy_pct",2,"2-4q_ahead","first_release",-0.2896,0.2896,0.0838681600000001
"EA","rgdp_growth_yoy","2024Q4",2025-03-05,0.9498,"yoy_pct","spf_ecb",2023-04-15,1.3719,"yoy_pct",6,"5q+_ahead","first_release",0.4221,0.4221,0.17816841
"EA","rgdp_growth_yoy","2024Q4",2025-03-05,0.9498,"yoy_pct","spf_ecb",2024-04-15,0.999,"yoy_pct",2,"2-4q_ahead","first_release",0.0492,0.0492,0.00242064
"EA","rgdp_growth_yoy","2025Q1",2025-06-04,1.1662,"yoy_pct","spf_ecb",2023-07-15,1.3836,"yoy_pct",6,"5q+_ahead","first_release",0.2174,0.2174,0.04726276
"EA","rgdp_growth_yoy","2025Q1",2025-06-04,1.1662,"yoy_pct","spf_ecb",2024-07-15,1.1891,"yoy_pct",2,"2-4q_ahead","first_release",0.0229000000000001,0.0229000000000001,0.000524410000000007
"EA","rgdp_growth_yoy","2025Q2",2025-09-10,1.4942,"yoy_pct","spf_ecb",2023-10-15,1.4265,"yoy_pct",6,"5q+_ahead","first_release",-0.0676999999999999,0.0676999999999999,0.00458328999999998
"EA","rgdp_growth_yoy","2025Q2",2025-09-10,1.4942,"yoy_pct","spf_ecb",2024-10-15,1.1188,"yoy_pct",2,"2-4q_ahead","first_release",-0.3754,0.3754,0.14092516
"EA","rgdp_growth_yoy","2025Q3",2025-12-17,1.3639,"yoy_pct","spf_ecb",2024-01-15,1.3549,"yoy_pct",6,"5q+_ahead","first_release",-0.0089999999999999,0.0089999999999999,8.09999999999981e-05
"EA","rgdp_growth_yoy","2025Q3",2025-12-17,1.3639,"yoy_pct","spf_ecb",2025-01-15,0.9777,"yoy_pct",2,"2-4q_ahead","first_release",-0.3862,0.3862,0.14915044
"EA","rgdp_growth_yoy","2025Q4",2026-02-04,1.318,"yoy_pct","spf_ecb",2024-04-15,1.3829,"yoy_pct",6,"5q+_ahead","first_release",0.0649,0.0649,0.00421200999999999
"EA","rgdp_growth_yoy","2025Q4",2026-02-04,1.318,"yoy_pct","spf_ecb",2025-04-15,0.8722,"yoy_pct",2,"2-4q_ahead","first_release",-0.4458,0.4458,0.19873764
"EA","rgdp_growth_yoy","2026Q1",2026-04-29,0.8039,"yoy_pct","spf_ecb",2024-07-15,1.3398,"yoy_pct",6,"5q+_ahead","first_release",0.5359,0.5359,0.28718881
"EA","rgdp_growth_yoy","2026Q1",2026-04-29,0.8039,"yoy_pct","spf_ecb",2025-07-15,0.67,"yoy_pct",2,"2-4q_ahead","first_release",-0.1339,0.1339,0.01792921
"US","rgdp_growth","2011Q3",2011-10-27,2.46370669918625,"saar_pct","spf_philly",2011-08-15,2.5421,"saar_pct",0,"nowcast","first_release",0.0783933008137478,0.0783933008137478,0.00614550961247476
"US","rgdp_growth","2011Q4",2012-01-27,2.75231365508761,"saar_pct","spf_philly",2011-11-15,2.5015,"saar_pct",0,"nowcast","first_release",-0.250813655087613,0.250813655087613,0.0629074895784079
"US","rgdp_growth","2012Q1",2012-04-27,2.20430347798211,"saar_pct","spf_philly",2012-02-15,2.2419,"saar_pct",0,"nowcast","first_release",0.037596522017894,0.037596522017894,0.00141349846784199
"US","rgdp_growth","2012Q2",2012-07-27,1.53694407586329,"saar_pct","spf_philly",2012-05-15,2.3914,"saar_pct",0,"nowcast","first_release",0.854455924136711,0.854455924136711,0.730094926292321
"US","rgdp_growth","2012Q3",2012-10-26,2.01377640147979,"saar_pct","spf_philly",2012-08-15,1.7438,"saar_pct",0,"nowcast","first_release",-0.269976401479794,0.269976401479794,0.0728872573559791
"US","rgdp_growth","2012Q4",2013-01-30,-0.143486179168539,"saar_pct","spf_philly",2012-11-15,1.8394,"saar_pct",0,"nowcast","first_release",1.98288617916854,1.98288617916854,3.93183759953761
"US","rgdp_growth","2013Q1",2013-04-26,2.50239969731696,"saar_pct","spf_philly",2013-02-15,2.2789,"saar_pct",0,"nowcast","first_release",-0.223499697316959,0.223499697316959,0.0499521147007724
"US","rgdp_growth","2013Q2",2013-07-31,1.67365787858027,"saar_pct","spf_philly",2013-05-15,1.8093,"saar_pct",0,"nowcast","first_release",0.13564212141973,0.13564212141973,0.0183987851032447
"US","rgdp_growth","2013Q3",2013-11-07,2.84626527816161,"saar_pct","spf_philly",2013-08-15,2.3452,"saar_pct",0,"nowcast","first_release",-0.501065278161608,0.501065278161608,0.25106641297917
"US","rgdp_growth","2013Q4",2014-01-30,3.22788734067319,"saar_pct","spf_philly",2013-11-15,1.8421,"saar_pct",0,"nowcast","first_release",-1.38578734067319,1.38578734067319,1.92040655357006
"US","rgdp_growth","2014Q1",2014-04-30,0.107933,"saar_pct","spf_philly",2014-02-15,2.0429,"saar_pct",0,"nowcast","first_release",1.934967,1.934967,3.744097291089
"US","rgdp_growth","2014Q2",2014-07-30,3.950188,"saar_pct","spf_philly",2014-05-15,3.2287,"saar_pct",0,"nowcast","first_release",-0.721488,0.721488,0.520544934144
"US","rgdp_growth","2014Q3",2014-10-30,3.549231,"saar_pct","spf_philly",2014-08-15,2.9593,"saar_pct",0,"nowcast","first_release",-0.589931,0.589931,0.348018584761
"US","rgdp_growth","2014Q4",2015-01-30,2.641736,"saar_pct","spf_philly",2014-11-15,2.7368,"saar_pct",0,"nowcast","first_release",0.0950640000000003,0.0950640000000003,0.00903716409600005
"US","rgdp_growth","2015Q1",2015-04-29,0.247549,"saar_pct","spf_philly",2015-02-15,2.6991,"saar_pct",0,"nowcast","first_release",2.451551,2.451551,6.010102305601
"US","rgdp_growth","2015Q2",2015-07-30,2.322465,"saar_pct","spf_philly",2015-05-15,2.5113,"saar_pct",0,"nowcast","first_release",0.188835,0.188835,0.035658657225
"US","rgdp_growth","2015Q3",2015-10-29,1.493381,"saar_pct","spf_philly",2015-08-15,2.8331,"saar_pct",0,"nowcast","first_release",1.339719,1.339719,1.794846998961
"US","rgdp_growth","2015Q4",2016-01-29,0.691441,"saar_pct","spf_philly",2015-11-15,2.7074,"saar_pct",0,"nowcast","first_release",2.015959,2.015959,4.064090689681
"US","rgdp_growth","2016Q1",2016-04-28,0.537795,"saar_pct","spf_philly",2016-02-15,2.025,"saar_pct",0,"nowcast","first_release",1.487205,1.487205,2.211778712025
"US","rgdp_growth","2016Q2",2016-07-28,1.217502,"saar_pct","spf_philly",2016-05-15,2.1634,"saar_pct",0,"nowcast","first_release",0.945898,0.945898,0.894723026404
"US","rgdp_growth","2016Q3",2016-10-28,2.900812,"saar_pct","spf_philly",2016-08-15,2.8026,"saar_pct",0,"nowcast","first_release",-0.0982120000000002,0.0982120000000002,0.00964559694400004
"US","rgdp_growth","2016Q4",2017-01-27,1.873485,"saar_pct","spf_philly",2016-11-15,2.1918,"saar_pct",0,"nowcast","first_release",0.318315,0.318315,0.101324439225
"US","rgdp_growth","2017Q1",2017-04-28,0.692529,"saar_pct","spf_philly",2017-02-15,2.3162,"saar_pct",0,"nowcast","first_release",1.623671,1.623671,2.636307516241
"US","rgdp_growth","2017Q2",2017-07-28,2.56771,"saar_pct","spf_philly",2017-05-15,3.1278,"saar_pct",0,"nowcast","first_release",0.56009,0.56009,0.3137008081
"US","rgdp_growth","2017Q3",2017-10-27,2.98896,"saar_pct","spf_philly",2017-08-15,2.7155,"saar_pct",0,"nowcast","first_release",-0.27346,0.27346,0.0747803716
"US","rgdp_growth","2017Q4",2018-01-26,2.555015,"saar_pct","spf_philly",2017-11-15,2.6669,"saar_pct",0,"nowcast","first_release",0.111885,0.111885,0.012518253225
"US","rgdp_growth","2018Q1",2018-04-27,2.318422,"saar_pct","spf_philly",2018-02-15,3.0612,"saar_pct",0,"nowcast","first_release",0.742778,0.742778,0.551719157284
"US","rgdp_growth","2018Q2",2018-07-27,4.060342,"saar_pct","spf_philly",2018-05-15,3.1716,"saar_pct",0,"nowcast","first_release",-0.888742,0.888742,0.789862342564
"US","rgdp_growth","2018Q3",2018-10-26,3.500627,"saar_pct","spf_philly",2018-08-15,3.032,"saar_pct",0,"nowcast","first_release",-0.468627,0.468627,0.219611265129
"US","rgdp_growth","2018Q4",2019-02-28,2.589119,"saar_pct","spf_philly",2018-11-15,2.614,"saar_pct",0,"nowcast","first_release",0.0248809999999997,0.0248809999999997,0.000619064160999985
"US","rgdp_growth","2019Q1",2019-04-26,3.17199,"saar_pct","spf_philly",2019-02-15,1.5707,"saar_pct",0,"nowcast","first_release",-1.60129,1.60129,2.5641296641
"US","rgdp_growth","2019Q2",2019-07-26,2.055871,"saar_pct","spf_philly",2019-05-15,1.8741,"saar_pct",0,"nowcast","first_release",-0.181771,0.181771,0.0330406964409999
"US","rgdp_growth","2019Q3",2019-10-30,1.918827,"saar_pct","spf_philly",2019-08-15,1.8301,"saar_pct",0,"nowcast","first_release",-0.088727,0.088727,0.007872480529
"US","rgdp_growth","2019Q4",2020-01-30,2.080777,"saar_pct","spf_philly",2019-11-15,1.7112,"saar_pct",0,"nowcast","first_release",-0.369577,0.369577,0.136587158929
"US","rgdp_growth","2020Q1",2020-04-29,-4.783229,"saar_pct","spf_philly",2020-02-15,1.6757,"saar_pct",0,"nowcast","first_release",6.458929,6.458929,41.717763827041
"US","rgdp_growth","2020Q2",2020-07-30,-32.903802,"saar_pct","spf_philly",2020-05-15,-31.7573,"saar_pct",0,"nowcast","first_release",1.146502,1.146502,1.314466836004
"US","rgdp_growth","2020Q3",2020-10-30,33.0826240673303,"saar_pct","spf_philly",2020-08-15,19.2911,"saar_pct",0,"nowcast","first_release",-13.7915240673303,13.7915240673303,190.206136099752
"US","rgdp_growth","2020Q4",2021-01-28,4.01243,"saar_pct","spf_philly",2020-11-15,4.5426,"saar_pct",0,"nowcast","first_release",0.53017,0.53017,0.2810802289
"US","rgdp_growth","2021Q1",2021-04-29,6.387705,"saar_pct","spf_philly",2021-02-15,2.9638,"saar_pct",0,"nowcast","first_release",-3.423905,3.423905,11.723125449025
"US","rgdp_growth","2021Q2",2021-07-29,6.503091,"saar_pct","spf_philly",2021-05-15,8.0278,"saar_pct",0,"nowcast","first_release",1.524709,1.524709,2.324737534681
"US","rgdp_growth","2021Q3",2021-10-28,2.01596,"saar_pct","spf_philly",2021-08-15,6.7862,"saar_pct",0,"nowcast","first_release",4.77024,4.77024,22.7551896576
"US","rgdp_growth","2021Q4",2022-01-27,6.88744,"saar_pct","spf_philly",2021-11-15,4.8289,"saar_pct",0,"nowcast","first_release",-2.05854,2.05854,4.2375869316
"US","rgdp_growth","2022Q1",2022-04-28,-1.41411,"saar_pct","spf_philly",2022-02-15,1.7124,"saar_pct",0,"nowcast","first_release",3.12651,3.12651,9.7750647801
"US","rgdp_growth","2022Q2",2022-07-28,-0.93418,"saar_pct","spf_philly",2022-05-15,2.1727,"saar_pct",0,"nowcast","first_release",3.10688,3.10688,9.6527033344
"US","rgdp_growth","2022Q3",2022-10-27,2.56665,"saar_pct","spf_philly",2022-08-15,1.2667,"saar_pct",0,"nowcast","first_release",-1.29995,1.29995,1.6898700025
"US","rgdp_growth","2022Q4",2023-01-26,2.89158,"saar_pct","spf_philly",2022-11-15,1.0174,"saar_pct",0,"nowcast","first_release",-1.87418,1.87418,3.5125506724
"US","rgdp_growth","2023Q1",2023-04-27,1.06229,"saar_pct","spf_philly",2023-02-15,0.5493,"saar_pct",0,"nowcast","first_release",-0.51299,0.51299,0.2631587401
"US","rgdp_growth","2023Q2",2023-07-27,2.41429,"saar_pct","spf_philly",2023-05-15,0.843,"saar_pct",0,"nowcast","first_release",-1.57129,1.57129,2.4689522641
"US","rgdp_growth","2023Q3",2023-10-26,4.87801,"saar_pct","spf_philly",2023-08-15,1.7893,"saar_pct",0,"nowcast","first_release",-3.08871,3.08871,9.5401294641
"US","rgdp_growth","2023Q4",2024-01-25,3.280041,"saar_pct","spf_philly",2023-11-15,1.1076,"saar_pct",0,"nowcast","first_release",-2.172441,2.172441,4.719499898481
"US","rgdp_growth","2024Q1",2024-04-25,1.58969,"saar_pct","spf_philly",2024-02-15,2.0914,"saar_pct",0,"nowcast","first_release",0.50171,0.50171,0.2517129241
"US","rgdp_growth","2024Q2",2024-07-25,2.840098,"saar_pct","spf_philly",2024-05-15,2.0071,"saar_pct",0,"nowcast","first_release",-0.832998,0.832998,0.693885668004
"US","rgdp_growth","2024Q3",2024-09-30,2.824836,"saar_pct","spf_philly",2024-08-15,1.8702,"saar_pct",0,"nowcast","first_release",-0.954636,0.954636,0.911329892496
"US","rgdp_growth","2024Q4",2025-01-30,2.25121,"saar_pct","spf_philly",2024-11-15,1.9043,"saar_pct",0,"nowcast","first_release",-0.34691,0.34691,0.1203465481
"US","rgdp_growth","2025Q1",2025-04-30,-0.27605,"saar_pct","spf_philly",2025-02-15,2.6006,"saar_pct",0,"nowcast","first_release",2.87665,2.87665,8.2751152225
"US","rgdp_growth","2025Q2",2025-07-30,2.968252,"saar_pct","spf_philly",2025-05-15,1.3646,"saar_pct",0,"nowcast","first_release",-1.603652,1.603652,2.571699737104
"US","rgdp_growth","2025Q3",2025-12-23,4.34278443849256,"saar_pct","spf_philly",2025-08-15,1.4233,"saar_pct",0,"nowcast","first_release",-2.91948443849256,2.91948443849256,8.52338938660024
"US","rgdp_growth","2025Q4",2026-02-20,1.422613,"saar_pct","spf_philly",2025-11-15,1.2968,"saar_pct",0,"nowcast","first_release",-0.125813,0.125813,0.015828910969
"US","rgdp_growth","2026Q1",2026-04-30,1.9901,"saar_pct","spf_philly",2026-02-15,2.538,"saar_pct",0,"nowcast","first_release",0.5479,0.5479,0.30019441
