WEO Country Code	ISO	WEO Subject Code	Country	Subject Descriptor	Subject Notes	Units	Scale	Country/Series-specific Notes	1980	1981	1982	1983	1984	1985	1986	1987	1988	1989	1990	1991	1992	1993	1994	1995	1996	1997	1998	1999	2000	2001	2002	2003	2004	2005	2006	2007	2008	2009	2010	2011	2012	2013	2014	2015	2016	2017	2018	2019	2020	2021	2022	2023	2024	2025	Estimates Start After	
512	AFG	NGDP_RPCH	Afghanistan	Gross domestic product, constant prices	Annual percentages of constant price GDP are year-on-year changes; the base year is country-specific. Expenditure-based GDP is total final expenditures at purchasers' prices (including the f.o.b. value of exports of goods and services), less the f.o.b. value of imports of goods and services. [SNA 1993]	Percent change		See notes for:  Gross domestic product, constant prices (National currency).	n/a	n/a	n/a	n/a	n/a	n/a	n/a	n/a	n/a	n/a	n/a	n/a	n/a	n/a	n/a	n/a	n/a	n/a	n/a	n/a	n/a	n/a	n/a	8.692	0.671	11.830	5.361	13.340	3.863	20.585	8.438	6.479	13.968	5.683	2.697	0.988	2.164	2.647	1.189	3.912	-5.000	4.000	4.524	4.500	4.009	4.012	2019	
914	ALB	NGDP_RPCH	Albania	Gross domestic product, constant prices	Annual percentages of constant price GDP are year-on-year changes; the base year is country-specific. Expenditure-based GDP is total final expenditures at purchasers' prices (including the f.o.b. value of exports of goods and services), less the f.o.b. value of imports of goods and services. [SNA 1993]	Percent change		See notes for:  Gross domestic product, constant prices (National currency).	2.684	5.700	2.900	1.100	2.000	-1.500	5.600	-0.800	-1.400	9.800	-10.000	-28.000	-7.200	9.600	9.400	8.900	9.100	-10.924	8.829	12.891	6.946	8.293	4.537	5.529	5.515	5.526	5.903	5.983	7.500	3.354	3.707	2.545	1.418	1.002	1.774	2.219	3.315	3.802	4.071	2.240	-7.529	6.094	5.818	4.311	3.458	3.429	2018	
612	DZA	NGDP_RPCH	Algeria	Gross domestic product, constant prices	Annual percentages of constant price GDP are year-on-year changes; the base year is country-specific. Expenditure-based GDP is total final expenditures at purchasers' prices (including the f.o.b. value of exports of goods and services), less the f.o.b. value of imports of goods and services. [SNA 1993]	Percent change		See notes for:  Gross domestic product, constant prices (National currency).	-5.400	3.000	6.400	5.400	5.600	5.600	-0.200	-0.700	-1.900	4.800	0.800	-1.200	1.600	-2.102	-0.900	3.848	3.800	1.100	5.098	3.200	3.800	3.000	5.600	7.200	4.300	5.900	1.684	3.373	2.360	1.632	3.616	2.823	3.391	2.800	3.800	3.700	3.200	1.300	1.400	0.800	-5.461	3.163	2.557	1.149	1.029	0.949	2019	
614	AGO	NGDP_RPCH	Angola	Gross domestic product, constant prices	Annual percentages of constant price GDP are year-on-year changes; the base year is country-specific. Expenditure-based GDP is total final expenditures at purchasers' prices (including the f.o.b. value of exports of goods and services), less the f.o.b. value of imports of goods and services. [SNA 1993]	Percent change		See notes for:  Gross domestic product, constant prices (National currency).	2.406	-4.400	--	4.200	6.000	3.500	2.900	4.083	6.129	0.042	-3.450	12.084	11.403	10.969	10.511	10.364	11.208	7.274	4.691	2.181	3.055	4.206	13.666	2.990	10.953	15.029	11.548	14.010	11.166	0.859	4.859	3.472	8.542	4.955	4.823	0.944	-2.580	-0.150	-1.200	-0.900	-4.011	3.229	2.984	3.930	3.771	2.892	2018	
311	ATG	NGDP_RPCH	Antigua and Barbuda	Gross domestic product, constant prices	Annual percentages of constant price GDP are year-on-year changes; the base year is country-specific. Expenditure-based GDP is total final expenditures at purchasers' prices (including the f.o.b. value of exports of goods and services), less the f.o.b. value of imports of goods and services. [SNA 1993]	Percent change		See notes for:  Gross domestic product, constant prices (National currency).	8.161	3.815	-0.084	5.364	10.165	7.644	11.494	6.626	5.213	5.252	3.012	2.177	1.158	5.280	6.676	-4.359	6.605	5.471	4.731	3.708	6.692	-4.954	1.024	6.058	5.736	6.412	12.729	9.259	-0.030	-12.108	-7.574	-1.959	3.372	-0.601	3.797	3.824	5.498	3.144	6.950	3.351	-17.273	4.701	11.041	8.234	3.989	3.670	2019	
213	ARG	NGDP_RPCH	Argentina	Gross domestic product, constant prices	Annual percentages of constant price GDP are year-on-year changes; the base year is country-specific. Expenditure-based GDP is total final expenditures at purchasers' prices (including the f.o.b. value of exports of goods and services), less the f.o.b. value of imports of goods and services. [SNA 1993]	Percent change		See notes for:  Gross domestic product, constant prices (National currency).	0.700	-5.744	-3.149	3.733	2.000	-6.951	7.146	2.529	-1.957	-7.007	-1.338	10.498	10.299	6.251	5.830	-2.845	5.527	8.111	3.850	-3.385	-0.789	-4.409	-10.894	8.955	8.911	8.852	8.047	9.008	4.057	-5.919	10.125	6.004	-1.026	2.405	-2.513	2.731	-2.080	2.819	-2.565	-2.088	-11.784	4.889	2.526	2.283	2.118	1.703	2019	
911	ARM	NGDP_RPCH	Armenia	Gross domestic product, constant prices	Annual percentages of constant price GDP are year-on-year changes; the base year is country-specific. Expenditure-based GDP is total final expenditures at purchasers' prices (including the f.o.b. value of exports of goods and services), less the f.o.b. value of imports of goods and services. [SNA 1993]	Percent change		See notes for:  Gross domestic product, constant prices (National currency).	n/a	n/a	n/a	n/a	n/a	n/a	n/a	n/a	n/a	n/a	n/a	n/a	n/a	-14.054	5.400	8.033	5.169	3.387	6.271	3.170	5.853	9.468	14.807	14.052	10.473	14.113	13.198	13.749	6.948	-14.150	2.200	4.700	7.134	3.412	3.607	3.254	0.195	7.518	5.225	7.582	-4.455	3.549	5.040	4.840	4.740	4.500	2019	
314	ABW	NGDP_RPCH	Aruba	Gross domestic product, constant prices	Annual percentages of constant price GDP are year-on-year changes; the base year is country-specific. Expenditure-based GDP is total final expenditures at purchasers' prices (including the f.o.b. value of exports of goods and services), less the f.o.b. value of imports of goods and services. [SNA 1993]	Percent change		See notes for:  Gross domestic product, constant prices (National currency).	n/a	n/a	n/a	n/a	n/a	n/a	n/a	n/a	n/a	n/a	n/a	n/a	n/a	n/a	n/a	n/a	1.255	7.017	1.871	1.368	7.604	-2.970	-3.271	1.977	7.909	1.220	1.051	2.034	0.153	-11.334	-3.339	3.505	-1.368	4.165	0.904	-0.448	0.483	2.342	1.200	0.400	-19.700	9.000	4.500	1.500	1.300	1.100	2017	
193	AUS	NGDP_RPCH	Australia	Gross domestic product, constant prices	Annual percentages of constant price GDP are year-on-year changes; the base year is country-specific. Expenditure-based GDP is total final expenditures at purchasers' prices (including the f.o.b. value of exports of goods and services), less the f.o.b. value of imports of goods and services. [SNA 1993]	Percent change		See notes for:  Gross domestic product, constant prices (National currency).	2.894	4.127	0.063	-0.474	6.346	5.456	2.448	4.893	4.253	4.625	1.502	-1.000	2.560	3.900	4.899	2.839	4.152	4.578	4.702	4.459	3.027	2.612	4.136	2.784	4.117	3.028	2.707	4.428	2.667	1.880	2.360	2.842	3.800	2.127	2.582	2.306	2.770	2.446	2.767	1.841	-4.159	2.953	2.804	2.575	2.609	2.542	2019	
122	AUT	NGDP_RPCH	Austria	Gross domestic product, constant prices	Annual percentages of constant price GDP are year-on-year changes; the base year is country-specific. Expenditure-based GDP is total final expenditures at purchasers' prices (including the f.o.b. value of exports of goods and services), less the f.o.b. value of imports of goods and services. [SNA 1993]	Percent change		See notes for:  Gross domestic product, constant prices (National currency).	2.314	-0.099	1.908	2.804	0.332	2.243	2.341	1.681	0.961	3.887	4.346	3.442	2.094	0.527	2.402	2.668	2.398	2.094	3.581	3.556	3.376	1.267	1.652	0.941	2.735	2.244	3.454	3.727	1.460	-3.765	1.837	2.923	0.680	0.026	0.661	1.015	2.083	2.476	2.420	1.601	-6.720	4.646	2.146	1.946	1.746	1.646	2019	
912	AZE	NGDP_RPCH	Azerbaijan	Gross domestic product, constant prices	Annual percentages of constant price GDP are year-on-year changes; the base year is country-specific. Expenditure-based GDP is total final expenditures at purchasers' prices (including the f.o.b. value of exports of goods and services), less the f.o.b. value of imports of goods and services. [SNA 1993]	Percent change		See notes for:  Gross domestic product, constant prices (National currency).	n/a	n/a	n/a	n/a	n/a	n/a	n/a	n/a	n/a	n/a	n/a	n/a	n/a	-23.098	-19.673	-13.027	2.531	8.884	6.007	11.396	6.227	6.486	9.439	10.208	9.254	27.962	34.466	25.463	10.591	9.369	4.789	-1.573	2.203	5.843	2.798	1.050	-3.064	0.154	1.500	2.219	-4.027	1.970	1.605	1.680	1.692	1.704	2018	
313	BHS	NGDP_RPCH	The Bahamas	Gross domestic product, constant prices	Annual percentages of constant price GDP are year-on-year changes; the base year is country-specific. Expenditure-based GDP is total final expenditures at purchasers' prices (including the f.o.b. value of exports of goods and services), less the f.o.b. value of imports of goods and services. [SNA 1993]	Percent change		See notes for:  Gross domestic product, constant prices (National currency).	7.100	-2.900	6.300	6.800	2.400	4.100	2.600	3.700	2.255	2.300	1.052	-4.182	-3.826	0.308	3.149	4.379	4.224	4.946	4.716	7.144	4.149	2.626	2.705	-1.265	0.883	3.395	2.517	1.446	-2.324	-4.175	1.539	0.613	3.087	-2.679	1.054	0.230	1.444	3.116	3.026	1.218	-14.784	4.592	5.540	4.027	2.184	1.500	2018	
419	BHR	NGDP_RPCH	Bahrain	Gross domestic product, constant prices	Annual percentages of constant price GDP are year-on-year changes; the base year is country-specific. Expenditure-based GDP is total final expenditures at purchasers' prices (including the f.o.b. value of exports of goods and services), less the f.o.b. value of imports of goods and services. [SNA 1993]	Percent change		See notes for:  Gross domestic product, constant prices (National currency).	7.494	2.777	6.406	6.994	4.186	-0.930	0.484	-1.222	5.952	1.013	3.503	2.286	7.123	7.604	3.212	1.923	3.250	2.348	4.849	5.972	7.018	2.491	3.349	6.296	6.981	6.769	6.467	8.294	6.242	2.541	4.337	1.984	3.728	5.416	4.351	2.485	3.558	4.291	1.779	1.819	-4.913	2.251	2.830	2.845	3.024	3.288	2019	
513	BGD	NGDP_RPCH	Bangladesh	Gross domestic product, constant prices	Annual percentages of constant price GDP are year-on-year changes; the base year is country-specific. Expenditure-based GDP is total final expenditures at purchasers' prices (including the f.o.b. value of exports of goods and services), less the f.o.b. value of imports of goods and services. [SNA 1993]	Percent change		See notes for:  Gross domestic product, constant prices (National currency).	n/a	n/a	2.376	4.016	5.181	3.223	4.249	3.732	2.159	2.612	5.941	3.339	5.040	4.574	4.085	4.925	4.622	5.387	5.225	4.872	5.945	5.274	4.415	5.256	6.270	5.956	6.629	7.059	6.014	5.045	5.572	6.464	6.521	6.014	6.061	6.553	7.114	7.284	7.864	8.153	3.799	4.400	7.940	7.300	7.300	7.300	2019	
316	BRB	NGDP_RPCH	Barbados	Gross domestic product, constant prices	Annual percentages of constant price GDP are year-on-year changes; the base year is country-specific. Expenditure-based GDP is total final expenditures at purchasers' prices (including the f.o.b. value of exports of goods and services), less the f.o.b. value of imports of goods and services. [SNA 1993]	Percent change		See notes for:  Gross domestic product, constant prices (National currency).	4.371	-1.900	-4.900	0.500	3.600	1.100	5.100	2.600	3.500	3.600	-3.300	-3.900	-5.700	0.800	2.000	2.023	3.966	4.740	3.740	0.326	4.453	-2.367	0.791	2.171	1.407	3.965	5.669	2.202	0.698	-5.076	-2.288	-0.673	-0.450	-1.411	-0.126	2.446	2.485	0.478	-0.583	-0.098	-11.600	7.400	3.918	1.840	1.840	1.840	2019	
913	BLR	NGDP_RPCH	Belarus	Gross domestic product, constant prices	Annual percentages of constant price GDP are year-on-year changes; the base year is country-specific. Expenditure-based GDP is total final expenditures at purchasers' prices (including the f.o.b. value of exports of goods and services), less the f.o.b. value of imports of goods and services. [SNA 1993]	Percent change		See notes for:  Gross domestic product, constant prices (National currency).	n/a	n/a	n/a	n/a	n/a	n/a	n/a	n/a	n/a	n/a	n/a	n/a	n/a	-7.600	-11.700	-11.084	2.776	11.434	8.442	3.354	5.760	4.725	5.045	7.043	11.450	9.441	9.998	8.647	10.248	0.164	7.750	5.550	1.708	0.999	1.651	-3.830	-2.526	2.532	3.149	1.222	-2.991	2.206	1.966	0.907	0.675	1.284	2019	
124	BEL	NGDP_RPCH	Belgium	Gross domestic product, constant prices	Annual percentages of constant price GDP are year-on-year changes; the base year is country-specific. Expenditure-based GDP is total final expenditures at purchasers' prices (including the f.o.b. value of exports of goods and services), less the f.o.b. value of imports of goods and services. [SNA 1993]	Percent change		See notes for:  Gross domestic product, constant prices (National currency).	4.444	-0.279	0.595	0.312	2.466	1.652	1.823	2.307	4.723	3.469	3.137	1.833	1.531	-0.962	3.227	2.385	1.321	3.794	1.962	3.543	3.717	1.100	1.707	1.038	3.571	2.322	2.552	3.677	0.447	-2.021	2.864	1.695	0.739	0.459	1.579	2.033	1.478	1.904	1.488	1.404	-8.262	5.352	2.668	2.203	1.688	1.350	2019	
339	BLZ	NGDP_RPCH	Belize	Gross domestic product, constant prices	Annual percentages of constant price GDP are year-on-year changes; the base year is country-specific. Expenditure-based GDP is total final expenditures at purchasers' prices (including the f.o.b. value of exports of goods and services), less the f.o.b. value of imports of goods and services. [SNA 1993]	Percent change		See notes for:  Gross domestic product, constant prices (National currency).	5.013	0.214	-7.551	6.076	11.332	-1.419	7.275	21.997	10.861	15.474	11.209	11.465	12.083	6.276	0.147	0.664	1.416	3.595	3.685	8.770	13.048	4.681	4.747	9.316	4.777	1.957	4.824	0.510	3.465	0.237	3.002	1.914	2.426	1.302	3.619	2.850	0.104	1.863	2.079	-1.990	-16.000	8.000	5.000	3.000	2.003	2.003	2019	
638	BEN	NGDP_RPCH	Benin	Gross domestic product, constant prices	Annual percentages of constant price GDP are year-on-year changes; the base year is country-specific. Expenditure-based GDP is total final expenditures at purchasers' prices (including the f.o.b. value of exports of goods and services), less the f.o.b. value of imports of goods and services. [SNA 1993]	Percent change		See notes for:  Gross domestic product, constant prices (National currency).	9.255	1.929	1.682	-2.000	0.400	4.327	2.748	-2.074	3.428	-2.849	8.976	4.226	2.958	5.836	2.020	6.045	4.324	5.735	3.961	4.358	5.858	5.333	4.643	3.444	4.430	1.713	3.944	5.986	4.897	2.319	2.114	2.964	4.811	7.191	6.358	1.778	3.340	5.672	6.697	6.866	1.998	4.990	6.974	7.011	7.004	7.020	2018	
514	BTN	NGDP_RPCH	Bhutan	Gross domestic product, constant prices	Annual percentages of constant price GDP are year-on-year changes; the base year is country-specific. Expenditure-based GDP is total final expenditures at purchasers' prices (including the f.o.b. value of exports of goods and services), less the f.o.b. value of imports of goods and services. [SNA 1993]	Percent change		See notes for:  Gross domestic product, constant prices (National currency).	4.995	13.589	8.195	7.337	7.616	4.349	7.954	20.229	15.079	6.194	9.098	4.896	2.083	3.192	2.232	6.019	5.971	5.544	6.009	7.087	6.934	7.040	9.516	9.320	6.876	6.666	7.137	12.861	10.964	5.801	9.484	9.866	6.495	3.582	3.968	6.221	7.408	6.322	3.821	3.806	0.568	-0.463	5.818	6.933	8.134	5.987	2019	
218	BOL	NGDP_RPCH	Bolivia	Gross domestic product, constant prices	Annual percentages of constant price GDP are year-on-year changes; the base year is country-specific. Expenditure-based GDP is total final expenditures at purchasers' prices (including the f.o.b. value of exports of goods and services), less the f.o.b. value of imports of goods and services. [SNA 1993]	Percent change		See notes for:  Gross domestic product, constant prices (National currency).	0.610	0.300	-3.939	-4.042	-0.201	-1.676	-2.574	2.463	2.910	3.790	4.636	5.267	1.646	4.269	4.667	4.678	4.361	4.954	5.029	0.427	2.508	1.684	2.486	2.711	4.173	4.421	4.797	4.564	6.148	3.357	4.127	5.204	5.122	6.796	5.461	4.857	4.264	4.195	4.224	2.217	-7.900	5.600	4.300	4.000	3.700	3.700	2019	
963	BIH	NGDP_RPCH	Bosnia and Herzegovina	Gross domestic product, constant prices	Annual percentages of constant price GDP are year-on-year changes; the base year is country-specific. Expenditure-based GDP is total final expenditures at purchasers' prices (including the f.o.b. value of exports of goods and services), less the f.o.b. value of imports of goods and services. [SNA 1993]	Percent change		See notes for:  Gross domestic product, constant prices (National currency).	n/a	n/a	n/a	n/a	n/a	n/a	n/a	n/a	n/a	n/a	n/a	n/a	n/a	n/a	n/a	n/a	n/a	22.853	13.814	10.750	4.442	2.362	5.053	3.858	6.257	4.236	5.691	5.979	5.594	-0.816	0.767	0.908	-0.707	2.351	1.148	3.088	3.146	3.164	3.716	2.700	-6.500	5.000	4.000	3.500	3.500	3.500	2018	
616	BWA	NGDP_RPCH	Botswana	Gross domestic product, constant prices	Annual percentages of constant price GDP are year-on-year changes; the base year is country-specific. Expenditure-based GDP is total final expenditures at purchasers' prices (including the f.o.b. value of exports of goods and services), less the f.o.b. value of imports of goods and services. [SNA 1993]	Percent change		See notes for:  Gross domestic product, constant prices (National currency).	12.020	8.154	15.874	10.793	6.517	7.695	8.616	14.890	23.420	4.665	8.787	6.237	-0.208	4.027	-0.786	7.030	5.830	8.027	0.721	9.667	1.987	0.250	6.070	4.625	2.706	4.556	8.364	8.280	6.242	-7.652	8.564	6.048	4.456	11.344	4.149	-1.698	4.304	2.904	4.479	2.966	-9.627	8.708	4.343	4.070	4.073	4.105	2019	
223	BRA	NGDP_RPCH	Brazil	Gross domestic product, constant prices	Annual percentages of constant price GDP are year-on-year changes; the base year is country-specific. Expenditure-based GDP is total final expenditures at purchasers' prices (including the f.o.b. value of exports of goods and services), less the f.o.b. value of imports of goods and services. [SNA 1993]	Percent change		See notes for:  Gross domestic product, constant prices (National currency).	9.190	-4.400	0.596	-3.400	5.307	7.901	7.544	3.601	0.264	3.200	-4.168	1.031	-0.467	4.665	5.334	4.417	2.209	3.395	0.338	0.468	4.388	1.390	3.053	1.141	5.760	3.202	3.962	6.070	5.094	-0.126	7.528	3.974	1.921	3.005	0.504	-3.546	-3.276	1.323	1.317	1.137	-5.801	2.828	2.272	2.236	2.206	2.218	2019	
516	BRN	NGDP_RPCH	Brunei Darussalam	Gross domestic product, constant prices	Annual percentages of constant price GDP are year-on-year changes; the base year is country-specific. Expenditure-based GDP is total final expenditures at purchasers' prices (including the f.o.b. value of exports of goods and services), less the f.o.b. value of imports of goods and services. [SNA 1993]	Percent change		See notes for:  Gross domestic product, constant prices (National currency).	n/a	n/a	n/a	n/a	n/a	n/a	-2.778	0.311	-0.360	2.206	1.085	3.148	4.759	0.301	3.149	4.477	2.881	-1.475	-0.560	3.053	2.853	2.745	3.872	2.903	0.504	0.388	4.412	0.120	-1.979	-1.819	2.652	3.744	0.913	-2.125	-2.508	-0.405	-2.465	1.327	0.053	3.869	0.104	3.249	3.684	2.295	1.959	1.847	2019	
918	BGR	NGDP_RPCH	Bulgaria	Gross domestic product, constant prices	Annual percentages of constant price GDP are year-on-year changes; the base year is country-specific. Expenditure-based GDP is total final expenditures at purchasers' prices (including the f.o.b. value of exports of goods and services), less the f.o.b. value of imports of goods and services. [SNA 1993]	Percent change		See notes for:  Gross domestic product, constant prices (National currency).	5.700	5.300	4.200	3.000	4.600	1.800	5.300	4.700	2.400	-0.500	-9.100	-10.755	-8.426	-11.625	-3.665	-1.601	-8.043	-14.193	4.285	-8.281	4.782	3.817	5.953	5.152	6.442	7.154	6.802	6.557	6.086	-3.424	0.570	2.351	0.361	0.319	1.895	3.989	3.812	3.507	3.084	3.372	-4.000	4.100	3.700	3.200	3.100	2.900	2019	
748	BFA	NGDP_RPCH	Burkina Faso	Gross domestic product, constant prices	Annual percentages of constant price GDP are year-on-year changes; the base year is country-specific. Expenditure-based GDP is total final expenditures at purchasers' prices (including the f.o.b. value of exports of goods and services), less the f.o.b. value of imports of goods and services. [SNA 1993]	Percent change		See notes for:  Gross domestic product, constant prices (National currency).	4.035	2.661	1.400	-1.200	1.600	11.300	7.955	-0.236	5.796	2.150	-0.603	9.070	0.233	3.461	1.315	5.716	11.015	6.317	7.308	7.333	1.888	6.613	4.353	7.802	4.478	8.662	6.253	4.111	5.800	2.962	8.446	6.623	6.453	5.793	4.327	3.921	5.959	6.156	6.821	5.689	-2.033	3.890	5.549	5.558	5.521	5.563	2018	
618	BDI	NGDP_RPCH	Burundi	Gross domestic product, constant prices	Annual percentages of constant price GDP are year-on-year changes; the base year is country-specific. Expenditure-based GDP is total final expenditures at purchasers' prices (including the f.o.b. value of exports of goods and services), less the f.o.b. value of imports of goods and services. [SNA 1993]	Percent change		See notes for:  Gross domestic product, constant prices (National currency).	-6.825	12.164	-1.054	3.715	0.155	11.784	3.250	5.503	5.031	1.349	3.458	5.781	1.007	-6.236	-3.829	-7.919	-8.001	0.413	4.752	1.164	1.781	1.665	2.353	2.469	3.766	4.370	5.414	3.452	4.862	3.813	5.124	4.033	4.447	5.944	4.318	-3.856	-0.602	0.537	1.640	1.767	-3.244	3.128	2.023	2.143	2.320	2.608	2015	
624	CPV	NGDP_RPCH	Cabo Verde	Gross domestic product, constant prices	Annual percentages of constant price GDP are year-on-year changes; the base year is country-specific. Expenditure-based GDP is total final expenditures at purchasers' prices (including the f.o.b. value of exports of goods and services), less the f.o.b. value of imports of goods and services. [SNA 1993]	Percent change		See notes for:  Gross domestic product, constant prices (National currency).	5.263	8.450	2.822	9.523	3.780	8.643	2.872	4.308	5.997	5.698	0.692	1.403	3.045	7.310	6.930	7.492	6.694	7.639	8.413	11.860	7.267	6.138	5.283	7.502	4.927	5.810	9.118	9.218	6.651	-1.271	1.467	3.969	1.081	0.804	0.611	1.006	4.706	3.702	4.531	5.668	-6.771	4.481	4.780	5.747	6.003	6.199	2018	
522	KHM	NGDP_RPCH	Cambodia	Gross domestic product, constant prices	Annual percentages of constant price GDP are year-on-year changes; the base year is country-specific. Expenditure-based GDP is total final expenditures at purchasers' prices (including the f.o.b. value of exports of goods and services), less the f.o.b. value of imports of goods and services. [SNA 1993]	Percent change		See notes for:  Gross domestic product, constant prices (National currency).	n/a	n/a	n/a	n/a	n/a	n/a	n/a	n/a	9.616	3.327	1.118	7.592	7.069	4.042	8.181	5.979	5.898	4.007	4.682	12.705	9.575	8.561	6.579	8.506	10.341	13.250	10.771	10.213	6.692	0.087	5.963	7.070	7.313	7.357	7.143	7.036	6.863	6.997	7.533	7.045	-2.756	6.752	7.334	7.357	7.366	6.900	2018	
622	CMR	NGDP_RPCH	Cameroon	Gross domestic product, constant prices	Annual percentages of constant price GDP are year-on-year changes; the base year is country-specific. Expenditure-based GDP is total final expenditures at purchasers' prices (including the f.o.b. value of exports of goods and services), less the f.o.b. value of imports of goods and services. [SNA 1993]	Percent change		See notes for:  Gross domestic product, constant prices (National currency).	9.900	17.051	7.563	6.844	7.468	8.107	6.791	-2.153	-7.865	-1.770	-6.161	-3.764	-3.050	-3.158	-2.495	3.304	4.912	5.314	4.895	4.062	3.553	4.368	4.237	4.567	6.781	2.021	3.458	4.902	3.489	2.199	3.423	4.129	4.543	5.404	5.884	5.651	4.648	3.549	4.062	3.855	-2.769	3.437	4.303	4.813	5.378	5.421	2019	
156	CAN	NGDP_RPCH	Canada	Gross domestic product, constant prices	Annual percentages of constant price GDP are year-on-year changes; the base year is country-specific. Expenditure-based GDP is total final expenditures at purchasers' prices (including the f.o.b. value of exports of goods and services), less the f.o.b. value of imports of goods and services. [SNA 1993]	Percent change		See notes for:  Gross domestic product, constant prices (National currency).	2.163	3.503	-3.187	2.601	5.908	4.737	2.145	4.073	4.410	2.317	0.165	-2.086	0.900	2.661	4.494	2.694	1.619	4.280	3.896	5.163	5.178	1.790	3.018	1.802	3.087	3.204	2.634	2.072	1.004	-2.926	3.090	3.146	1.761	2.329	2.870	0.659	1.001	3.171	2.014	1.656	-7.141	5.176	3.401	2.435	1.831	1.700	2019	
626	CAF	NGDP_RPCH	Central African Republic	Gross domestic product, constant prices	Annual percentages of constant price GDP are year-on-year changes; the base year is country-specific. Expenditure-based GDP is total final expenditures at purchasers' prices (including the f.o.b. value of exports of goods and services), less the f.o.b. value of imports of goods and services. [SNA 1993]	Percent change		See notes for:  Gross domestic product, constant prices (National currency).	-2.995	12.954	-3.572	-6.027	9.912	3.733	7.193	0.000	1.718	3.790	1.364	-0.799	-4.923	-1.198	12.572	3.166	-6.157	4.105	3.340	2.887	-3.581	2.609	2.091	-2.249	-0.096	2.931	4.754	4.031	2.613	2.812	4.631	4.195	5.054	-36.392	0.080	4.338	4.750	4.528	3.820	2.970	-0.956	2.989	5.015	5.010	5.006	4.955	2017	
628	TCD	NGDP_RPCH	Chad	Gross domestic product, constant prices	Annual percentages of constant price GDP are year-on-year changes; the base year is country-specific. Expenditure-based GDP is total final expenditures at purchasers' prices (including the f.o.b. value of exports of goods and services), less the f.o.b. value of imports of goods and services. [SNA 1993]	Percent change		See notes for:  Gross domestic product, constant prices (National currency).	-6.008	-10.805	5.376	15.659	5.256	7.897	5.966	3.647	7.544	1.952	3.202	10.402	2.392	-2.074	5.494	-0.775	2.115	5.653	6.952	-0.683	-0.880	11.658	8.491	14.722	33.629	8.311	0.648	3.272	3.063	4.139	13.598	0.120	8.807	5.753	6.893	1.770	-5.558	-2.380	2.303	2.960	-0.666	6.091	4.828	3.918	3.785	3.810	2017	
228	CHL	NGDP_RPCH	Chile	Gross domestic product, constant prices	Annual percentages of constant price GDP are year-on-year changes; the base year is country-specific. Expenditure-based GDP is total final expenditures at purchasers' prices (including the f.o.b. value of exports of goods and services), less the f.o.b. value of imports of goods and services. [SNA 1993]	Percent change		See notes for:  Gross domestic product, constant prices (National currency).	7.945	6.212	-13.588	-2.802	5.886	1.968	5.596	6.581	7.288	10.605	3.671	7.715	11.132	6.722	5.062	8.844	6.872	7.416	4.356	-0.456	5.335	3.301	3.096	4.090	7.202	5.742	6.316	4.912	3.567	-1.588	5.824	6.119	5.332	4.047	1.768	2.300	1.732	1.168	3.952	1.118	-6.001	4.495	3.216	2.945	2.690	2.507	2019	
924	CHN	NGDP_RPCH	China	Gross domestic product, constant prices	Annual percentages of constant price GDP are year-on-year changes; the base year is country-specific. Expenditure-based GDP is total final expenditures at purchasers' prices (including the f.o.b. value of exports of goods and services), less the f.o.b. value of imports of goods and services. [SNA 1993]	Percent change		See notes for:  Gross domestic product, constant prices (National currency).	7.910	5.100	9.000	10.800	15.200	13.501	8.900	11.700	11.200	4.200	3.888	9.300	14.200	13.900	13.000	10.919	9.900	9.200	7.800	7.700	8.523	8.355	9.147	10.018	10.152	11.365	12.721	14.253	9.650	9.401	10.563	9.500	7.900	7.800	7.300	6.900	6.849	6.947	6.750	6.110	1.851	8.237	5.798	5.733	5.646	5.494	2019	
233	COL	NGDP_RPCH	Colombia	Gross domestic product, constant prices	Annual percentages of constant price GDP are year-on-year changes; the base year is country-specific. Expenditure-based GDP is total final expenditures at purchasers' prices (including the f.o.b. value of exports of goods and services), less the f.o.b. value of imports of goods and services. [SNA 1993]	Percent change		See notes for:  Gross domestic product, constant prices (National currency).	4.429	2.277	0.948	1.574	3.351	3.107	5.824	5.369	4.064	3.414	4.282	2.372	4.353	5.710	5.147	5.202	2.056	3.430	0.570	-4.204	2.925	1.678	2.504	3.918	5.333	4.707	6.717	6.738	3.283	1.139	4.495	6.948	3.913	5.134	4.499	2.956	2.087	1.359	2.515	3.260	-8.182	4.040	3.650	3.846	3.846	3.746	2019	
632	COM	NGDP_RPCH	Comoros	Gross domestic product, constant prices	Annual percentages of constant price GDP are year-on-year changes; the base year is country-specific. Expenditure-based GDP is total final expenditures at purchasers' prices (including the f.o.b. value of exports of goods and services), less the f.o.b. value of imports of goods and services. [SNA 1993]	Percent change		See notes for:  Gross domestic product, constant prices (National currency).	7.383	5.462	4.058	3.093	4.167	2.888	2.167	2.168	5.068	-0.816	7.363	-6.156	7.382	2.511	-4.007	5.630	-0.525	4.402	0.014	2.724	-0.967	5.444	4.616	1.971	3.100	5.745	-1.829	0.804	3.965	3.241	3.778	4.144	3.168	4.466	2.107	1.299	3.457	4.177	3.639	1.866	-1.818	2.900	3.812	3.999	4.044	4.177	2018	
636	COD	NGDP_RPCH	Democratic Republic of the Congo	Gross domestic product, constant prices	Annual percentages of constant price GDP are year-on-year changes; the base year is country-specific. Expenditure-based GDP is total final expenditures at purchasers' prices (including the f.o.b. value of exports of goods and services), less the f.o.b. value of imports of goods and services. [SNA 1993]	Percent change		See notes for:  Gross domestic product, constant prices (National currency).	2.405	0.945	-0.454	1.410	4.844	0.464	4.720	2.671	0.465	-1.260	-6.568	-8.445	-10.462	-13.468	-6.144	2.762	-1.935	-7.840	-3.875	-3.802	-8.136	-2.100	2.948	5.578	6.738	6.135	5.321	6.259	6.226	2.855	7.108	6.875	7.087	8.482	9.470	6.916	2.399	3.727	5.816	4.380	-2.150	3.583	4.461	4.313	4.778	4.265	2019	
634	COG	NGDP_RPCH	Republic of Congo	Gross domestic product, constant prices	Annual percentages of constant price GDP are year-on-year changes; the base year is country-specific. Expenditure-based GDP is total final expenditures at purchasers' prices (including the f.o.b. value of exports of goods and services), less the f.o.b. value of imports of goods and services. [SNA 1993]	Percent change		See notes for:  Gross domestic product, constant prices (National currency).	12.678	2.613	2.410	2.393	2.375	2.359	2.343	2.327	21.908	21.269	1.003	3.402	4.181	1.316	-1.401	3.965	3.495	-1.004	8.950	-3.678	11.752	-4.823	0.985	0.459	-0.197	9.211	7.986	-6.614	6.306	11.637	9.931	2.206	9.947	-0.712	6.717	-3.551	-10.702	-4.374	-6.427	-0.622	-6.996	-0.823	1.947	2.611	1.609	2.325	2018	
238	CRI	NGDP_RPCH	Costa Rica	Gross domestic product, constant prices	Annual percentages of constant price GDP are year-on-year changes; the base year is country-specific. Expenditure-based GDP is total final expenditures at purchasers' prices (including the f.o.b. value of exports of goods and services), less the f.o.b. value of imports of goods and services. [SNA 1993]	Percent change		See notes for:  Gross domestic product, constant prices (National currency).	0.752	-2.260	-7.285	2.859	8.028	0.722	5.536	4.765	3.432	5.666	3.600	2.263	9.197	7.088	4.487	4.121	1.238	5.565	6.962	3.943	3.833	3.490	3.292	4.255	4.337	3.871	7.238	8.168	4.650	-0.971	4.952	4.307	4.797	2.269	3.515	3.632	4.246	3.860	2.660	2.084	-5.497	2.296	3.398	3.000	3.100	3.200	2019	
662	CIV	NGDP_RPCH	Côte d'Ivoire	Gross domestic product, constant prices	Annual percentages of constant price GDP are year-on-year changes; the base year is country-specific. Expenditure-based GDP is total final expenditures at purchasers' prices (including the f.o.b. value of exports of goods and services), less the f.o.b. value of imports of goods and services. [SNA 1993]	Percent change		See notes for:  Gross domestic product, constant prices (National currency).	5.196	3.498	0.200	-2.500	-2.000	3.600	4.800	-0.500	1.140	2.950	-1.090	0.040	-0.250	-0.180	0.171	5.572	8.136	5.723	4.931	1.618	-2.068	0.121	-1.668	-1.360	1.232	1.721	1.516	1.765	2.543	3.251	2.018	-4.857	10.864	9.272	8.794	8.843	7.179	7.360	6.793	6.517	1.800	6.200	6.470	6.530	6.496	6.497	2017	
960	HRV	NGDP_RPCH	Croatia	Gross domestic product, constant prices	Annual percentages of constant price GDP are year-on-year changes; the base year is country-specific. Expenditure-based GDP is total final expenditures at purchasers' prices (including the f.o.b. value of exports of goods and services), less the f.o.b. value of imports of goods and services. [SNA 1993]	Percent change		See notes for:  Gross domestic product, constant prices (National currency).	n/a	n/a	n/a	n/a	n/a	n/a	n/a	n/a	n/a	n/a	n/a	n/a	n/a	-8.000	5.900	6.634	5.874	6.645	1.862	-0.936	3.749	3.347	5.116	5.640	4.160	4.314	5.001	5.266	1.760	-7.360	-1.496	-0.310	-2.238	-0.548	-0.104	2.437	3.484	3.139	2.695	2.936	-9.000	6.000	4.380	3.500	3.100	3.000	2019	
423	CYP	NGDP_RPCH	Cyprus	Gross domestic product, constant prices	Annual percentages of constant price GDP are year-on-year changes; the base year is country-specific. Expenditure-based GDP is total final expenditures at purchasers' prices (including the f.o.b. value of exports of goods and services), less the f.o.b. value of imports of goods and services. [SNA 1993]	Percent change		See notes for:  Gross domestic product, constant prices (National currency).	5.920	3.051	6.279	5.307	8.837	4.746	3.583	7.139	8.317	8.088	7.402	0.740	9.365	0.701	5.899	9.924	1.245	2.641	6.112	4.999	5.965	3.952	3.722	2.624	5.025	4.854	4.714	5.097	3.647	-2.016	2.015	0.402	-3.448	-6.551	-1.865	3.375	6.747	4.361	4.057	3.230	-6.438	4.744	3.630	3.529	2.672	2.511	2019	
935	CZE	NGDP_RPCH	Czech Republic	Gross domestic product, constant prices	Annual percentages of constant price GDP are year-on-year changes; the base year is country-specific. Expenditure-based GDP is total final expenditures at purchasers' prices (including the f.o.b. value of exports of goods and services), less the f.o.b. value of imports of goods and services. [SNA 1993]	Percent change		See notes for:  Gross domestic product, constant prices (National currency).	n/a	n/a	n/a	n/a	n/a	n/a	n/a	n/a	n/a	n/a	n/a	n/a	n/a	n/a	n/a	n/a	4.525	-0.518	-0.357	1.384	4.001	3.043	1.570	3.584	4.814	6.602	6.767	5.570	2.686	-4.657	2.435	1.760	-0.785	-0.046	2.262	5.388	2.537	5.169	3.181	2.335	-6.499	5.117	4.304	3.964	3.038	2.515	2019	
128	DNK	NGDP_RPCH	Denmark	Gross domestic product, constant prices	Annual percentages of constant price GDP are year-on-year changes; the base year is country-specific. Expenditure-based GDP is total final expenditures at purchasers' prices (including the f.o.b. value of exports of goods and services), less the f.o.b. value of imports of goods and services. [SNA 1993]	Percent change		See notes for:  Gross domestic product, constant prices (National currency).	-0.484	-0.658	3.678	2.594	4.172	4.005	4.900	0.254	-0.008	0.642	1.473	1.397	1.959	0.008	5.329	3.029	2.905	3.260	2.213	2.948	3.749	0.823	0.467	0.388	2.668	2.342	3.912	0.908	-0.511	-4.905	1.868	1.336	0.229	0.935	1.616	2.343	3.248	2.037	2.389	2.348	-4.500	3.500	2.500	2.040	1.740	1.700	2019	
611	DJI	NGDP_RPCH	Djibouti	Gross domestic product, constant prices	Annual percentages of constant price GDP are year-on-year changes; the base year is country-specific. Expenditure-based GDP is total final expenditures at purchasers' prices (including the f.o.b. value of exports of goods and services), less the f.o.b. value of imports of goods and services. [SNA 1993]	Percent change		See notes for:  Gross domestic product, constant prices (National currency).	n/a	n/a	n/a	n/a	n/a	n/a	n/a	n/a	n/a	n/a	n/a	n/a	0.562	-6.751	-1.360	-3.481	-3.732	-1.216	0.114	2.919	0.713	1.793	3.234	3.186	2.779	3.111	4.825	5.017	5.806	1.616	4.147	7.293	4.842	5.001	7.062	7.696	6.653	5.403	8.408	7.498	-1.000	7.000	6.500	6.500	6.000	6.000	2018	
321	DMA	NGDP_RPCH	Dominica	Gross domestic product, constant prices	Annual percentages of constant price GDP are year-on-year changes; the base year is country-specific. Expenditure-based GDP is total final expenditures at purchasers' prices (including the f.o.b. value of exports of goods and services), less the f.o.b. value of imports of goods and services. [SNA 1993]	Percent change		See notes for:  Gross domestic product, constant prices (National currency).	13.383	10.829	4.128	2.556	4.197	1.421	7.073	6.308	7.817	-0.191	5.419	1.346	2.030	2.162	0.034	3.030	3.105	2.185	3.774	0.355	2.340	-0.063	-2.829	6.353	3.051	0.656	4.659	6.354	7.121	-1.170	0.673	-0.224	-1.059	-0.608	4.389	-2.551	2.522	-9.530	0.533	8.386	-8.782	3.269	3.224	3.031	1.753	1.500	2018	
243	DOM	NGDP_RPCH	Dominican Republic	Gross domestic product, constant prices	Annual percentages of constant price GDP are year-on-year changes; the base year is country-specific. Expenditure-based GDP is total final expenditures at purchasers' prices (including the f.o.b. value of exports of goods and services), less the f.o.b. value of imports of goods and services. [SNA 1993]	Percent change		See notes for:  Gross domestic product, constant prices (National currency).	7.969	4.279	1.700	4.628	1.253	-2.123	3.522	10.117	2.156	4.401	-5.454	0.945	11.221	7.365	2.600	5.685	5.978	8.885	6.714	5.940	4.662	2.460	4.495	-1.346	2.570	9.428	9.174	7.416	3.210	0.946	8.340	3.133	2.717	4.875	7.050	6.927	6.659	4.667	6.983	5.052	-5.987	3.996	4.973	5.031	4.964	5.036	2018	
248	ECU	NGDP_RPCH	Ecuador	Gross domestic product, constant prices	Annual percentages of constant price GDP are year-on-year changes; the base year is country-specific. Expenditure-based GDP is total final expenditures at purchasers' prices (including the f.o.b. value of exports of goods and services), less the f.o.b. value of imports of goods and services. [SNA 1993]	Percent change		See notes for:  Gross domestic product, constant prices (National currency).	4.900	3.900	1.200	-2.800	4.200	4.400	3.094	-5.972	10.486	0.285	3.008	5.113	3.614	2.000	4.258	2.253	1.732	4.328	3.267	-4.739	1.092	4.016	4.097	2.723	8.211	5.291	4.404	2.190	6.357	0.566	3.525	7.868	5.642	4.947	3.789	0.099	-1.226	2.368	1.289	0.054	-11.002	4.760	1.279	1.719	2.027	2.285	2019	
469	EGY	NGDP_RPCH	Egypt	Gross domestic product, constant prices	Annual percentages of constant price GDP are year-on-year changes; the base year is country-specific. Expenditure-based GDP is total final expenditures at purchasers' prices (including the f.o.b. value of exports of goods and services), less the f.o.b. value of imports of goods and services. [SNA 1993]	Percent change		See notes for:  Gross domestic product, constant prices (National currency).	3.409	2.198	7.296	8.876	8.021	7.425	4.759	4.273	3.994	2.993	2.350	2.100	0.300	2.900	4.188	4.484	4.879	5.919	7.543	6.110	5.383	3.524	3.186	3.193	4.092	4.472	6.844	7.088	7.156	4.674	5.147	1.765	2.226	3.302	2.916	4.372	4.347	4.077	5.314	5.558	3.547	2.755	4.962	5.290	5.294	5.567	2019	
253	SLV	NGDP_RPCH	El Salvador	Gross domestic product, constant prices	Annual percentages of constant price GDP are year-on-year changes; the base year is country-specific. Expenditure-based GDP is total final expenditures at purchasers' prices (including the f.o.b. value of exports of goods and services), less the f.o.b. value of imports of goods and services. [SNA 1993]	Percent change		See notes for:  Gross domestic product, constant prices (National currency).	-8.625	-5.725	-6.306	1.535	1.337	0.616	0.190	2.513	1.878	0.962	4.831	1.494	7.018	5.819	4.690	4.735	0.818	3.135	2.654	2.161	1.126	0.877	1.581	1.562	0.891	2.707	4.343	1.861	2.127	-2.083	2.106	3.812	2.814	2.239	1.710	2.395	2.542	2.253	2.430	2.385	-8.982	4.043	3.200	2.800	2.540	2.245	2019	
642	GNQ	NGDP_RPCH	Equatorial Guinea	Gross domestic product, constant prices	Annual percentages of constant price GDP are year-on-year changes; the base year is country-specific. Expenditure-based GDP is total final expenditures at purchasers' prices (including the f.o.b. value of exports of goods and services), less the f.o.b. value of imports of goods and services. [SNA 1993]	Percent change		See notes for:  Gross domestic product, constant prices (National currency).	4.839	5.769	2.202	5.004	1.011	12.905	-2.331	4.437	2.655	-1.229	2.537	-1.245	33.002	10.461	16.808	26.510	52.678	147.973	24.815	26.395	110.505	60.023	19.621	14.455	30.391	8.210	6.501	15.282	17.799	1.343	-8.924	6.524	8.313	-4.133	0.415	-9.110	-8.817	-5.667	-5.801	-6.100	-6.017	2.196	-4.700	-1.342	-1.628	-2.189	2017	
643	ERI	NGDP_RPCH	Eritrea	Gross domestic product, constant prices	Annual percentages of constant price GDP are year-on-year changes; the base year is country-specific. Expenditure-based GDP is total final expenditures at purchasers' prices (including the f.o.b. value of exports of goods and services), less the f.o.b. value of imports of goods and services. [SNA 1993]	Percent change		See notes for:  Gross domestic product, constant prices (National currency).	n/a	n/a	n/a	n/a	n/a	n/a	n/a	n/a	n/a	n/a	n/a	n/a	n/a	12.882	20.918	2.325	9.136	7.900	1.966	0.187	-12.355	8.755	3.005	-2.656	1.452	2.574	-0.969	1.427	-19.436	12.179	10.853	25.710	1.886	-10.456	30.934	-20.621	7.391	-10.015	13.032	3.836	-0.627	5.738	3.743	3.888	3.917	3.949	2018	
939	EST	NGDP_RPCH	Estonia	Gross domestic product, constant prices	Annual percentages of constant price GDP are year-on-year changes; the base year is country-specific. Expenditure-based GDP is total final expenditures at purchasers' prices (including the f.o.b. value of exports of goods and services), less the f.o.b. value of imports of goods and services. [SNA 1993]	Percent change		See notes for:  Gross domestic product, constant prices (National currency).	n/a	n/a	n/a	n/a	n/a	n/a	n/a	n/a	n/a	n/a	n/a	n/a	n/a	n/a	-1.642	2.155	4.936	13.046	4.330	-0.403	10.106	5.980	6.802	7.567	6.767	9.490	9.719	7.574	-5.089	-14.434	2.690	7.444	3.125	1.346	2.987	1.845	3.188	5.499	4.355	4.996	-5.200	4.500	3.700	3.200	3.000	3.000	2019	
734	SWZ	NGDP_RPCH	Eswatini	Gross domestic product, constant prices	Annual percentages of constant price GDP are year-on-year changes; the base year is country-specific. Expenditure-based GDP is total final expenditures at purchasers' prices (including the f.o.b. value of exports of goods and services), less the f.o.b. value of imports of goods and services. [SNA 1993]	Percent change		See notes for:  Gross domestic product, constant prices (National currency).	-3.811	6.902	1.439	-0.547	2.481	1.924	18.584	10.016	7.571	9.408	9.859	1.760	3.227	3.106	2.401	4.826	3.842	3.103	2.604	2.951	1.760	1.055	4.380	3.880	3.624	5.999	5.992	4.435	0.822	1.565	3.794	2.247	5.391	3.862	0.913	2.312	1.268	2.025	2.351	1.146	-3.465	1.436	0.796	0.975	1.905	2.093	2018	
644	ETH	NGDP_RPCH	Ethiopia	Gross domestic product, constant prices	Annual percentages of constant price GDP are year-on-year changes; the base year is country-specific. Expenditure-based GDP is total final expenditures at purchasers' prices (including the f.o.b. value of exports of goods and services), less the f.o.b. value of imports of goods and services. [SNA 1993]	Percent change		See notes for:  Gross domestic product, constant prices (National currency).	3.997	--	0.961	7.845	-2.305	-11.413	9.693	13.870	0.574	-0.457	2.602	-7.218	-8.907	13.363	3.486	6.121	13.533	2.840	-4.185	6.294	9.838	7.400	1.600	-2.100	11.700	12.600	11.500	11.800	11.200	10.000	10.600	11.400	8.700	9.900	10.300	10.400	8.000	10.210	7.703	8.967	1.946	-0.023	8.918	8.832	8.618	7.964	2019	
819	FJI	NGDP_RPCH	Fiji	Gross domestic product, constant prices	Annual percentages of constant price GDP are year-on-year changes; the base year is country-specific. Expenditure-based GDP is total final expenditures at purchasers' prices (including the f.o.b. value of exports of goods and services), less the f.o.b. value of imports of goods and services. [SNA 1993]	Percent change		See notes for:  Gross domestic product, constant prices (National currency).	-1.694	6.004	-1.092	-4.212	10.107	-3.774	6.596	-7.194	3.462	13.888	5.802	-2.700	6.100	2.600	5.100	2.600	4.800	-2.400	1.300	8.700	-1.700	1.900	3.200	0.800	5.400	-1.300	1.900	-0.900	1.000	-1.400	3.000	2.700	1.411	4.734	5.604	4.664	2.510	5.426	3.526	-1.300	-21.000	11.500	8.500	5.000	4.000	2.200	2018	
172	FIN	NGDP_RPCH	Finland	Gross domestic product, constant prices	Annual percentages of constant price GDP are year-on-year changes; the base year is country-specific. Expenditure-based GDP is total final expenditures at purchasers' prices (including the f.o.b. value of exports of goods and services), less the f.o.b. value of imports of goods and services. [SNA 1993]	Percent change		See notes for:  Gross domestic product, constant prices (National currency).	5.673	1.294	3.087	3.122	3.213	3.537	2.726	3.559	5.211	5.087	0.211	-5.886	-3.294	-0.662	3.964	4.217	3.667	6.334	5.457	4.380	5.773	2.610	1.707	2.004	3.992	2.780	4.028	5.299	0.784	-8.075	3.186	2.548	-1.397	-0.902	-0.365	0.544	2.760	3.270	1.516	1.147	-3.979	3.572	2.004	1.751	1.287	1.270	2019	
132	FRA	NGDP_RPCH	France	Gross domestic product, constant prices	Annual percentages of constant price GDP are year-on-year changes; the base year is country-specific. Expenditure-based GDP is total final expenditures at purchasers' prices (including the f.o.b. value of exports of goods and services), less the f.o.b. value of imports of goods and services. [SNA 1993]	Percent change		See notes for:  Gross domestic product, constant prices (National currency).	1.809	1.069	2.505	1.241	1.514	1.623	2.337	2.562	4.743	4.344	2.924	1.048	1.599	-0.629	2.358	2.107	1.413	2.336	3.589	3.421	3.924	1.984	1.136	0.823	2.830	1.663	2.449	2.425	0.255	-2.873	1.949	2.193	0.313	0.576	0.956	1.113	1.095	2.291	1.793	1.509	-9.757	6.026	2.862	2.292	1.925	1.678	2019	
646	GAB	NGDP_RPCH	Gabon	Gross domestic product, constant prices	Annual percentages of constant price GDP are year-on-year changes; the base year is country-specific. Expenditure-based GDP is total final expenditures at purchasers' prices (including the f.o.b. value of exports of goods and services), less the f.o.b. value of imports of goods and services. [SNA 1993]	Percent change		See notes for:  Gross domestic product, constant prices (National currency).	--	-4.000	4.100	2.000	4.900	5.800	-2.100	-15.400	3.500	15.431	5.147	6.124	-3.087	3.947	3.713	4.974	3.625	5.738	3.478	-8.943	-1.883	2.150	0.187	1.701	1.120	-0.786	-1.908	6.333	1.733	-2.279	6.270	7.092	5.251	5.517	4.435	3.879	2.091	0.473	1.006	3.777	-2.670	2.137	3.895	4.178	4.513	4.496	2019	
648	GMB	NGDP_RPCH	The Gambia	Gross domestic product, constant prices	Annual percentages of constant price GDP are year-on-year changes; the base year is country-specific. Expenditure-based GDP is total final expenditures at purchasers' prices (including the f.o.b. value of exports of goods and services), less the f.o.b. value of imports of goods and services. [SNA 1993]	Percent change		See notes for:  Gross domestic product, constant prices (National currency).	0.705	-9.523	20.759	13.518	-7.620	3.649	2.364	2.800	1.702	4.331	5.696	2.163	1.763	3.833	-3.398	3.320	2.906	1.417	6.500	6.399	5.525	5.753	-3.247	6.874	7.046	-2.352	-0.556	3.043	6.256	6.666	5.908	-8.130	5.242	2.873	-1.407	4.058	1.943	4.823	7.235	6.057	-1.800	6.000	6.800	7.000	6.500	5.800	2018	
915	GEO	NGDP_RPCH	Georgia	Gross domestic product, constant prices	Annual percentages of constant price GDP are year-on-year changes; the base year is country-specific. Expenditure-based GDP is total final expenditures at purchasers' prices (including the f.o.b. value of exports of goods and services), less the f.o.b. value of imports of goods and services. [SNA 1993]	Percent change		See notes for:  Gross domestic product, constant prices (National currency).	n/a	n/a	n/a	n/a	n/a	n/a	n/a	n/a	n/a	n/a	n/a	n/a	n/a	n/a	n/a	2.600	10.500	10.519	3.105	2.869	1.838	4.805	5.474	11.058	5.794	9.590	9.420	12.579	2.419	-3.651	6.249	7.358	6.369	3.621	4.431	3.023	2.906	4.842	4.843	5.148	-5.000	4.985	6.000	5.800	5.501	5.200	2019	
134	DEU	NGDP_RPCH	Germany	Gross domestic product, constant prices	Annual percentages of constant price GDP are year-on-year changes; the base year is country-specific. Expenditure-based GDP is total final expenditures at purchasers' prices (including the f.o.b. value of exports of goods and services), less the f.o.b. value of imports of goods and services. [SNA 1993]	Percent change		See notes for:  Gross domestic product, constant prices (National currency).	1.272	0.110	-0.788	1.555	2.826	2.192	2.417	1.469	3.736	3.913	5.723	5.011	1.920	-0.977	2.399	1.541	0.816	1.785	2.020	1.887	2.904	1.687	-0.201	-0.703	1.184	0.726	3.814	2.982	0.959	-5.696	4.185	3.914	0.427	0.432	2.217	1.487	2.230	2.604	1.268	0.555	-5.983	4.184	3.063	1.790	1.328	1.198	2019	
652	GHA	NGDP_RPCH	Ghana	Gross domestic product, constant prices	Annual percentages of constant price GDP are year-on-year changes; the base year is country-specific. Expenditure-based GDP is total final expenditures at purchasers' prices (including the f.o.b. value of exports of goods and services), less the f.o.b. value of imports of goods and services. [SNA 1993]	Percent change		See notes for:  Gross domestic product, constant prices (National currency).	0.453	-3.780	-8.069	-6.210	9.467	6.538	5.970	6.693	6.579	4.523	3.591	4.805	4.374	4.748	3.519	4.214	4.745	5.821	4.996	4.532	3.624	3.808	4.625	5.096	5.364	6.214	5.835	4.125	8.966	5.546	7.755	14.198	8.504	7.189	2.898	2.178	3.448	8.144	6.264	6.478	0.927	4.197	4.143	7.353	4.584	4.452	2018	
174	GRC	NGDP_RPCH	Greece	Gross domestic product, constant prices	Annual percentages of constant price GDP are year-on-year changes; the base year is country-specific. Expenditure-based GDP is total final expenditures at purchasers' prices (including the f.o.b. value of exports of goods and services), less the f.o.b. value of imports of goods and services. [SNA 1993]	Percent change		See notes for:  Gross domestic product, constant prices (National currency).	0.679	-1.556	-1.130	-1.078	2.007	2.513	0.515	-2.257	4.288	3.799	--	3.102	0.697	-1.599	2.000	2.100	2.862	4.484	3.895	3.072	3.920	4.132	3.923	5.795	5.061	0.599	5.652	3.274	-0.335	-4.301	-5.478	-9.132	-7.300	-3.242	0.740	-0.438	-0.191	1.505	1.934	1.870	-9.504	4.117	5.579	3.742	2.433	1.011	2019	
328	GRD	NGDP_RPCH	Grenada	Gross domestic product, constant prices	Annual percentages of constant price GDP are year-on-year changes; the base year is country-specific. Expenditure-based GDP is total final expenditures at purchasers' prices (including the f.o.b. value of exports of goods and services), less the f.o.b. value of imports of goods and services. [SNA 1993]	Percent change		See notes for:  Gross domestic product, constant prices (National currency).	15.067	1.375	4.107	3.295	3.963	5.988	7.358	9.073	2.916	3.758	4.241	1.423	-0.813	-1.956	1.838	2.196	4.386	4.916	11.808	6.981	5.063	-2.024	3.438	9.464	-0.647	13.273	-3.993	6.124	0.948	-6.613	-0.511	0.765	-1.155	2.351	7.342	6.445	3.740	4.439	4.141	2.992	-11.779	3.049	5.126	5.037	3.381	2.735	2019	
258	GTM	NGDP_RPCH	Guatemala	Gross domestic product, constant prices	Annual percentages of constant price GDP are year-on-year changes; the base year is country-specific. Expenditure-based GDP is total final expenditures at purchasers' prices (including the f.o.b. value of exports of goods and services), less the f.o.b. value of imports of goods and services. [SNA 1993]	Percent change		See notes for:  Gross domestic product, constant prices (National currency).	3.700	0.644	-3.542	-2.528	0.510	-0.600	0.100	3.579	3.892	3.943	3.101	3.000	4.600	3.400	3.500	4.400	2.800	4.100	4.600	3.700	2.500	2.400	4.244	2.617	2.969	3.065	5.575	6.049	3.662	0.632	2.806	4.445	3.148	3.485	4.444	4.092	2.678	3.023	3.215	3.846	-2.000	3.951	3.751	3.500	3.251	3.251	2019	
656	GIN	NGDP_RPCH	Guinea	Gross domestic product, constant prices	Annual percentages of constant price GDP are year-on-year changes; the base year is country-specific. Expenditure-based GDP is total final expenditures at purchasers' prices (including the f.o.b. value of exports of goods and services), less the f.o.b. value of imports of goods and services. [SNA 1993]	Percent change		See notes for:  Gross domestic product, constant prices (National currency).	2.601	0.610	1.800	1.300	1.400	5.000	3.114	3.300	6.308	4.003	4.324	2.497	3.273	5.048	4.001	4.680	4.462	5.182	3.644	3.812	2.503	3.658	5.165	1.249	2.340	2.997	2.497	6.512	4.142	-1.538	4.219	5.614	5.915	3.934	3.708	3.813	10.828	10.338	6.181	5.645	1.449	6.647	7.010	5.230	5.002	4.962	2018	
654	GNB	NGDP_RPCH	Guinea-Bissau	Gross domestic product, constant prices	Annual percentages of constant price GDP are year-on-year changes; the base year is country-specific. Expenditure-based GDP is total final expenditures at purchasers' prices (including the f.o.b. value of exports of goods and services), less the f.o.b. value of imports of goods and services. [SNA 1993]	Percent change		See notes for:  Gross domestic product, constant prices (National currency).	n/a	-0.498	4.200	-3.400	5.500	4.300	-1.000	5.600	1.958	2.925	4.580	7.305	3.095	2.276	2.963	4.016	3.747	5.994	-22.446	16.815	1.100	4.786	3.654	-0.286	1.172	6.560	2.667	2.560	4.525	2.448	5.605	8.085	-1.713	3.256	0.965	6.134	5.307	4.789	3.358	4.500	-2.900	3.000	4.000	5.000	5.000	5.000	2018	
336	GUY	NGDP_RPCH	Guyana	Gross domestic product, constant prices	Annual percentages of constant price GDP are year-on-year changes; the base year is country-specific. Expenditure-based GDP is total final expenditures at purchasers' prices (including the f.o.b. value of exports of goods and services), less the f.o.b. value of imports of goods and services. [SNA 1993]	Percent change		See notes for:  Gross domestic product, constant prices (National currency).	-2.076	0.562	-8.884	-11.497	2.134	0.366	-0.234	-0.130	-5.981	-4.944	-3.010	6.026	7.758	8.201	8.482	5.055	7.956	6.185	-1.707	2.986	-1.345	2.260	1.149	-0.652	1.566	-1.942	5.127	7.020	1.977	3.319	4.371	5.437	5.039	3.653	1.686	0.687	3.807	3.734	4.441	5.353	26.205	8.120	29.491	22.284	2.127	1.143	2019	
263	HTI	NGDP_RPCH	Haiti	Gross domestic product, constant prices	Annual percentages of constant price GDP are year-on-year changes; the base year is country-specific. Expenditure-based GDP is total final expenditures at purchasers' prices (including the f.o.b. value of exports of goods and services), less the f.o.b. value of imports of goods and services. [SNA 1993]	Percent change		See notes for:  Gross domestic product, constant prices (National currency).	7.345	1.056	-2.797	-1.500	0.201	0.757	0.273	-0.432	0.559	-1.131	-0.440	1.262	-2.251	-4.922	-11.603	9.892	4.143	2.705	2.182	2.710	0.870	-1.044	-0.251	0.364	-3.523	1.805	2.249	3.343	0.844	3.083	-5.498	5.524	2.885	4.241	2.803	1.211	1.453	1.173	1.484	-1.197	-4.000	1.200	1.000	1.100	1.200	1.400	2018	
268	HND	NGDP_RPCH	Honduras	Gross domestic product, constant prices	Annual percentages of constant price GDP are year-on-year changes; the base year is country-specific. Expenditure-based GDP is total final expenditures at purchasers' prices (including the f.o.b. value of exports of goods and services), less the f.o.b. value of imports of goods and services. [SNA 1993]	Percent change		See notes for:  Gross domestic product, constant prices (National currency).	0.668	2.533	-1.391	-0.924	4.346	4.188	0.723	6.031	4.610	4.326	0.097	3.252	5.624	6.230	-1.303	4.080	3.578	4.994	2.902	-0.736	7.291	2.723	3.754	4.547	6.232	6.051	6.567	6.188	4.232	-2.432	3.731	3.836	4.129	2.792	3.058	3.840	3.893	4.843	3.697	2.651	-6.550	4.940	3.300	3.465	3.640	3.740	2019	
532	HKG	NGDP_RPCH	Hong Kong SAR	Gross domestic product, constant prices	Annual percentages of constant price GDP are year-on-year changes; the base year is country-specific. Expenditure-based GDP is total final expenditures at purchasers' prices (including the f.o.b. value of exports of goods and services), less the f.o.b. value of imports of goods and services. [SNA 1993]	Percent change		See notes for:  Gross domestic product, constant prices (National currency).	10.340	9.193	2.887	6.015	10.002	0.715	11.104	13.395	8.512	2.277	3.831	5.702	6.235	6.201	6.036	2.374	4.259	5.100	-5.883	2.507	7.664	0.561	1.657	3.056	8.700	7.388	7.033	6.465	2.128	-2.459	6.768	4.815	1.700	3.102	2.762	2.388	2.169	3.791	2.847	-1.249	-7.465	3.667	3.398	2.789	2.781	2.886	2019	
944	HUN	NGDP_RPCH	Hungary	Gross domestic product, constant prices	Annual percentages of constant price GDP are year-on-year changes; the base year is country-specific. Expenditure-based GDP is total final expenditures at purchasers' prices (including the f.o.b. value of exports of goods and services), less the f.o.b. value of imports of goods and services. [SNA 1993]	Percent change		See notes for:  Gross domestic product, constant prices (National currency).	0.215	2.867	2.841	0.723	2.658	-0.253	1.535	4.051	-0.065	0.736	-3.497	-11.892	-3.064	-0.576	2.947	2.541	0.082	3.143	3.900	3.071	4.479	4.074	4.741	4.085	4.823	4.244	4.031	0.242	1.058	-6.700	0.664	1.819	-1.472	1.963	4.195	3.846	2.200	4.323	5.094	4.928	-6.100	3.900	4.000	3.800	3.200	2.600	2019	
176	ISL	NGDP_RPCH	Iceland	Gross domestic product, constant prices	Annual percentages of constant price GDP are year-on-year changes; the base year is country-specific. Expenditure-based GDP is total final expenditures at purchasers' prices (including the f.o.b. value of exports of goods and services), less the f.o.b. value of imports of goods and services. [SNA 1993]	Percent change		See notes for:  Gross domestic product, constant prices (National currency).	5.738	4.265	2.154	-2.151	4.129	3.293	6.270	8.546	-0.090	0.258	1.169	-0.224	-3.374	1.313	3.609	0.117	4.785	4.945	7.095	4.043	4.892	3.899	0.681	2.268	8.042	6.330	5.249	9.365	1.992	-6.777	-3.436	1.882	1.296	4.134	2.083	4.749	6.627	4.518	3.859	1.942	-7.154	4.107	2.723	1.658	1.808	1.820	2018	
534	IND	NGDP_RPCH	India	Gross domestic product, constant prices	Annual percentages of constant price GDP are year-on-year changes; the base year is country-specific. Expenditure-based GDP is total final expenditures at purchasers' prices (including the f.o.b. value of exports of goods and services), less the f.o.b. value of imports of goods and services. [SNA 1993]	Percent change		See notes for:  Gross domestic product, constant prices (National currency).	5.281	6.006	3.476	7.289	3.821	5.254	4.777	3.965	9.628	5.947	5.534	1.057	5.482	4.750	6.659	7.575	7.550	4.050	6.184	8.463	3.975	4.944	3.907	7.944	7.849	9.285	9.264	9.801	3.891	8.480	10.260	6.638	5.456	6.386	7.410	7.996	8.256	7.044	6.120	4.181	-10.289	8.804	7.986	7.632	7.411	7.182	2020	
536	IDN	NGDP_RPCH	Indonesia	Gross domestic product, constant prices	Annual percentages of constant price GDP are year-on-year changes; the base year is country-specific. Expenditure-based GDP is total final expenditures at purchasers' prices (including the f.o.b. value of exports of goods and services), less the f.o.b. value of imports of goods and services. [SNA 1993]	Percent change		See notes for:  Gross domestic product, constant prices (National currency).	9.880	7.604	2.246	4.193	7.574	3.906	7.189	6.572	6.979	9.085	9.002	8.928	6.523	7.956	7.540	8.220	7.818	4.700	-13.127	0.791	4.979	3.643	4.499	4.780	5.031	5.693	5.501	6.345	7.442	4.702	6.378	6.170	6.030	5.557	5.007	4.876	5.033	5.070	5.170	5.025	-1.498	6.111	5.294	5.205	5.066	5.073	2019	
429	IRN	NGDP_RPCH	Islamic Republic of Iran	Gross domestic product, constant prices	Annual percentages of constant price GDP are year-on-year changes; the base year is country-specific. Expenditure-based GDP is total final expenditures at purchasers' prices (including the f.o.b. value of exports of goods and services), less the f.o.b. value of imports of goods and services. [SNA 1993]	Percent change		See notes for:  Gross domestic product, constant prices (National currency).	-18.844	-8.558	13.088	13.776	-9.883	-2.064	-9.037	2.970	-9.493	5.205	18.080	10.774	2.107	1.257	-1.489	1.023	6.215	-0.550	1.910	0.309	6.867	0.806	10.253	9.226	3.988	5.144	5.319	6.730	-0.075	0.005	5.727	3.062	-7.714	-0.325	3.215	-1.586	12.518	3.732	-5.419	-6.510	-4.990	3.155	1.531	1.537	1.144	1.151	2020	
433	IRQ	NGDP_RPCH	Iraq	Gross domestic product, constant prices	Annual percentages of constant price GDP are year-on-year changes; the base year is country-specific. Expenditure-based GDP is total final expenditures at purchasers' prices (including the f.o.b. value of exports of goods and services), less the f.o.b. value of imports of goods and services. [SNA 1993]	Percent change		See notes for:  Gross domestic product, constant prices (National currency).	n/a	n/a	n/a	n/a	n/a	n/a	n/a	n/a	n/a	n/a	n/a	n/a	n/a	n/a	n/a	n/a	n/a	n/a	n/a	24.752	-4.341	-6.569	-7.797	81.787	53.386	1.675	5.638	1.889	8.228	3.379	6.403	7.546	13.936	7.628	0.738	2.537	15.199	-2.495	-0.106	4.426	-12.063	2.529	3.125	5.061	1.367	0.931	2019	
178	IRL	NGDP_RPCH	Ireland	Gross domestic product, constant prices	Annual percentages of constant price GDP are year-on-year changes; the base year is country-specific. Expenditure-based GDP is total final expenditures at purchasers' prices (including the f.o.b. value of exports of goods and services), less the f.o.b. value of imports of goods and services. [SNA 1993]	Percent change		See notes for:  Gross domestic product, constant prices (National currency).	2.898	2.512	1.495	-0.729	3.204	1.947	0.424	3.641	2.998	5.614	7.711	1.642	3.579	2.314	5.894	9.593	9.092	10.747	8.817	10.014	8.285	6.064	5.796	3.685	6.433	5.514	5.018	5.563	-4.588	-5.024	1.484	0.288	-0.005	1.619	8.507	25.381	1.709	9.407	9.289	5.879	-3.004	4.943	4.271	3.540	2.829	2.645	2019	
436	ISR	NGDP_RPCH	Israel	Gross domestic product, constant prices	Annual percentages of constant price GDP are year-on-year changes; the base year is country-specific. Expenditure-based GDP is total final expenditures at purchasers' prices (including the f.o.b. value of exports of goods and services), less the f.o.b. value of imports of goods and services. [SNA 1993]	Percent change		See notes for:  Gross domestic product, constant prices (National currency).	3.568	4.723	1.424	2.586	2.210	4.451	3.551	7.490	3.564	1.419	6.633	4.618	7.155	3.771	7.011	9.654	5.015	4.058	4.224	3.622	8.845	0.158	-0.176	1.104	4.897	4.144	5.778	6.063	3.334	1.025	5.576	4.879	2.341	4.310	3.937	2.250	3.826	3.582	3.482	3.446	-5.885	4.869	4.601	4.479	4.217	4.028	2019	
136	ITA	NGDP_RPCH	Italy	Gross domestic product, constant prices	Annual percentages of constant price GDP are year-on-year changes; the base year is country-specific. Expenditure-based GDP is total final expenditures at purchasers' prices (including the f.o.b. value of exports of goods and services), less the f.o.b. value of imports of goods and services. [SNA 1993]	Percent change		See notes for:  Gross domestic product, constant prices (National currency).	3.099	0.557	0.156	0.925	3.013	2.621	2.710	3.067	4.029	3.252	1.982	1.439	0.723	-0.835	2.074	2.683	1.267	1.830	1.811	1.626	3.787	1.951	0.254	0.139	1.424	0.818	1.791	1.487	-0.962	-5.281	1.713	0.707	-2.981	-1.841	-0.005	0.778	1.293	1.668	0.798	0.301	-10.645	5.240	2.630	1.697	0.912	0.883	2019	
343	JAM	NGDP_RPCH	Jamaica	Gross domestic product, constant prices	Annual percentages of constant price GDP are year-on-year changes; the base year is country-specific. Expenditure-based GDP is total final expenditures at purchasers' prices (including the f.o.b. value of exports of goods and services), less the f.o.b. value of imports of goods and services. [SNA 1993]	Percent change		See notes for:  Gross domestic product, constant prices (National currency).	-4.041	4.420	3.080	4.153	0.950	-0.900	7.000	7.700	-3.993	4.700	4.875	0.834	2.778	2.211	1.875	2.521	0.236	-1.641	-1.210	0.981	0.776	1.281	0.675	3.667	1.324	0.894	2.899	1.444	-0.818	-3.411	-1.435	1.426	-0.501	0.206	0.576	0.871	1.499	0.687	1.886	0.899	-8.564	3.635	3.768	2.938	2.497	2.092	2019	
158	JPN	NGDP_RPCH	Japan	Gross domestic product, constant prices	Annual percentages of constant price GDP are year-on-year changes; the base year is country-specific. Expenditure-based GDP is total final expenditures at purchasers' prices (including the f.o.b. value of exports of goods and services), less the f.o.b. value of imports of goods and services. [SNA 1993]	Percent change		See notes for:  Gross domestic product, constant prices (National currency).	3.181	4.209	3.312	3.523	4.502	5.233	3.327	4.731	6.785	4.858	4.893	3.417	0.848	-0.518	0.993	2.742	3.100	1.076	-1.128	-0.252	2.780	0.406	0.118	1.528	2.205	1.663	1.420	1.654	-1.094	-5.416	4.192	-0.115	1.495	2.000	0.375	1.223	0.522	2.168	0.276	0.671	-5.273	2.321	1.660	1.233	0.957	0.563	2019	
439	JOR	NGDP_RPCH	Jordan	Gross domestic product, constant prices	Annual percentages of constant price GDP are year-on-year changes; the base year is country-specific. Expenditure-based GDP is total final expenditures at purchasers' prices (including the f.o.b. value of exports of goods and services), less the f.o.b. value of imports of goods and services. [SNA 1993]	Percent change		See notes for:  Gross domestic product, constant prices (National currency).	11.326	15.327	5.241	0.238	5.587	-1.176	5.468	2.730	2.083	-11.348	1.063	2.437	13.280	3.137	5.047	6.439	0.665	4.274	3.270	2.826	4.267	4.850	7.000	3.915	8.119	8.415	8.878	7.998	6.944	5.024	2.315	2.737	2.429	2.610	3.384	2.497	1.994	2.088	1.934	1.955	-5.001	3.402	2.905	2.999	3.266	3.300	2019	
916	KAZ	NGDP_RPCH	Kazakhstan	Gross domestic product, constant prices	Annual percentages of constant price GDP are year-on-year changes; the base year is country-specific. Expenditure-based GDP is total final expenditures at purchasers' prices (including the f.o.b. value of exports of goods and services), less the f.o.b. value of imports of goods and services. [SNA 1993]	Percent change		See notes for:  Gross domestic product, constant prices (National currency).	n/a	n/a	n/a	n/a	n/a	n/a	n/a	n/a	n/a	n/a	n/a	n/a	n/a	-9.200	-12.580	-8.200	0.500	1.700	-1.900	2.700	9.800	13.500	9.800	9.300	9.600	9.700	10.700	8.900	3.300	1.200	7.300	7.400	4.800	6.000	4.200	1.200	1.100	4.100	4.100	4.500	-2.694	3.029	4.271	5.721	3.134	3.149	2019	
664	KEN	NGDP_RPCH	Kenya	Gross domestic product, constant prices	Annual percentages of constant price GDP are year-on-year changes; the base year is country-specific. Expenditure-based GDP is total final expenditures at purchasers' prices (including the f.o.b. value of exports of goods and services), less the f.o.b. value of imports of goods and services. [SNA 1993]	Percent change		See notes for:  Gross domestic product, constant prices (National currency).	5.572	4.100	5.052	1.593	1.600	4.073	6.982	5.811	6.091	4.554	4.134	1.339	-1.080	-0.095	2.531	4.287	4.148	0.411	2.983	2.199	0.347	3.979	0.481	2.949	4.635	5.665	5.854	6.851	0.232	3.307	8.402	6.112	4.563	5.879	5.357	5.718	5.879	4.806	6.318	5.366	1.048	4.668	6.038	5.797	5.759	5.784	2019	
826	KIR	NGDP_RPCH	Kiribati	Gross domestic product, constant prices	Annual percentages of constant price GDP are year-on-year changes; the base year is country-specific. Expenditure-based GDP is total final expenditures at purchasers' prices (including the f.o.b. value of exports of goods and services), less the f.o.b. value of imports of goods and services. [SNA 1993]	Percent change		See notes for:  Gross domestic product, constant prices (National currency).	0.058	0.242	0.749	-2.715	2.392	-4.519	0.975	0.426	9.149	-3.101	-1.331	0.134	1.307	1.046	1.754	-0.084	1.141	1.965	6.850	-1.771	5.956	-1.418	3.962	2.006	-1.629	4.952	-0.049	2.035	-2.092	0.803	-0.924	1.595	4.713	4.215	-0.698	10.405	5.130	0.897	2.313	2.297	-1.100	2.954	1.898	1.906	1.788	1.758	2017	
542	KOR	NGDP_RPCH	Korea	Gross domestic product, constant prices	Annual percentages of constant price GDP are year-on-year changes; the base year is country-specific. Expenditure-based GDP is total final expenditures at purchasers' prices (including the f.o.b. value of exports of goods and services), less the f.o.b. value of imports of goods and services. [SNA 1993]	Percent change		See notes for:  Gross domestic product, constant prices (National currency).	-1.646	7.246	8.338	13.376	10.552	7.839	11.327	12.724	11.988	7.073	9.878	10.778	6.199	6.877	9.269	9.615	7.891	6.171	-5.129	11.467	9.061	4.852	7.725	3.147	5.197	4.309	5.264	5.800	3.013	0.793	6.805	3.686	2.403	3.165	3.202	2.809	2.947	3.160	2.907	2.039	-1.878	2.871	3.114	2.898	2.639	2.448	2019	
967	UVK	NGDP_RPCH	Kosovo	Gross domestic product, constant prices	Annual percentages of constant price GDP are year-on-year changes; the base year is country-specific. Expenditure-based GDP is total final expenditures at purchasers' prices (including the f.o.b. value of exports of goods and services), less the f.o.b. value of imports of goods and services. [SNA 1993]	Percent change		See notes for:  Gross domestic product, constant prices (National currency).	n/a	n/a	n/a	n/a	n/a	n/a	n/a	n/a	n/a	n/a	n/a	n/a	n/a	n/a	n/a	n/a	n/a	n/a	n/a	n/a	n/a	11.063	-0.166	5.717	2.853	3.833	3.408	8.301	4.489	3.597	3.309	4.377	2.810	3.442	1.222	4.103	4.063	4.226	3.816	4.000	-7.500	6.000	3.700	3.800	3.900	4.000	2019	
443	KWT	NGDP_RPCH	Kuwait	Gross domestic product, constant prices	Annual percentages of constant price GDP are year-on-year changes; the base year is country-specific. Expenditure-based GDP is total final expenditures at purchasers' prices (including the f.o.b. value of exports of goods and services), less the f.o.b. value of imports of goods and services. [SNA 1993]	Percent change		See notes for:  Gross domestic product, constant prices (National currency).	-20.364	-18.921	-9.504	5.253	5.240	-4.258	8.565	8.142	-10.050	25.896	-26.229	-41.008	82.809	35.132	8.616	1.669	0.598	2.493	3.654	-1.789	4.691	0.209	3.014	17.337	10.762	10.076	7.520	5.992	2.480	-7.076	-2.371	9.628	6.625	1.151	0.499	0.593	2.926	-4.710	1.246	0.426	-8.077	0.648	3.230	2.421	2.431	2.440	2019	
917	KGZ	NGDP_RPCH	Kyrgyz Republic	Gross domestic product, constant prices	Annual percentages of constant price GDP are year-on-year changes; the base year is country-specific. Expenditure-based GDP is total final expenditures at purchasers' prices (including the f.o.b. value of exports of goods and services), less the f.o.b. value of imports of goods and services. [SNA 1993]	Percent change		See notes for:  Gross domestic product, constant prices (National currency).	n/a	n/a	n/a	n/a	n/a	n/a	n/a	n/a	n/a	n/a	n/a	n/a	n/a	-13.005	-19.807	-5.424	7.085	9.915	2.122	3.656	5.443	5.322	-0.017	7.030	7.027	-0.176	3.103	8.543	7.566	2.886	-0.472	5.956	-0.088	10.915	4.024	3.876	4.336	4.740	3.459	4.468	-12.023	9.763	7.902	6.448	4.105	4.136	2019	
544	LAO	NGDP_RPCH	Lao P.D.R.	Gross domestic product, constant prices	Annual percentages of constant price GDP are year-on-year changes; the base year is country-specific. Expenditure-based GDP is total final expenditures at purchasers' prices (including the f.o.b. value of exports of goods and services), less the f.o.b. value of imports of goods and services. [SNA 1993]	Percent change		See notes for:  Gross domestic product, constant prices (National currency).	10.004	15.332	4.715	3.000	6.438	9.122	4.829	-0.960	-2.100	9.893	6.686	3.999	6.999	5.867	8.160	7.045	6.892	6.907	4.279	4.028	6.429	4.772	6.809	6.179	7.187	6.940	8.954	7.851	7.822	7.373	8.018	7.986	7.805	8.026	7.612	7.270	7.023	6.832	6.308	5.169	0.203	4.769	5.649	5.840	5.817	6.076	2018	
941	LVA	NGDP_RPCH	Latvia	Gross domestic product, constant prices	Annual percentages of constant price GDP are year-on-year changes; the base year is country-specific. Expenditure-based GDP is total final expenditures at purchasers' prices (including the f.o.b. value of exports of goods and services), less the f.o.b. value of imports of goods and services. [SNA 1993]	Percent change		See notes for:  Gross domestic product, constant prices (National currency).	n/a	n/a	n/a	n/a	n/a	n/a	n/a	n/a	n/a	n/a	n/a	n/a	n/a	-11.400	2.200	-2.084	2.546	8.939	6.365	2.828	5.595	6.319	7.116	8.436	8.341	10.743	11.888	10.011	-3.346	-14.238	-4.473	6.285	4.134	2.328	1.915	3.261	1.774	3.787	4.285	2.197	-6.000	5.200	5.051	4.905	3.482	2.998	2019	
446	LBN	NGDP_RPCH	Lebanon	Gross domestic product, constant prices	Annual percentages of constant price GDP are year-on-year changes; the base year is country-specific. Expenditure-based GDP is total final expenditures at purchasers' prices (including the f.o.b. value of exports of goods and services), less the f.o.b. value of imports of goods and services. [SNA 1993]	Percent change		See notes for:  Gross domestic product, constant prices (National currency).	1.467	0.550	-36.789	22.710	44.479	24.300	-6.773	16.729	-28.209	-42.195	-13.421	38.200	4.495	7.000	8.030	6.493	4.038	10.190	3.900	-0.800	1.100	3.900	3.400	1.700	7.500	2.748	1.550	9.311	9.069	10.232	7.975	0.867	2.541	3.811	2.461	0.212	1.530	0.851	-1.926	-6.900	-25.000	n/a	n/a	n/a	n/a	n/a	2018	
666	LSO	NGDP_RPCH	Lesotho	Gross domestic product, constant prices	Annual percentages of constant price GDP are year-on-year changes; the base year is country-specific. Expenditure-based GDP is total final expenditures at purchasers' prices (including the f.o.b. value of exports of goods and services), less the f.o.b. value of imports of goods and services. [SNA 1993]	Percent change		See notes for:  Gross domestic product, constant prices (National currency).	-0.825	3.079	5.556	2.980	4.329	3.309	4.072	2.140	7.738	5.520	5.191	4.767	6.222	3.847	4.475	2.814	4.921	3.482	1.404	1.590	4.904	3.276	1.576	4.071	2.398	3.112	4.417	4.993	8.359	3.210	6.374	5.716	6.073	3.851	2.824	3.261	3.395	-0.973	0.381	0.957	-4.798	3.863	4.304	3.663	1.682	2.113	2018	
668	LBR	NGDP_RPCH	Liberia	Gross domestic product, constant prices	Annual percentages of constant price GDP are year-on-year changes; the base year is country-specific. Expenditure-based GDP is total final expenditures at purchasers' prices (including the f.o.b. value of exports of goods and services), less the f.o.b. value of imports of goods and services. [SNA 1993]	Percent change		See notes for:  Gross domestic product, constant prices (National currency).	n/a	n/a	n/a	n/a	n/a	n/a	n/a	n/a	n/a	n/a	n/a	n/a	n/a	n/a	n/a	n/a	n/a	n/a	n/a	n/a	n/a	2.758	4.431	-28.974	3.971	5.856	8.480	13.103	6.105	5.192	6.351	7.700	8.420	8.836	0.695	0.007	-1.630	2.469	1.242	-2.516	-3.006	3.241	4.096	4.879	5.310	5.392	2018	
672	LBY	NGDP_RPCH	Libya	Gross domestic product, constant prices	Annual percentages of constant price GDP are year-on-year changes; the base year is country-specific. Expenditure-based GDP is total final expenditures at purchasers' prices (including the f.o.b. value of exports of goods and services), less the f.o.b. value of imports of goods and services. [SNA 1993]	Percent change		See notes for:  Gross domestic product, constant prices (National currency).	0.606	-20.040	1.518	-4.709	-8.306	0.607	-11.353	-14.702	7.579	7.199	3.720	15.655	-2.712	-3.763	1.935	-12.397	2.633	-0.607	-0.377	0.462	3.681	-1.764	-0.959	13.016	4.461	11.870	6.500	6.354	-18.121	-2.988	3.176	-66.657	124.709	-36.829	-53.017	-13.023	-7.389	64.014	17.879	9.890	-66.652	76.021	54.941	9.107	0.298	0.300	2017	
946	LTU	NGDP_RPCH	Lithuania	Gross domestic product, constant prices	Annual percentages of constant price GDP are year-on-year changes; the base year is country-specific. Expenditure-based GDP is total final expenditures at purchasers' prices (including the f.o.b. value of exports of goods and services), less the f.o.b. value of imports of goods and services. [SNA 1993]	Percent change		See notes for:  Gross domestic product, constant prices (National currency).	n/a	n/a	n/a	n/a	n/a	n/a	n/a	n/a	n/a	n/a	n/a	n/a	n/a	n/a	n/a	n/a	5.239	8.293	7.467	-1.135	3.832	6.523	6.761	10.539	6.550	7.727	7.406	11.087	2.628	-14.814	1.482	6.025	3.834	3.558	3.508	2.033	2.556	4.248	3.644	3.930	-1.840	4.064	3.743	3.199	2.338	2.218	2019	
137	LUX	NGDP_RPCH	Luxembourg	Gross domestic product, constant prices	Annual percentages of constant price GDP are year-on-year changes; the base year is country-specific. Expenditure-based GDP is total final expenditures at purchasers' prices (including the f.o.b. value of exports of goods and services), less the f.o.b. value of imports of goods and services. [SNA 1993]	Percent change		See notes for:  Gross domestic product, constant prices (National currency).	3.170	0.798	1.039	1.887	4.730	5.596	9.983	3.951	8.464	9.798	5.320	8.645	1.819	4.201	3.821	1.432	1.515	5.937	6.492	8.421	8.442	2.532	3.820	1.629	3.612	3.173	5.178	8.355	-1.279	-4.359	4.865	2.539	-0.352	3.654	4.297	4.305	4.575	1.801	3.111	2.297	-5.800	5.856	3.750	3.143	2.500	2.451	2019	
546	MAC	NGDP_RPCH	Macao SAR	Gross domestic product, constant prices	Annual percentages of constant price GDP are year-on-year changes; the base year is country-specific. Expenditure-based GDP is total final expenditures at purchasers' prices (including the f.o.b. value of exports of goods and services), less the f.o.b. value of imports of goods and services. [SNA 1993]	Percent change		See notes for:  Gross domestic product, constant prices (National currency).	n/a	n/a	n/a	n/a	n/a	n/a	n/a	n/a	n/a	n/a	n/a	n/a	n/a	n/a	n/a	n/a	n/a	n/a	n/a	n/a	n/a	n/a	8.947	11.654	26.756	8.060	13.314	14.448	3.394	1.321	25.264	21.673	9.237	11.200	-1.201	-21.594	-0.718	9.887	5.443	-4.711	-52.276	23.862	30.002	25.074	8.237	6.024	2019	
674	MDG	NGDP_RPCH	Madagascar	Gross domestic product, constant prices	Annual percentages of constant price GDP are year-on-year changes; the base year is country-specific. Expenditure-based GDP is total final expenditures at purchasers' prices (including the f.o.b. value of exports of goods and services), less the f.o.b. value of imports of goods and services. [SNA 1993]	Percent change		See notes for:  Gross domestic product, constant prices (National currency).	0.788	-9.800	-1.900	0.900	1.760	1.156	1.960	1.175	3.407	4.075	3.129	-6.306	1.181	2.100	-0.042	1.679	2.154	3.693	3.917	4.699	4.457	5.980	-12.408	9.785	5.257	4.756	5.399	5.711	6.713	-3.979	0.619	1.578	3.011	2.300	3.339	3.132	3.993	3.933	4.565	4.758	-3.163	3.163	4.767	5.281	5.191	4.960	2018	
676	MWI	NGDP_RPCH	Malawi	Gross domestic product, constant prices	Annual percentages of constant price GDP are year-on-year changes; the base year is country-specific. Expenditure-based GDP is total final expenditures at purchasers' prices (including the f.o.b. value of exports of goods and services), less the f.o.b. value of imports of goods and services. [SNA 1993]	Percent change		See notes for:  Gross domestic product, constant prices (National currency).	0.395	-5.245	2.516	3.694	5.373	4.571	-0.215	1.625	3.177	1.345	5.692	8.730	-7.333	9.692	-10.313	13.830	9.979	6.587	1.061	3.541	0.775	-4.076	1.760	5.706	5.420	3.269	4.700	9.600	7.640	8.328	6.874	4.854	1.886	5.200	5.700	2.950	2.270	4.000	3.170	4.500	0.600	2.500	6.500	6.500	6.300	6.250	2011	
548	MYS	NGDP_RPCH	Malaysia	Gross domestic product, constant prices	Annual percentages of constant price GDP are year-on-year changes; the base year is country-specific. Expenditure-based GDP is total final expenditures at purchasers' prices (including the f.o.b. value of exports of goods and services), less the f.o.b. value of imports of goods and services. [SNA 1993]	Percent change		See notes for:  Gross domestic product, constant prices (National currency).	7.444	6.942	5.941	6.250	7.762	-0.876	1.153	5.389	9.938	9.060	9.007	9.547	8.886	9.896	9.211	9.830	10.002	7.327	-7.359	6.131	8.671	0.518	5.391	5.789	6.783	4.976	5.584	6.299	4.832	-1.514	7.528	5.293	5.474	4.694	6.007	5.007	4.450	5.813	4.770	4.303	-6.000	7.800	6.000	5.700	5.300	5.000	2019	
556	MDV	NGDP_RPCH	Maldives	Gross domestic product, constant prices	Annual percentages of constant price GDP are year-on-year changes; the base year is country-specific. Expenditure-based GDP is total final expenditures at purchasers' prices (including the f.o.b. value of exports of goods and services), less the f.o.b. value of imports of goods and services. [SNA 1993]	Percent change		See notes for:  Gross domestic product, constant prices (National currency).	18.803	7.886	7.466	4.414	17.379	13.801	8.596	8.866	8.722	9.292	-4.049	6.896	6.467	5.417	7.505	7.377	9.084	10.405	9.789	7.230	4.770	3.452	6.098	25.394	6.031	-13.129	26.112	7.714	9.485	-7.229	7.267	8.567	2.517	7.281	7.330	2.885	6.338	6.804	6.889	5.657	-18.562	12.696	10.988	7.538	6.686	5.943	2019	
678	MLI	NGDP_RPCH	Mali	Gross domestic product, constant prices	Annual percentages of constant price GDP are year-on-year changes; the base year is country-specific. Expenditure-based GDP is total final expenditures at purchasers' prices (including the f.o.b. value of exports of goods and services), less the f.o.b. value of imports of goods and services. [SNA 1993]	Percent change		See notes for:  Gross domestic product, constant prices (National currency).	3.299	-4.542	-11.557	3.229	2.419	3.243	6.104	2.479	0.054	10.692	9.310	7.680	-1.562	3.561	3.802	2.997	7.281	4.797	2.926	6.245	-0.061	15.376	3.106	9.119	1.560	6.535	4.662	3.494	4.773	4.806	5.313	2.656	-0.703	2.201	6.775	6.622	5.946	5.038	5.177	5.056	-1.983	4.000	6.000	5.000	5.000	5.000	2018	
181	MLT	NGDP_RPCH	Malta	Gross domestic product, constant prices	Annual percentages of constant price GDP are year-on-year changes; the base year is country-specific. Expenditure-based GDP is total final expenditures at purchasers' prices (including the f.o.b. value of exports of goods and services), less the f.o.b. value of imports of goods and services. [SNA 1993]	Percent change		See notes for:  Gross domestic product, constant prices (National currency).	n/a	n/a	n/a	n/a	n/a	n/a	n/a	n/a	n/a	n/a	n/a	n/a	n/a	n/a	n/a	n/a	n/a	n/a	n/a	n/a	n/a	-1.175	2.565	4.074	0.140	3.384	2.510	4.775	3.826	-1.134	5.544	0.467	4.118	5.473	7.634	9.608	3.891	8.015	5.179	4.920	-7.917	4.804	5.547	4.618	4.546	4.515	2019	
867	MHL	NGDP_RPCH	Marshall Islands	Gross domestic product, constant prices	Annual percentages of constant price GDP are year-on-year changes; the base year is country-specific. Expenditure-based GDP is total final expenditures at purchasers' prices (including the f.o.b. value of exports of goods and services), less the f.o.b. value of imports of goods and services. [SNA 1993]	Percent change		See notes for:  Gross domestic product, constant prices (National currency).	n/a	n/a	n/a	n/a	n/a	n/a	n/a	n/a	n/a	n/a	n/a	n/a	n/a	n/a	n/a	n/a	n/a	n/a	-0.819	-1.255	1.354	6.826	3.741	-1.616	0.949	2.285	0.668	2.769	-6.753	1.444	7.555	-0.756	-2.370	3.718	-0.940	1.591	1.307	4.057	3.625	5.309	-4.500	-0.900	3.500	2.300	2.000	1.800	2018	
682	MRT	NGDP_RPCH	Mauritania	Gross domestic product, constant prices	Annual percentages of constant price GDP are year-on-year changes; the base year is country-specific. Expenditure-based GDP is total final expenditures at purchasers' prices (including the f.o.b. value of exports of goods and services), less the f.o.b. value of imports of goods and services. [SNA 1993]	Percent change		See notes for:  Gross domestic product, constant prices (National currency).	n/a	n/a	n/a	n/a	n/a	n/a	n/a	n/a	n/a	n/a	n/a	--	1.772	5.874	-3.061	9.820	5.819	-4.045	2.778	7.713	-3.918	-0.799	1.381	6.928	4.733	8.566	18.333	-1.969	-0.331	0.098	2.620	4.173	4.470	4.151	4.275	5.376	1.261	3.497	2.115	5.861	-3.229	2.031	4.167	6.076	5.229	4.284	2018	
684	MUS	NGDP_RPCH	Mauritius	Gross domestic product, constant prices	Annual percentages of constant price GDP are year-on-year changes; the base year is country-specific. Expenditure-based GDP is total final expenditures at purchasers' prices (including the f.o.b. value of exports of goods and services), less the f.o.b. value of imports of goods and services. [SNA 1993]	Percent change		See notes for:  Gross domestic product, constant prices (National currency).	-10.060	5.882	5.497	0.384	4.775	6.876	9.742	10.163	6.791	4.465	7.187	4.435	6.513	5.082	4.136	4.288	5.588	5.687	6.072	2.611	8.192	3.214	1.627	5.984	4.299	1.453	4.514	5.727	5.387	3.315	4.377	4.077	3.496	3.360	3.745	3.553	3.838	3.814	3.760	3.015	-14.200	9.900	6.500	4.200	3.500	3.300	2018	
273	MEX	NGDP_RPCH	Mexico	Gross domestic product, constant prices	Annual percentages of constant price GDP are year-on-year changes; the base year is country-specific. Expenditure-based GDP is total final expenditures at purchasers' prices (including the f.o.b. value of exports of goods and services), less the f.o.b. value of imports of goods and services. [SNA 1993]	Percent change		See notes for:  Gross domestic product, constant prices (National currency).	9.482	8.526	-0.521	-3.486	3.411	2.188	-3.079	1.722	1.283	4.106	5.176	4.215	3.541	2.738	4.941	-6.291	6.773	6.847	5.164	2.754	4.942	-0.404	-0.040	1.446	3.921	2.308	4.495	2.291	1.144	-5.286	5.118	3.663	3.642	1.354	2.850	3.293	2.631	2.113	2.202	-0.304	-8.954	3.530	2.258	2.152	2.100	2.115	2019	
868	FSM	NGDP_RPCH	Micronesia	Gross domestic product, constant prices	Annual percentages of constant price GDP are year-on-year changes; the base year is country-specific. Expenditure-based GDP is total final expenditures at purchasers' prices (including the f.o.b. value of exports of goods and services), less the f.o.b. value of imports of goods and services. [SNA 1993]	Percent change		See notes for:  Gross domestic product, constant prices (National currency).	n/a	n/a	n/a	n/a	n/a	n/a	n/a	n/a	n/a	n/a	n/a	n/a	n/a	n/a	n/a	n/a	-3.087	-6.061	2.746	1.527	4.860	2.089	0.613	1.606	-3.137	2.058	-0.115	-1.939	-2.194	1.031	2.259	3.189	-1.867	-3.680	-2.306	4.622	0.900	2.682	0.212	1.200	-3.778	1.187	0.600	0.600	0.600	0.600	2018	
921	MDA	NGDP_RPCH	Moldova	Gross domestic product, constant prices	Annual percentages of constant price GDP are year-on-year changes; the base year is country-specific. Expenditure-based GDP is total final expenditures at purchasers' prices (including the f.o.b. value of exports of goods and services), less the f.o.b. value of imports of goods and services. [SNA 1993]	Percent change		See notes for:  Gross domestic product, constant prices (National currency).	n/a	n/a	n/a	n/a	n/a	n/a	n/a	n/a	n/a	n/a	n/a	n/a	n/a	-1.200	-30.900	-1.428	-5.900	1.600	-6.500	-3.400	2.100	6.100	7.800	6.600	7.400	7.500	4.800	3.000	7.800	-6.000	7.100	5.818	-0.590	9.044	5.000	-0.338	4.409	4.691	4.002	3.580	-4.500	4.100	4.000	4.200	4.200	4.200	2019	
948	MNG	NGDP_RPCH	Mongolia	Gross domestic product, constant prices	Annual percentages of constant price GDP are year-on-year changes; the base year is country-specific. Expenditure-based GDP is total final expenditures at purchasers' prices (including the f.o.b. value of exports of goods and services), less the f.o.b. value of imports of goods and services. [SNA 1993]	Percent change		See notes for:  Gross domestic product, constant prices (National currency).	6.443	8.376	8.331	5.792	5.914	5.679	9.426	3.542	5.146	4.183	-2.486	-9.199	-9.256	-3.169	2.134	6.376	2.235	3.897	3.340	3.070	1.146	4.639	5.267	7.357	9.425	6.507	8.163	8.757	7.819	-2.069	7.313	17.291	12.320	11.649	7.885	2.380	1.168	5.337	7.247	5.099	-2.000	6.000	5.500	5.000	5.000	4.500	2019	
943	MNE	NGDP_RPCH	Montenegro	Gross domestic product, constant prices	Annual percentages of constant price GDP are year-on-year changes; the base year is country-specific. Expenditure-based GDP is total final expenditures at purchasers' prices (including the f.o.b. value of exports of goods and services), less the f.o.b. value of imports of goods and services. [SNA 1993]	Percent change		See notes for:  Gross domestic product, constant prices (National currency).	n/a	n/a	n/a	n/a	n/a	n/a	n/a	n/a	n/a	n/a	n/a	n/a	n/a	n/a	n/a	n/a	n/a	n/a	n/a	n/a	n/a	1.100	1.900	2.500	4.400	4.200	8.600	6.800	7.200	-5.800	2.700	3.200	-2.724	3.549	1.784	3.390	2.949	4.716	5.078	3.594	-12.002	5.500	4.200	3.100	3.000	3.000	2019	
686	MAR	NGDP_RPCH	Morocco	Gross domestic product, constant prices	Annual percentages of constant price GDP are year-on-year changes; the base year is country-specific. Expenditure-based GDP is total final expenditures at purchasers' prices (including the f.o.b. value of exports of goods and services), less the f.o.b. value of imports of goods and services. [SNA 1993]	Percent change		See notes for:  Gross domestic product, constant prices (National currency).	3.792	-2.765	9.619	-0.557	4.337	6.324	8.300	-2.544	10.415	2.366	4.035	7.216	-2.098	-0.741	10.588	-5.405	12.373	-1.561	7.239	1.081	1.913	7.320	3.121	5.961	4.797	3.292	7.575	3.532	5.923	4.244	3.816	5.246	3.010	4.535	2.669	4.550	1.047	4.235	2.990	2.203	-6.971	4.922	3.545	3.650	3.683	3.740	2019	
688	MOZ	NGDP_RPCH	Mozambique	Gross domestic product, constant prices	Annual percentages of constant price GDP are year-on-year changes; the base year is country-specific. Expenditure-based GDP is total final expenditures at purchasers' prices (including the f.o.b. value of exports of goods and services), less the f.o.b. value of imports of goods and services. [SNA 1993]	Percent change		See notes for:  Gross domestic product, constant prices (National currency).	4.228	5.000	-6.900	-15.700	-6.500	1.000	-2.300	14.700	8.200	6.500	1.000	6.552	-6.102	10.589	6.536	2.254	11.205	11.300	9.927	11.702	1.189	12.090	9.290	6.926	7.930	6.638	9.702	7.732	7.289	6.314	6.488	7.404	7.258	6.964	7.399	6.723	3.824	3.741	3.444	2.284	-0.500	2.100	4.700	8.623	11.015	11.212	2019	
518	MMR	NGDP_RPCH	Myanmar	Gross domestic product, constant prices	Annual percentages of constant price GDP are year-on-year changes; the base year is country-specific. Expenditure-based GDP is total final expenditures at purchasers' prices (including the f.o.b. value of exports of goods and services), less the f.o.b. value of imports of goods and services. [SNA 1993]	Percent change		See notes for:  Gross domestic product, constant prices (National currency).	n/a	n/a	n/a	n/a	n/a	n/a	n/a	n/a	n/a	n/a	n/a	n/a	n/a	n/a	n/a	n/a	n/a	n/a	n/a	8.432	12.418	12.468	9.928	13.196	15.318	13.567	13.307	12.500	7.558	4.385	5.247	5.471	6.486	7.899	8.200	7.473	6.408	5.750	6.405	6.500	1.994	5.652	6.224	6.382	6.462	6.502	2019	
728	NAM	NGDP_RPCH	Namibia	Gross domestic product, constant prices	Annual percentages of constant price GDP are year-on-year changes; the base year is country-specific. Expenditure-based GDP is total final expenditures at purchasers' prices (including the f.o.b. value of exports of goods and services), less the f.o.b. value of imports of goods and services. [SNA 1993]	Percent change		See notes for:  Gross domestic product, constant prices (National currency).	n/a	n/a	n/a	n/a	n/a	n/a	n/a	n/a	n/a	n/a	n/a	5.343	9.270	-1.620	3.005	4.115	3.196	4.216	3.291	3.366	3.497	2.393	6.680	3.477	6.632	4.670	3.948	3.646	2.650	0.296	6.039	5.091	5.062	5.615	5.758	4.527	-0.281	-0.256	0.698	-0.954	-5.855	3.435	3.595	3.173	2.659	2.659	2019	
836	NRU	NGDP_RPCH	Nauru	Gross domestic product, constant prices	Annual percentages of constant price GDP are year-on-year changes; the base year is country-specific. Expenditure-based GDP is total final expenditures at purchasers' prices (including the f.o.b. value of exports of goods and services), less the f.o.b. value of imports of goods and services. [SNA 1993]	Percent change		See notes for:  Gross domestic product, constant prices (National currency).	n/a	n/a	n/a	n/a	n/a	n/a	n/a	n/a	n/a	n/a	n/a	n/a	n/a	n/a	n/a	n/a	n/a	n/a	n/a	n/a	n/a	n/a	n/a	n/a	n/a	-0.356	8.329	-22.185	20.381	9.086	11.113	10.778	10.367	30.969	27.229	3.418	3.020	-5.496	5.703	0.959	0.706	1.250	0.898	0.779	0.552	0.549	2019	
558	NPL	NGDP_RPCH	Nepal	Gross domestic product, constant prices	Annual percentages of constant price GDP are year-on-year changes; the base year is country-specific. Expenditure-based GDP is total final expenditures at purchasers' prices (including the f.o.b. value of exports of goods and services), less the f.o.b. value of imports of goods and services. [SNA 1993]	Percent change		See notes for:  Gross domestic product, constant prices (National currency).	-2.320	8.341	3.780	-2.978	9.681	6.145	4.566	1.700	7.697	4.328	4.635	6.366	4.108	3.847	8.219	3.468	5.338	5.261	2.943	4.483	6.116	5.629	0.120	3.945	4.683	3.479	3.365	3.412	6.105	4.533	4.816	3.422	4.781	4.129	5.989	3.323	0.589	8.223	6.658	7.051	0.020	2.494	5.971	5.233	5.042	5.019	2019	
138	NLD	NGDP_RPCH	Netherlands	Gross domestic product, constant prices	Annual percentages of constant price GDP are year-on-year changes; the base year is country-specific. Expenditure-based GDP is total final expenditures at purchasers' prices (including the f.o.b. value of exports of goods and services), less the f.o.b. value of imports of goods and services. [SNA 1993]	Percent change		See notes for:  Gross domestic product, constant prices (National currency).	n/a	-0.514	-1.283	1.758	3.118	2.656	3.126	1.850	4.585	4.481	4.178	2.451	1.589	1.264	3.009	2.773	3.494	4.328	4.668	5.032	4.199	2.328	0.217	0.158	1.983	2.047	3.462	3.772	2.172	-3.667	1.341	1.550	-1.031	-0.127	1.424	1.958	2.192	2.911	2.361	1.677	-5.400	4.047	2.016	1.677	1.536	1.538	2019	
196	NZL	NGDP_RPCH	New Zealand	Gross domestic product, constant prices	Annual percentages of constant price GDP are year-on-year changes; the base year is country-specific. Expenditure-based GDP is total final expenditures at purchasers' prices (including the f.o.b. value of exports of goods and services), less the f.o.b. value of imports of goods and services. [SNA 1993]	Percent change		See notes for:  Gross domestic product, constant prices (National currency).	1.009	2.961	2.878	-0.124	6.858	1.213	1.810	2.436	0.555	1.497	1.055	-2.159	0.871	4.876	6.669	4.334	3.728	3.017	0.758	4.468	4.118	2.200	5.116	4.574	4.435	2.563	2.741	3.956	-0.403	0.333	2.037	1.903	2.530	2.203	3.189	4.114	4.195	3.799	3.213	2.221	-6.066	4.356	2.600	2.553	2.491	2.478	2019	
278	NIC	NGDP_RPCH	Nicaragua	Gross domestic product, constant prices	Annual percentages of constant price GDP are year-on-year changes; the base year is country-specific. Expenditure-based GDP is total final expenditures at purchasers' prices (including the f.o.b. value of exports of goods and services), less the f.o.b. value of imports of goods and services. [SNA 1993]	Percent change		See notes for:  Gross domestic product, constant prices (National currency).	4.612	5.361	-0.817	4.615	-1.566	-4.084	-1.015	-0.706	-12.400	-1.694	-0.132	-0.154	0.400	-0.400	5.000	5.912	6.344	3.967	3.712	7.036	4.102	2.961	0.754	2.521	5.312	4.282	3.805	5.076	3.436	-3.293	4.410	6.317	6.496	4.927	4.785	4.792	4.563	4.631	-3.950	-3.879	-5.540	-0.500	2.700	2.000	1.800	2.100	2019	
692	NER	NGDP_RPCH	Niger	Gross domestic product, constant prices	Annual percentages of constant price GDP are year-on-year changes; the base year is country-specific. Expenditure-based GDP is total final expenditures at purchasers' prices (including the f.o.b. value of exports of goods and services), less the f.o.b. value of imports of goods and services. [SNA 1993]	Percent change		See notes for:  Gross domestic product, constant prices (National currency).	4.886	-0.178	2.174	-3.864	-16.820	7.718	6.352	0.088	6.871	0.957	-1.308	-0.439	2.001	0.322	1.855	2.457	0.101	1.527	9.973	-0.220	-1.208	7.268	4.918	2.171	0.364	7.332	5.931	3.143	7.731	1.963	8.578	2.358	10.549	5.315	6.642	4.393	5.709	4.999	7.219	5.903	0.499	6.912	12.841	11.369	6.575	6.016	2019	
694	NGA	NGDP_RPCH	Nigeria	Gross domestic product, constant prices	Annual percentages of constant price GDP are year-on-year changes; the base year is country-specific. Expenditure-based GDP is total final expenditures at purchasers' prices (including the f.o.b. value of exports of goods and services), less the f.o.b. value of imports of goods and services. [SNA 1993]	Percent change		See notes for:  Gross domestic product, constant prices (National currency).	n/a	n/a	n/a	n/a	n/a	n/a	n/a	n/a	n/a	n/a	n/a	-0.552	2.193	1.569	0.257	1.872	4.052	2.886	2.496	0.522	5.518	6.667	14.604	9.503	10.442	7.008	6.726	7.318	7.199	8.353	11.259	4.887	4.279	5.394	6.310	2.653	-1.617	0.806	1.923	2.208	-4.278	1.698	2.522	2.514	2.521	2.513	2019	
962	MKD	NGDP_RPCH	North Macedonia	Gross domestic product, constant prices	Annual percentages of constant price GDP are year-on-year changes; the base year is country-specific. Expenditure-based GDP is total final expenditures at purchasers' prices (including the f.o.b. value of exports of goods and services), less the f.o.b. value of imports of goods and services. [SNA 1993]	Percent change		See notes for:  Gross domestic product, constant prices (National currency).	n/a	n/a	n/a	n/a	n/a	n/a	n/a	n/a	n/a	n/a	n/a	n/a	n/a	-7.500	-1.800	-1.100	1.200	1.351	3.381	4.348	4.539	-3.067	1.494	2.223	4.674	4.724	5.137	6.473	5.472	-0.359	3.359	2.340	-0.456	2.925	3.629	3.856	2.848	1.082	2.720	3.551	-5.400	5.500	4.500	4.040	3.800	3.540	2019	
142	NOR	NGDP_RPCH	Norway	Gross domestic product, constant prices	Annual percentages of constant price GDP are year-on-year changes; the base year is country-specific. Expenditure-based GDP is total final expenditures at purchasers' prices (including the f.o.b. value of exports of goods and services), less the f.o.b. value of imports of goods and services. [SNA 1993]	Percent change		See notes for:  Gross domestic product, constant prices (National currency).	4.515	1.598	0.235	3.973	6.052	5.553	4.042	1.753	-0.255	1.038	1.932	3.085	3.574	2.845	5.055	4.155	5.028	5.285	2.624	2.013	3.205	2.075	1.446	0.910	3.969	2.625	2.400	2.994	0.476	-1.727	0.702	0.981	2.703	1.034	1.969	1.967	1.072	2.323	1.290	1.155	-2.834	3.559	2.954	2.325	1.840	1.833	2018	
449	OMN	NGDP_RPCH	Oman	Gross domestic product, constant prices	Annual percentages of constant price GDP are year-on-year changes; the base year is country-specific. Expenditure-based GDP is total final expenditures at purchasers' prices (including the f.o.b. value of exports of goods and services), less the f.o.b. value of imports of goods and services. [SNA 1993]	Percent change		See notes for:  Gross domestic product, constant prices (National currency).	6.079	17.096	11.501	15.947	13.904	14.523	2.145	-3.992	5.245	2.983	8.378	6.044	8.492	6.144	3.845	4.831	2.889	6.178	2.704	0.332	6.549	4.483	-1.101	-2.667	1.291	2.490	5.373	4.452	8.201	6.112	1.956	2.565	9.104	5.103	1.423	4.658	4.897	0.346	0.919	-0.825	-10.004	-0.545	11.041	3.534	3.474	3.055	2019	
564	PAK	NGDP_RPCH	Pakistan	Gross domestic product, constant prices	Annual percentages of constant price GDP are year-on-year changes; the base year is country-specific. Expenditure-based GDP is total final expenditures at purchasers' prices (including the f.o.b. value of exports of goods and services), less the f.o.b. value of imports of goods and services. [SNA 1993]	Percent change		See notes for:  Gross domestic product, constant prices (National currency).	6.912	6.208	7.562	6.788	3.973	8.708	6.363	5.811	6.436	4.808	4.589	5.127	7.569	2.097	4.369	5.062	6.599	1.703	3.494	4.182	3.908	1.967	3.112	4.726	7.483	8.958	5.818	5.537	4.988	0.361	2.581	3.624	3.837	3.683	4.053	4.058	4.563	5.219	5.534	1.911	-0.385	1.021	4.046	4.524	4.995	5.024	2020	
565	PLW	NGDP_RPCH	Palau	Gross domestic product, constant prices	Annual percentages of constant price GDP are year-on-year changes; the base year is country-specific. Expenditure-based GDP is total final expenditures at purchasers' prices (including the f.o.b. value of exports of goods and services), less the f.o.b. value of imports of goods and services. [SNA 1993]	Percent change		See notes for:  Gross domestic product, constant prices (National currency).	n/a	n/a	n/a	n/a	n/a	n/a	n/a	n/a	n/a	n/a	n/a	n/a	n/a	n/a	n/a	n/a	n/a	n/a	n/a	n/a	n/a	6.440	3.579	-3.263	4.856	3.960	-0.406	0.988	-5.414	-5.920	0.111	5.076	1.606	-1.738	5.963	5.040	-0.444	-1.972	5.815	-1.769	-11.400	-7.400	10.300	11.900	1.800	2.000	2019	
283	PAN	NGDP_RPCH	Panama	Gross domestic product, constant prices	Annual percentages of constant price GDP are year-on-year changes; the base year is country-specific. Expenditure-based GDP is total final expenditures at purchasers' prices (including the f.o.b. value of exports of goods and services), less the f.o.b. value of imports of goods and services. [SNA 1993]	Percent change		See notes for:  Gross domestic product, constant prices (National currency).	4.500	9.207	5.348	-4.491	2.709	4.942	3.568	-1.809	-13.380	1.562	8.099	9.418	8.203	5.456	2.849	1.752	7.371	6.480	7.332	3.878	2.737	0.558	2.247	4.226	7.508	7.181	8.541	12.111	9.856	1.243	5.828	11.314	9.779	6.903	5.067	5.733	4.953	5.599	3.692	3.006	-8.995	4.000	5.000	5.000	5.000	5.000	2019	
853	PNG	NGDP_RPCH	Papua New Guinea	Gross domestic product, constant prices	Annual percentages of constant price GDP are year-on-year changes; the base year is country-specific. Expenditure-based GDP is total final expenditures at purchasers' prices (including the f.o.b. value of exports of goods and services), less the f.o.b. value of imports of goods and services. [SNA 1993]	Percent change		See notes for:  Gross domestic product, constant prices (National currency).	-2.309	1.149	0.832	3.438	-0.983	3.578	5.654	2.762	2.909	-1.424	-3.132	9.568	13.827	13.334	10.492	-3.446	6.599	-6.343	4.682	1.856	-2.494	-0.123	-0.159	9.046	0.578	4.252	2.537	7.815	-0.296	6.800	10.128	1.108	4.657	3.825	13.544	9.484	4.078	3.538	-0.850	4.933	-3.276	1.187	2.871	3.016	2.763	3.164	2015	
288	PRY	NGDP_RPCH	Paraguay	Gross domestic product, constant prices	Annual percentages of constant price GDP are year-on-year changes; the base year is country-specific. Expenditure-based GDP is total final expenditures at purchasers' prices (including the f.o.b. value of exports of goods and services), less the f.o.b. value of imports of goods and services. [SNA 1993]	Percent change		See notes for:  Gross domestic product, constant prices (National currency).	11.712	9.170	-1.398	-3.043	2.817	3.872	0.263	4.072	5.881	5.817	4.120	3.490	1.696	4.936	5.318	6.823	1.574	4.243	0.068	-1.366	-2.314	-0.834	-0.021	4.321	4.057	2.133	4.807	5.422	6.359	-0.258	11.144	4.249	-0.539	8.417	4.861	3.080	4.313	4.954	3.356	-0.030	-4.000	5.500	5.000	4.200	4.100	4.000	2018	
293	PER	NGDP_RPCH	Peru	Gross domestic product, constant prices	Annual percentages of constant price GDP are year-on-year changes; the base year is country-specific. Expenditure-based GDP is total final expenditures at purchasers' prices (including the f.o.b. value of exports of goods and services), less the f.o.b. value of imports of goods and services. [SNA 1993]	Percent change		See notes for:  Gross domestic product, constant prices (National currency).	7.661	5.461	-0.324	-9.329	3.801	2.089	12.106	7.738	-9.422	-13.422	-5.090	2.219	-0.541	5.244	12.308	7.411	2.799	6.476	-0.392	1.495	2.695	0.617	5.454	4.165	4.959	6.285	7.529	8.518	9.143	1.049	8.451	6.452	5.951	5.837	2.394	3.274	4.050	2.475	3.969	2.175	-13.941	7.287	5.003	4.887	3.911	3.797	2019	
566	PHL	NGDP_RPCH	Philippines	Gross domestic product, constant prices	Annual percentages of constant price GDP are year-on-year changes; the base year is country-specific. Expenditure-based GDP is total final expenditures at purchasers' prices (including the f.o.b. value of exports of goods and services), less the f.o.b. value of imports of goods and services. [SNA 1993]	Percent change		See notes for:  Gross domestic product, constant prices (National currency).	5.149	3.423	3.619	1.875	-7.324	-7.307	3.417	4.312	6.753	6.205	3.037	-0.439	0.374	2.104	4.235	4.490	5.752	5.061	-0.630	3.324	3.851	3.049	3.716	5.087	6.569	4.942	5.316	6.519	4.344	1.448	7.335	3.858	6.897	6.751	6.348	6.348	7.149	6.931	6.341	6.041	-8.262	7.411	6.447	6.469	6.459	6.478	2019	
964	POL	NGDP_RPCH	Poland	Gross domestic product, constant prices	Annual percentages of constant price GDP are year-on-year changes; the base year is country-specific. Expenditure-based GDP is total final expenditures at purchasers' prices (including the f.o.b. value of exports of goods and services), less the f.o.b. value of imports of goods and services. [SNA 1993]	Percent change		See notes for:  Gross domestic product, constant prices (National currency).	-6.000	-10.000	-4.846	5.600	-0.366	3.862	3.494	2.302	3.285	3.812	-7.171	-7.005	2.033	4.287	5.239	6.728	6.239	7.086	4.982	4.524	4.260	1.205	1.443	3.562	5.136	3.493	6.179	7.035	4.250	2.820	3.608	5.017	1.608	1.392	3.318	3.839	3.064	4.938	5.349	4.147	-3.560	4.599	4.518	3.668	2.923	2.368	2019	
182	PRT	NGDP_RPCH	Portugal	Gross domestic product, constant prices	Annual percentages of constant price GDP are year-on-year changes; the base year is country-specific. Expenditure-based GDP is total final expenditures at purchasers' prices (including the f.o.b. value of exports of goods and services), less the f.o.b. value of imports of goods and services. [SNA 1993]	Percent change		See notes for:  Gross domestic product, constant prices (National currency).	6.725	3.523	2.163	0.972	-1.042	1.636	3.320	7.632	5.340	6.649	7.859	3.370	3.130	-0.687	1.489	2.307	3.504	4.401	4.808	3.907	3.816	1.944	0.771	-0.931	1.789	0.782	1.625	2.507	0.319	-3.122	1.738	-1.696	-4.057	-0.923	0.792	1.792	2.019	3.506	2.637	2.165	-10.002	6.500	4.800	2.900	2.000	1.700	2019	
359	PRI	NGDP_RPCH	Puerto Rico	Gross domestic product, constant prices	Annual percentages of constant price GDP are year-on-year changes; the base year is country-specific. Expenditure-based GDP is total final expenditures at purchasers' prices (including the f.o.b. value of exports of goods and services), less the f.o.b. value of imports of goods and services. [SNA 1993]	Percent change		See notes for:  Gross domestic product, constant prices (National currency).	n/a	1.070	-3.049	0.468	7.318	2.061	8.163	4.917	6.508	4.940	3.781	2.304	4.564	4.645	4.186	4.549	2.314	4.880	6.518	4.413	3.272	9.468	2.170	2.341	1.987	-1.987	-1.410	-1.162	-1.844	-1.952	-0.413	-0.359	0.029	-0.307	-1.190	-1.049	-1.263	-2.657	-4.906	2.000	-7.500	1.500	0.700	0.000	-0.300	-0.300	2018	
453	QAT	NGDP_RPCH	Qatar	Gross domestic product, constant prices	Annual percentages of constant price GDP are year-on-year changes; the base year is country-specific. Expenditure-based GDP is total final expenditures at purchasers' prices (including the f.o.b. value of exports of goods and services), less the f.o.b. value of imports of goods and services. [SNA 1993]	Percent change		See notes for:  Gross domestic product, constant prices (National currency).	-1.016	-3.894	-8.210	-5.329	15.988	-13.031	3.706	0.900	4.700	5.300	-14.644	-1.524	10.424	-0.891	1.929	0.361	4.229	27.745	10.253	3.767	6.946	4.500	6.873	3.987	19.225	7.792	28.082	18.191	17.494	13.063	17.746	11.303	4.730	5.556	5.334	4.753	3.064	-1.498	1.235	0.775	-4.483	2.521	3.877	1.998	2.577	2.472	2019	
968	ROU	NGDP_RPCH	Romania	Gross domestic product, constant prices	Annual percentages of constant price GDP are year-on-year changes; the base year is country-specific. Expenditure-based GDP is total final expenditures at purchasers' prices (including the f.o.b. value of exports of goods and services), less the f.o.b. value of imports of goods and services. [SNA 1993]	Percent change		See notes for:  Gross domestic product, constant prices (National currency).	3.304	0.100	3.900	6.000	6.000	-0.100	2.400	0.800	-0.500	-5.800	-5.612	-12.927	-8.766	1.528	3.932	7.138	3.948	-6.053	-4.818	-1.150	2.921	5.218	5.703	2.341	10.428	4.668	8.029	7.234	9.307	-5.517	-3.901	2.007	2.077	3.515	3.411	3.872	4.801	7.111	4.437	4.080	-4.801	4.573	3.880	3.759	3.646	3.505	2019	
922	RUS	NGDP_RPCH	Russia	Gross domestic product, constant prices	Annual percentages of constant price GDP are year-on-year changes; the base year is country-specific. Expenditure-based GDP is total final expenditures at purchasers' prices (including the f.o.b. value of exports of goods and services), less the f.o.b. value of imports of goods and services. [SNA 1993]	Percent change		See notes for:  Gross domestic product, constant prices (National currency).	n/a	n/a	n/a	n/a	n/a	n/a	n/a	n/a	n/a	n/a	n/a	n/a	n/a	-8.700	-12.700	-4.100	-3.608	1.382	-5.345	6.351	10.046	5.090	4.744	7.349	7.176	6.376	8.154	8.535	5.248	-7.821	4.503	5.066	4.024	1.755	0.736	-1.973	0.194	1.826	2.536	1.342	-4.116	2.816	2.349	2.145	2.045	1.795	2019	
714	RWA	NGDP_RPCH	Rwanda	Gross domestic product, constant prices	Annual percentages of constant price GDP are year-on-year changes; the base year is country-specific. Expenditure-based GDP is total final expenditures at purchasers' prices (including the f.o.b. value of exports of goods and services), less the f.o.b. value of imports of goods and services. [SNA 1993]	Percent change		See notes for:  Gross domestic product, constant prices (National currency).	-3.576	2.472	-2.468	6.035	12.974	4.388	5.501	-0.295	0.296	-5.706	0.419	-4.300	6.600	-10.378	-41.890	24.541	11.596	14.900	8.340	3.308	12.436	5.863	12.832	-2.859	7.654	9.438	14.990	6.960	1.710	8.588	5.970	9.024	8.595	5.890	7.803	8.873	5.973	3.987	8.578	9.397	1.985	6.315	7.956	8.581	7.080	6.068	2018	
862	WSM	NGDP_RPCH	Samoa	Gross domestic product, constant prices	Annual percentages of constant price GDP are year-on-year changes; the base year is country-specific. Expenditure-based GDP is total final expenditures at purchasers' prices (including the f.o.b. value of exports of goods and services), less the f.o.b. value of imports of goods and services. [SNA 1993]	Percent change		See notes for:  Gross domestic product, constant prices (National currency).	-6.123	-9.056	-1.014	0.485	1.980	5.826	4.790	0.509	2.871	5.819	-6.444	-2.443	4.135	1.683	6.390	6.556	7.274	0.803	1.100	-0.636	5.093	7.390	5.652	5.213	3.087	6.639	2.132	0.486	3.556	-0.542	2.551	4.173	-4.089	-0.419	0.078	4.272	8.054	1.016	-2.168	3.549	-4.997	-1.519	2.658	2.178	2.178	2.178	2019	
135	SMR	NGDP_RPCH	San Marino	Gross domestic product, constant prices	Annual percentages of constant price GDP are year-on-year changes; the base year is country-specific. Expenditure-based GDP is total final expenditures at purchasers' prices (including the f.o.b. value of exports of goods and services), less the f.o.b. value of imports of goods and services. [SNA 1993]	Percent change		See notes for:  Gross domestic product, constant prices (National currency).	n/a	n/a	n/a	n/a	n/a	n/a	n/a	n/a	n/a	n/a	n/a	n/a	n/a	n/a	n/a	n/a	n/a	n/a	7.520	8.998	2.203	5.539	0.315	3.900	4.565	2.426	3.826	7.103	-0.378	-10.134	-5.805	-8.522	-7.207	-0.817	-0.657	2.695	2.344	0.435	1.696	1.100	-11.000	5.670	2.940	1.446	0.562	0.500	2018	
716	STP	NGDP_RPCH	São Tomé and Príncipe	Gross domestic product, constant prices	Annual percentages of constant price GDP are year-on-year changes; the base year is country-specific. Expenditure-based GDP is total final expenditures at purchasers' prices (including the f.o.b. value of exports of goods and services), less the f.o.b. value of imports of goods and services. [SNA 1993]	Percent change		See notes for:  Gross domestic product, constant prices (National currency).	-1.080	-10.314	3.093	-3.874	-6.030	9.300	-5.832	-2.930	1.999	3.135	-2.153	1.201	0.700	1.100	2.200	2.000	1.500	0.996	2.500	2.500	0.448	2.400	2.377	6.573	3.832	7.094	9.116	3.254	8.186	2.426	6.672	4.398	3.142	4.815	6.550	3.798	4.172	3.871	3.028	1.302	-6.500	3.000	5.500	4.500	4.500	4.500	2019	
456	SAU	NGDP_RPCH	Saudi Arabia	Gross domestic product, constant prices	Annual percentages of constant price GDP are year-on-year changes; the base year is country-specific. Expenditure-based GDP is total final expenditures at purchasers' prices (including the f.o.b. value of exports of goods and services), less the f.o.b. value of imports of goods and services. [SNA 1993]	Percent change		See notes for:  Gross domestic product, constant prices (National currency).	5.652	1.943	-20.730	-16.051	-4.661	-9.795	17.013	-6.632	13.109	-0.503	15.193	15.008	3.988	-1.364	0.559	0.212	2.637	1.104	2.893	-3.763	5.625	-1.211	-2.819	11.242	7.958	5.574	2.788	1.847	6.250	-2.059	5.039	9.997	5.411	2.699	3.652	4.106	1.671	-0.742	2.434	0.331	-5.435	3.099	3.444	2.547	2.631	2.637	2019	
722	SEN	NGDP_RPCH	Senegal	Gross domestic product, constant prices	Annual percentages of constant price GDP are year-on-year changes; the base year is country-specific. Expenditure-based GDP is total final expenditures at purchasers' prices (including the f.o.b. value of exports of goods and services), less the f.o.b. value of imports of goods and services. [SNA 1993]	Percent change		See notes for:  Gross domestic product, constant prices (National currency).	-0.827	5.070	7.843	-5.326	3.746	3.283	3.113	6.094	-0.592	3.978	-0.676	2.556	1.243	1.301	-0.017	5.363	2.012	3.124	5.899	6.347	3.199	4.581	0.655	6.683	5.871	5.623	2.462	4.938	4.056	2.093	3.563	1.458	5.117	2.822	6.614	6.367	6.356	7.407	6.363	5.287	-0.689	5.246	6.008	12.414	8.146	6.028	2019	
942	SRB	NGDP_RPCH	Serbia	Gross domestic product, constant prices	Annual percentages of constant price GDP are year-on-year changes; the base year is country-specific. Expenditure-based GDP is total final expenditures at purchasers' prices (including the f.o.b. value of exports of goods and services), less the f.o.b. value of imports of goods and services. [SNA 1993]	Percent change		See notes for:  Gross domestic product, constant prices (National currency).	n/a	n/a	n/a	n/a	n/a	n/a	n/a	n/a	n/a	n/a	n/a	n/a	n/a	n/a	n/a	n/a	n/a	n/a	n/a	-12.147	7.759	4.993	7.116	4.415	9.047	10.154	5.108	6.440	5.656	-2.732	0.731	2.036	-0.682	2.893	-1.590	1.776	3.340	2.049	4.392	4.187	-2.468	5.478	6.035	4.508	4.027	4.017	2019	
718	SYC	NGDP_RPCH	Seychelles	Gross domestic product, constant prices	Annual percentages of constant price GDP are year-on-year changes; the base year is country-specific. Expenditure-based GDP is total final expenditures at purchasers' prices (including the f.o.b. value of exports of goods and services), less the f.o.b. value of imports of goods and services. [SNA 1993]	Percent change		See notes for:  Gross domestic product, constant prices (National currency).	-2.253	-3.877	-2.071	-0.616	4.306	10.294	0.762	4.875	5.326	10.286	7.455	2.760	7.173	7.303	-2.437	0.485	9.998	12.194	2.467	1.872	4.253	-2.271	1.213	-5.887	-2.850	9.006	9.406	10.418	-2.141	-1.107	5.945	5.379	3.680	6.018	4.531	4.911	4.563	4.376	3.754	3.901	-13.778	4.172	5.550	4.828	4.173	3.961	2017	
724	SLE	NGDP_RPCH	Sierra Leone	Gross domestic product, constant prices	Annual percentages of constant price GDP are year-on-year changes; the base year is country-specific. Expenditure-based GDP is total final expenditures at purchasers' prices (including the f.o.b. value of exports of goods and services), less the f.o.b. value of imports of goods and services. [SNA 1993]	Percent change		See notes for:  Gross domestic product, constant prices (National currency).	-0.560	1.878	1.780	-1.576	1.700	-6.740	0.132	2.382	2.058	4.952	1.611	-7.993	-9.646	0.054	3.500	-10.025	-24.787	-17.596	-0.837	-8.122	3.807	18.170	26.425	9.327	6.598	4.505	4.224	8.058	5.400	3.187	5.347	6.312	15.178	20.720	4.555	-20.493	6.354	3.771	3.458	5.351	-3.085	2.742	4.235	4.542	4.497	4.608	2018	
576	SGP	NGDP_RPCH	Singapore	Gross domestic product, constant prices	Annual percentages of constant price GDP are year-on-year changes; the base year is country-specific. Expenditure-based GDP is total final expenditures at purchasers' prices (including the f.o.b. value of exports of goods and services), less the f.o.b. value of imports of goods and services. [SNA 1993]	Percent change		See notes for:  Gross domestic product, constant prices (National currency).	10.113	10.816	7.102	8.555	8.792	-0.623	1.343	10.798	11.264	10.159	9.821	6.689	6.640	11.463	11.098	7.201	7.471	8.320	-2.195	5.724	9.039	-1.069	3.915	4.536	9.820	7.359	9.005	9.022	1.868	0.121	14.526	6.338	4.462	4.837	3.938	2.989	3.243	4.337	3.438	0.733	-6.001	4.977	2.586	2.613	2.524	2.470	2019	
936	SVK	NGDP_RPCH	Slovak Republic	Gross domestic product, constant prices	Annual percentages of constant price GDP are year-on-year changes; the base year is country-specific. Expenditure-based GDP is total final expenditures at purchasers' prices (including the f.o.b. value of exports of goods and services), less the f.o.b. value of imports of goods and services. [SNA 1993]	Percent change		See notes for:  Gross domestic product, constant prices (National currency).	n/a	n/a	n/a	n/a	n/a	n/a	n/a	n/a	n/a	n/a	n/a	n/a	n/a	n/a	6.206	7.872	6.941	4.445	4.076	-0.106	1.167	3.254	4.510	5.499	5.279	6.623	8.493	10.832	5.575	-5.456	5.721	2.865	1.896	0.671	2.752	4.822	2.123	3.046	3.897	2.399	-7.086	6.900	4.786	3.763	2.775	2.464	2019	
961	SVN	NGDP_RPCH	Slovenia	Gross domestic product, constant prices	Annual percentages of constant price GDP are year-on-year changes; the base year is country-specific. Expenditure-based GDP is total final expenditures at purchasers' prices (including the f.o.b. value of exports of goods and services), less the f.o.b. value of imports of goods and services. [SNA 1993]	Percent change		See notes for:  Gross domestic product, constant prices (National currency).	n/a	n/a	n/a	n/a	n/a	n/a	n/a	n/a	n/a	n/a	n/a	n/a	n/a	2.800	5.300	4.100	3.602	5.050	3.279	5.333	3.673	3.216	3.506	2.960	4.359	3.798	5.746	6.980	3.510	-7.549	1.344	0.861	-2.639	-1.029	2.768	2.210	3.122	4.833	4.118	2.443	-6.700	5.200	3.448	2.845	2.645	2.348	2019	
813	SLB	NGDP_RPCH	Solomon Islands	Gross domestic product, constant prices	Annual percentages of constant price GDP are year-on-year changes; the base year is country-specific. Expenditure-based GDP is total final expenditures at purchasers' prices (including the f.o.b. value of exports of goods and services), less the f.o.b. value of imports of goods and services. [SNA 1993]	Percent change		See notes for:  Gross domestic product, constant prices (National currency).	-2.663	-1.797	-1.670	3.891	0.170	-3.132	-0.201	8.421	1.250	4.264	2.200	6.000	12.700	4.000	8.100	10.089	1.610	-0.914	1.292	-0.486	-14.277	-7.957	-2.800	6.523	6.667	5.526	4.874	4.442	5.806	2.569	8.616	7.267	1.865	5.332	1.050	1.417	5.873	5.347	3.943	1.193	-4.993	4.465	3.927	3.723	3.084	2.988	2019	
726	SOM	NGDP_RPCH	Somalia	Gross domestic product, constant prices	Annual percentages of constant price GDP are year-on-year changes; the base year is country-specific. Expenditure-based GDP is total final expenditures at purchasers' prices (including the f.o.b. value of exports of goods and services), less the f.o.b. value of imports of goods and services. [SNA 1993]	Percent change		See notes for:  Gross domestic product, constant prices (National currency).	n/a	n/a	n/a	n/a	n/a	n/a	n/a	n/a	n/a	n/a	n/a	n/a	n/a	n/a	n/a	n/a	n/a	n/a	n/a	n/a	n/a	n/a	n/a	n/a	n/a	n/a	n/a	n/a	n/a	n/a	n/a	n/a	1.200	1.860	2.354	3.460	2.894	1.385	2.800	2.900	-1.500	2.900	3.200	3.400	3.600	3.900	2019	
199	ZAF	NGDP_RPCH	South Africa	Gross domestic product, constant prices	Annual percentages of constant price GDP are year-on-year changes; the base year is country-specific. Expenditure-based GDP is total final expenditures at purchasers' prices (including the f.o.b. value of exports of goods and services), less the f.o.b. value of imports of goods and services. [SNA 1993]	Percent change		See notes for:  Gross domestic product, constant prices (National currency).	6.621	5.361	-0.383	-1.847	5.099	-1.211	0.018	2.101	4.200	2.395	-0.318	-1.018	-2.137	1.234	3.234	3.116	4.307	2.647	0.517	2.358	4.155	2.735	3.668	2.949	4.555	5.277	5.604	5.360	3.191	-1.538	3.040	3.284	2.213	2.485	1.847	1.194	0.399	1.415	0.787	0.153	-8.000	3.000	1.540	1.516	2.139	2.340	2019	
733	SSD	NGDP_RPCH	South Sudan	Gross domestic product, constant prices	Annual percentages of constant price GDP are year-on-year changes; the base year is country-specific. Expenditure-based GDP is total final expenditures at purchasers' prices (including the f.o.b. value of exports of goods and services), less the f.o.b. value of imports of goods and services. [SNA 1993]	Percent change		See notes for:  Gross domestic product, constant prices (National currency).	n/a	n/a	n/a	n/a	n/a	n/a	n/a	n/a	n/a	n/a	n/a	n/a	n/a	n/a	n/a	n/a	n/a	n/a	n/a	n/a	n/a	n/a	n/a	n/a	n/a	n/a	n/a	n/a	n/a	n/a	n/a	n/a	-52.429	29.329	2.918	-0.173	-13.475	-5.765	-1.931	0.870	4.111	-2.271	0.841	2.975	5.493	5.424	2018	
184	ESP	NGDP_RPCH	Spain	Gross domestic product, constant prices	Annual percentages of constant price GDP are year-on-year changes; the base year is country-specific. Expenditure-based GDP is total final expenditures at purchasers' prices (including the f.o.b. value of exports of goods and services), less the f.o.b. value of imports of goods and services. [SNA 1993]	Percent change		See notes for:  Gross domestic product, constant prices (National currency).	1.203	-0.408	1.239	1.652	1.698	2.362	3.432	5.709	5.285	5.004	3.847	2.525	0.851	-1.314	2.335	4.122	2.421	3.865	4.469	4.745	5.053	3.936	2.727	2.984	3.118	3.656	4.104	3.602	0.889	-3.769	0.168	-0.814	-2.958	-1.437	1.382	3.837	3.028	2.895	2.354	1.977	-12.830	7.154	4.464	3.371	2.760	1.450	2019	
524	LKA	NGDP_RPCH	Sri Lanka	Gross domestic product, constant prices	Annual percentages of constant price GDP are year-on-year changes; the base year is country-specific. Expenditure-based GDP is total final expenditures at purchasers' prices (including the f.o.b. value of exports of goods and services), less the f.o.b. value of imports of goods and services. [SNA 1993]	Percent change		See notes for:  Gross domestic product, constant prices (National currency).	5.847	5.345	5.233	3.314	6.725	4.957	4.281	1.454	2.698	2.250	6.174	10.821	-3.135	7.477	8.036	6.051	12.162	10.291	-1.646	2.879	8.418	-1.948	3.727	5.940	5.445	6.242	7.668	6.797	5.950	3.539	8.016	8.405	9.145	3.396	4.961	5.008	4.487	3.578	3.306	2.283	-4.554	5.268	4.961	4.647	4.657	4.785	2019	
361	KNA	NGDP_RPCH	St. Kitts and Nevis	Gross domestic product, constant prices	Annual percentages of constant price GDP are year-on-year changes; the base year is country-specific. Expenditure-based GDP is total final expenditures at purchasers' prices (including the f.o.b. value of exports of goods and services), less the f.o.b. value of imports of goods and services. [SNA 1993]	Percent change		See notes for:  Gross domestic product, constant prices (National currency).	1.278	2.702	6.112	-2.058	9.651	6.437	8.842	8.268	10.353	6.013	5.454	2.270	3.077	5.418	5.404	3.462	5.897	7.327	1.024	3.943	9.714	5.309	1.370	-3.936	3.996	9.734	3.150	0.601	6.120	-4.048	-0.608	1.827	-2.228	5.384	6.286	1.032	2.828	-1.978	2.924	2.842	-18.650	8.000	6.200	4.700	2.683	2.695	2019	
362	LCA	NGDP_RPCH	St. Lucia	Gross domestic product, constant prices	Annual percentages of constant price GDP are year-on-year changes; the base year is country-specific. Expenditure-based GDP is total final expenditures at purchasers' prices (including the f.o.b. value of exports of goods and services), less the f.o.b. value of imports of goods and services. [SNA 1993]	Percent change		See notes for:  Gross domestic product, constant prices (National currency).	-0.510	5.105	2.114	4.059	8.010	12.590	14.402	3.924	13.899	8.983	9.890	0.376	7.952	0.583	1.599	1.749	2.922	-0.694	6.286	2.670	0.049	-3.409	0.417	4.264	7.268	-0.411	6.233	1.943	4.884	-1.848	0.506	4.803	-0.348	-2.198	1.306	-0.202	3.762	3.489	2.639	1.729	-16.897	7.206	5.911	4.610	1.838	1.841	2018	
364	VCT	NGDP_RPCH	St. Vincent and the Grenadines	Gross domestic product, constant prices	Annual percentages of constant price GDP are year-on-year changes; the base year is country-specific. Expenditure-based GDP is total final expenditures at purchasers' prices (including the f.o.b. value of exports of goods and services), less the f.o.b. value of imports of goods and services. [SNA 1993]	Percent change		See notes for:  Gross domestic product, constant prices (National currency).	2.910	3.880	2.578	3.218	5.303	4.271	5.405	0.650	13.169	3.274	4.806	2.221	7.096	3.589	-1.165	6.798	1.060	3.741	4.459	2.107	1.806	1.710	6.321	7.690	4.156	2.488	7.688	3.343	1.584	-2.099	-3.353	-0.419	1.382	1.833	1.214	1.330	1.897	1.000	2.163	0.400	-6.989	3.679	3.566	3.598	2.740	2.738	2019	
732	SDN	NGDP_RPCH	Sudan	Gross domestic product, constant prices	Annual percentages of constant price GDP are year-on-year changes; the base year is country-specific. Expenditure-based GDP is total final expenditures at purchasers' prices (including the f.o.b. value of exports of goods and services), less the f.o.b. value of imports of goods and services. [SNA 1993]	Percent change		See notes for:  Gross domestic product, constant prices (National currency).	2.500	6.320	4.127	-1.510	-5.629	-0.623	9.933	6.462	4.292	1.423	0.838	7.024	5.541	2.750	3.514	8.860	5.465	6.057	8.242	4.235	8.385	10.867	5.941	6.289	5.136	5.648	6.531	5.735	3.847	-2.768	3.858	-3.214	-17.005	1.955	4.661	1.910	3.468	0.709	-2.295	-2.522	-8.380	0.758	1.352	2.706	3.647	4.542	2019	
366	SUR	NGDP_RPCH	Suriname	Gross domestic product, constant prices	Annual percentages of constant price GDP are year-on-year changes; the base year is country-specific. Expenditure-based GDP is total final expenditures at purchasers' prices (including the f.o.b. value of exports of goods and services), less the f.o.b. value of imports of goods and services. [SNA 1993]	Percent change		See notes for:  Gross domestic product, constant prices (National currency).	-6.500	1.900	-6.300	-5.100	-3.000	-0.900	-2.400	-8.800	10.800	2.300	-1.500	-13.799	3.900	-2.200	-7.000	11.300	11.200	7.000	2.200	-0.900	-0.100	4.902	3.747	6.190	7.305	4.919	5.767	5.099	4.149	3.017	5.163	5.847	2.697	2.931	0.254	-3.414	-5.560	1.762	2.580	0.268	-13.080	1.490	1.970	2.810	2.990	2.090	2018	
144	SWE	NGDP_RPCH	Sweden	Gross domestic product, constant prices	Annual percentages of constant price GDP are year-on-year changes; the base year is country-specific. Expenditure-based GDP is total final expenditures at purchasers' prices (including the f.o.b. value of exports of goods and services), less the f.o.b. value of imports of goods and services. [SNA 1993]	Percent change		See notes for:  Gross domestic product, constant prices (National currency).	4.555	4.540	1.397	2.058	4.347	2.326	2.971	3.302	2.468	2.658	0.751	-1.103	-0.935	-1.829	3.930	3.935	1.579	3.071	4.312	4.247	4.766	1.449	2.197	2.310	4.337	2.859	4.663	3.439	-0.451	-4.340	5.952	3.195	-0.588	1.188	2.658	4.489	2.071	2.568	1.950	1.261	-4.716	3.467	2.942	2.361	2.080	2.039	2019	
146	CHE	NGDP_RPCH	Switzerland	Gross domestic product, constant prices	Annual percentages of constant price GDP are year-on-year changes; the base year is country-specific. Expenditure-based GDP is total final expenditures at purchasers' prices (including the f.o.b. value of exports of goods and services), less the f.o.b. value of imports of goods and services. [SNA 1993]	Percent change		See notes for:  Gross domestic product, constant prices (National currency).	5.110	1.602	-1.302	0.603	3.099	3.650	1.858	1.582	3.311	4.392	3.566	-0.816	-0.168	-0.124	1.324	0.534	0.533	2.329	2.932	1.654	4.072	1.288	0.181	0.075	2.623	3.161	4.076	4.107	2.111	-2.229	2.874	1.834	1.006	1.879	2.482	1.265	1.711	1.864	2.739	1.248	-5.304	3.581	2.080	1.421	1.910	1.306	2019	
463	SYR	NGDP_RPCH	Syria	Gross domestic product, constant prices	Annual percentages of constant price GDP are year-on-year changes; the base year is country-specific. Expenditure-based GDP is total final expenditures at purchasers' prices (including the f.o.b. value of exports of goods and services), less the f.o.b. value of imports of goods and services. [SNA 1993]	Percent change		See notes for:  Gross domestic product, constant prices (National currency).	10.493	8.463	2.583	1.605	-6.498	7.296	-4.757	1.251	12.721	-6.067	10.358	10.727	13.246	7.409	5.534	5.423	2.966	-1.090	5.554	-3.121	2.295	3.680	5.897	-2.037	6.903	6.215	5.046	5.675	4.477	5.912	3.440	n/a	n/a	n/a	n/a	n/a	n/a	n/a	n/a	n/a	n/a	n/a	n/a	n/a	n/a	n/a	2010	
528	TWN	NGDP_RPCH	Taiwan Province of China	Gross domestic product, constant prices	Annual percentages of constant price GDP are year-on-year changes; the base year is country-specific. Expenditure-based GDP is total final expenditures at purchasers' prices (including the f.o.b. value of exports of goods and services), less the f.o.b. value of imports of goods and services. [SNA 1993]	Percent change		See notes for:  Gross domestic product, constant prices (National currency).	8.039	7.100	4.810	9.023	10.049	4.807	11.512	12.751	8.024	8.722	5.541	8.372	8.310	6.814	7.503	6.499	6.177	6.051	4.205	6.732	6.314	-1.402	5.481	4.225	6.952	5.383	5.771	6.851	0.799	-1.613	10.245	3.674	2.222	2.484	4.719	1.466	2.165	3.311	2.745	2.709	0.048	3.224	2.146	2.102	2.057	2.056	2019	
923	TJK	NGDP_RPCH	Tajikistan	Gross domestic product, constant prices	Annual percentages of constant price GDP are year-on-year changes; the base year is country-specific. Expenditure-based GDP is total final expenditures at purchasers' prices (including the f.o.b. value of exports of goods and services), less the f.o.b. value of imports of goods and services. [SNA 1993]	Percent change		See notes for:  Gross domestic product, constant prices (National currency).	n/a	n/a	n/a	n/a	n/a	n/a	n/a	n/a	n/a	n/a	n/a	n/a	n/a	-11.099	-21.401	-12.498	-4.368	1.700	5.300	3.699	8.300	10.200	9.100	10.200	10.600	6.700	7.000	7.800	7.900	3.900	6.500	7.400	7.500	7.400	6.700	6.000	6.900	7.100	7.300	7.500	1.000	6.000	4.500	4.000	4.000	4.000	2018	
738	TZA	NGDP_RPCH	Tanzania	Gross domestic product, constant prices	Annual percentages of constant price GDP are year-on-year changes; the base year is country-specific. Expenditure-based GDP is total final expenditures at purchasers' prices (including the f.o.b. value of exports of goods and services), less the f.o.b. value of imports of goods and services. [SNA 1993]	Percent change		See notes for:  Gross domestic product, constant prices (National currency).	3.266	0.500	0.600	2.400	3.400	4.600	6.600	5.900	4.400	3.800	7.045	2.072	0.584	1.206	1.567	3.571	4.544	3.525	3.708	4.840	4.934	5.998	7.164	6.886	7.828	7.370	4.661	8.464	5.567	5.382	6.359	7.905	5.141	6.782	6.732	6.161	6.867	6.773	6.959	6.971	1.903	3.599	6.120	6.458	6.592	6.672	2018	
578	THA	NGDP_RPCH	Thailand	Gross domestic product, constant prices	Annual percentages of constant price GDP are year-on-year changes; the base year is country-specific. Expenditure-based GDP is total final expenditures at purchasers' prices (including the f.o.b. value of exports of goods and services), less the f.o.b. value of imports of goods and services. [SNA 1993]	Percent change		See notes for:  Gross domestic product, constant prices (National currency).	4.601	5.910	5.353	5.581	5.760	4.643	5.534	9.519	13.288	12.194	11.623	8.403	9.230	8.675	7.997	8.120	5.652	-2.754	-7.634	4.572	4.456	3.444	6.149	7.189	6.289	4.188	4.968	5.435	1.726	-0.691	7.513	0.840	7.243	2.687	0.984	3.134	3.429	4.066	4.151	2.355	-7.145	4.001	4.439	4.271	4.288	3.674	2018	
537	TLS	NGDP_RPCH	Timor-Leste	Gross domestic product, constant prices	Annual percentages of constant price GDP are year-on-year changes; the base year is country-specific. Expenditure-based GDP is total final expenditures at purchasers' prices (including the f.o.b. value of exports of goods and services), less the f.o.b. value of imports of goods and services. [SNA 1993]	Percent change		See notes for:  Gross domestic product, constant prices (National currency).	n/a	n/a	n/a	n/a	n/a	n/a	n/a	n/a	n/a	n/a	n/a	n/a	n/a	n/a	n/a	n/a	n/a	n/a	n/a	n/a	n/a	16.348	-6.701	-2.182	0.400	3.019	-4.110	10.228	11.339	9.988	9.459	5.807	6.017	2.125	4.451	3.056	3.551	-3.799	-0.780	3.100	-6.800	4.000	4.800	2.400	2.600	2.550	2018	
742	TGO	NGDP_RPCH	Togo	Gross domestic product, constant prices	Annual percentages of constant price GDP are year-on-year changes; the base year is country-specific. Expenditure-based GDP is total final expenditures at purchasers' prices (including the f.o.b. value of exports of goods and services), less the f.o.b. value of imports of goods and services. [SNA 1993]	Percent change		See notes for:  Gross domestic product, constant prices (National currency).	-2.285	-3.419	-3.708	-5.156	5.881	3.717	3.260	-2.484	10.124	4.100	5.897	-0.590	-3.207	-16.319	13.930	19.691	-3.871	3.803	-2.263	2.536	-0.968	0.823	3.827	6.720	-0.979	-4.666	2.650	-1.175	4.062	5.538	6.099	6.398	6.544	6.112	5.921	5.743	5.559	4.357	4.910	5.300	0.000	3.000	4.500	5.000	5.500	5.500	2016	
866	TON	NGDP_RPCH	Tonga	Gross domestic product, constant prices	Annual percentages of constant price GDP are year-on-year changes; the base year is country-specific. Expenditure-based GDP is total final expenditures at purchasers' prices (including the f.o.b. value of exports of goods and services), less the f.o.b. value of imports of goods and services. [SNA 1993]	Percent change		See notes for:  Gross domestic product, constant prices (National currency).	15.800	14.000	12.800	5.800	44.100	5.600	8.800	1.700	-3.500	1.100	4.700	5.900	-3.800	-0.100	1.979	7.930	0.090	-0.636	2.306	2.296	3.766	1.460	4.495	0.056	-1.885	-0.416	-2.194	-2.500	4.750	-5.199	0.803	6.818	0.823	0.312	2.019	1.172	6.571	3.322	0.302	0.732	-2.539	-3.546	4.016	3.008	2.451	1.812	2019	
369	TTO	NGDP_RPCH	Trinidad and Tobago	Gross domestic product, constant prices	Annual percentages of constant price GDP are year-on-year changes; the base year is country-specific. Expenditure-based GDP is total final expenditures at purchasers' prices (including the f.o.b. value of exports of goods and services), less the f.o.b. value of imports of goods and services. [SNA 1993]	Percent change		See notes for:  Gross domestic product, constant prices (National currency).	10.400	4.577	3.799	-10.300	-5.751	-4.119	-3.279	-4.562	-3.920	-0.830	1.509	3.112	10.093	-0.669	3.567	3.810	7.134	7.523	8.125	8.025	6.901	3.698	7.152	13.878	7.328	5.895	14.181	4.255	3.286	-4.823	3.461	-0.192	-0.704	2.229	-0.913	1.823	-6.296	-2.312	-0.245	-0.002	-5.645	2.632	4.178	1.811	1.511	1.500	2018	
744	TUN	NGDP_RPCH	Tunisia	Gross domestic product, constant prices	Annual percentages of constant price GDP are year-on-year changes; the base year is country-specific. Expenditure-based GDP is total final expenditures at purchasers' prices (including the f.o.b. value of exports of goods and services), less the f.o.b. value of imports of goods and services. [SNA 1993]	Percent change		See notes for:  Gross domestic product, constant prices (National currency).	7.400	5.522	-0.482	4.674	5.731	5.668	-1.453	6.701	0.071	2.579	7.075	4.138	8.009	2.477	3.628	2.671	6.855	5.725	4.963	6.017	4.299	3.796	1.323	4.702	6.236	3.487	5.244	6.710	4.238	3.043	3.511	-1.918	4.089	2.822	2.873	1.184	1.229	1.919	2.715	0.981	-7.044	3.951	2.871	2.876	3.002	2.998	2019	
186	TUR	NGDP_RPCH	Turkey	Gross domestic product, constant prices	Annual percentages of constant price GDP are year-on-year changes; the base year is country-specific. Expenditure-based GDP is total final expenditures at purchasers' prices (including the f.o.b. value of exports of goods and services), less the f.o.b. value of imports of goods and services. [SNA 1993]	Percent change		See notes for:  Gross domestic product, constant prices (National currency).	-0.779	4.365	3.429	4.758	6.823	4.258	6.941	10.027	2.121	0.253	9.255	0.926	5.984	8.042	-5.456	7.190	7.007	7.528	3.092	-3.298	6.933	-5.750	6.448	5.763	9.796	8.992	6.948	5.044	0.815	-4.823	8.427	11.200	4.788	8.486	4.940	6.084	3.323	7.502	2.959	0.917	-4.985	4.997	4.018	3.520	3.535	3.494	2019	
925	TKM	NGDP_RPCH	Turkmenistan	Gross domestic product, constant prices	Annual percentages of constant price GDP are year-on-year changes; the base year is country-specific. Expenditure-based GDP is total final expenditures at purchasers' prices (including the f.o.b. value of exports of goods and services), less the f.o.b. value of imports of goods and services. [SNA 1993]	Percent change		See notes for:  Gross domestic product, constant prices (National currency).	n/a	n/a	n/a	n/a	n/a	n/a	n/a	n/a	n/a	n/a	n/a	n/a	n/a	-10.000	-17.300	-7.200	-6.700	-11.300	6.700	16.499	18.587	20.391	15.768	17.095	14.692	13.040	10.967	11.057	14.747	6.133	9.160	14.720	11.051	10.163	10.346	6.453	6.200	6.470	6.153	6.342	1.777	4.647	4.728	4.812	4.896	4.980	2018	
869	TUV	NGDP_RPCH	Tuvalu	Gross domestic product, constant prices	Annual percentages of constant price GDP are year-on-year changes; the base year is country-specific. Expenditure-based GDP is total final expenditures at purchasers' prices (including the f.o.b. value of exports of goods and services), less the f.o.b. value of imports of goods and services. [SNA 1993]	Percent change		See notes for:  Gross domestic product, constant prices (National currency).	n/a	n/a	n/a	n/a	n/a	n/a	n/a	n/a	n/a	n/a	n/a	n/a	n/a	n/a	n/a	n/a	n/a	n/a	n/a	n/a	n/a	1.452	7.712	-3.105	-1.676	-4.118	2.891	6.347	7.095	-4.132	-3.318	7.476	-3.884	4.910	1.178	9.230	5.885	4.600	3.662	6.000	-0.517	2.985	3.612	3.174	2.967	2.981	2018	
746	UGA	NGDP_RPCH	Uganda	Gross domestic product, constant prices	Annual percentages of constant price GDP are year-on-year changes; the base year is country-specific. Expenditure-based GDP is total final expenditures at purchasers' prices (including the f.o.b. value of exports of goods and services), less the f.o.b. value of imports of goods and services. [SNA 1993]	Percent change		See notes for:  Gross domestic product, constant prices (National currency).	-3.392	3.859	8.205	4.899	-3.000	-3.000	0.946	4.000	8.294	6.403	6.497	1.778	5.850	6.686	7.694	9.174	6.595	4.620	6.074	7.953	3.941	8.765	7.057	6.159	5.803	10.007	7.049	8.064	10.428	8.069	7.484	7.677	2.333	3.938	5.745	6.837	0.359	7.262	6.141	6.659	-0.288	4.925	5.500	6.040	7.578	9.289	2019	
926	UKR	NGDP_RPCH	Ukraine	Gross domestic product, constant prices	Annual percentages of constant price GDP are year-on-year changes; the base year is country-specific. Expenditure-based GDP is total final expenditures at purchasers' prices (including the f.o.b. value of exports of goods and services), less the f.o.b. value of imports of goods and services. [SNA 1993]	Percent change		See notes for:  Gross domestic product, constant prices (National currency).	n/a	n/a	n/a	n/a	n/a	n/a	n/a	n/a	n/a	n/a	n/a	n/a	n/a	-14.200	-22.900	-12.200	-10.000	-3.000	-1.900	-0.200	5.900	8.800	5.300	9.500	11.800	3.100	7.600	8.200	2.200	-15.100	4.100	5.460	0.224	0.002	-6.575	-9.788	2.417	2.466	3.405	3.233	-7.200	2.999	3.201	3.400	3.797	3.995	2019	
466	ARE	NGDP_RPCH	United Arab Emirates	Gross domestic product, constant prices	Annual percentages of constant price GDP are year-on-year changes; the base year is country-specific. Expenditure-based GDP is total final expenditures at purchasers' prices (including the f.o.b. value of exports of goods and services), less the f.o.b. value of imports of goods and services. [SNA 1993]	Percent change		See notes for:  Gross domestic product, constant prices (National currency).	-1.780	8.024	-7.188	-5.250	4.451	-2.522	-19.269	5.304	-2.623	15.733	23.562	2.141	3.095	-0.029	7.363	6.580	5.340	8.553	0.791	3.751	12.329	1.284	2.478	8.813	9.577	4.867	9.831	3.231	3.215	-5.229	1.595	6.930	4.485	5.053	4.284	5.106	3.061	2.374	1.190	1.678	-6.567	1.349	2.201	2.563	2.568	2.573	2019	
112	GBR	NGDP_RPCH	United Kingdom	Gross domestic product, constant prices	Annual percentages of constant price GDP are year-on-year changes; the base year is country-specific. Expenditure-based GDP is total final expenditures at purchasers' prices (including the f.o.b. value of exports of goods and services), less the f.o.b. value of imports of goods and services. [SNA 1993]	Percent change		See notes for:  Gross domestic product, constant prices (National currency).	-2.031	-0.788	1.995	4.222	2.269	4.147	3.150	5.393	5.732	2.578	0.734	-1.103	0.401	2.490	3.846	2.531	2.492	3.855	3.645	3.428	3.437	2.974	2.324	3.286	2.374	3.180	2.788	2.431	-0.281	-4.248	1.950	1.540	1.479	2.140	2.608	2.355	1.918	1.892	1.341	1.463	-9.762	5.921	3.171	1.861	1.749	1.633	2019	
111	USA	NGDP_RPCH	United States	Gross domestic product, constant prices	Annual percentages of constant price GDP are year-on-year changes; the base year is country-specific. Expenditure-based GDP is total final expenditures at purchasers' prices (including the f.o.b. value of exports of goods and services), less the f.o.b. value of imports of goods and services. [SNA 1993]	Percent change		See notes for:  Gross domestic product, constant prices (National currency).	-0.257	2.538	-1.802	4.584	7.237	4.169	3.463	3.460	4.177	3.673	1.886	-0.108	3.522	2.753	4.029	2.684	3.772	4.447	4.481	4.753	4.127	0.999	1.742	2.861	3.799	3.513	2.855	1.876	-0.137	-2.537	2.564	1.551	2.249	1.842	2.526	3.076	1.711	2.333	2.997	2.161	-4.272	3.078	2.941	2.263	1.901	1.831	2019	
298	URY	NGDP_RPCH	Uruguay	Gross domestic product, constant prices	Annual percentages of constant price GDP are year-on-year changes; the base year is country-specific. Expenditure-based GDP is total final expenditures at purchasers' prices (including the f.o.b. value of exports of goods and services), less the f.o.b. value of imports of goods and services. [SNA 1993]	Percent change		See notes for:  Gross domestic product, constant prices (National currency).	5.975	1.900	-9.340	-3.281	-1.092	1.475	8.857	7.933	1.467	1.104	0.297	3.539	7.932	2.658	7.281	-1.448	5.578	5.048	4.280	-2.965	-1.776	-3.461	-7.051	2.327	4.640	6.806	4.099	6.542	7.176	4.243	7.803	5.162	3.538	4.638	3.239	0.371	1.690	2.591	1.620	0.222	-4.500	4.300	2.500	2.800	2.600	2.400	2019	
927	UZB	NGDP_RPCH	Uzbekistan	Gross domestic product, constant prices	Annual percentages of constant price GDP are year-on-year changes; the base year is country-specific. Expenditure-based GDP is total final expenditures at purchasers' prices (including the f.o.b. value of exports of goods and services), less the f.o.b. value of imports of goods and services. [SNA 1993]	Percent change		See notes for:  Gross domestic product, constant prices (National currency).	n/a	n/a	n/a	n/a	n/a	n/a	n/a	n/a	n/a	n/a	n/a	n/a	n/a	-2.300	-5.200	-0.900	4.494	5.200	4.300	4.300	3.800	4.200	4.000	4.200	7.400	7.000	7.500	9.500	9.000	8.100	7.294	7.785	7.376	7.585	7.179	7.448	6.094	4.462	5.446	5.564	0.700	5.000	6.000	5.500	5.500	5.500	2019	
846	VUT	NGDP_RPCH	Vanuatu	Gross domestic product, constant prices	Annual percentages of constant price GDP are year-on-year changes; the base year is country-specific. Expenditure-based GDP is total final expenditures at purchasers' prices (including the f.o.b. value of exports of goods and services), less the f.o.b. value of imports of goods and services. [SNA 1993]	Percent change		See notes for:  Gross domestic product, constant prices (National currency).	5.451	4.375	1.980	3.010	9.577	1.001	-0.149	-2.894	-1.695	1.533	11.697	3.147	2.584	0.736	9.079	1.005	2.328	4.907	1.176	0.337	5.925	-3.398	-5.198	4.288	3.987	5.305	8.465	5.174	6.449	3.313	1.629	1.223	1.755	1.969	2.304	0.163	3.467	4.418	2.900	3.265	-8.286	4.281	3.910	3.300	3.200	3.000	2018	
299	VEN	NGDP_RPCH	Venezuela	Gross domestic product, constant prices	Annual percentages of constant price GDP are year-on-year changes; the base year is country-specific. Expenditure-based GDP is total final expenditures at purchasers' prices (including the f.o.b. value of exports of goods and services), less the f.o.b. value of imports of goods and services. [SNA 1993]	Percent change		See notes for:  Gross domestic product, constant prices (National currency).	-4.947	-1.288	2.645	-9.856	5.223	0.867	6.080	4.801	6.510	-13.920	6.468	9.730	6.060	0.275	-2.349	3.952	-0.198	6.371	0.294	-5.970	3.687	3.394	-8.856	-7.755	18.287	10.318	9.872	8.754	5.278	-3.202	-1.489	4.176	5.626	1.343	-3.894	-6.221	-17.040	-15.671	-19.621	-35.000	-25.000	-10.000	-5.000	n/a	n/a	n/a	2018	
582	VNM	NGDP_RPCH	Vietnam	Gross domestic product, constant prices	Annual percentages of constant price GDP are year-on-year changes; the base year is country-specific. Expenditure-based GDP is total final expenditures at purchasers' prices (including the f.o.b. value of exports of goods and services), less the f.o.b. value of imports of goods and services. [SNA 1993]	Percent change		See notes for:  Gross domestic product, constant prices (National currency).	-3.497	5.797	8.150	7.093	8.397	5.619	3.357	2.549	5.100	7.800	5.047	5.809	8.700	8.078	8.834	9.540	9.340	8.152	5.765	4.774	6.787	6.895	7.080	7.341	7.789	7.547	6.978	7.129	5.662	5.398	6.423	6.413	5.505	5.554	6.422	6.987	6.690	6.940	7.076	7.017	1.600	6.700	7.440	7.240	6.931	6.630	2019	
487	WBG	NGDP_RPCH	West Bank and Gaza	Gross domestic product, constant prices	Annual percentages of constant price GDP are year-on-year changes; the base year is country-specific. Expenditure-based GDP is total final expenditures at purchasers' prices (including the f.o.b. value of exports of goods and services), less the f.o.b. value of imports of goods and services. [SNA 1993]	Percent change		See notes for:  Gross domestic product, constant prices (National currency).	n/a	n/a	n/a	n/a	n/a	n/a	n/a	n/a	n/a	n/a	n/a	n/a	n/a	n/a	n/a	7.118	1.215	14.668	14.334	8.281	-8.556	-9.311	-12.488	14.016	21.924	11.291	-0.997	3.788	7.429	8.593	5.777	9.601	6.096	4.699	-0.158	3.721	8.865	1.419	1.227	0.949	-11.980	8.189	5.057	2.041	2.000	2.001	2019	
474	YEM	NGDP_RPCH	Yemen	Gross domestic product, constant prices	Annual percentages of constant price GDP are year-on-year changes; the base year is country-specific. Expenditure-based GDP is total final expenditures at purchasers' prices (including the f.o.b. value of exports of goods and services), less the f.o.b. value of imports of goods and services. [SNA 1993]	Percent change		See notes for:  Gross domestic product, constant prices (National currency).	n/a	n/a	n/a	n/a	n/a	n/a	n/a	n/a	n/a	n/a	n/a	6.293	8.208	4.002	6.722	5.669	4.635	5.231	6.007	3.776	6.182	3.804	3.935	3.747	3.973	5.592	3.170	3.338	3.648	3.866	7.702	-12.715	2.393	4.824	-0.189	-27.995	-9.375	-5.072	0.752	2.100	-5.000	0.500	2.500	6.695	6.374	6.217	2019	
754	ZMB	NGDP_RPCH	Zambia	Gross domestic product, constant prices	Annual percentages of constant price GDP are year-on-year changes; the base year is country-specific. Expenditure-based GDP is total final expenditures at purchasers' prices (including the f.o.b. value of exports of goods and services), less the f.o.b. value of imports of goods and services. [SNA 1993]	Percent change		See notes for:  Gross domestic product, constant prices (National currency).	3.854	6.631	-2.912	-1.145	-1.718	1.237	1.698	1.491	9.271	-3.658	-0.579	-0.666	2.052	-0.077	-13.309	2.898	6.219	3.814	-0.386	4.650	3.897	5.317	4.506	6.945	7.032	7.236	7.904	8.352	7.774	9.220	10.298	5.565	7.598	5.057	4.698	2.920	3.757	3.524	4.035	1.442	-4.831	0.583	1.051	1.214	1.231	1.210	2018	
698	ZWE	NGDP_RPCH	Zimbabwe	Gross domestic product, constant prices	Annual percentages of constant price GDP are year-on-year changes; the base year is country-specific. Expenditure-based GDP is total final expenditures at purchasers' prices (including the f.o.b. value of exports of goods and services), less the f.o.b. value of imports of goods and services. [SNA 1993]	Percent change		See notes for:  Gross domestic product, constant prices (National currency).	n/a	n/a	n/a	n/a	n/a	n/a	n/a	n/a	n/a	n/a	n/a	n/a	n/a	n/a	n/a	n/a	n/a	n/a	n/a	-1.111	-4.231	-0.454	-7.704	-16.224	-6.270	-7.413	-3.556	-3.401	-16.323	7.396	19.683	14.197	16.658	1.975	2.383	1.791	0.742	4.704	3.497	-6.541	-10.378	4.158	2.485	2.160	2.160	2.160	2019	
