WEO Country Code	ISO	WEO Subject Code	Country	Subject Descriptor	Subject Notes	Units	Scale	Country/Series-specific Notes	1980	1981	1982	1983	1984	1985	1986	1987	1988	1989	1990	1991	1992	1993	1994	1995	1996	1997	1998	1999	2000	2001	2002	2003	2004	2005	2006	2007	2008	2009	2010	2011	2012	2013	2014	2015	2016	2017	2018	2019	2020	2021	2022	2023	2024	Estimates Start After
512	AFG	NGDP_RPCH	Afghanistan	Gross domestic product, constant prices	Annual percentages of constant price GDP are year-on-year changes; the base year is country-specific . Expenditure-based GDP is total final expenditures at purchasers? prices (including the f.o.b. value of exports of goods and services), less the f.o.b. value of imports of goods and services. [SNA 1993]	Percent change		See notes for:  Gross domestic product, constant prices (National currency).	n/a	n/a	n/a	n/a	n/a	n/a	n/a	n/a	n/a	n/a	n/a	n/a	n/a	n/a	n/a	n/a	n/a	n/a	n/a	n/a	n/a	n/a	n/a	8.692	0.671	11.830	5.361	13.340	3.863	20.585	8.438	6.479	13.968	5.683	2.697	0.988	2.164	2.665	2.700	3.000	3.478	4.000	4.500	5.000	5.500	2018
914	ALB	NGDP_RPCH	Albania	Gross domestic product, constant prices	Annual percentages of constant price GDP are year-on-year changes; the base year is country-specific . Expenditure-based GDP is total final expenditures at purchasers? prices (including the f.o.b. value of exports of goods and services), less the f.o.b. value of imports of goods and services. [SNA 1993]	Percent change		See notes for:  Gross domestic product, constant prices (National currency).	2.684	5.700	2.900	1.100	2.000	-1.500	5.600	-0.800	-1.400	9.800	-10.000	-28.000	-7.200	9.600	9.400	8.900	9.100	-10.924	8.829	12.891	6.946	8.293	4.537	5.529	5.515	5.526	5.903	5.983	7.500	3.354	3.707	2.545	1.418	1.002	1.774	2.219	3.315	3.821	4.062	2.983	4.022	3.989	4.015	4.009	4.004	2018
612	DZA	NGDP_RPCH	Algeria	Gross domestic product, constant prices	Annual percentages of constant price GDP are year-on-year changes; the base year is country-specific . Expenditure-based GDP is total final expenditures at purchasers? prices (including the f.o.b. value of exports of goods and services), less the f.o.b. value of imports of goods and services. [SNA 1993]	Percent change		See notes for:  Gross domestic product, constant prices (National currency).	-5.400	3.000	6.400	5.400	5.600	5.600	-0.200	-0.700	-1.900	4.800	0.800	-1.200	1.600	-2.102	-0.900	3.848	3.800	1.100	5.098	3.200	3.800	3.000	5.600	7.200	4.300	5.900	1.684	3.373	2.360	1.632	3.616	2.823	3.391	2.800	3.800	3.700	3.200	1.300	1.400	2.553	2.406	1.754	1.447	0.996	0.793	2018
614	AGO	NGDP_RPCH	Angola	Gross domestic product, constant prices	Annual percentages of constant price GDP are year-on-year changes; the base year is country-specific . Expenditure-based GDP is total final expenditures at purchasers? prices (including the f.o.b. value of exports of goods and services), less the f.o.b. value of imports of goods and services. [SNA 1993]	Percent change		See notes for:  Gross domestic product, constant prices (National currency).	2.406	-4.400	--	4.200	6.000	3.500	2.900	4.083	6.129	0.042	-3.450	0.991	11.403	10.969	10.511	10.364	11.208	7.274	4.691	2.181	3.055	4.206	13.666	2.990	10.953	15.029	11.548	14.010	11.166	0.859	4.859	3.472	8.542	4.955	4.823	0.944	-2.580	-0.150	-1.200	-0.265	1.153	2.874	3.328	4.125	3.783	2018
311	ATG	NGDP_RPCH	Antigua and Barbuda	Gross domestic product, constant prices	Annual percentages of constant price GDP are year-on-year changes; the base year is country-specific . Expenditure-based GDP is total final expenditures at purchasers? prices (including the f.o.b. value of exports of goods and services), less the f.o.b. value of imports of goods and services. [SNA 1993]	Percent change		See notes for:  Gross domestic product, constant prices (National currency).	8.161	3.815	-0.084	5.364	10.165	7.644	11.494	6.626	5.213	5.252	3.012	2.177	1.158	5.280	6.676	-4.359	6.605	5.471	4.731	3.708	6.692	-4.954	1.024	6.058	5.736	6.412	12.729	9.259	-0.030	-12.108	-7.574	-1.959	3.372	-0.601	3.797	3.824	5.498	3.145	7.389	4.031	3.322	2.509	2.000	2.000	2.000	2017
213	ARG	NGDP_RPCH	Argentina	Gross domestic product, constant prices	Annual percentages of constant price GDP are year-on-year changes; the base year is country-specific . Expenditure-based GDP is total final expenditures at purchasers? prices (including the f.o.b. value of exports of goods and services), less the f.o.b. value of imports of goods and services. [SNA 1993]	Percent change		See notes for:  Gross domestic product, constant prices (National currency).	0.700	-5.744	-3.149	3.733	2.000	-6.951	7.146	2.529	-1.957	-7.007	-1.338	10.498	10.299	6.251	5.830	-2.845	5.527	8.111	3.850	-3.385	-0.789	-4.409	-10.894	8.955	8.911	8.852	8.047	9.008	4.057	-5.919	10.125	6.004	-1.026	2.405	-2.513	2.731	-2.080	2.669	-2.482	-3.061	-1.281	1.433	2.283	3.100	3.200	2018
911	ARM	NGDP_RPCH	Armenia	Gross domestic product, constant prices	Annual percentages of constant price GDP are year-on-year changes; the base year is country-specific . Expenditure-based GDP is total final expenditures at purchasers? prices (including the f.o.b. value of exports of goods and services), less the f.o.b. value of imports of goods and services. [SNA 1993]	Percent change		See notes for:  Gross domestic product, constant prices (National currency).	n/a	n/a	n/a	n/a	n/a	n/a	n/a	n/a	n/a	n/a	n/a	n/a	n/a	-14.054	5.400	8.033	5.169	3.387	6.271	3.170	5.853	9.468	14.807	14.052	10.473	14.113	13.198	13.749	6.948	-14.150	2.200	4.700	7.134	3.300	3.606	3.254	0.197	7.519	5.240	6.000	4.800	4.500	4.500	4.500	4.500	2018
314	ABW	NGDP_RPCH	Aruba	Gross domestic product, constant prices	Annual percentages of constant price GDP are year-on-year changes; the base year is country-specific . Expenditure-based GDP is total final expenditures at purchasers? prices (including the f.o.b. value of exports of goods and services), less the f.o.b. value of imports of goods and services. [SNA 1993]	Percent change		See notes for:  Gross domestic product, constant prices (National currency).	n/a	n/a	n/a	n/a	n/a	n/a	n/a	n/a	n/a	n/a	n/a	n/a	n/a	n/a	n/a	n/a	1.255	7.017	1.871	1.368	7.604	-2.970	-3.271	1.977	7.909	1.220	1.051	2.034	0.153	-11.334	-3.339	3.505	-1.368	4.165	0.904	-0.448	0.483	2.342	1.200	0.700	1.000	1.100	1.100	1.100	1.100	2017
193	AUS	NGDP_RPCH	Australia	Gross domestic product, constant prices	Annual percentages of constant price GDP are year-on-year changes; the base year is country-specific . Expenditure-based GDP is total final expenditures at purchasers? prices (including the f.o.b. value of exports of goods and services), less the f.o.b. value of imports of goods and services. [SNA 1993]	Percent change		See notes for:  Gross domestic product, constant prices (National currency).	2.894	4.127	0.063	-0.474	6.346	5.456	2.448	4.893	4.253	4.626	1.502	-1.009	2.565	3.902	4.892	2.843	4.159	4.558	4.723	4.446	3.038	2.601	4.177	2.671	4.280	2.878	2.819	4.368	2.675	1.884	2.386	2.765	3.875	2.138	2.643	2.461	2.788	2.423	2.740	1.713	2.263	2.582	2.699	2.671	2.640	2018
122	AUT	NGDP_RPCH	Austria	Gross domestic product, constant prices	Annual percentages of constant price GDP are year-on-year changes; the base year is country-specific . Expenditure-based GDP is total final expenditures at purchasers? prices (including the f.o.b. value of exports of goods and services), less the f.o.b. value of imports of goods and services. [SNA 1993]	Percent change		See notes for:  Gross domestic product, constant prices (National currency).	2.314	-0.099	1.908	2.804	0.332	2.243	2.341	1.681	0.961	3.887	4.346	3.442	2.094	0.527	2.402	2.668	2.398	2.094	3.581	3.556	3.376	1.267	1.652	0.941	2.735	2.244	3.454	3.727	1.460	-3.765	1.837	2.923	0.680	0.026	0.661	1.143	2.040	2.551	2.745	1.605	1.700	1.550	1.550	1.560	1.560	2018
912	AZE	NGDP_RPCH	Azerbaijan	Gross domestic product, constant prices	Annual percentages of constant price GDP are year-on-year changes; the base year is country-specific . Expenditure-based GDP is total final expenditures at purchasers? prices (including the f.o.b. value of exports of goods and services), less the f.o.b. value of imports of goods and services. [SNA 1993]	Percent change		See notes for:  Gross domestic product, constant prices (National currency).	n/a	n/a	n/a	n/a	n/a	n/a	n/a	n/a	n/a	n/a	n/a	n/a	n/a	-23.098	-19.673	-13.027	2.531	8.884	6.007	11.396	6.227	6.486	9.439	10.208	9.254	27.962	34.466	25.463	10.591	9.370	4.789	-1.573	2.203	5.843	2.798	1.050	-3.064	0.154	0.971	2.700	2.110	2.145	2.214	2.347	2.418	2018
313	BHS	NGDP_RPCH	The Bahamas	Gross domestic product, constant prices	Annual percentages of constant price GDP are year-on-year changes; the base year is country-specific . Expenditure-based GDP is total final expenditures at purchasers? prices (including the f.o.b. value of exports of goods and services), less the f.o.b. value of imports of goods and services. [SNA 1993]	Percent change		See notes for:  Gross domestic product, constant prices (National currency).	7.100	-2.900	6.300	6.800	2.400	4.100	2.600	3.700	2.255	2.300	1.052	-4.182	-3.826	0.308	3.149	4.379	4.224	4.946	4.716	7.144	4.149	2.626	2.705	-1.265	0.883	3.395	2.517	1.446	-2.324	-4.175	1.539	0.613	3.087	-2.952	0.737	0.598	0.446	0.067	1.566	0.910	-0.557	2.101	1.732	1.599	1.586	2018
419	BHR	NGDP_RPCH	Bahrain	Gross domestic product, constant prices	Annual percentages of constant price GDP are year-on-year changes; the base year is country-specific . Expenditure-based GDP is total final expenditures at purchasers? prices (including the f.o.b. value of exports of goods and services), less the f.o.b. value of imports of goods and services. [SNA 1993]	Percent change		See notes for:  Gross domestic product, constant prices (National currency).	7.494	2.777	6.406	6.994	4.186	-0.930	0.484	-1.222	5.952	1.013	3.503	2.286	7.123	7.604	3.212	1.923	3.250	2.348	4.849	5.972	7.018	2.491	3.349	6.296	6.981	6.769	6.467	8.294	6.242	2.541	4.337	1.984	3.728	5.416	4.351	2.863	3.473	3.804	1.778	1.982	2.096	2.352	2.445	2.789	2.969	2018
513	BGD	NGDP_RPCH	Bangladesh	Gross domestic product, constant prices	Annual percentages of constant price GDP are year-on-year changes; the base year is country-specific . Expenditure-based GDP is total final expenditures at purchasers? prices (including the f.o.b. value of exports of goods and services), less the f.o.b. value of imports of goods and services. [SNA 1993]	Percent change		See notes for:  Gross domestic product, constant prices (National currency).	3.050	5.589	3.206	4.610	4.177	3.744	3.985	2.931	2.388	4.298	4.603	4.203	4.801	4.324	4.513	4.770	5.013	5.304	5.044	5.421	5.600	4.834	4.845	5.776	6.108	6.302	6.851	6.518	5.515	5.315	6.030	6.494	6.260	6.038	6.314	6.842	7.202	7.584	7.934	7.792	7.445	7.300	7.300	7.300	7.300	2018
316	BRB	NGDP_RPCH	Barbados	Gross domestic product, constant prices	Annual percentages of constant price GDP are year-on-year changes; the base year is country-specific . Expenditure-based GDP is total final expenditures at purchasers? prices (including the f.o.b. value of exports of goods and services), less the f.o.b. value of imports of goods and services. [SNA 1993]	Percent change		See notes for:  Gross domestic product, constant prices (National currency).	4.371	-1.900	-4.900	0.500	3.600	1.100	5.100	2.600	3.500	3.600	-3.300	-3.900	-5.700	0.800	2.000	2.023	3.966	4.740	3.740	0.326	4.453	-2.367	0.791	2.171	1.407	3.965	5.669	2.202	0.698	-5.076	-2.288	-0.673	-0.450	-1.411	-0.126	2.446	2.485	0.478	-0.583	-0.098	0.600	1.500	1.840	1.840	1.840	2018
913	BLR	NGDP_RPCH	Belarus	Gross domestic product, constant prices	Annual percentages of constant price GDP are year-on-year changes; the base year is country-specific . Expenditure-based GDP is total final expenditures at purchasers? prices (including the f.o.b. value of exports of goods and services), less the f.o.b. value of imports of goods and services. [SNA 1993]	Percent change		See notes for:  Gross domestic product, constant prices (National currency).	n/a	n/a	n/a	n/a	n/a	n/a	n/a	n/a	n/a	n/a	n/a	n/a	n/a	-7.600	-11.700	-11.084	2.776	11.434	8.442	3.354	5.760	4.725	5.045	7.043	11.450	9.441	9.998	8.647	10.248	0.164	7.750	5.550	1.708	0.999	1.651	-3.830	-2.526	2.532	3.050	1.530	0.305	0.105	0.061	0.026	-0.373	2018
124	BEL	NGDP_RPCH	Belgium	Gross domestic product, constant prices	Annual percentages of constant price GDP are year-on-year changes; the base year is country-specific . Expenditure-based GDP is total final expenditures at purchasers? prices (including the f.o.b. value of exports of goods and services), less the f.o.b. value of imports of goods and services. [SNA 1993]	Percent change		See notes for:  Gross domestic product, constant prices (National currency).	4.444	-0.279	0.595	0.312	2.466	1.652	1.823	2.307	4.723	3.469	3.137	1.833	1.531	-0.962	3.227	2.385	1.593	3.710	1.975	3.564	3.634	0.811	1.781	0.774	3.635	2.094	2.506	3.449	0.783	-2.253	2.744	1.798	0.235	0.201	1.255	1.740	1.453	1.735	1.438	1.214	1.300	1.305	1.319	1.359	1.362	2018
339	BLZ	NGDP_RPCH	Belize	Gross domestic product, constant prices	Annual percentages of constant price GDP are year-on-year changes; the base year is country-specific . Expenditure-based GDP is total final expenditures at purchasers? prices (including the f.o.b. value of exports of goods and services), less the f.o.b. value of imports of goods and services. [SNA 1993]	Percent change		See notes for:  Gross domestic product, constant prices (National currency).	5.013	0.214	-7.551	6.076	11.332	-1.419	7.275	21.997	10.861	15.474	11.209	11.457	12.069	6.269	0.162	0.656	1.425	3.547	3.732	8.777	13.020	5.030	5.109	9.330	4.645	2.583	4.578	1.104	3.228	0.671	3.383	2.163	2.938	0.852	3.692	3.432	-0.588	1.437	3.035	2.722	2.096	1.789	1.691	1.712	1.688	2018
638	BEN	NGDP_RPCH	Benin	Gross domestic product, constant prices	Annual percentages of constant price GDP are year-on-year changes; the base year is country-specific . Expenditure-based GDP is total final expenditures at purchasers? prices (including the f.o.b. value of exports of goods and services), less the f.o.b. value of imports of goods and services. [SNA 1993]	Percent change		See notes for:  Gross domestic product, constant prices (National currency).	9.255	1.929	1.682	-2.000	0.400	4.327	2.748	-2.074	3.428	-2.849	8.976	4.226	2.958	5.836	2.020	6.045	4.324	5.735	3.961	4.358	5.858	5.333	4.643	3.444	4.430	1.713	3.944	5.986	4.897	2.319	2.114	2.964	4.811	7.191	6.358	1.778	3.340	5.672	6.697	6.551	6.701	6.742	6.744	6.727	6.748	2018
514	BTN	NGDP_RPCH	Bhutan	Gross domestic product, constant prices	Annual percentages of constant price GDP are year-on-year changes; the base year is country-specific . Expenditure-based GDP is total final expenditures at purchasers? prices (including the f.o.b. value of exports of goods and services), less the f.o.b. value of imports of goods and services. [SNA 1993]	Percent change		See notes for:  Gross domestic product, constant prices (National currency).	4.995	13.589	8.195	7.337	7.616	4.349	7.954	20.229	15.079	6.194	9.098	4.896	2.083	3.192	2.232	6.019	5.971	5.544	6.009	7.087	6.934	7.040	9.516	9.118	6.748	6.527	6.981	12.571	10.752	5.722	9.327	9.720	6.428	3.570	3.963	6.208	7.355	6.260	4.605	5.528	7.212	5.911	6.907	7.171	6.411	2018
218	BOL	NGDP_RPCH	Bolivia	Gross domestic product, constant prices	Annual percentages of constant price GDP are year-on-year changes; the base year is country-specific . Expenditure-based GDP is total final expenditures at purchasers? prices (including the f.o.b. value of exports of goods and services), less the f.o.b. value of imports of goods and services. [SNA 1993]	Percent change		See notes for:  Gross domestic product, constant prices (National currency).	0.610	0.300	-3.939	-4.042	-0.201	-1.676	-2.574	2.463	2.910	3.790	4.636	5.267	1.646	4.269	4.667	4.678	4.361	4.954	5.029	0.427	2.508	1.684	2.486	2.711	4.173	4.421	4.797	4.564	6.148	3.357	4.127	5.204	5.122	6.796	5.461	4.857	4.264	4.195	4.224	3.900	3.800	3.700	3.700	3.700	3.700	2017
963	BIH	NGDP_RPCH	Bosnia and Herzegovina	Gross domestic product, constant prices	Annual percentages of constant price GDP are year-on-year changes; the base year is country-specific . Expenditure-based GDP is total final expenditures at purchasers? prices (including the f.o.b. value of exports of goods and services), less the f.o.b. value of imports of goods and services. [SNA 1993]	Percent change		See notes for:  Gross domestic product, constant prices (National currency).	n/a	n/a	n/a	n/a	n/a	n/a	n/a	n/a	n/a	n/a	n/a	n/a	n/a	n/a	n/a	n/a	n/a	22.853	13.814	10.750	4.442	2.362	5.053	3.858	6.257	4.236	5.691	5.979	5.594	-0.816	0.767	0.908	-0.707	2.351	1.150	3.074	3.215	3.114	3.624	2.800	2.600	2.600	2.800	2.900	3.000	2018
616	BWA	NGDP_RPCH	Botswana	Gross domestic product, constant prices	Annual percentages of constant price GDP are year-on-year changes; the base year is country-specific . Expenditure-based GDP is total final expenditures at purchasers? prices (including the f.o.b. value of exports of goods and services), less the f.o.b. value of imports of goods and services. [SNA 1993]	Percent change		See notes for:  Gross domestic product, constant prices (National currency).	12.020	8.154	15.874	10.793	6.517	7.695	8.616	14.890	23.420	4.665	8.787	6.237	-0.208	4.027	-0.786	7.030	5.830	8.027	0.721	9.667	1.987	0.250	6.070	4.625	2.706	4.556	8.364	8.280	6.242	-7.652	8.564	6.048	4.456	11.343	4.149	-1.698	4.304	2.908	4.454	3.480	4.339	5.906	3.851	3.907	3.930	2018
223	BRA	NGDP_RPCH	Brazil	Gross domestic product, constant prices	Annual percentages of constant price GDP are year-on-year changes; the base year is country-specific . Expenditure-based GDP is total final expenditures at purchasers? prices (including the f.o.b. value of exports of goods and services), less the f.o.b. value of imports of goods and services. [SNA 1993]	Percent change		See notes for:  Gross domestic product, constant prices (National currency).	9.190	-4.400	0.596	-3.400	5.307	7.901	7.544	3.601	0.264	3.200	-4.168	1.031	-0.555	4.910	5.839	4.232	0.182	3.399	0.345	0.468	4.384	1.382	3.053	1.139	5.757	3.192	3.955	6.064	5.095	-0.119	7.545	3.986	1.928	3.007	0.506	-3.551	-3.313	1.056	1.114	0.875	2.039	2.371	2.358	2.409	2.256	2018
516	BRN	NGDP_RPCH	Brunei Darussalam	Gross domestic product, constant prices	Annual percentages of constant price GDP are year-on-year changes; the base year is country-specific . Expenditure-based GDP is total final expenditures at purchasers? prices (including the f.o.b. value of exports of goods and services), less the f.o.b. value of imports of goods and services. [SNA 1993]	Percent change		See notes for:  Gross domestic product, constant prices (National currency).	n/a	n/a	n/a	n/a	n/a	n/a	-2.778	0.311	-0.360	2.206	1.085	3.148	4.759	0.301	3.149	4.477	2.881	-1.475	-0.560	3.053	2.853	2.745	3.872	2.903	0.504	0.388	4.412	0.120	-1.979	-1.819	2.652	3.744	0.913	-2.125	-2.508	-0.405	-2.465	1.327	0.053	1.814	4.702	3.595	3.539	2.428	2.116	2018
918	BGR	NGDP_RPCH	Bulgaria	Gross domestic product, constant prices	Annual percentages of constant price GDP are year-on-year changes; the base year is country-specific . Expenditure-based GDP is total final expenditures at purchasers? prices (including the f.o.b. value of exports of goods and services), less the f.o.b. value of imports of goods and services. [SNA 1993]	Percent change		See notes for:  Gross domestic product, constant prices (National currency).	5.700	5.300	4.200	3.000	4.600	1.800	5.300	4.700	2.400	-0.500	-9.100	-10.755	-8.426	-11.625	-3.665	-1.601	-8.043	-1.646	4.861	-0.494	5.005	3.770	5.938	5.156	6.435	7.123	6.874	7.344	6.022	-3.586	1.324	1.915	0.031	0.494	1.838	3.471	3.937	3.811	3.081	3.700	3.200	3.000	2.800	2.800	2.800	2018
748	BFA	NGDP_RPCH	Burkina Faso	Gross domestic product, constant prices	Annual percentages of constant price GDP are year-on-year changes; the base year is country-specific . Expenditure-based GDP is total final expenditures at purchasers? prices (including the f.o.b. value of exports of goods and services), less the f.o.b. value of imports of goods and services. [SNA 1993]	Percent change		See notes for:  Gross domestic product, constant prices (National currency).	4.035	2.661	1.400	-1.200	1.600	11.300	7.955	-0.236	5.796	2.150	-0.603	9.070	0.233	3.461	1.315	5.716	11.015	6.317	7.308	7.333	1.887	6.609	4.353	7.810	4.478	8.665	5.984	4.372	5.800	2.962	8.446	6.627	6.453	5.794	4.326	3.895	5.946	6.317	6.821	5.967	5.967	6.013	6.018	6.000	6.000	2018
618	BDI	NGDP_RPCH	Burundi	Gross domestic product, constant prices	Annual percentages of constant price GDP are year-on-year changes; the base year is country-specific . Expenditure-based GDP is total final expenditures at purchasers? prices (including the f.o.b. value of exports of goods and services), less the f.o.b. value of imports of goods and services. [SNA 1993]	Percent change		See notes for:  Gross domestic product, constant prices (National currency).	-6.825	12.164	-1.054	3.715	0.155	11.784	3.250	5.503	5.031	1.349	3.458	5.781	1.007	-6.236	-3.829	-7.919	-8.001	0.413	4.752	1.164	1.781	1.665	2.353	2.469	3.766	4.370	5.414	3.452	4.862	3.813	5.124	4.033	4.447	5.944	4.494	-3.956	-1.042	0.001	0.149	0.419	0.500	0.500	0.500	0.500	0.500	2015
624	CPV	NGDP_RPCH	Cabo Verde	Gross domestic product, constant prices	Annual percentages of constant price GDP are year-on-year changes; the base year is country-specific . Expenditure-based GDP is total final expenditures at purchasers? prices (including the f.o.b. value of exports of goods and services), less the f.o.b. value of imports of goods and services. [SNA 1993]	Percent change		See notes for:  Gross domestic product, constant prices (National currency).	5.263	8.450	2.822	9.523	3.780	8.643	2.872	4.308	5.997	5.698	0.692	1.403	3.045	7.310	6.930	7.492	6.694	7.639	8.413	11.860	7.267	6.138	5.283	7.502	4.927	5.810	9.118	9.218	6.651	-1.270	1.467	3.969	1.082	0.803	0.611	1.007	4.706	3.702	5.078	4.973	4.953	4.986	4.999	4.980	4.976	2018
522	KHM	NGDP_RPCH	Cambodia	Gross domestic product, constant prices	Annual percentages of constant price GDP are year-on-year changes; the base year is country-specific . Expenditure-based GDP is total final expenditures at purchasers? prices (including the f.o.b. value of exports of goods and services), less the f.o.b. value of imports of goods and services. [SNA 1993]	Percent change		See notes for:  Gross domestic product, constant prices (National currency).	n/a	n/a	n/a	n/a	n/a	n/a	n/a	n/a	9.616	3.327	1.118	7.592	7.069	4.042	8.181	5.979	5.898	4.007	4.682	12.705	9.575	8.561	6.579	8.506	10.341	13.250	10.771	10.213	6.692	0.087	5.963	7.070	7.313	7.357	7.143	7.036	6.863	6.997	7.533	6.970	6.772	6.704	6.639	6.561	6.514	2018
622	CMR	NGDP_RPCH	Cameroon	Gross domestic product, constant prices	Annual percentages of constant price GDP are year-on-year changes; the base year is country-specific . Expenditure-based GDP is total final expenditures at purchasers? prices (including the f.o.b. value of exports of goods and services), less the f.o.b. value of imports of goods and services. [SNA 1993]	Percent change		See notes for:  Gross domestic product, constant prices (National currency).	9.900	17.051	7.563	6.844	7.468	8.107	6.791	-2.153	-7.865	-1.770	-6.161	-3.764	-3.050	-3.158	-2.495	3.304	4.912	5.314	4.895	4.062	3.553	4.368	4.237	4.567	6.781	2.021	3.458	4.902	3.489	2.199	3.423	4.129	4.543	5.404	5.884	5.651	4.648	3.549	4.062	3.995	4.167	4.511	4.962	5.241	5.395	2017
156	CAN	NGDP_RPCH	Canada	Gross domestic product, constant prices	Annual percentages of constant price GDP are year-on-year changes; the base year is country-specific . Expenditure-based GDP is total final expenditures at purchasers? prices (including the f.o.b. value of exports of goods and services), less the f.o.b. value of imports of goods and services. [SNA 1993]	Percent change		See notes for:  Gross domestic product, constant prices (National currency).	2.163	3.503	-3.188	2.601	5.909	4.738	2.144	4.072	4.410	2.317	0.164	-2.086	0.901	2.661	4.495	2.692	1.619	4.280	3.898	5.161	5.179	1.789	3.017	1.801	3.087	3.203	2.635	2.073	1.008	-2.928	3.089	3.147	1.762	2.330	2.868	0.690	1.107	2.979	1.879	1.545	1.761	1.756	1.719	1.700	1.700	2018
626	CAF	NGDP_RPCH	Central African Republic	Gross domestic product, constant prices	Annual percentages of constant price GDP are year-on-year changes; the base year is country-specific . Expenditure-based GDP is total final expenditures at purchasers? prices (including the f.o.b. value of exports of goods and services), less the f.o.b. value of imports of goods and services. [SNA 1993]	Percent change		See notes for:  Gross domestic product, constant prices (National currency).	-2.995	12.954	-3.572	-6.027	9.912	3.733	7.193	0.000	1.718	3.790	1.364	-0.799	-4.923	-1.198	12.572	3.166	-6.157	4.105	3.340	2.887	-3.581	2.609	2.091	-2.249	-0.096	2.931	4.754	4.031	2.613	2.812	4.631	4.195	5.054	-36.392	0.080	4.338	4.750	4.528	3.820	4.457	4.969	4.963	4.988	4.987	4.990	2017
628	TCD	NGDP_RPCH	Chad	Gross domestic product, constant prices	Annual percentages of constant price GDP are year-on-year changes; the base year is country-specific . Expenditure-based GDP is total final expenditures at purchasers? prices (including the f.o.b. value of exports of goods and services), less the f.o.b. value of imports of goods and services. [SNA 1993]	Percent change		See notes for:  Gross domestic product, constant prices (National currency).	-6.008	-10.805	5.376	15.659	5.256	7.897	5.966	3.647	7.544	1.952	3.202	10.402	2.392	-2.074	5.494	-0.775	2.115	5.653	6.952	-0.683	-0.880	11.658	8.491	14.722	33.629	8.311	0.648	3.272	3.063	4.139	13.598	0.120	8.807	5.753	6.893	1.770	-5.558	-2.380	2.444	2.284	5.442	4.815	5.350	4.080	3.748	2017
228	CHL	NGDP_RPCH	Chile	Gross domestic product, constant prices	Annual percentages of constant price GDP are year-on-year changes; the base year is country-specific . Expenditure-based GDP is total final expenditures at purchasers? prices (including the f.o.b. value of exports of goods and services), less the f.o.b. value of imports of goods and services. [SNA 1993]	Percent change		See notes for:  Gross domestic product, constant prices (National currency).	7.945	6.212	-13.588	-2.802	5.886	1.968	5.596	6.581	7.288	10.605	3.671	7.715	11.132	6.722	5.062	8.844	6.869	7.417	4.362	-0.463	5.336	3.305	3.094	4.091	7.200	5.743	6.318	4.912	3.567	-1.594	5.825	6.119	5.332	4.049	1.769	2.306	1.694	1.255	4.024	2.515	3.017	3.229	3.265	3.261	3.190	2018
924	CHN	NGDP_RPCH	China	Gross domestic product, constant prices	Annual percentages of constant price GDP are year-on-year changes; the base year is country-specific . Expenditure-based GDP is total final expenditures at purchasers? prices (including the f.o.b. value of exports of goods and services), less the f.o.b. value of imports of goods and services. [SNA 1993]	Percent change		See notes for:  Gross domestic product, constant prices (National currency).	7.910	5.100	9.000	10.800	15.200	13.501	8.900	11.700	11.200	4.200	3.888	9.300	14.200	13.900	13.000	10.919	9.900	9.200	7.800	7.700	8.523	8.355	9.147	10.018	10.152	11.365	12.721	14.253	9.650	9.401	10.563	9.500	7.900	7.800	7.300	6.900	6.734	6.757	6.567	6.139	5.819	5.900	5.700	5.600	5.500	2018
233	COL	NGDP_RPCH	Colombia	Gross domestic product, constant prices	Annual percentages of constant price GDP are year-on-year changes; the base year is country-specific . Expenditure-based GDP is total final expenditures at purchasers? prices (including the f.o.b. value of exports of goods and services), less the f.o.b. value of imports of goods and services. [SNA 1993]	Percent change		See notes for:  Gross domestic product, constant prices (National currency).	4.429	2.277	0.948	1.574	3.351	3.107	5.824	5.369	4.064	3.414	4.282	2.372	4.353	5.710	5.147	5.202	2.056	3.430	0.570	-4.204	2.925	1.678	2.504	3.918	5.333	4.707	6.779	6.849	3.257	1.205	4.348	7.363	3.903	4.567	4.728	2.956	2.087	1.351	2.569	3.356	3.646	3.749	3.750	3.750	3.749	2018
632	COM	NGDP_RPCH	Comoros	Gross domestic product, constant prices	Annual percentages of constant price GDP are year-on-year changes; the base year is country-specific . Expenditure-based GDP is total final expenditures at purchasers? prices (including the f.o.b. value of exports of goods and services), less the f.o.b. value of imports of goods and services. [SNA 1993]	Percent change		See notes for:  Gross domestic product, constant prices (National currency).	7.383	5.462	4.058	3.093	4.167	2.888	2.167	2.168	5.068	-0.816	7.363	-6.156	7.382	2.511	-4.007	5.630	-0.525	4.402	0.014	2.724	-0.967	5.444	4.616	1.971	3.100	5.745	-1.829	0.804	3.965	3.241	3.778	4.144	3.168	4.466	2.107	1.147	2.603	2.952	2.956	1.253	4.249	3.603	3.511	3.533	3.456	2016
636	COD	NGDP_RPCH	Democratic Republic of the Congo	Gross domestic product, constant prices	Annual percentages of constant price GDP are year-on-year changes; the base year is country-specific . Expenditure-based GDP is total final expenditures at purchasers? prices (including the f.o.b. value of exports of goods and services), less the f.o.b. value of imports of goods and services. [SNA 1993]	Percent change		See notes for:  Gross domestic product, constant prices (National currency).	2.405	0.945	-0.454	1.410	4.844	0.464	4.720	2.671	0.465	-1.260	-6.568	-8.445	-10.462	-13.468	-6.144	2.762	-1.935	-7.840	-3.875	-3.802	-8.136	-2.100	2.948	5.578	6.738	6.135	5.321	6.259	6.226	2.855	7.108	6.875	7.087	8.482	9.470	6.916	2.399	3.727	5.816	4.291	3.891	3.393	4.507	4.268	4.608	2018
634	COG	NGDP_RPCH	Republic of Congo	Gross domestic product, constant prices	Annual percentages of constant price GDP are year-on-year changes; the base year is country-specific . Expenditure-based GDP is total final expenditures at purchasers? prices (including the f.o.b. value of exports of goods and services), less the f.o.b. value of imports of goods and services. [SNA 1993]	Percent change		See notes for:  Gross domestic product, constant prices (National currency).	12.678	2.613	2.410	2.393	2.375	2.359	2.343	2.327	21.908	21.269	1.003	2.395	2.612	-0.980	-5.493	3.985	4.290	-0.625	3.738	-2.582	7.576	3.803	4.582	0.813	3.477	7.756	6.236	-1.582	5.572	7.845	8.714	3.393	3.829	3.272	6.843	2.619	-2.829	-1.772	1.590	3.973	2.781	1.920	0.049	1.262	2.252	2017
238	CRI	NGDP_RPCH	Costa Rica	Gross domestic product, constant prices	Annual percentages of constant price GDP are year-on-year changes; the base year is country-specific . Expenditure-based GDP is total final expenditures at purchasers? prices (including the f.o.b. value of exports of goods and services), less the f.o.b. value of imports of goods and services. [SNA 1993]	Percent change		See notes for:  Gross domestic product, constant prices (National currency).	0.752	-2.260	-7.285	2.859	8.028	0.722	5.536	4.765	3.432	5.666	3.600	2.263	9.197	7.088	4.487	4.121	1.238	5.565	6.962	3.943	3.833	3.490	3.292	4.255	4.337	3.871	7.238	8.168	4.650	-0.971	4.952	4.307	4.797	2.269	3.515	3.632	4.246	3.397	2.634	2.025	2.528	2.799	2.961	3.195	3.498	2018
662	CIV	NGDP_RPCH	Côte d'Ivoire	Gross domestic product, constant prices	Annual percentages of constant price GDP are year-on-year changes; the base year is country-specific . Expenditure-based GDP is total final expenditures at purchasers? prices (including the f.o.b. value of exports of goods and services), less the f.o.b. value of imports of goods and services. [SNA 1993]	Percent change		See notes for:  Gross domestic product, constant prices (National currency).	5.196	3.498	0.200	-2.500	-2.000	3.600	4.800	-0.500	1.140	2.950	-1.090	0.040	-0.250	-0.180	0.171	5.572	8.136	5.723	4.931	1.618	-2.068	0.121	-1.668	-1.360	1.232	1.721	1.516	1.765	2.543	3.251	2.018	-4.857	10.864	9.272	8.794	8.843	7.972	7.702	7.433	7.492	7.294	7.006	6.724	6.492	6.413	2016
960	HRV	NGDP_RPCH	Croatia	Gross domestic product, constant prices	Annual percentages of constant price GDP are year-on-year changes; the base year is country-specific . Expenditure-based GDP is total final expenditures at purchasers? prices (including the f.o.b. value of exports of goods and services), less the f.o.b. value of imports of goods and services. [SNA 1993]	Percent change		See notes for:  Gross domestic product, constant prices (National currency).	n/a	n/a	n/a	n/a	n/a	n/a	n/a	n/a	n/a	n/a	n/a	n/a	n/a	-8.000	5.900	6.634	5.874	6.645	1.862	-0.936	3.749	3.453	5.254	5.581	3.915	4.110	4.868	5.284	2.036	-7.292	-1.473	-0.340	-2.300	-0.492	-0.088	2.401	3.536	2.921	2.630	3.032	2.704	2.518	2.271	2.062	2.033	2018
423	CYP	NGDP_RPCH	Cyprus	Gross domestic product, constant prices	Annual percentages of constant price GDP are year-on-year changes; the base year is country-specific . Expenditure-based GDP is total final expenditures at purchasers? prices (including the f.o.b. value of exports of goods and services), less the f.o.b. value of imports of goods and services. [SNA 1993]	Percent change		See notes for:  Gross domestic product, constant prices (National currency).	5.920	3.051	6.279	5.307	8.837	4.746	3.583	7.139	8.317	8.088	7.402	0.740	9.365	0.701	5.899	9.924	1.248	2.642	6.110	4.997	5.967	3.952	3.723	2.624	5.027	4.853	4.714	5.098	3.647	-2.016	1.335	0.404	-2.879	-5.798	-1.313	1.963	4.811	4.469	3.878	3.110	2.885	2.712	2.605	2.458	2.509	2018
935	CZE	NGDP_RPCH	Czech Republic	Gross domestic product, constant prices	Annual percentages of constant price GDP are year-on-year changes; the base year is country-specific . Expenditure-based GDP is total final expenditures at purchasers? prices (including the f.o.b. value of exports of goods and services), less the f.o.b. value of imports of goods and services. [SNA 1993]	Percent change		See notes for:  Gross domestic product, constant prices (National currency).	n/a	n/a	n/a	n/a	n/a	n/a	n/a	n/a	n/a	n/a	n/a	n/a	n/a	n/a	n/a	n/a	4.525	-0.595	-0.329	1.433	4.267	2.909	1.652	3.603	4.907	6.533	6.854	5.603	2.682	-4.803	2.273	1.778	-0.800	-0.484	2.715	5.309	2.451	4.353	2.958	2.450	2.617	2.646	2.547	2.541	2.535	2018
128	DNK	NGDP_RPCH	Denmark	Gross domestic product, constant prices	Annual percentages of constant price GDP are year-on-year changes; the base year is country-specific . Expenditure-based GDP is total final expenditures at purchasers? prices (including the f.o.b. value of exports of goods and services), less the f.o.b. value of imports of goods and services. [SNA 1993]	Percent change		See notes for:  Gross domestic product, constant prices (National currency).	-0.484	-0.658	3.678	2.594	4.172	4.005	4.900	0.254	-0.008	0.642	1.473	1.397	1.959	0.008	5.329	3.029	2.905	3.260	2.213	2.948	3.749	0.823	0.467	0.388	2.668	2.342	3.912	0.908	-0.511	-4.905	1.868	1.336	0.229	0.935	1.616	2.343	2.398	2.266	1.489	1.698	1.905	1.723	1.645	1.524	1.511	2018
611	DJI	NGDP_RPCH	Djibouti	Gross domestic product, constant prices	Annual percentages of constant price GDP are year-on-year changes; the base year is country-specific . Expenditure-based GDP is total final expenditures at purchasers? prices (including the f.o.b. value of exports of goods and services), less the f.o.b. value of imports of goods and services. [SNA 1993]	Percent change		See notes for:  Gross domestic product, constant prices (National currency).	n/a	n/a	n/a	n/a	n/a	n/a	n/a	n/a	n/a	n/a	n/a	n/a	0.562	-6.751	-1.360	-3.481	-3.732	-1.216	0.114	2.919	0.713	1.793	3.234	3.186	2.779	3.111	4.825	5.017	5.806	1.616	4.147	7.293	4.842	5.001	7.062	7.675	6.919	5.077	5.500	6.000	6.000	6.000	6.000	6.000	6.000	2018
321	DMA	NGDP_RPCH	Dominica	Gross domestic product, constant prices	Annual percentages of constant price GDP are year-on-year changes; the base year is country-specific . Expenditure-based GDP is total final expenditures at purchasers? prices (including the f.o.b. value of exports of goods and services), less the f.o.b. value of imports of goods and services. [SNA 1993]	Percent change		See notes for:  Gross domestic product, constant prices (National currency).	13.383	10.829	4.128	2.556	4.197	1.421	7.073	6.308	7.817	-0.191	5.419	1.346	2.030	2.162	0.034	3.030	3.105	2.185	3.774	0.355	2.340	-0.063	-2.829	6.353	3.051	0.656	4.659	6.354	7.121	-1.170	0.673	-0.224	-1.059	-0.608	4.389	-2.551	2.522	-9.530	0.533	9.372	4.935	4.171	3.569	2.087	1.484	2017
243	DOM	NGDP_RPCH	Dominican Republic	Gross domestic product, constant prices	Annual percentages of constant price GDP are year-on-year changes; the base year is country-specific . Expenditure-based GDP is total final expenditures at purchasers? prices (including the f.o.b. value of exports of goods and services), less the f.o.b. value of imports of goods and services. [SNA 1993]	Percent change		See notes for:  Gross domestic product, constant prices (National currency).	7.969	4.279	1.700	4.628	1.253	-2.123	3.522	10.117	2.156	4.401	-5.454	0.945	11.221	7.365	2.600	5.685	5.978	8.885	6.714	5.940	4.662	2.460	4.495	-1.346	2.570	9.428	9.174	7.416	3.210	0.946	8.340	3.133	2.717	4.875	7.050	6.927	6.659	4.667	6.983	4.990	5.231	4.952	5.018	5.000	5.000	2018
248	ECU	NGDP_RPCH	Ecuador	Gross domestic product, constant prices	Annual percentages of constant price GDP are year-on-year changes; the base year is country-specific . Expenditure-based GDP is total final expenditures at purchasers? prices (including the f.o.b. value of exports of goods and services), less the f.o.b. value of imports of goods and services. [SNA 1993]	Percent change		See notes for:  Gross domestic product, constant prices (National currency).	4.900	3.900	1.200	-2.800	4.200	4.400	3.094	-5.972	10.486	0.285	3.008	5.113	3.614	2.000	4.258	2.253	1.732	4.328	3.267	-4.739	1.092	4.016	4.097	2.723	8.211	5.291	4.404	2.190	6.357	0.566	3.525	7.868	5.642	4.947	3.789	0.099	-1.226	2.368	1.377	-0.483	0.478	1.636	2.716	2.507	2.512	2018
469	EGY	NGDP_RPCH	Egypt	Gross domestic product, constant prices	Annual percentages of constant price GDP are year-on-year changes; the base year is country-specific . Expenditure-based GDP is total final expenditures at purchasers? prices (including the f.o.b. value of exports of goods and services), less the f.o.b. value of imports of goods and services. [SNA 1993]	Percent change		See notes for:  Gross domestic product, constant prices (National currency).	3.409	2.198	7.296	8.876	8.021	7.425	4.759	4.273	3.994	2.993	2.350	2.100	0.300	2.900	4.188	4.484	4.879	5.919	7.543	6.110	5.383	3.524	3.186	3.193	4.092	4.472	6.844	7.088	7.156	4.674	5.147	1.765	2.226	3.302	2.916	4.372	4.347	4.077	5.314	5.516	5.868	5.955	5.967	5.950	6.003	2018
253	SLV	NGDP_RPCH	El Salvador	Gross domestic product, constant prices	Annual percentages of constant price GDP are year-on-year changes; the base year is country-specific . Expenditure-based GDP is total final expenditures at purchasers? prices (including the f.o.b. value of exports of goods and services), less the f.o.b. value of imports of goods and services. [SNA 1993]	Percent change		See notes for:  Gross domestic product, constant prices (National currency).	-8.625	-5.725	-6.306	1.535	1.337	0.616	0.190	2.513	1.878	0.962	4.831	1.494	7.018	5.819	4.690	4.735	0.818	3.135	2.654	2.161	1.126	0.877	1.581	1.562	0.891	3.117	4.343	1.861	2.127	-2.083	2.106	3.812	2.814	2.239	1.710	2.395	2.511	2.305	2.537	2.500	2.300	2.200	2.200	2.200	2.200	2018
642	GNQ	NGDP_RPCH	Equatorial Guinea	Gross domestic product, constant prices	Annual percentages of constant price GDP are year-on-year changes; the base year is country-specific . Expenditure-based GDP is total final expenditures at purchasers? prices (including the f.o.b. value of exports of goods and services), less the f.o.b. value of imports of goods and services. [SNA 1993]	Percent change		See notes for:  Gross domestic product, constant prices (National currency).	4.839	5.769	2.202	5.004	1.011	12.905	-2.331	4.437	2.655	-1.229	2.537	-1.245	33.002	10.461	16.808	26.510	52.678	147.973	24.815	26.395	110.494	60.023	19.621	14.455	30.391	8.210	6.507	15.282	17.799	1.343	-8.924	6.524	8.313	-4.133	0.415	-9.110	-8.817	-4.708	-5.728	-4.641	-4.992	-5.261	-5.636	-3.224	-2.809	2017
643	ERI	NGDP_RPCH	Eritrea	Gross domestic product, constant prices	Annual percentages of constant price GDP are year-on-year changes; the base year is country-specific . Expenditure-based GDP is total final expenditures at purchasers? prices (including the f.o.b. value of exports of goods and services), less the f.o.b. value of imports of goods and services. [SNA 1993]	Percent change		See notes for:  Gross domestic product, constant prices (National currency).	n/a	n/a	n/a	n/a	n/a	n/a	n/a	n/a	n/a	n/a	n/a	n/a	n/a	12.882	20.918	2.325	9.136	7.900	1.966	0.187	-12.355	8.755	3.005	-2.656	1.452	2.574	-0.969	1.427	-19.436	12.179	10.853	25.710	1.886	-10.456	30.934	-20.621	7.391	-9.619	12.186	3.102	3.857	4.030	7.158	4.742	4.775	2018
939	EST	NGDP_RPCH	Estonia	Gross domestic product, constant prices	Annual percentages of constant price GDP are year-on-year changes; the base year is country-specific . Expenditure-based GDP is total final expenditures at purchasers? prices (including the f.o.b. value of exports of goods and services), less the f.o.b. value of imports of goods and services. [SNA 1993]	Percent change		See notes for:  Gross domestic product, constant prices (National currency).	n/a	n/a	n/a	n/a	n/a	n/a	n/a	n/a	n/a	n/a	n/a	n/a	n/a	n/a	-1.642	2.155	4.936	13.046	4.330	-0.403	10.107	5.970	6.802	7.567	6.768	9.490	9.719	7.574	-5.089	-14.434	2.707	7.442	3.110	1.346	2.987	1.845	2.632	5.749	4.761	3.200	2.900	2.800	2.800	2.800	2.800	2018
734	SWZ	NGDP_RPCH	Eswatini	Gross domestic product, constant prices	Annual percentages of constant price GDP are year-on-year changes; the base year is country-specific . Expenditure-based GDP is total final expenditures at purchasers? prices (including the f.o.b. value of exports of goods and services), less the f.o.b. value of imports of goods and services. [SNA 1993]	Percent change		See notes for:  Gross domestic product, constant prices (National currency).	-3.811	6.902	1.439	-0.547	2.481	1.924	18.584	10.016	7.571	9.408	9.859	1.760	3.227	3.106	2.401	4.826	3.842	3.103	2.604	2.951	1.760	1.055	4.380	3.880	3.624	5.999	5.992	4.435	0.822	1.565	3.794	2.247	5.391	3.862	0.913	2.312	1.268	2.025	2.351	1.300	0.509	0.638	0.543	0.576	0.467	2017
644	ETH	NGDP_RPCH	Ethiopia	Gross domestic product, constant prices	Annual percentages of constant price GDP are year-on-year changes; the base year is country-specific . Expenditure-based GDP is total final expenditures at purchasers? prices (including the f.o.b. value of exports of goods and services), less the f.o.b. value of imports of goods and services. [SNA 1993]	Percent change		See notes for:  Gross domestic product, constant prices (National currency).	3.997	--	0.961	7.845	-2.305	-11.413	9.693	13.870	0.574	-0.457	2.602	-7.218	-8.907	13.363	3.486	6.121	13.533	2.840	-4.185	6.294	9.838	7.400	1.600	-2.100	11.700	12.600	11.500	11.800	11.200	10.000	10.600	11.400	8.700	9.900	10.300	10.400	8.000	10.148	7.705	7.440	7.198	7.126	7.023	6.609	6.514	2018
819	FJI	NGDP_RPCH	Fiji	Gross domestic product, constant prices	Annual percentages of constant price GDP are year-on-year changes; the base year is country-specific . Expenditure-based GDP is total final expenditures at purchasers? prices (including the f.o.b. value of exports of goods and services), less the f.o.b. value of imports of goods and services. [SNA 1993]	Percent change		See notes for:  Gross domestic product, constant prices (National currency).	-1.694	6.004	-1.092	-4.212	10.107	-3.774	6.596	-7.194	3.462	13.888	5.802	-2.700	6.100	2.600	5.100	2.600	4.800	-2.400	1.300	8.700	-1.700	1.900	3.200	0.800	5.400	-1.300	1.900	-0.900	1.000	-1.400	3.000	2.700	1.411	4.734	5.604	4.664	2.510	5.425	3.526	2.700	3.000	3.200	3.200	3.200	3.200	2018
172	FIN	NGDP_RPCH	Finland	Gross domestic product, constant prices	Annual percentages of constant price GDP are year-on-year changes; the base year is country-specific . Expenditure-based GDP is total final expenditures at purchasers? prices (including the f.o.b. value of exports of goods and services), less the f.o.b. value of imports of goods and services. [SNA 1993]	Percent change		See notes for:  Gross domestic product, constant prices (National currency).	5.673	1.294	3.087	3.122	3.213	3.537	2.726	3.559	5.211	5.087	0.677	-5.915	-3.324	-0.735	3.939	4.208	3.658	6.253	5.428	4.444	5.635	2.581	1.680	1.994	3.926	2.781	4.055	5.185	0.721	-8.269	2.992	2.571	-1.426	-0.759	-0.632	0.501	2.772	3.043	1.658	1.244	1.465	1.474	1.391	1.343	1.348	2018
132	FRA	NGDP_RPCH	France	Gross domestic product, constant prices	Annual percentages of constant price GDP are year-on-year changes; the base year is country-specific . Expenditure-based GDP is total final expenditures at purchasers? prices (including the f.o.b. value of exports of goods and services), less the f.o.b. value of imports of goods and services. [SNA 1993]	Percent change		See notes for:  Gross domestic product, constant prices (National currency).	1.809	1.069	2.505	1.241	1.514	1.623	2.337	2.562	4.743	4.344	2.924	1.048	1.599	-0.629	2.358	2.107	1.413	2.336	3.589	3.421	3.924	1.984	1.136	0.823	2.830	1.663	2.449	2.425	0.255	-2.873	1.949	2.193	0.313	0.576	0.956	1.113	1.095	2.260	1.725	1.249	1.263	1.338	1.391	1.392	1.432	2018
646	GAB	NGDP_RPCH	Gabon	Gross domestic product, constant prices	Annual percentages of constant price GDP are year-on-year changes; the base year is country-specific . Expenditure-based GDP is total final expenditures at purchasers? prices (including the f.o.b. value of exports of goods and services), less the f.o.b. value of imports of goods and services. [SNA 1993]	Percent change		See notes for:  Gross domestic product, constant prices (National currency).	--	-4.000	4.100	2.000	4.900	5.800	-2.100	-15.400	3.500	15.431	5.147	6.124	-3.087	3.947	3.713	4.974	3.625	5.738	3.478	-8.943	-1.883	2.150	0.187	1.701	1.120	-0.786	-1.908	6.333	1.733	-2.279	6.270	7.092	5.251	5.517	4.435	3.879	2.091	0.499	0.846	2.941	3.419	3.723	4.475	4.531	4.546	2018
648	GMB	NGDP_RPCH	The Gambia	Gross domestic product, constant prices	Annual percentages of constant price GDP are year-on-year changes; the base year is country-specific . Expenditure-based GDP is total final expenditures at purchasers? prices (including the f.o.b. value of exports of goods and services), less the f.o.b. value of imports of goods and services. [SNA 1993]	Percent change		See notes for:  Gross domestic product, constant prices (National currency).	0.705	-9.523	20.759	13.518	-7.620	3.649	2.364	2.800	1.702	4.331	5.696	2.163	1.763	3.833	-3.398	3.320	2.906	1.417	6.500	6.399	5.525	5.753	-3.247	6.874	7.046	-2.352	-0.556	3.043	6.256	6.666	5.908	-8.130	5.242	2.873	-1.407	4.058	1.943	4.823	6.547	6.528	6.405	5.600	5.400	5.124	4.800	2018
915	GEO	NGDP_RPCH	Georgia	Gross domestic product, constant prices	Annual percentages of constant price GDP are year-on-year changes; the base year is country-specific . Expenditure-based GDP is total final expenditures at purchasers? prices (including the f.o.b. value of exports of goods and services), less the f.o.b. value of imports of goods and services. [SNA 1993]	Percent change		See notes for:  Gross domestic product, constant prices (National currency).	n/a	n/a	n/a	n/a	n/a	n/a	n/a	n/a	n/a	n/a	n/a	n/a	n/a	n/a	n/a	2.600	10.500	10.519	3.105	2.869	1.838	4.805	5.474	11.058	5.794	9.590	9.420	12.579	2.419	-3.651	6.249	7.222	6.351	3.387	4.624	2.881	2.847	4.833	4.717	4.641	4.801	5.000	5.200	5.200	5.187	2018
134	DEU	NGDP_RPCH	Germany	Gross domestic product, constant prices	Annual percentages of constant price GDP are year-on-year changes; the base year is country-specific . Expenditure-based GDP is total final expenditures at purchasers? prices (including the f.o.b. value of exports of goods and services), less the f.o.b. value of imports of goods and services. [SNA 1993]	Percent change		See notes for:  Gross domestic product, constant prices (National currency).	1.272	0.110	-0.788	1.555	2.826	2.192	2.417	1.469	3.736	3.913	5.723	5.011	1.925	-0.976	2.395	1.541	0.814	1.790	2.019	1.885	2.905	1.689	-0.201	-0.708	1.186	0.728	3.815	2.975	0.965	-5.694	4.185	3.913	0.428	0.431	2.218	1.742	2.230	2.465	1.522	0.544	1.247	1.439	1.336	1.235	1.167	2018
652	GHA	NGDP_RPCH	Ghana	Gross domestic product, constant prices	Annual percentages of constant price GDP are year-on-year changes; the base year is country-specific . Expenditure-based GDP is total final expenditures at purchasers? prices (including the f.o.b. value of exports of goods and services), less the f.o.b. value of imports of goods and services. [SNA 1993]	Percent change		See notes for:  Gross domestic product, constant prices (National currency).	0.453	-3.629	-8.088	-5.876	9.318	6.542	6.318	6.651	6.177	4.308	3.476	4.722	4.113	4.581	3.445	4.151	4.771	5.834	4.942	4.608	3.727	4.066	4.631	5.114	5.470	6.209	5.960	4.008	9.253	5.496	7.942	17.407	8.981	7.934	2.897	2.178	3.448	8.143	6.263	7.457	5.607	4.222	4.616	4.959	5.106	2018
174	GRC	NGDP_RPCH	Greece	Gross domestic product, constant prices	Annual percentages of constant price GDP are year-on-year changes; the base year is country-specific . Expenditure-based GDP is total final expenditures at purchasers? prices (including the f.o.b. value of exports of goods and services), less the f.o.b. value of imports of goods and services. [SNA 1993]	Percent change		See notes for:  Gross domestic product, constant prices (National currency).	0.677	-1.556	-1.130	-1.078	2.007	2.513	0.515	-2.257	4.288	3.799	--	3.102	0.697	-1.599	2.000	2.100	2.863	4.484	3.895	3.072	3.920	4.132	3.923	5.795	5.061	0.599	5.652	3.274	-0.335	-4.301	-5.478	-9.132	-7.300	-3.242	0.740	-0.438	-0.191	1.505	1.934	1.981	2.220	1.707	1.345	0.897	0.932	2018
328	GRD	NGDP_RPCH	Grenada	Gross domestic product, constant prices	Annual percentages of constant price GDP are year-on-year changes; the base year is country-specific . Expenditure-based GDP is total final expenditures at purchasers? prices (including the f.o.b. value of exports of goods and services), less the f.o.b. value of imports of goods and services. [SNA 1993]	Percent change		See notes for:  Gross domestic product, constant prices (National currency).	15.067	1.375	4.107	3.295	3.963	5.988	7.358	9.073	2.916	3.758	4.241	1.423	-0.813	-1.956	1.838	2.196	4.386	4.916	11.808	6.981	5.063	-2.024	3.438	9.464	-0.647	13.273	-3.993	6.124	0.948	-6.613	-0.511	0.765	-1.155	2.351	7.342	6.445	3.740	4.439	4.248	3.144	2.730	2.659	3.171	3.178	2.964	2018
258	GTM	NGDP_RPCH	Guatemala	Gross domestic product, constant prices	Annual percentages of constant price GDP are year-on-year changes; the base year is country-specific . Expenditure-based GDP is total final expenditures at purchasers? prices (including the f.o.b. value of exports of goods and services), less the f.o.b. value of imports of goods and services. [SNA 1993]	Percent change		See notes for:  Gross domestic product, constant prices (National currency).	3.700	0.644	-3.542	-2.528	0.510	-0.600	0.100	3.579	3.892	3.943	3.101	3.000	4.600	3.400	3.500	4.400	2.800	4.100	4.600	3.700	2.500	2.400	3.867	2.531	3.152	3.260	5.380	6.304	3.281	0.526	2.869	4.162	2.970	3.698	4.174	4.140	3.092	2.760	3.145	3.354	3.541	3.720	3.596	3.514	3.467	2018
656	GIN	NGDP_RPCH	Guinea	Gross domestic product, constant prices	Annual percentages of constant price GDP are year-on-year changes; the base year is country-specific . Expenditure-based GDP is total final expenditures at purchasers? prices (including the f.o.b. value of exports of goods and services), less the f.o.b. value of imports of goods and services. [SNA 1993]	Percent change		See notes for:  Gross domestic product, constant prices (National currency).	2.601	0.610	1.800	1.300	1.400	5.000	3.114	3.300	6.308	4.003	4.324	2.497	3.273	5.048	4.001	4.680	4.462	5.182	3.644	3.812	2.503	3.658	5.165	1.249	2.340	2.997	2.497	6.512	4.142	-1.538	4.219	5.614	5.915	3.934	3.708	3.813	10.828	10.048	5.768	5.892	5.963	5.990	5.281	4.991	4.955	2018
654	GNB	NGDP_RPCH	Guinea-Bissau	Gross domestic product, constant prices	Annual percentages of constant price GDP are year-on-year changes; the base year is country-specific . Expenditure-based GDP is total final expenditures at purchasers? prices (including the f.o.b. value of exports of goods and services), less the f.o.b. value of imports of goods and services. [SNA 1993]	Percent change		See notes for:  Gross domestic product, constant prices (National currency).	n/a	-0.498	4.200	-3.400	5.500	4.300	-1.000	5.600	1.958	2.925	4.580	7.305	3.095	2.276	2.963	4.016	3.747	5.994	-16.909	13.228	-0.189	2.017	-1.279	0.402	2.761	4.266	2.309	3.263	3.204	3.369	4.611	8.085	-1.713	3.256	0.965	6.134	6.263	5.927	3.800	4.600	4.900	5.000	5.100	5.200	5.300	2018
336	GUY	NGDP_RPCH	Guyana	Gross domestic product, constant prices	Annual percentages of constant price GDP are year-on-year changes; the base year is country-specific . Expenditure-based GDP is total final expenditures at purchasers? prices (including the f.o.b. value of exports of goods and services), less the f.o.b. value of imports of goods and services. [SNA 1993]	Percent change		See notes for:  Gross domestic product, constant prices (National currency).	-2.076	0.562	-8.884	-11.497	2.134	0.366	-0.234	-0.130	-5.981	-4.944	-3.010	6.026	7.758	8.201	8.482	5.055	7.956	6.185	-1.707	2.986	-1.345	2.260	1.149	-0.652	1.566	-1.942	5.127	7.020	1.977	3.319	4.371	5.437	5.039	5.018	3.898	3.055	3.356	2.134	4.138	4.435	85.618	4.767	20.630	26.190	3.237	2017
263	HTI	NGDP_RPCH	Haiti	Gross domestic product, constant prices	Annual percentages of constant price GDP are year-on-year changes; the base year is country-specific . Expenditure-based GDP is total final expenditures at purchasers? prices (including the f.o.b. value of exports of goods and services), less the f.o.b. value of imports of goods and services. [SNA 1993]	Percent change		See notes for:  Gross domestic product, constant prices (National currency).	7.345	1.056	-2.797	-1.500	0.201	0.757	0.273	-0.432	0.559	-1.131	-0.440	1.262	-2.251	-4.922	-11.603	9.892	4.143	2.705	2.182	2.710	0.870	-1.044	-0.251	0.364	-3.523	1.805	2.249	3.343	0.844	3.083	-5.498	5.524	2.885	4.241	2.803	1.211	1.453	1.173	1.484	0.100	1.199	1.495	1.495	1.495	1.505	2018
268	HND	NGDP_RPCH	Honduras	Gross domestic product, constant prices	Annual percentages of constant price GDP are year-on-year changes; the base year is country-specific . Expenditure-based GDP is total final expenditures at purchasers? prices (including the f.o.b. value of exports of goods and services), less the f.o.b. value of imports of goods and services. [SNA 1993]	Percent change		See notes for:  Gross domestic product, constant prices (National currency).	0.668	2.533	-1.391	-0.924	4.346	4.188	0.723	6.031	4.610	4.326	0.097	3.252	5.624	6.230	-1.303	4.080	3.578	4.994	2.902	-0.736	7.291	2.723	3.754	4.547	6.232	6.051	6.567	6.188	4.232	-2.432	3.731	3.836	4.129	2.792	3.058	3.840	3.752	4.930	3.745	3.360	3.528	3.634	3.743	3.855	3.940	2017
532	HKG	NGDP_RPCH	Hong Kong SAR	Gross domestic product, constant prices	Annual percentages of constant price GDP are year-on-year changes; the base year is country-specific . Expenditure-based GDP is total final expenditures at purchasers? prices (including the f.o.b. value of exports of goods and services), less the f.o.b. value of imports of goods and services. [SNA 1993]	Percent change		See notes for:  Gross domestic product, constant prices (National currency).	10.340	9.193	2.887	6.015	10.002	0.715	11.104	13.396	8.511	2.277	3.831	5.702	6.235	6.201	6.036	2.374	4.259	5.100	-5.883	2.507	7.664	0.561	1.657	3.056	8.700	7.388	7.033	6.465	2.128	-2.459	6.768	4.815	1.700	3.102	2.762	2.388	2.176	3.849	3.002	0.346	1.464	2.461	2.656	2.747	2.854	2018
944	HUN	NGDP_RPCH	Hungary	Gross domestic product, constant prices	Annual percentages of constant price GDP are year-on-year changes; the base year is country-specific . Expenditure-based GDP is total final expenditures at purchasers? prices (including the f.o.b. value of exports of goods and services), less the f.o.b. value of imports of goods and services. [SNA 1993]	Percent change		See notes for:  Gross domestic product, constant prices (National currency).	0.215	2.867	2.841	0.723	2.658	-0.253	1.535	4.051	-0.065	0.736	-3.497	-11.892	-3.064	-0.576	2.947	2.541	0.014	3.340	4.236	3.187	4.209	3.841	4.528	3.849	5.005	4.388	3.851	0.422	0.851	-6.601	0.655	1.658	-1.631	2.094	4.225	3.536	2.281	4.137	4.940	4.600	3.300	2.900	2.600	2.400	2.200	2018
176	ISL	NGDP_RPCH	Iceland	Gross domestic product, constant prices	Annual percentages of constant price GDP are year-on-year changes; the base year is country-specific . Expenditure-based GDP is total final expenditures at purchasers? prices (including the f.o.b. value of exports of goods and services), less the f.o.b. value of imports of goods and services. [SNA 1993]	Percent change		See notes for:  Gross domestic product, constant prices (National currency).	5.738	4.265	2.154	-2.151	4.129	3.293	6.270	8.546	-0.090	0.258	1.169	-0.224	-3.374	1.313	3.609	0.117	4.785	4.945	7.095	4.043	4.892	3.899	0.681	2.268	8.042	6.330	5.249	9.365	1.992	-6.777	-3.436	1.882	1.296	4.134	2.083	4.749	6.627	4.404	4.821	0.822	1.631	2.048	2.035	2.047	1.937	2018
534	IND	NGDP_RPCH	India	Gross domestic product, constant prices	Annual percentages of constant price GDP are year-on-year changes; the base year is country-specific . Expenditure-based GDP is total final expenditures at purchasers? prices (including the f.o.b. value of exports of goods and services), less the f.o.b. value of imports of goods and services. [SNA 1993]	Percent change		See notes for:  Gross domestic product, constant prices (National currency).	5.281	6.006	3.476	7.289	3.821	5.254	4.777	3.965	9.628	5.947	5.534	1.057	5.482	4.750	6.659	7.575	7.550	4.050	6.184	8.463	3.975	4.944	3.907	7.944	7.849	9.285	9.264	9.801	3.891	8.480	10.260	6.638	5.456	6.386	7.410	7.996	8.170	7.168	6.811	6.124	7.033	7.442	7.436	7.439	7.331	2018
536	IDN	NGDP_RPCH	Indonesia	Gross domestic product, constant prices	Annual percentages of constant price GDP are year-on-year changes; the base year is country-specific . Expenditure-based GDP is total final expenditures at purchasers? prices (including the f.o.b. value of exports of goods and services), less the f.o.b. value of imports of goods and services. [SNA 1993]	Percent change		See notes for:  Gross domestic product, constant prices (National currency).	9.880	7.604	2.246	4.193	7.574	3.906	7.189	6.572	6.979	9.085	9.002	8.928	6.523	7.956	7.540	8.220	7.818	4.700	-13.127	0.791	4.979	3.643	4.499	4.780	5.031	5.693	5.501	6.345	7.442	4.702	6.378	6.170	6.030	5.557	5.007	4.876	5.033	5.067	5.171	5.037	5.072	5.226	5.307	5.294	5.274	2018
429	IRN	NGDP_RPCH	Islamic Republic of Iran	Gross domestic product, constant prices	Annual percentages of constant price GDP are year-on-year changes; the base year is country-specific . Expenditure-based GDP is total final expenditures at purchasers? prices (including the f.o.b. value of exports of goods and services), less the f.o.b. value of imports of goods and services. [SNA 1993]	Percent change		See notes for:  Gross domestic product, constant prices (National currency).	-18.844	-8.558	13.088	13.776	-9.883	-2.064	-9.037	2.970	-9.493	5.205	18.080	10.774	2.107	1.257	-1.489	1.023	6.215	-0.550	1.910	0.309	6.867	0.806	10.253	9.226	3.988	5.144	5.319	6.730	-0.075	0.005	5.727	3.062	-7.714	-0.325	3.215	-1.586	12.518	3.732	-4.845	-9.459	0.046	0.988	0.975	0.981	1.092	2018
433	IRQ	NGDP_RPCH	Iraq	Gross domestic product, constant prices	Annual percentages of constant price GDP are year-on-year changes; the base year is country-specific . Expenditure-based GDP is total final expenditures at purchasers? prices (including the f.o.b. value of exports of goods and services), less the f.o.b. value of imports of goods and services. [SNA 1993]	Percent change		See notes for:  Gross domestic product, constant prices (National currency).	n/a	n/a	n/a	n/a	n/a	n/a	n/a	n/a	n/a	n/a	n/a	n/a	n/a	n/a	n/a	n/a	n/a	n/a	n/a	24.752	-4.341	-6.569	-7.797	81.787	53.386	1.675	5.638	1.889	8.228	3.379	6.403	7.546	13.936	7.628	0.738	2.537	15.199	-2.495	-0.563	3.404	4.676	3.727	2.323	2.066	2.081	2017
178	IRL	NGDP_RPCH	Ireland	Gross domestic product, constant prices	Annual percentages of constant price GDP are year-on-year changes; the base year is country-specific . Expenditure-based GDP is total final expenditures at purchasers? prices (including the f.o.b. value of exports of goods and services), less the f.o.b. value of imports of goods and services. [SNA 1993]	Percent change		See notes for:  Gross domestic product, constant prices (National currency).	2.898	2.512	1.495	-0.729	3.204	1.947	0.424	3.641	2.998	5.614	7.711	1.642	3.579	2.314	5.894	9.593	9.092	10.747	8.671	10.493	9.468	5.309	5.943	3.048	6.785	5.742	5.073	5.291	-4.548	-5.105	1.762	0.335	0.226	1.352	8.534	25.122	3.664	8.136	8.301	4.254	3.501	3.150	2.886	2.723	2.684	2018
436	ISR	NGDP_RPCH	Israel	Gross domestic product, constant prices	Annual percentages of constant price GDP are year-on-year changes; the base year is country-specific . Expenditure-based GDP is total final expenditures at purchasers? prices (including the f.o.b. value of exports of goods and services), less the f.o.b. value of imports of goods and services. [SNA 1993]	Percent change		See notes for:  Gross domestic product, constant prices (National currency).	3.568	4.723	1.424	2.586	2.210	4.451	3.551	7.490	3.564	1.419	6.633	4.618	7.155	3.771	7.011	9.654	5.054	4.068	4.183	3.536	8.869	0.145	-0.160	1.106	4.977	4.142	5.773	6.021	3.176	1.329	5.541	5.150	2.405	4.269	3.778	2.312	3.982	3.575	3.441	3.132	3.069	3.160	3.093	3.050	2.991	2018
136	ITA	NGDP_RPCH	Italy	Gross domestic product, constant prices	Annual percentages of constant price GDP are year-on-year changes; the base year is country-specific . Expenditure-based GDP is total final expenditures at purchasers? prices (including the f.o.b. value of exports of goods and services), less the f.o.b. value of imports of goods and services. [SNA 1993]	Percent change		See notes for:  Gross domestic product, constant prices (National currency).	3.099	0.557	0.156	0.925	3.013	2.621	2.710	3.067	4.029	3.252	1.982	1.439	0.723	-0.835	2.074	2.683	1.286	1.835	1.616	1.560	3.710	1.772	0.249	0.151	1.582	0.950	2.007	1.474	-1.050	-5.482	1.687	0.577	-2.819	-1.728	0.114	0.924	1.119	1.684	0.858	0.011	0.537	0.774	0.687	0.646	0.646	2018
343	JAM	NGDP_RPCH	Jamaica	Gross domestic product, constant prices	Annual percentages of constant price GDP are year-on-year changes; the base year is country-specific . Expenditure-based GDP is total final expenditures at purchasers? prices (including the f.o.b. value of exports of goods and services), less the f.o.b. value of imports of goods and services. [SNA 1993]	Percent change		See notes for:  Gross domestic product, constant prices (National currency).	-4.041	4.420	3.080	4.153	0.950	-0.900	7.000	7.700	-3.993	4.700	4.875	0.834	2.778	2.211	1.875	2.521	0.236	-1.641	-1.210	0.981	0.776	1.281	0.675	3.667	1.324	0.894	2.899	1.444	-0.818	-3.401	-1.436	1.420	-0.502	0.208	0.573	0.850	1.504	0.658	1.636	1.057	1.021	1.700	1.975	2.075	2.175	2018
158	JPN	NGDP_RPCH	Japan	Gross domestic product, constant prices	Annual percentages of constant price GDP are year-on-year changes; the base year is country-specific . Expenditure-based GDP is total final expenditures at purchasers? prices (including the f.o.b. value of exports of goods and services), less the f.o.b. value of imports of goods and services. [SNA 1993]	Percent change		See notes for:  Gross domestic product, constant prices (National currency).	3.181	4.209	3.312	3.523	4.502	5.233	3.327	4.731	6.785	4.858	4.893	3.417	0.848	-0.518	0.993	2.742	3.100	1.076	-1.128	-0.252	2.780	0.406	0.118	1.528	2.205	1.663	1.420	1.654	-1.094	-5.416	4.192	-0.115	1.495	2.000	0.375	1.223	0.609	1.936	0.814	0.891	0.466	0.453	0.522	0.501	0.503	2018
439	JOR	NGDP_RPCH	Jordan	Gross domestic product, constant prices	Annual percentages of constant price GDP are year-on-year changes; the base year is country-specific . Expenditure-based GDP is total final expenditures at purchasers? prices (including the f.o.b. value of exports of goods and services), less the f.o.b. value of imports of goods and services. [SNA 1993]	Percent change		See notes for:  Gross domestic product, constant prices (National currency).	11.463	14.576	5.404	-0.683	5.699	-0.863	5.707	2.872	2.241	-10.402	1.162	2.406	13.322	2.699	4.828	6.648	1.263	4.051	2.877	2.509	4.303	4.713	6.283	3.989	7.987	7.561	6.360	8.176	7.232	5.477	2.311	2.587	2.650	2.829	3.098	2.353	2.044	2.116	1.940	2.200	2.400	2.600	2.800	3.000	3.000	2018
916	KAZ	NGDP_RPCH	Kazakhstan	Gross domestic product, constant prices	Annual percentages of constant price GDP are year-on-year changes; the base year is country-specific . Expenditure-based GDP is total final expenditures at purchasers? prices (including the f.o.b. value of exports of goods and services), less the f.o.b. value of imports of goods and services. [SNA 1993]	Percent change		See notes for:  Gross domestic product, constant prices (National currency).	n/a	n/a	n/a	n/a	n/a	n/a	n/a	n/a	n/a	n/a	n/a	n/a	n/a	-9.200	-12.580	-8.200	0.500	1.700	-1.900	2.700	9.800	13.500	9.800	9.300	9.600	9.700	10.700	8.900	3.300	1.200	7.300	7.400	4.800	6.000	4.200	1.200	1.100	4.100	4.100	3.819	3.917	3.708	3.320	5.299	3.540	2018
664	KEN	NGDP_RPCH	Kenya	Gross domestic product, constant prices	Annual percentages of constant price GDP are year-on-year changes; the base year is country-specific . Expenditure-based GDP is total final expenditures at purchasers? prices (including the f.o.b. value of exports of goods and services), less the f.o.b. value of imports of goods and services. [SNA 1993]	Percent change		See notes for:  Gross domestic product, constant prices (National currency).	5.572	4.100	5.052	1.593	1.600	4.073	6.982	5.811	6.091	4.554	4.134	1.339	-1.080	-0.095	2.531	4.287	4.148	0.411	2.983	2.199	0.347	3.979	0.481	2.949	4.635	5.665	5.854	6.851	0.232	3.307	8.402	6.112	4.563	5.879	5.357	5.718	5.879	4.863	6.320	5.597	6.046	5.815	5.841	5.835	5.851	2018
826	KIR	NGDP_RPCH	Kiribati	Gross domestic product, constant prices	Annual percentages of constant price GDP are year-on-year changes; the base year is country-specific . Expenditure-based GDP is total final expenditures at purchasers? prices (including the f.o.b. value of exports of goods and services), less the f.o.b. value of imports of goods and services. [SNA 1993]	Percent change		See notes for:  Gross domestic product, constant prices (National currency).	0.058	0.242	0.749	-2.715	2.392	-4.519	0.975	0.426	9.149	-3.101	-1.331	0.134	1.307	1.046	1.754	-0.084	1.141	1.965	6.850	-1.771	5.956	-1.418	3.962	2.006	-1.629	4.952	-0.049	2.035	-2.092	0.803	-0.924	1.595	4.713	4.215	-0.698	10.405	5.130	0.328	2.332	2.323	2.348	2.043	1.930	1.938	1.808	2017
542	KOR	NGDP_RPCH	Korea	Gross domestic product, constant prices	Annual percentages of constant price GDP are year-on-year changes; the base year is country-specific . Expenditure-based GDP is total final expenditures at purchasers? prices (including the f.o.b. value of exports of goods and services), less the f.o.b. value of imports of goods and services. [SNA 1993]	Percent change		See notes for:  Gross domestic product, constant prices (National currency).	-1.701	7.181	8.265	13.242	10.443	7.750	11.224	12.467	11.905	7.030	9.811	10.354	6.175	6.847	9.206	9.571	7.595	5.922	-5.471	11.309	8.362	4.852	7.725	3.147	5.197	4.309	5.264	5.800	3.013	0.793	6.805	3.686	2.403	3.165	3.202	2.809	2.947	3.160	2.665	1.954	2.218	2.748	2.894	2.874	2.916	2018
967	UVK	NGDP_RPCH	Kosovo	Gross domestic product, constant prices	Annual percentages of constant price GDP are year-on-year changes; the base year is country-specific . Expenditure-based GDP is total final expenditures at purchasers? prices (including the f.o.b. value of exports of goods and services), less the f.o.b. value of imports of goods and services. [SNA 1993]	Percent change		See notes for:  Gross domestic product, constant prices (National currency).	n/a	n/a	n/a	n/a	n/a	n/a	n/a	n/a	n/a	n/a	n/a	n/a	n/a	n/a	n/a	n/a	n/a	n/a	n/a	n/a	n/a	11.063	-0.166	5.717	2.853	3.833	3.408	8.301	4.489	3.597	3.309	4.377	2.810	3.442	1.222	4.103	4.063	4.226	3.816	4.200	4.000	4.000	4.000	4.000	4.000	2018
443	KWT	NGDP_RPCH	Kuwait	Gross domestic product, constant prices	Annual percentages of constant price GDP are year-on-year changes; the base year is country-specific . Expenditure-based GDP is total final expenditures at purchasers? prices (including the f.o.b. value of exports of goods and services), less the f.o.b. value of imports of goods and services. [SNA 1993]	Percent change		See notes for:  Gross domestic product, constant prices (National currency).	-20.364	-18.921	-9.504	5.253	5.240	-4.258	8.565	8.142	-10.050	25.896	-26.229	-41.008	82.809	35.132	8.616	1.669	0.598	2.493	3.654	-1.789	4.691	0.209	3.014	17.337	10.762	10.076	7.520	5.992	2.480	-7.076	-2.371	9.628	6.625	1.151	0.500	0.593	2.926	-3.482	1.177	0.585	3.071	2.629	2.259	2.649	2.873	2017
917	KGZ	NGDP_RPCH	Kyrgyz Republic	Gross domestic product, constant prices	Annual percentages of constant price GDP are year-on-year changes; the base year is country-specific . Expenditure-based GDP is total final expenditures at purchasers? prices (including the f.o.b. value of exports of goods and services), less the f.o.b. value of imports of goods and services. [SNA 1993]	Percent change		See notes for:  Gross domestic product, constant prices (National currency).	n/a	n/a	n/a	n/a	n/a	n/a	n/a	n/a	n/a	n/a	n/a	n/a	n/a	-13.005	-19.807	-5.424	7.085	9.915	2.122	3.656	5.443	5.322	-0.017	7.030	7.027	-0.176	3.103	8.543	7.566	2.886	-0.472	5.956	-0.088	10.915	4.024	3.876	4.336	4.740	3.459	3.759	3.388	3.779	4.580	3.354	3.354	2018
544	LAO	NGDP_RPCH	Lao P.D.R.	Gross domestic product, constant prices	Annual percentages of constant price GDP are year-on-year changes; the base year is country-specific . Expenditure-based GDP is total final expenditures at purchasers? prices (including the f.o.b. value of exports of goods and services), less the f.o.b. value of imports of goods and services. [SNA 1993]	Percent change		See notes for:  Gross domestic product, constant prices (National currency).	10.004	15.332	4.715	3.000	6.438	9.122	4.829	-0.960	-2.100	9.893	6.686	3.999	6.999	5.867	8.160	7.045	6.892	6.907	4.279	4.028	6.429	4.772	6.809	6.179	7.187	6.940	8.954	7.851	7.822	7.373	8.018	7.986	7.805	8.026	7.612	7.270	7.023	6.832	6.308	6.434	6.507	6.736	6.771	6.758	6.772	2018
941	LVA	NGDP_RPCH	Latvia	Gross domestic product, constant prices	Annual percentages of constant price GDP are year-on-year changes; the base year is country-specific . Expenditure-based GDP is total final expenditures at purchasers? prices (including the f.o.b. value of exports of goods and services), less the f.o.b. value of imports of goods and services. [SNA 1993]	Percent change		See notes for:  Gross domestic product, constant prices (National currency).	n/a	n/a	n/a	n/a	n/a	n/a	n/a	n/a	n/a	n/a	n/a	n/a	n/a	-11.400	2.200	-2.084	2.359	8.974	6.522	2.619	5.407	6.461	7.103	8.431	8.336	10.697	11.889	9.979	-3.548	-14.402	-3.941	6.381	4.035	2.430	1.858	2.972	2.064	4.636	4.770	2.836	2.794	2.895	3.023	3.021	3.005	2018
446	LBN	NGDP_RPCH	Lebanon	Gross domestic product, constant prices	Annual percentages of constant price GDP are year-on-year changes; the base year is country-specific . Expenditure-based GDP is total final expenditures at purchasers? prices (including the f.o.b. value of exports of goods and services), less the f.o.b. value of imports of goods and services. [SNA 1993]	Percent change		See notes for:  Gross domestic product, constant prices (National currency).	1.467	0.550	-36.789	22.710	44.479	24.300	-6.773	16.729	-28.209	-42.195	-13.421	38.200	4.495	7.000	8.030	6.493	4.038	10.190	3.900	-0.800	1.100	3.900	3.400	1.700	7.500	2.748	1.701	9.341	9.249	10.054	8.037	0.918	2.720	2.619	1.884	0.415	1.606	0.552	0.250	0.200	0.863	2.336	2.570	3.124	2.746	2017
666	LSO	NGDP_RPCH	Lesotho	Gross domestic product, constant prices	Annual percentages of constant price GDP are year-on-year changes; the base year is country-specific . Expenditure-based GDP is total final expenditures at purchasers? prices (including the f.o.b. value of exports of goods and services), less the f.o.b. value of imports of goods and services. [SNA 1993]	Percent change		See notes for:  Gross domestic product, constant prices (National currency).	-0.825	3.079	5.556	2.980	4.329	3.309	4.072	2.140	7.738	5.520	5.191	4.767	6.222	3.847	4.475	2.814	4.921	3.482	1.404	1.590	4.904	3.276	1.576	4.071	2.398	3.112	4.417	4.993	5.536	3.149	6.289	6.664	4.913	2.167	2.744	2.132	2.689	0.515	2.766	2.760	-0.169	3.680	4.453	1.394	1.349	2017
668	LBR	NGDP_RPCH	Liberia	Gross domestic product, constant prices	Annual percentages of constant price GDP are year-on-year changes; the base year is country-specific . Expenditure-based GDP is total final expenditures at purchasers? prices (including the f.o.b. value of exports of goods and services), less the f.o.b. value of imports of goods and services. [SNA 1993]	Percent change		See notes for:  Gross domestic product, constant prices (National currency).	n/a	n/a	n/a	n/a	n/a	n/a	n/a	n/a	n/a	n/a	n/a	n/a	n/a	n/a	n/a	n/a	n/a	n/a	n/a	n/a	n/a	2.758	4.431	-28.974	3.971	5.856	8.480	13.103	6.105	5.192	6.351	7.700	8.420	8.836	0.695	0.007	-1.630	2.469	1.242	0.440	1.553	1.253	-1.264	-0.495	3.750	2018
672	LBY	NGDP_RPCH	Libya	Gross domestic product, constant prices	Annual percentages of constant price GDP are year-on-year changes; the base year is country-specific . Expenditure-based GDP is total final expenditures at purchasers? prices (including the f.o.b. value of exports of goods and services), less the f.o.b. value of imports of goods and services. [SNA 1993]	Percent change		See notes for:  Gross domestic product, constant prices (National currency).	0.606	-20.040	1.518	-4.709	-8.306	0.607	-11.353	-14.702	7.579	7.199	3.720	15.655	-2.712	-3.763	1.935	-12.397	2.633	-0.607	-0.377	0.462	3.681	-1.764	-0.959	13.016	4.461	11.870	6.500	6.354	-18.121	-2.988	3.176	-66.657	124.709	-36.829	-53.017	-13.023	-7.389	64.014	17.879	-19.056	-0.036	0.000	0.000	0.000	0.000	2017
946	LTU	NGDP_RPCH	Lithuania	Gross domestic product, constant prices	Annual percentages of constant price GDP are year-on-year changes; the base year is country-specific . Expenditure-based GDP is total final expenditures at purchasers? prices (including the f.o.b. value of exports of goods and services), less the f.o.b. value of imports of goods and services. [SNA 1993]	Percent change		See notes for:  Gross domestic product, constant prices (National currency).	n/a	n/a	n/a	n/a	n/a	n/a	n/a	n/a	n/a	n/a	n/a	n/a	n/a	n/a	n/a	n/a	5.239	8.293	7.467	-1.134	3.832	6.524	6.761	10.538	6.550	7.728	7.406	11.087	2.628	-14.814	1.639	6.043	3.827	3.499	3.537	2.021	2.353	4.140	3.494	3.405	2.718	2.462	2.387	2.297	2.285	2018
137	LUX	NGDP_RPCH	Luxembourg	Gross domestic product, constant prices	Annual percentages of constant price GDP are year-on-year changes; the base year is country-specific . Expenditure-based GDP is total final expenditures at purchasers? prices (including the f.o.b. value of exports of goods and services), less the f.o.b. value of imports of goods and services. [SNA 1993]	Percent change		See notes for:  Gross domestic product, constant prices (National currency).	3.170	0.798	1.039	1.887	4.730	5.596	9.983	3.951	8.464	9.798	5.320	8.645	1.819	4.201	3.821	1.432	1.515	5.937	6.492	8.421	8.442	2.532	3.819	1.629	3.612	3.173	5.179	8.354	-1.279	-4.359	4.865	2.539	-0.352	3.654	4.297	3.916	2.411	1.546	2.603	2.562	2.774	2.660	2.633	2.601	2.579	2018
546	MAC	NGDP_RPCH	Macao SAR	Gross domestic product, constant prices	Annual percentages of constant price GDP are year-on-year changes; the base year is country-specific . Expenditure-based GDP is total final expenditures at purchasers? prices (including the f.o.b. value of exports of goods and services), less the f.o.b. value of imports of goods and services. [SNA 1993]	Percent change		See notes for:  Gross domestic product, constant prices (National currency).	n/a	n/a	n/a	n/a	n/a	n/a	n/a	n/a	n/a	n/a	n/a	n/a	n/a	n/a	n/a	n/a	n/a	n/a	n/a	n/a	n/a	n/a	8.946	11.654	26.754	8.061	13.314	14.448	3.393	1.321	25.264	21.672	9.237	11.200	-1.201	-21.594	-0.858	9.704	4.708	-1.320	-1.064	-0.064	0.434	0.346	0.252	2018
674	MDG	NGDP_RPCH	Madagascar	Gross domestic product, constant prices	Annual percentages of constant price GDP are year-on-year changes; the base year is country-specific . Expenditure-based GDP is total final expenditures at purchasers? prices (including the f.o.b. value of exports of goods and services), less the f.o.b. value of imports of goods and services. [SNA 1993]	Percent change		See notes for:  Gross domestic product, constant prices (National currency).	0.788	-9.800	-1.900	0.900	1.760	1.156	1.960	1.175	3.407	4.075	3.129	-6.306	1.181	2.100	-0.042	1.679	2.154	3.693	3.917	4.699	4.457	5.980	-12.408	9.785	5.257	4.756	5.399	5.711	7.132	-4.023	0.272	1.446	3.037	2.241	3.330	3.097	4.193	4.285	5.198	5.222	5.309	5.139	4.854	4.837	4.806	2017
676	MWI	NGDP_RPCH	Malawi	Gross domestic product, constant prices	Annual percentages of constant price GDP are year-on-year changes; the base year is country-specific . Expenditure-based GDP is total final expenditures at purchasers? prices (including the f.o.b. value of exports of goods and services), less the f.o.b. value of imports of goods and services. [SNA 1993]	Percent change		See notes for:  Gross domestic product, constant prices (National currency).	0.395	-5.245	2.516	3.694	5.373	4.571	-0.215	1.625	3.177	1.345	5.692	8.730	-7.333	9.692	-10.313	13.830	9.979	6.587	1.061	3.541	0.775	-4.076	1.760	5.706	5.420	3.269	4.700	9.600	7.640	8.328	6.874	4.854	1.886	5.200	5.700	2.950	2.270	4.000	3.170	4.500	5.100	5.500	6.000	6.500	6.500	2011
548	MYS	NGDP_RPCH	Malaysia	Gross domestic product, constant prices	Annual percentages of constant price GDP are year-on-year changes; the base year is country-specific . Expenditure-based GDP is total final expenditures at purchasers? prices (including the f.o.b. value of exports of goods and services), less the f.o.b. value of imports of goods and services. [SNA 1993]	Percent change		See notes for:  Gross domestic product, constant prices (National currency).	7.444	6.942	5.941	6.250	7.762	-0.876	1.153	5.389	9.938	9.060	9.007	9.547	8.886	9.896	9.211	9.830	10.002	7.327	-7.359	6.131	8.671	0.518	5.391	5.789	6.783	4.976	5.584	6.299	4.832	-1.514	7.528	5.293	5.474	4.694	6.007	5.007	4.450	5.742	4.741	4.500	4.400	4.900	4.840	4.840	4.900	2018
556	MDV	NGDP_RPCH	Maldives	Gross domestic product, constant prices	Annual percentages of constant price GDP are year-on-year changes; the base year is country-specific . Expenditure-based GDP is total final expenditures at purchasers? prices (including the f.o.b. value of exports of goods and services), less the f.o.b. value of imports of goods and services. [SNA 1993]	Percent change		See notes for:  Gross domestic product, constant prices (National currency).	18.803	7.886	7.466	4.414	17.379	13.801	8.596	8.866	8.722	9.292	-4.049	6.896	6.467	5.417	7.505	7.377	9.084	10.405	9.789	7.230	4.770	3.452	6.098	25.394	5.943	-13.394	25.788	8.130	9.517	-6.629	7.093	8.431	2.388	7.281	7.330	2.885	7.289	6.912	7.514	6.466	6.045	5.510	5.468	5.539	5.458	2018
678	MLI	NGDP_RPCH	Mali	Gross domestic product, constant prices	Annual percentages of constant price GDP are year-on-year changes; the base year is country-specific . Expenditure-based GDP is total final expenditures at purchasers? prices (including the f.o.b. value of exports of goods and services), less the f.o.b. value of imports of goods and services. [SNA 1993]	Percent change		See notes for:  Gross domestic product, constant prices (National currency).	3.299	-4.542	-11.557	3.229	2.419	3.243	6.104	2.479	0.054	10.692	9.310	7.680	-1.562	3.561	3.802	2.997	7.281	4.797	2.926	6.245	-0.061	15.376	3.106	9.119	1.560	6.535	4.662	3.494	4.773	4.806	5.314	3.213	-0.837	2.304	7.101	6.167	5.764	5.419	4.651	5.040	5.000	4.900	4.900	4.800	4.800	2018
181	MLT	NGDP_RPCH	Malta	Gross domestic product, constant prices	Annual percentages of constant price GDP are year-on-year changes; the base year is country-specific . Expenditure-based GDP is total final expenditures at purchasers? prices (including the f.o.b. value of exports of goods and services), less the f.o.b. value of imports of goods and services. [SNA 1993]	Percent change		See notes for:  Gross domestic product, constant prices (National currency).	n/a	n/a	n/a	n/a	n/a	n/a	n/a	n/a	n/a	n/a	n/a	n/a	n/a	n/a	n/a	n/a	n/a	n/a	n/a	n/a	n/a	0.623	2.925	2.514	0.470	3.821	1.854	3.959	3.323	-2.445	3.543	1.307	2.799	4.603	8.706	10.818	5.676	6.724	6.772	5.098	4.316	3.744	3.500	3.290	3.184	2018
867	MHL	NGDP_RPCH	Marshall Islands	Gross domestic product, constant prices	Annual percentages of constant price GDP are year-on-year changes; the base year is country-specific . Expenditure-based GDP is total final expenditures at purchasers? prices (including the f.o.b. value of exports of goods and services), less the f.o.b. value of imports of goods and services. [SNA 1993]	Percent change		See notes for:  Gross domestic product, constant prices (National currency).	n/a	n/a	n/a	n/a	n/a	n/a	n/a	n/a	n/a	n/a	n/a	n/a	n/a	n/a	n/a	n/a	n/a	n/a	-2.883	-2.420	6.030	5.334	2.738	0.210	-0.272	3.595	1.676	3.993	-2.351	-1.769	7.056	1.087	3.155	2.790	-0.694	-0.627	1.780	4.549	2.554	2.411	2.302	2.005	1.848	1.646	1.246	2017
682	MRT	NGDP_RPCH	Mauritania	Gross domestic product, constant prices	Annual percentages of constant price GDP are year-on-year changes; the base year is country-specific . Expenditure-based GDP is total final expenditures at purchasers? prices (including the f.o.b. value of exports of goods and services), less the f.o.b. value of imports of goods and services. [SNA 1993]	Percent change		See notes for:  Gross domestic product, constant prices (National currency).	n/a	n/a	n/a	n/a	n/a	n/a	n/a	n/a	n/a	n/a	n/a	--	1.772	5.874	-3.061	9.820	5.819	-4.045	2.778	7.713	-0.430	2.009	0.665	5.979	5.747	8.969	18.869	2.818	1.080	-1.042	4.774	4.704	5.795	6.090	5.580	0.437	1.841	3.074	3.566	6.628	5.879	5.851	9.165	6.481	5.807	2014
684	MUS	NGDP_RPCH	Mauritius	Gross domestic product, constant prices	Annual percentages of constant price GDP are year-on-year changes; the base year is country-specific . Expenditure-based GDP is total final expenditures at purchasers? prices (including the f.o.b. value of exports of goods and services), less the f.o.b. value of imports of goods and services. [SNA 1993]	Percent change		See notes for:  Gross domestic product, constant prices (National currency).	-10.060	5.882	5.497	0.384	4.775	6.876	9.742	10.163	6.791	4.465	7.187	4.435	6.513	5.082	4.136	4.288	5.588	5.687	6.072	2.611	8.192	3.214	1.627	5.984	4.299	1.453	4.514	5.727	5.387	3.315	4.377	4.077	3.496	3.360	3.745	3.553	3.838	3.814	3.761	3.675	3.830	3.930	4.011	4.011	4.011	2018
273	MEX	NGDP_RPCH	Mexico	Gross domestic product, constant prices	Annual percentages of constant price GDP are year-on-year changes; the base year is country-specific . Expenditure-based GDP is total final expenditures at purchasers? prices (including the f.o.b. value of exports of goods and services), less the f.o.b. value of imports of goods and services. [SNA 1993]	Percent change		See notes for:  Gross domestic product, constant prices (National currency).	9.482	8.526	-0.521	-3.486	3.411	2.188	-3.079	1.722	1.283	4.106	5.176	4.215	3.541	2.738	4.941	-6.291	6.773	6.847	5.164	2.754	4.942	-0.404	-0.040	1.446	3.921	2.308	4.495	2.291	1.144	-5.286	5.118	3.663	3.642	1.354	2.804	3.288	2.911	2.117	1.995	0.396	1.307	1.899	2.108	2.269	2.396	2018
868	FSM	NGDP_RPCH	Micronesia	Gross domestic product, constant prices	Annual percentages of constant price GDP are year-on-year changes; the base year is country-specific . Expenditure-based GDP is total final expenditures at purchasers? prices (including the f.o.b. value of exports of goods and services), less the f.o.b. value of imports of goods and services. [SNA 1993]	Percent change		See notes for:  Gross domestic product, constant prices (National currency).	n/a	n/a	n/a	n/a	n/a	n/a	n/a	n/a	n/a	n/a	n/a	n/a	n/a	n/a	n/a	n/a	-3.087	-6.061	2.746	1.527	4.860	2.089	0.613	1.606	-3.137	2.058	-0.115	-1.939	-2.194	1.194	2.048	3.338	-1.997	-3.922	-2.227	4.955	0.717	2.432	1.198	1.450	0.778	0.741	0.600	0.600	0.600	2018
921	MDA	NGDP_RPCH	Moldova	Gross domestic product, constant prices	Annual percentages of constant price GDP are year-on-year changes; the base year is country-specific . Expenditure-based GDP is total final expenditures at purchasers? prices (including the f.o.b. value of exports of goods and services), less the f.o.b. value of imports of goods and services. [SNA 1993]	Percent change		See notes for:  Gross domestic product, constant prices (National currency).	n/a	n/a	n/a	n/a	n/a	n/a	n/a	n/a	n/a	n/a	n/a	n/a	n/a	-1.200	-30.900	-1.428	-5.900	1.600	-6.500	-3.400	2.100	6.100	7.800	6.600	7.400	7.500	4.800	3.000	7.800	-6.000	7.100	5.818	-0.590	9.044	5.000	-0.338	4.409	4.691	4.002	3.500	3.800	3.800	3.800	3.800	3.800	2018
948	MNG	NGDP_RPCH	Mongolia	Gross domestic product, constant prices	Annual percentages of constant price GDP are year-on-year changes; the base year is country-specific . Expenditure-based GDP is total final expenditures at purchasers? prices (including the f.o.b. value of exports of goods and services), less the f.o.b. value of imports of goods and services. [SNA 1993]	Percent change		See notes for:  Gross domestic product, constant prices (National currency).	6.443	8.376	8.331	5.792	5.914	5.679	9.426	3.542	5.146	4.183	-2.486	-9.199	-9.256	-3.169	2.134	6.376	2.235	3.897	3.340	3.070	1.146	4.639	5.267	7.357	9.425	6.507	8.163	8.757	7.819	-2.069	7.313	17.291	12.320	11.649	7.885	2.380	1.168	5.337	6.913	6.500	5.367	5.142	5.585	6.032	5.000	2016
943	MNE	NGDP_RPCH	Montenegro	Gross domestic product, constant prices	Annual percentages of constant price GDP are year-on-year changes; the base year is country-specific . Expenditure-based GDP is total final expenditures at purchasers? prices (including the f.o.b. value of exports of goods and services), less the f.o.b. value of imports of goods and services. [SNA 1993]	Percent change		See notes for:  Gross domestic product, constant prices (National currency).	n/a	n/a	n/a	n/a	n/a	n/a	n/a	n/a	n/a	n/a	n/a	n/a	n/a	n/a	n/a	n/a	n/a	n/a	n/a	n/a	n/a	1.100	1.900	2.500	4.400	4.200	8.600	6.800	7.200	-5.800	2.700	3.200	-2.724	3.549	1.784	3.390	2.949	4.716	4.900	2.989	2.478	2.915	3.176	3.205	2.926	2018
686	MAR	NGDP_RPCH	Morocco	Gross domestic product, constant prices	Annual percentages of constant price GDP are year-on-year changes; the base year is country-specific . Expenditure-based GDP is total final expenditures at purchasers? prices (including the f.o.b. value of exports of goods and services), less the f.o.b. value of imports of goods and services. [SNA 1993]	Percent change		See notes for:  Gross domestic product, constant prices (National currency).	3.792	-2.765	9.619	-0.557	4.337	6.324	8.300	-2.544	10.415	2.366	4.035	7.216	-2.098	-0.741	10.588	-5.405	12.373	-1.561	7.239	1.081	1.913	7.320	3.121	5.961	4.797	3.292	7.575	3.532	5.923	4.244	3.816	5.246	3.010	4.535	2.669	4.550	1.060	4.201	2.955	2.657	3.688	4.130	4.299	4.422	4.534	2018
688	MOZ	NGDP_RPCH	Mozambique	Gross domestic product, constant prices	Annual percentages of constant price GDP are year-on-year changes; the base year is country-specific . Expenditure-based GDP is total final expenditures at purchasers? prices (including the f.o.b. value of exports of goods and services), less the f.o.b. value of imports of goods and services. [SNA 1993]	Percent change		See notes for:  Gross domestic product, constant prices (National currency).	4.228	5.000	-6.900	-15.700	-6.500	1.000	-2.300	14.700	8.200	6.500	1.000	6.552	-5.231	8.767	6.159	2.237	26.845	10.842	11.859	7.823	1.679	12.721	8.794	6.501	7.811	8.721	9.851	7.426	6.876	6.351	6.688	7.118	7.198	7.141	7.444	6.594	3.763	3.737	3.270	1.800	6.043	4.000	4.000	9.243	11.474	2018
518	MMR	NGDP_RPCH	Myanmar	Gross domestic product, constant prices	Annual percentages of constant price GDP are year-on-year changes; the base year is country-specific . Expenditure-based GDP is total final expenditures at purchasers? prices (including the f.o.b. value of exports of goods and services), less the f.o.b. value of imports of goods and services. [SNA 1993]	Percent change		See notes for:  Gross domestic product, constant prices (National currency).	n/a	n/a	n/a	n/a	n/a	n/a	n/a	n/a	n/a	n/a	n/a	n/a	n/a	n/a	n/a	n/a	n/a	n/a	n/a	8.432	12.418	12.468	11.703	12.986	13.695	13.567	13.307	12.500	7.558	4.385	5.247	5.471	6.486	7.899	8.200	7.473	5.151	6.334	6.825	6.203	6.259	6.013	6.126	6.336	6.450	2018
728	NAM	NGDP_RPCH	Namibia	Gross domestic product, constant prices	Annual percentages of constant price GDP are year-on-year changes; the base year is country-specific . Expenditure-based GDP is total final expenditures at purchasers? prices (including the f.o.b. value of exports of goods and services), less the f.o.b. value of imports of goods and services. [SNA 1993]	Percent change		See notes for:  Gross domestic product, constant prices (National currency).	n/a	n/a	n/a	n/a	n/a	n/a	n/a	n/a	n/a	n/a	n/a	5.343	9.270	-1.620	3.005	4.115	3.196	4.216	3.291	3.366	3.497	2.393	6.680	3.477	6.632	4.670	3.948	3.646	2.650	0.296	6.039	5.091	5.062	5.615	6.352	6.086	1.123	-0.868	-0.075	-0.177	1.551	2.433	3.202	3.895	2.974	2018
836	NRU	NGDP_RPCH	Nauru	Gross domestic product, constant prices	Annual percentages of constant price GDP are year-on-year changes; the base year is country-specific . Expenditure-based GDP is total final expenditures at purchasers? prices (including the f.o.b. value of exports of goods and services), less the f.o.b. value of imports of goods and services. [SNA 1993]	Percent change		See notes for:  Gross domestic product, constant prices (National currency).	n/a	n/a	n/a	n/a	n/a	n/a	n/a	n/a	n/a	n/a	n/a	n/a	n/a	n/a	n/a	n/a	n/a	n/a	n/a	n/a	n/a	n/a	n/a	n/a	n/a	-0.356	8.329	-22.185	20.381	9.086	11.113	10.778	10.367	30.969	27.229	3.418	3.020	-5.496	-1.494	1.515	0.734	1.273	1.646	1.871	1.997	2018
558	NPL	NGDP_RPCH	Nepal	Gross domestic product, constant prices	Annual percentages of constant price GDP are year-on-year changes; the base year is country-specific . Expenditure-based GDP is total final expenditures at purchasers? prices (including the f.o.b. value of exports of goods and services), less the f.o.b. value of imports of goods and services. [SNA 1993]	Percent change		See notes for:  Gross domestic product, constant prices (National currency).	-2.320	8.341	3.780	-2.978	9.681	6.145	4.566	1.700	7.697	4.328	4.635	6.366	4.108	3.847	8.219	3.468	5.338	5.261	2.943	4.483	6.116	5.629	0.120	3.945	4.683	3.479	3.365	3.412	6.105	4.533	4.816	3.422	4.781	4.129	5.989	3.323	0.589	8.223	6.658	7.051	6.270	5.759	5.295	4.971	4.970	2019
138	NLD	NGDP_RPCH	Netherlands	Gross domestic product, constant prices	Annual percentages of constant price GDP are year-on-year changes; the base year is country-specific . Expenditure-based GDP is total final expenditures at purchasers? prices (including the f.o.b. value of exports of goods and services), less the f.o.b. value of imports of goods and services. [SNA 1993]	Percent change		See notes for:  Gross domestic product, constant prices (National currency).	n/a	-0.514	-1.283	1.758	3.118	2.657	3.126	1.850	4.585	4.480	4.178	2.451	1.589	1.264	3.008	2.762	3.494	4.328	4.668	5.032	4.199	2.328	0.217	0.158	1.983	2.047	3.462	3.772	2.172	-3.667	1.341	1.550	-1.031	-0.127	1.424	1.958	2.192	2.911	2.597	1.765	1.639	1.526	1.489	1.468	1.522	2018
196	NZL	NGDP_RPCH	New Zealand	Gross domestic product, constant prices	Annual percentages of constant price GDP are year-on-year changes; the base year is country-specific . Expenditure-based GDP is total final expenditures at purchasers? prices (including the f.o.b. value of exports of goods and services), less the f.o.b. value of imports of goods and services. [SNA 1993]	Percent change		See notes for:  Gross domestic product, constant prices (National currency).	1.009	2.961	2.878	-0.124	6.858	1.213	1.810	2.436	0.555	1.498	1.057	-2.168	0.870	4.874	6.673	4.345	3.740	3.016	0.762	4.464	4.123	2.196	5.079	4.603	4.409	2.555	2.748	3.963	-0.408	0.322	2.012	1.865	2.550	2.192	3.134	4.004	4.183	2.621	2.810	2.506	2.699	2.620	2.595	2.464	2.490	2018
278	NIC	NGDP_RPCH	Nicaragua	Gross domestic product, constant prices	Annual percentages of constant price GDP are year-on-year changes; the base year is country-specific . Expenditure-based GDP is total final expenditures at purchasers? prices (including the f.o.b. value of exports of goods and services), less the f.o.b. value of imports of goods and services. [SNA 1993]	Percent change		See notes for:  Gross domestic product, constant prices (National currency).	4.612	5.361	-0.817	4.615	-1.566	-4.084	-1.015	-0.706	-12.400	-1.694	-0.132	-0.154	0.400	-0.400	5.000	5.912	6.344	3.967	3.712	7.036	4.102	2.961	0.754	2.521	5.312	4.282	3.805	5.076	3.436	-3.293	4.410	6.317	6.496	4.927	4.785	4.792	4.563	4.675	-3.816	-5.039	-0.800	-0.100	0.445	0.977	1.459	2018
692	NER	NGDP_RPCH	Niger	Gross domestic product, constant prices	Annual percentages of constant price GDP are year-on-year changes; the base year is country-specific . Expenditure-based GDP is total final expenditures at purchasers? prices (including the f.o.b. value of exports of goods and services), less the f.o.b. value of imports of goods and services. [SNA 1993]	Percent change		See notes for:  Gross domestic product, constant prices (National currency).	4.886	-0.178	2.174	-3.864	-16.820	7.718	6.352	0.088	6.871	0.957	-1.308	2.490	-6.516	1.449	4.005	-6.611	5.089	0.496	12.712	0.994	-2.584	8.040	5.338	7.055	-0.825	8.416	5.807	3.166	9.650	-0.712	8.360	2.209	11.850	5.268	7.529	4.336	4.927	4.895	6.481	6.280	6.050	5.594	11.889	6.139	6.761	2018
694	NGA	NGDP_RPCH	Nigeria	Gross domestic product, constant prices	Annual percentages of constant price GDP are year-on-year changes; the base year is country-specific . Expenditure-based GDP is total final expenditures at purchasers? prices (including the f.o.b. value of exports of goods and services), less the f.o.b. value of imports of goods and services. [SNA 1993]	Percent change		See notes for:  Gross domestic product, constant prices (National currency).	n/a	n/a	n/a	n/a	n/a	n/a	n/a	n/a	n/a	n/a	n/a	-0.552	2.193	1.569	0.257	1.872	4.052	2.886	2.496	0.522	5.518	6.667	14.604	9.503	10.442	7.008	6.726	7.318	7.199	8.353	11.259	4.887	4.279	5.394	6.310	2.653	-1.617	0.806	1.923	2.288	2.521	2.516	2.731	2.607	2.640	2018
962	MKD	NGDP_RPCH	North Macedonia	Gross domestic product, constant prices	Annual percentages of constant price GDP are year-on-year changes; the base year is country-specific . Expenditure-based GDP is total final expenditures at purchasers? prices (including the f.o.b. value of exports of goods and services), less the f.o.b. value of imports of goods and services. [SNA 1993]	Percent change		See notes for:  Gross domestic product, constant prices (National currency).	n/a	n/a	n/a	n/a	n/a	n/a	n/a	n/a	n/a	n/a	n/a	n/a	n/a	-7.500	-1.800	-1.100	1.200	1.351	3.381	4.348	4.539	-3.067	1.494	2.223	4.674	4.724	5.137	6.473	5.472	-0.359	3.359	2.340	-0.456	2.925	3.629	3.856	2.848	0.241	2.665	3.151	3.355	3.200	3.300	3.430	3.540	2018
142	NOR	NGDP_RPCH	Norway	Gross domestic product, constant prices	Annual percentages of constant price GDP are year-on-year changes; the base year is country-specific . Expenditure-based GDP is total final expenditures at purchasers? prices (including the f.o.b. value of exports of goods and services), less the f.o.b. value of imports of goods and services. [SNA 1993]	Percent change		See notes for:  Gross domestic product, constant prices (National currency).	4.515	1.598	0.235	3.973	6.052	5.553	4.042	1.753	-0.255	1.038	1.932	3.085	3.574	2.845	5.055	4.155	5.028	5.285	2.624	2.013	3.205	2.075	1.446	0.910	3.969	2.625	2.400	2.994	0.476	-1.727	0.702	0.981	2.703	1.034	1.969	1.967	1.072	2.323	1.290	1.932	2.441	1.577	1.631	1.659	1.688	2018
449	OMN	NGDP_RPCH	Oman	Gross domestic product, constant prices	Annual percentages of constant price GDP are year-on-year changes; the base year is country-specific . Expenditure-based GDP is total final expenditures at purchasers? prices (including the f.o.b. value of exports of goods and services), less the f.o.b. value of imports of goods and services. [SNA 1993]	Percent change		See notes for:  Gross domestic product, constant prices (National currency).	6.079	17.096	11.501	15.947	13.904	14.523	2.145	-3.992	5.245	2.983	8.378	6.044	8.492	6.144	3.845	4.831	2.889	6.178	2.704	0.332	6.549	4.483	-1.101	-2.667	1.291	2.490	5.373	4.452	8.201	6.112	1.956	2.565	9.104	5.103	1.423	4.658	4.897	0.346	1.764	0.036	3.681	4.321	0.897	-0.614	1.630	2018
564	PAK	NGDP_RPCH	Pakistan	Gross domestic product, constant prices	Annual percentages of constant price GDP are year-on-year changes; the base year is country-specific . Expenditure-based GDP is total final expenditures at purchasers? prices (including the f.o.b. value of exports of goods and services), less the f.o.b. value of imports of goods and services. [SNA 1993]	Percent change		See notes for:  Gross domestic product, constant prices (National currency).	6.912	6.208	7.562	6.788	3.973	8.708	6.363	5.811	6.436	4.808	4.589	5.127	7.569	2.097	4.369	5.062	6.599	1.703	3.494	4.182	3.908	1.967	3.112	4.726	7.483	8.958	5.818	5.537	4.988	0.361	2.581	3.624	3.837	3.683	4.053	4.058	4.563	5.219	5.528	3.294	2.350	3.001	4.528	5.015	5.017	2018
565	PLW	NGDP_RPCH	Palau	Gross domestic product, constant prices	Annual percentages of constant price GDP are year-on-year changes; the base year is country-specific . Expenditure-based GDP is total final expenditures at purchasers? prices (including the f.o.b. value of exports of goods and services), less the f.o.b. value of imports of goods and services. [SNA 1993]	Percent change		See notes for:  Gross domestic product, constant prices (National currency).	n/a	n/a	n/a	n/a	n/a	n/a	n/a	n/a	n/a	n/a	n/a	n/a	n/a	n/a	n/a	n/a	n/a	n/a	n/a	n/a	n/a	6.406	3.456	-2.836	4.975	4.058	-1.495	1.343	-5.585	-6.259	0.289	4.866	1.841	-1.414	4.373	10.075	0.797	-3.518	1.705	0.300	1.800	2.200	2.000	2.000	2.000	2018
283	PAN	NGDP_RPCH	Panama	Gross domestic product, constant prices	Annual percentages of constant price GDP are year-on-year changes; the base year is country-specific . Expenditure-based GDP is total final expenditures at purchasers? prices (including the f.o.b. value of exports of goods and services), less the f.o.b. value of imports of goods and services. [SNA 1993]	Percent change		See notes for:  Gross domestic product, constant prices (National currency).	4.500	9.207	5.348	-4.491	2.709	4.942	3.568	-1.809	-13.380	1.562	8.099	9.418	8.203	5.456	2.849	1.752	7.371	6.480	7.332	3.878	2.737	0.558	2.247	4.226	7.508	7.181	8.541	12.111	9.856	1.243	5.828	11.314	9.779	6.903	5.067	5.733	4.966	5.321	3.677	4.308	5.500	5.490	5.500	5.500	5.500	2018
853	PNG	NGDP_RPCH	Papua New Guinea	Gross domestic product, constant prices	Annual percentages of constant price GDP are year-on-year changes; the base year is country-specific . Expenditure-based GDP is total final expenditures at purchasers? prices (including the f.o.b. value of exports of goods and services), less the f.o.b. value of imports of goods and services. [SNA 1993]	Percent change		See notes for:  Gross domestic product, constant prices (National currency).	-2.309	1.149	0.832	3.438	-0.983	3.578	5.654	2.762	2.909	-1.424	-2.996	9.550	13.828	18.206	5.946	-3.446	6.599	-6.343	4.682	1.856	-2.455	-0.045	2.008	4.388	0.570	3.924	2.294	7.815	-0.296	6.800	10.128	1.108	4.657	3.825	13.544	9.484	4.078	2.674	-1.088	5.021	2.562	2.521	3.052	3.399	3.547	2015
288	PRY	NGDP_RPCH	Paraguay	Gross domestic product, constant prices	Annual percentages of constant price GDP are year-on-year changes; the base year is country-specific . Expenditure-based GDP is total final expenditures at purchasers? prices (including the f.o.b. value of exports of goods and services), less the f.o.b. value of imports of goods and services. [SNA 1993]	Percent change		See notes for:  Gross domestic product, constant prices (National currency).	11.712	9.170	-1.398	-3.043	2.817	3.872	0.263	4.072	5.881	5.817	4.120	3.490	1.696	4.936	5.318	6.823	1.574	4.243	0.068	-1.366	-2.314	-0.834	-0.021	4.321	4.057	2.133	4.807	5.422	6.359	-0.258	11.144	4.249	-0.539	8.417	4.861	3.080	4.313	4.958	3.722	1.008	4.027	4.209	4.038	4.068	3.904	2018
293	PER	NGDP_RPCH	Peru	Gross domestic product, constant prices	Annual percentages of constant price GDP are year-on-year changes; the base year is country-specific . Expenditure-based GDP is total final expenditures at purchasers? prices (including the f.o.b. value of exports of goods and services), less the f.o.b. value of imports of goods and services. [SNA 1993]	Percent change		See notes for:  Gross domestic product, constant prices (National currency).	7.661	5.461	-0.324	-9.329	3.801	2.089	12.106	7.738	-9.422	-13.422	-5.090	2.219	-0.541	5.244	12.308	7.411	2.799	6.476	-0.392	1.495	2.695	0.617	5.454	4.165	4.959	6.285	7.529	8.518	9.143	1.049	8.451	6.452	5.951	5.837	2.394	3.274	4.048	2.474	3.991	2.595	3.619	4.001	3.994	3.898	3.760	2018
566	PHL	NGDP_RPCH	Philippines	Gross domestic product, constant prices	Annual percentages of constant price GDP are year-on-year changes; the base year is country-specific . Expenditure-based GDP is total final expenditures at purchasers? prices (including the f.o.b. value of exports of goods and services), less the f.o.b. value of imports of goods and services. [SNA 1993]	Percent change		See notes for:  Gross domestic product, constant prices (National currency).	5.149	3.423	3.619	1.875	-7.324	-7.307	3.417	4.312	6.753	6.205	3.037	-0.578	0.338	2.116	4.388	4.679	5.846	5.185	-0.577	3.082	4.411	2.894	3.646	4.970	6.698	4.778	5.243	6.617	4.153	1.148	7.632	3.660	6.684	7.064	6.145	6.067	6.884	6.678	6.244	5.718	6.183	6.395	6.470	6.519	6.501	2018
964	POL	NGDP_RPCH	Poland	Gross domestic product, constant prices	Annual percentages of constant price GDP are year-on-year changes; the base year is country-specific . Expenditure-based GDP is total final expenditures at purchasers? prices (including the f.o.b. value of exports of goods and services), less the f.o.b. value of imports of goods and services. [SNA 1993]	Percent change		See notes for:  Gross domestic product, constant prices (National currency).	-6.000	-10.000	-4.846	5.600	-0.366	3.862	3.494	2.302	3.285	3.812	-7.171	-7.005	2.033	4.287	5.239	6.728	6.239	7.086	4.982	4.524	4.260	1.205	1.443	3.562	5.136	3.494	6.180	7.035	4.250	2.820	3.607	5.017	1.608	1.392	3.318	3.839	3.063	4.937	5.149	4.026	3.083	2.690	2.526	2.487	2.487	2018
182	PRT	NGDP_RPCH	Portugal	Gross domestic product, constant prices	Annual percentages of constant price GDP are year-on-year changes; the base year is country-specific . Expenditure-based GDP is total final expenditures at purchasers? prices (including the f.o.b. value of exports of goods and services), less the f.o.b. value of imports of goods and services. [SNA 1993]	Percent change		See notes for:  Gross domestic product, constant prices (National currency).	6.725	3.523	2.163	0.972	-1.042	1.636	3.320	7.632	5.340	6.649	7.859	3.370	3.130	-0.687	1.489	2.307	3.504	4.401	4.808	3.907	3.816	1.944	0.771	-0.931	1.789	0.782	1.625	2.507	0.319	-3.122	1.738	-1.696	-4.057	-0.923	0.792	1.792	2.019	3.506	2.441	1.913	1.600	1.500	1.500	1.500	1.500	2018
359	PRI	NGDP_RPCH	Puerto Rico	Gross domestic product, constant prices	Annual percentages of constant price GDP are year-on-year changes; the base year is country-specific . Expenditure-based GDP is total final expenditures at purchasers? prices (including the f.o.b. value of exports of goods and services), less the f.o.b. value of imports of goods and services. [SNA 1993]	Percent change		See notes for:  Gross domestic product, constant prices (National currency).	n/a	1.070	-3.049	0.468	7.318	2.061	8.163	4.917	6.508	4.940	3.781	2.304	4.564	4.645	4.186	4.549	2.314	4.880	6.518	4.413	3.272	9.468	2.170	2.341	1.987	-1.987	-1.410	-1.162	-1.844	-1.952	-0.413	-0.359	0.029	-0.307	-1.190	-1.049	-1.263	-2.657	-4.906	-1.147	-0.693	-0.775	-0.775	-0.753	-0.753	2018
453	QAT	NGDP_RPCH	Qatar	Gross domestic product, constant prices	Annual percentages of constant price GDP are year-on-year changes; the base year is country-specific . Expenditure-based GDP is total final expenditures at purchasers? prices (including the f.o.b. value of exports of goods and services), less the f.o.b. value of imports of goods and services. [SNA 1993]	Percent change		See notes for:  Gross domestic product, constant prices (National currency).	-1.016	-3.894	-8.210	-5.329	15.988	-13.031	3.706	0.900	4.700	5.300	-14.644	-1.662	11.330	-1.324	1.418	2.399	4.375	30.012	11.218	4.284	8.028	3.898	7.182	3.720	19.219	7.493	26.170	17.986	17.664	11.957	18.132	13.375	4.687	4.410	3.979	3.658	2.131	1.580	1.493	1.969	2.755	3.022	2.358	2.093	2.832	2018
968	ROU	NGDP_RPCH	Romania	Gross domestic product, constant prices	Annual percentages of constant price GDP are year-on-year changes; the base year is country-specific . Expenditure-based GDP is total final expenditures at purchasers? prices (including the f.o.b. value of exports of goods and services), less the f.o.b. value of imports of goods and services. [SNA 1993]	Percent change		See notes for:  Gross domestic product, constant prices (National currency).	3.304	0.100	3.900	6.000	6.000	-0.100	2.400	0.800	-0.500	-5.800	-5.612	-12.927	-8.766	1.528	3.932	7.138	3.948	-6.053	-4.818	-1.150	2.921	5.218	5.703	2.341	10.428	4.668	8.029	7.234	9.307	-5.517	-3.901	2.007	2.077	3.515	3.411	3.872	4.801	6.991	4.096	4.000	3.500	3.000	3.000	3.000	3.000	2018
922	RUS	NGDP_RPCH	Russia	Gross domestic product, constant prices	Annual percentages of constant price GDP are year-on-year changes; the base year is country-specific . Expenditure-based GDP is total final expenditures at purchasers? prices (including the f.o.b. value of exports of goods and services), less the f.o.b. value of imports of goods and services. [SNA 1993]	Percent change		See notes for:  Gross domestic product, constant prices (National currency).	n/a	n/a	n/a	n/a	n/a	n/a	n/a	n/a	n/a	n/a	n/a	n/a	n/a	-8.700	-12.700	-4.100	-3.608	1.382	-5.345	6.351	10.046	5.090	4.744	7.349	7.176	6.376	8.154	8.535	5.248	-7.821	4.504	5.066	3.700	1.800	0.700	-2.308	0.329	1.630	2.255	1.084	1.870	2.045	2.049	1.945	1.845	2018
714	RWA	NGDP_RPCH	Rwanda	Gross domestic product, constant prices	Annual percentages of constant price GDP are year-on-year changes; the base year is country-specific . Expenditure-based GDP is total final expenditures at purchasers? prices (including the f.o.b. value of exports of goods and services), less the f.o.b. value of imports of goods and services. [SNA 1993]	Percent change		See notes for:  Gross domestic product, constant prices (National currency).	-3.576	2.472	-2.468	6.035	12.974	4.388	5.501	-0.295	0.296	-5.706	0.419	-4.300	6.600	-10.378	-41.890	24.541	11.596	14.900	8.340	3.308	8.352	8.495	13.195	2.178	7.480	9.370	9.207	7.650	11.158	6.257	7.322	7.968	8.639	4.718	6.157	8.873	5.982	6.120	8.606	7.800	8.100	8.200	8.000	7.500	7.500	2018
862	WSM	NGDP_RPCH	Samoa	Gross domestic product, constant prices	Annual percentages of constant price GDP are year-on-year changes; the base year is country-specific . Expenditure-based GDP is total final expenditures at purchasers? prices (including the f.o.b. value of exports of goods and services), less the f.o.b. value of imports of goods and services. [SNA 1993]	Percent change		See notes for:  Gross domestic product, constant prices (National currency).	-6.123	-9.056	-1.014	0.485	1.980	5.826	4.790	0.509	2.871	5.819	-6.444	-2.443	4.135	1.683	6.390	6.556	7.274	0.803	1.100	-0.636	5.093	7.390	5.652	5.213	3.087	6.639	2.132	0.486	3.556	-6.062	-1.963	5.553	0.439	-1.931	1.197	1.652	7.169	2.705	0.857	3.355	4.399	2.188	2.225	2.234	2.234	2018
135	SMR	NGDP_RPCH	San Marino	Gross domestic product, constant prices	Annual percentages of constant price GDP are year-on-year changes; the base year is country-specific . Expenditure-based GDP is total final expenditures at purchasers? prices (including the f.o.b. value of exports of goods and services), less the f.o.b. value of imports of goods and services. [SNA 1993]	Percent change		See notes for:  Gross domestic product, constant prices (National currency).	n/a	n/a	n/a	n/a	n/a	n/a	n/a	n/a	n/a	n/a	n/a	n/a	n/a	n/a	n/a	n/a	n/a	n/a	7.520	8.998	2.203	5.539	0.315	3.900	4.565	2.426	3.826	7.103	-0.530	-10.335	-5.437	-8.334	-7.022	-0.834	-0.702	2.496	2.459	0.602	1.130	0.787	0.699	0.599	0.499	0.499	0.499	2017
716	STP	NGDP_RPCH	São Tomé and Príncipe	Gross domestic product, constant prices	Annual percentages of constant price GDP are year-on-year changes; the base year is country-specific . Expenditure-based GDP is total final expenditures at purchasers? prices (including the f.o.b. value of exports of goods and services), less the f.o.b. value of imports of goods and services. [SNA 1993]	Percent change		See notes for:  Gross domestic product, constant prices (National currency).	-1.080	-10.314	3.093	-3.874	-6.030	9.300	-5.832	-2.930	1.999	3.135	-2.153	1.201	0.700	1.100	2.200	2.000	1.500	0.996	2.500	2.500	0.448	2.400	2.377	6.573	3.832	7.094	9.116	3.254	8.186	2.426	6.672	4.398	3.142	4.815	6.550	3.798	4.172	3.871	2.658	2.700	3.500	4.000	4.500	4.500	4.500	2017
456	SAU	NGDP_RPCH	Saudi Arabia	Gross domestic product, constant prices	Annual percentages of constant price GDP are year-on-year changes; the base year is country-specific . Expenditure-based GDP is total final expenditures at purchasers? prices (including the f.o.b. value of exports of goods and services), less the f.o.b. value of imports of goods and services. [SNA 1993]	Percent change		See notes for:  Gross domestic product, constant prices (National currency).	5.652	1.943	-20.730	-16.051	-4.661	-9.795	17.013	-6.632	13.109	-0.503	15.193	15.008	3.988	-1.364	0.559	0.212	2.637	1.104	2.893	-3.763	5.625	-1.211	-2.819	11.242	7.958	5.574	2.788	1.847	6.250	-2.059	5.039	9.997	5.411	2.674	3.678	4.106	1.671	-0.742	2.434	0.167	2.184	2.220	2.396	2.495	2.467	2018
722	SEN	NGDP_RPCH	Senegal	Gross domestic product, constant prices	Annual percentages of constant price GDP are year-on-year changes; the base year is country-specific . Expenditure-based GDP is total final expenditures at purchasers? prices (including the f.o.b. value of exports of goods and services), less the f.o.b. value of imports of goods and services. [SNA 1993]	Percent change		See notes for:  Gross domestic product, constant prices (National currency).	-0.827	5.070	7.843	-5.326	3.746	3.283	3.113	6.094	-0.592	3.978	-0.676	2.556	1.243	1.301	-0.017	5.363	2.012	3.124	5.899	6.347	3.199	4.581	0.655	6.683	5.871	5.623	2.462	4.938	4.056	2.093	3.563	1.458	5.117	2.822	6.614	6.367	6.356	7.134	6.651	6.049	6.751	6.959	8.375	11.562	7.982	2018
942	SRB	NGDP_RPCH	Serbia	Gross domestic product, constant prices	Annual percentages of constant price GDP are year-on-year changes; the base year is country-specific . Expenditure-based GDP is total final expenditures at purchasers? prices (including the f.o.b. value of exports of goods and services), less the f.o.b. value of imports of goods and services. [SNA 1993]	Percent change		See notes for:  Gross domestic product, constant prices (National currency).	n/a	n/a	n/a	n/a	n/a	n/a	n/a	n/a	n/a	n/a	n/a	n/a	n/a	n/a	n/a	n/a	n/a	n/a	n/a	-12.147	7.759	4.993	7.116	4.415	9.047	10.154	5.108	6.440	5.656	-2.732	0.731	2.036	-0.682	2.893	-1.590	1.776	3.340	2.049	4.302	3.498	3.990	4.000	4.000	4.000	4.000	2018
718	SYC	NGDP_RPCH	Seychelles	Gross domestic product, constant prices	Annual percentages of constant price GDP are year-on-year changes; the base year is country-specific . Expenditure-based GDP is total final expenditures at purchasers? prices (including the f.o.b. value of exports of goods and services), less the f.o.b. value of imports of goods and services. [SNA 1993]	Percent change		See notes for:  Gross domestic product, constant prices (National currency).	-2.253	-3.877	-2.071	-0.616	4.306	10.294	0.762	4.875	5.326	10.286	7.455	2.760	7.173	7.303	-2.437	0.485	9.998	12.194	2.467	1.872	4.253	-2.271	1.213	-5.887	-2.850	9.006	9.406	10.418	-2.141	-1.107	5.945	5.379	3.680	6.018	4.531	4.911	4.503	4.332	4.089	3.464	3.316	4.138	4.024	3.835	3.577	2017
724	SLE	NGDP_RPCH	Sierra Leone	Gross domestic product, constant prices	Annual percentages of constant price GDP are year-on-year changes; the base year is country-specific . Expenditure-based GDP is total final expenditures at purchasers? prices (including the f.o.b. value of exports of goods and services), less the f.o.b. value of imports of goods and services. [SNA 1993]	Percent change		See notes for:  Gross domestic product, constant prices (National currency).	-0.560	1.878	1.780	-1.576	1.700	-6.740	0.132	2.382	2.058	4.952	1.611	-7.993	-9.646	0.054	3.500	-10.025	-24.787	-17.596	-0.837	-8.122	3.807	18.170	26.425	9.327	6.598	4.505	4.224	8.058	5.400	3.187	5.347	6.312	15.178	20.720	4.555	-20.493	6.354	3.771	3.458	4.998	4.650	4.782	4.640	4.693	4.687	2017
576	SGP	NGDP_RPCH	Singapore	Gross domestic product, constant prices	Annual percentages of constant price GDP are year-on-year changes; the base year is country-specific . Expenditure-based GDP is total final expenditures at purchasers? prices (including the f.o.b. value of exports of goods and services), less the f.o.b. value of imports of goods and services. [SNA 1993]	Percent change		See notes for:  Gross domestic product, constant prices (National currency).	10.113	10.816	7.102	8.555	8.792	-0.623	1.343	10.798	11.264	10.159	9.821	6.688	6.640	11.463	11.098	7.201	7.471	8.320	-2.195	5.724	9.039	-1.069	3.915	4.536	9.820	7.359	9.005	9.022	1.868	0.121	14.526	6.262	4.449	4.815	3.901	2.892	2.962	3.700	3.139	0.546	0.993	1.573	2.216	2.351	2.501	2018
936	SVK	NGDP_RPCH	Slovak Republic	Gross domestic product, constant prices	Annual percentages of constant price GDP are year-on-year changes; the base year is country-specific . Expenditure-based GDP is total final expenditures at purchasers? prices (including the f.o.b. value of exports of goods and services), less the f.o.b. value of imports of goods and services. [SNA 1993]	Percent change		See notes for:  Gross domestic product, constant prices (National currency).	n/a	n/a	n/a	n/a	n/a	n/a	n/a	n/a	n/a	n/a	n/a	n/a	n/a	n/a	6.206	7.872	6.941	4.445	4.012	-0.205	1.210	3.316	4.523	5.419	5.259	6.751	8.453	10.800	5.630	-5.422	5.042	2.819	1.657	1.491	2.750	4.175	3.125	3.188	4.109	2.600	2.700	2.749	2.749	2.749	2.500	2018
961	SVN	NGDP_RPCH	Slovenia	Gross domestic product, constant prices	Annual percentages of constant price GDP are year-on-year changes; the base year is country-specific . Expenditure-based GDP is total final expenditures at purchasers? prices (including the f.o.b. value of exports of goods and services), less the f.o.b. value of imports of goods and services. [SNA 1993]	Percent change		See notes for:  Gross domestic product, constant prices (National currency).	n/a	n/a	n/a	n/a	n/a	n/a	n/a	n/a	n/a	n/a	n/a	n/a	n/a	2.800	5.300	4.100	3.602	5.050	3.279	5.333	3.673	3.216	3.506	2.960	4.359	3.798	5.746	6.980	3.510	-7.549	1.344	0.861	-2.639	-1.029	2.768	2.210	3.122	4.833	4.118	2.936	2.936	2.734	2.307	2.235	2.124	2018
813	SLB	NGDP_RPCH	Solomon Islands	Gross domestic product, constant prices	Annual percentages of constant price GDP are year-on-year changes; the base year is country-specific . Expenditure-based GDP is total final expenditures at purchasers? prices (including the f.o.b. value of exports of goods and services), less the f.o.b. value of imports of goods and services. [SNA 1993]	Percent change		See notes for:  Gross domestic product, constant prices (National currency).	-2.663	-1.797	-1.670	3.891	0.170	-3.132	-0.201	8.421	1.250	4.264	2.200	6.000	12.700	4.000	8.100	10.089	1.610	-0.914	1.292	-0.486	-14.277	-7.957	-2.800	6.523	8.089	12.853	3.993	6.389	7.106	-4.738	6.809	13.196	4.555	3.018	2.250	2.542	3.221	3.694	3.855	2.698	2.865	2.712	2.705	2.789	2.866	2018
726	SOM	NGDP_RPCH	Somalia	Gross domestic product, constant prices	Annual percentages of constant price GDP are year-on-year changes; the base year is country-specific . Expenditure-based GDP is total final expenditures at purchasers? prices (including the f.o.b. value of exports of goods and services), less the f.o.b. value of imports of goods and services. [SNA 1993]	Percent change		See notes for:  Gross domestic product, constant prices (National currency).	n/a	n/a	n/a	n/a	n/a	n/a	n/a	n/a	n/a	n/a	n/a	n/a	n/a	n/a	n/a	n/a	n/a	n/a	n/a	n/a	n/a	n/a	n/a	n/a	n/a	n/a	n/a	n/a	n/a	n/a	n/a	n/a	1.200	1.860	2.354	3.460	2.894	1.385	2.800	2.900	3.200	3.500	3.500	3.500	3.500	2018
199	ZAF	NGDP_RPCH	South Africa	Gross domestic product, constant prices	Annual percentages of constant price GDP are year-on-year changes; the base year is country-specific . Expenditure-based GDP is total final expenditures at purchasers? prices (including the f.o.b. value of exports of goods and services), less the f.o.b. value of imports of goods and services. [SNA 1993]	Percent change		See notes for:  Gross domestic product, constant prices (National currency).	6.621	5.361	-0.383	-1.847	5.099	-1.211	0.018	2.101	4.200	2.395	-0.318	-1.018	-2.137	1.234	3.234	3.116	4.307	2.647	0.517	2.358	4.155	2.735	3.668	2.949	4.555	5.277	5.604	5.360	3.191	-1.538	3.040	3.284	2.213	2.485	1.847	1.194	0.399	1.415	0.787	0.655	1.079	1.439	1.763	1.783	1.775	2018
733	SSD	NGDP_RPCH	South Sudan	Gross domestic product, constant prices	Annual percentages of constant price GDP are year-on-year changes; the base year is country-specific . Expenditure-based GDP is total final expenditures at purchasers? prices (including the f.o.b. value of exports of goods and services), less the f.o.b. value of imports of goods and services. [SNA 1993]	Percent change		See notes for:  Gross domestic product, constant prices (National currency).	n/a	n/a	n/a	n/a	n/a	n/a	n/a	n/a	n/a	n/a	n/a	n/a	n/a	n/a	n/a	n/a	n/a	n/a	n/a	n/a	n/a	n/a	n/a	n/a	n/a	n/a	n/a	n/a	n/a	n/a	n/a	n/a	-52.429	29.329	2.918	-0.173	-16.737	-5.491	-1.123	7.932	8.213	5.015	5.912	5.280	4.701	2017
184	ESP	NGDP_RPCH	Spain	Gross domestic product, constant prices	Annual percentages of constant price GDP are year-on-year changes; the base year is country-specific . Expenditure-based GDP is total final expenditures at purchasers? prices (including the f.o.b. value of exports of goods and services), less the f.o.b. value of imports of goods and services. [SNA 1993]	Percent change		See notes for:  Gross domestic product, constant prices (National currency).	1.203	-0.408	1.239	1.652	1.698	2.362	3.432	5.709	5.285	5.004	3.847	2.525	0.851	-1.314	2.335	4.122	2.421	3.865	4.469	4.745	5.053	3.998	2.880	3.189	3.164	3.723	4.175	3.770	1.117	-3.573	0.015	-0.997	-2.929	-1.706	1.379	3.650	3.169	2.983	2.579	2.175	1.847	1.702	1.671	1.648	1.592	2018
524	LKA	NGDP_RPCH	Sri Lanka	Gross domestic product, constant prices	Annual percentages of constant price GDP are year-on-year changes; the base year is country-specific . Expenditure-based GDP is total final expenditures at purchasers? prices (including the f.o.b. value of exports of goods and services), less the f.o.b. value of imports of goods and services. [SNA 1993]	Percent change		See notes for:  Gross domestic product, constant prices (National currency).	5.847	5.345	5.233	3.314	6.725	4.957	4.281	1.454	2.698	2.250	6.174	10.821	-3.135	7.477	8.036	6.051	12.162	10.291	-1.646	2.879	8.418	-1.948	3.727	5.940	5.445	6.242	7.668	6.797	5.950	3.539	8.016	8.405	9.145	3.396	4.961	5.008	4.487	3.420	3.209	2.720	3.532	4.255	4.504	4.643	4.840	2018
361	KNA	NGDP_RPCH	St. Kitts and Nevis	Gross domestic product, constant prices	Annual percentages of constant price GDP are year-on-year changes; the base year is country-specific . Expenditure-based GDP is total final expenditures at purchasers? prices (including the f.o.b. value of exports of goods and services), less the f.o.b. value of imports of goods and services. [SNA 1993]	Percent change		See notes for:  Gross domestic product, constant prices (National currency).	1.278	2.702	6.112	-2.058	9.651	6.437	8.842	8.268	10.353	6.013	5.454	2.270	3.077	5.418	5.404	3.462	5.897	7.327	1.024	3.943	12.121	4.762	1.107	-4.232	3.825	8.707	3.174	0.349	6.368	-3.363	1.527	3.212	-4.390	6.371	7.215	1.595	1.845	0.905	4.591	3.500	3.500	3.000	2.700	2.659	2.671	2018
362	LCA	NGDP_RPCH	St. Lucia	Gross domestic product, constant prices	Annual percentages of constant price GDP are year-on-year changes; the base year is country-specific . Expenditure-based GDP is total final expenditures at purchasers? prices (including the f.o.b. value of exports of goods and services), less the f.o.b. value of imports of goods and services. [SNA 1993]	Percent change		See notes for:  Gross domestic product, constant prices (National currency).	-0.510	5.105	2.114	4.059	8.010	12.590	14.402	3.924	13.899	8.983	9.890	0.376	7.952	0.583	1.599	1.749	2.922	-0.694	6.286	2.670	0.049	-3.409	0.417	4.264	7.268	-0.411	6.365	2.025	4.888	-1.467	0.403	4.143	-0.375	-1.977	1.338	0.229	3.152	2.550	0.857	1.511	3.217	2.993	2.400	1.500	1.500	2018
364	VCT	NGDP_RPCH	St. Vincent and the Grenadines	Gross domestic product, constant prices	Annual percentages of constant price GDP are year-on-year changes; the base year is country-specific . Expenditure-based GDP is total final expenditures at purchasers? prices (including the f.o.b. value of exports of goods and services), less the f.o.b. value of imports of goods and services. [SNA 1993]	Percent change		See notes for:  Gross domestic product, constant prices (National currency).	2.910	3.878	2.579	3.217	5.304	4.271	5.405	0.650	13.168	3.273	4.806	2.221	7.097	3.589	-1.165	6.798	1.060	3.741	4.459	2.107	1.806	1.662	6.126	7.344	4.609	3.025	6.038	3.064	-0.546	-2.000	-2.331	0.247	1.301	2.491	0.247	0.823	0.836	0.719	2.014	2.328	2.316	2.342	2.311	2.344	2.323	2018
732	SDN	NGDP_RPCH	Sudan	Gross domestic product, constant prices	Annual percentages of constant price GDP are year-on-year changes; the base year is country-specific . Expenditure-based GDP is total final expenditures at purchasers? prices (including the f.o.b. value of exports of goods and services), less the f.o.b. value of imports of goods and services. [SNA 1993]	Percent change		See notes for:  Gross domestic product, constant prices (National currency).	2.500	6.320	4.127	-1.510	-5.626	-0.624	9.929	6.463	4.363	1.419	-1.700	7.024	5.541	2.750	3.514	8.860	5.465	6.057	8.242	4.235	8.385	10.867	5.941	6.289	5.136	5.648	6.531	5.735	3.847	-2.768	3.858	-2.825	-17.005	1.963	4.671	1.913	2.938	1.663	-2.227	-2.624	-1.514	-1.065	0.163	0.983	1.405	2016
366	SUR	NGDP_RPCH	Suriname	Gross domestic product, constant prices	Annual percentages of constant price GDP are year-on-year changes; the base year is country-specific . Expenditure-based GDP is total final expenditures at purchasers? prices (including the f.o.b. value of exports of goods and services), less the f.o.b. value of imports of goods and services. [SNA 1993]	Percent change		See notes for:  Gross domestic product, constant prices (National currency).	-6.500	1.900	-6.300	-5.100	-3.000	-0.900	-2.400	-8.800	10.800	2.300	-1.500	-13.799	3.900	-2.200	-7.000	11.300	11.200	7.000	2.200	-0.900	-0.100	4.902	3.747	6.190	7.305	4.919	5.767	5.099	4.149	3.017	5.163	5.847	2.697	2.931	0.254	-3.414	-5.560	1.691	2.000	2.200	2.500	2.400	2.000	2.400	2.600	2017
144	SWE	NGDP_RPCH	Sweden	Gross domestic product, constant prices	Annual percentages of constant price GDP are year-on-year changes; the base year is country-specific . Expenditure-based GDP is total final expenditures at purchasers? prices (including the f.o.b. value of exports of goods and services), less the f.o.b. value of imports of goods and services. [SNA 1993]	Percent change		See notes for:  Gross domestic product, constant prices (National currency).	4.555	4.540	1.426	2.058	4.295	2.272	2.927	3.265	2.460	2.463	0.800	-1.027	-0.975	-1.274	3.972	3.998	1.615	3.099	4.261	4.311	4.875	1.468	2.196	2.245	4.326	2.896	4.603	3.431	-0.242	-4.236	6.189	3.052	-0.631	1.088	2.747	4.421	2.413	2.412	2.324	0.936	1.462	2.051	1.974	1.980	1.987	2018
146	CHE	NGDP_RPCH	Switzerland	Gross domestic product, constant prices	Annual percentages of constant price GDP are year-on-year changes; the base year is country-specific . Expenditure-based GDP is total final expenditures at purchasers? prices (including the f.o.b. value of exports of goods and services), less the f.o.b. value of imports of goods and services. [SNA 1993]	Percent change		See notes for:  Gross domestic product, constant prices (National currency).	5.110	1.602	-1.302	0.603	3.099	3.650	1.858	1.582	3.311	4.392	3.566	-0.816	-0.168	-0.124	1.324	0.534	0.534	2.327	2.931	1.653	4.074	1.286	0.183	0.076	2.621	3.161	4.077	4.107	2.110	-2.228	2.873	1.835	1.006	1.879	2.484	1.264	1.714	1.864	2.756	0.761	1.260	1.620	1.588	1.600	1.600	2017
463	SYR	NGDP_RPCH	Syria	Gross domestic product, constant prices	Annual percentages of constant price GDP are year-on-year changes; the base year is country-specific . Expenditure-based GDP is total final expenditures at purchasers? prices (including the f.o.b. value of exports of goods and services), less the f.o.b. value of imports of goods and services. [SNA 1993]	Percent change		See notes for:  Gross domestic product, constant prices (National currency).	10.493	8.463	2.583	1.605	-6.498	7.296	-4.757	1.251	12.721	-6.067	10.358	10.727	13.246	7.409	5.534	5.423	2.966	-1.090	5.554	-3.121	2.295	3.680	5.897	-2.037	6.903	6.215	5.046	5.675	4.477	5.912	3.440	n/a	n/a	n/a	n/a	n/a	n/a	n/a	n/a	n/a	n/a	n/a	n/a	n/a	n/a	2010
528	TWN	NGDP_RPCH	Taiwan Province of China	Gross domestic product, constant prices	Annual percentages of constant price GDP are year-on-year changes; the base year is country-specific . Expenditure-based GDP is total final expenditures at purchasers? prices (including the f.o.b. value of exports of goods and services), less the f.o.b. value of imports of goods and services. [SNA 1993]	Percent change		See notes for:  Gross domestic product, constant prices (National currency).	8.039	7.108	4.798	9.044	10.048	4.807	11.516	12.703	8.018	8.749	5.646	8.359	8.293	6.802	7.494	6.501	6.175	6.113	4.211	6.717	6.421	-1.260	5.575	4.121	6.506	5.416	5.623	6.517	0.704	-1.567	10.631	3.805	2.064	2.202	4.021	0.806	1.512	3.079	2.634	2.035	1.933	2.094	2.116	2.080	2.012	2018
923	TJK	NGDP_RPCH	Tajikistan	Gross domestic product, constant prices	Annual percentages of constant price GDP are year-on-year changes; the base year is country-specific . Expenditure-based GDP is total final expenditures at purchasers? prices (including the f.o.b. value of exports of goods and services), less the f.o.b. value of imports of goods and services. [SNA 1993]	Percent change		See notes for:  Gross domestic product, constant prices (National currency).	n/a	n/a	n/a	n/a	n/a	n/a	n/a	n/a	n/a	n/a	n/a	n/a	n/a	-11.099	-21.401	-12.498	-4.368	1.700	5.300	3.699	8.300	10.200	9.100	10.200	10.600	6.700	7.000	7.800	7.900	3.900	6.500	7.400	7.500	7.400	6.700	6.000	6.900	7.100	7.300	5.000	4.500	4.500	4.500	4.000	4.000	2017
738	TZA	NGDP_RPCH	Tanzania	Gross domestic product, constant prices	Annual percentages of constant price GDP are year-on-year changes; the base year is country-specific . Expenditure-based GDP is total final expenditures at purchasers? prices (including the f.o.b. value of exports of goods and services), less the f.o.b. value of imports of goods and services. [SNA 1993]	Percent change		See notes for:  Gross domestic product, constant prices (National currency).	3.266	0.500	0.600	2.400	3.400	4.600	6.600	5.900	4.400	3.800	7.045	2.072	0.584	1.206	1.567	3.571	4.544	3.525	3.708	4.840	4.934	5.998	7.164	6.886	7.828	7.370	4.661	8.464	5.567	5.382	6.359	7.905	5.141	6.782	6.732	6.161	6.867	6.773	6.951	5.200	5.704	5.990	6.293	6.531	6.467	2018
578	THA	NGDP_RPCH	Thailand	Gross domestic product, constant prices	Annual percentages of constant price GDP are year-on-year changes; the base year is country-specific . Expenditure-based GDP is total final expenditures at purchasers? prices (including the f.o.b. value of exports of goods and services), less the f.o.b. value of imports of goods and services. [SNA 1993]	Percent change		See notes for:  Gross domestic product, constant prices (National currency).	4.601	5.910	5.353	5.581	5.760	4.643	5.534	9.519	13.288	12.194	11.623	8.403	9.230	8.675	7.997	8.120	5.652	-2.754	-7.634	4.572	4.456	3.444	6.149	7.189	6.289	4.188	4.968	5.435	1.726	-0.691	7.513	0.840	7.243	2.687	0.984	3.134	3.356	4.024	4.133	2.871	3.007	3.491	3.649	3.649	3.649	2018
537	TLS	NGDP_RPCH	Timor-Leste	Gross domestic product, constant prices	Annual percentages of constant price GDP are year-on-year changes; the base year is country-specific . Expenditure-based GDP is total final expenditures at purchasers? prices (including the f.o.b. value of exports of goods and services), less the f.o.b. value of imports of goods and services. [SNA 1993]	Percent change		See notes for:  Gross domestic product, constant prices (National currency).	n/a	n/a	n/a	n/a	n/a	n/a	n/a	n/a	n/a	n/a	n/a	n/a	n/a	n/a	n/a	n/a	n/a	n/a	n/a	n/a	n/a	16.348	-6.701	-2.182	0.400	2.968	-4.685	10.138	11.149	9.966	8.466	6.700	5.713	2.357	4.736	3.483	5.124	-3.478	-0.200	4.500	5.000	4.800	4.800	4.800	4.800	2017
742	TGO	NGDP_RPCH	Togo	Gross domestic product, constant prices	Annual percentages of constant price GDP are year-on-year changes; the base year is country-specific . Expenditure-based GDP is total final expenditures at purchasers? prices (including the f.o.b. value of exports of goods and services), less the f.o.b. value of imports of goods and services. [SNA 1993]	Percent change		See notes for:  Gross domestic product, constant prices (National currency).	-2.285	-3.419	-3.708	-5.156	5.881	3.717	3.260	-2.484	10.124	4.100	5.897	-0.590	-3.207	-16.319	13.930	19.691	-3.871	3.803	-2.263	2.536	-0.968	0.823	3.827	6.720	-0.979	-4.666	2.650	-1.175	4.062	5.538	6.099	6.398	6.544	6.112	5.921	5.743	5.600	4.420	4.900	5.100	5.300	5.410	5.410	5.410	5.410	2016
866	TON	NGDP_RPCH	Tonga	Gross domestic product, constant prices	Annual percentages of constant price GDP are year-on-year changes; the base year is country-specific . Expenditure-based GDP is total final expenditures at purchasers? prices (including the f.o.b. value of exports of goods and services), less the f.o.b. value of imports of goods and services. [SNA 1993]	Percent change		See notes for:  Gross domestic product, constant prices (National currency).	15.800	14.000	12.800	5.800	44.100	5.600	8.800	1.700	-3.500	1.100	4.700	5.900	-3.800	-0.100	1.979	4.487	0.001	-3.165	3.474	2.349	1.059	3.165	2.270	0.971	1.201	0.382	-2.482	-1.732	1.798	3.269	3.318	1.967	-1.058	-0.585	2.678	3.632	4.696	2.703	1.471	3.510	3.682	2.885	2.426	2.108	1.986	2018
369	TTO	NGDP_RPCH	Trinidad and Tobago	Gross domestic product, constant prices	Annual percentages of constant price GDP are year-on-year changes; the base year is country-specific . Expenditure-based GDP is total final expenditures at purchasers? prices (including the f.o.b. value of exports of goods and services), less the f.o.b. value of imports of goods and services. [SNA 1993]	Percent change		See notes for:  Gross domestic product, constant prices (National currency).	10.400	4.577	3.799	-10.300	-5.751	-4.119	-3.279	-4.562	-3.920	-0.830	1.509	3.112	10.093	-0.669	3.567	3.810	7.134	7.523	8.125	8.025	6.901	3.698	7.152	13.878	7.328	5.895	14.181	4.255	3.286	-4.823	3.461	-0.192	-0.681	2.006	-0.970	1.778	-6.509	-1.857	0.315	0.006	1.492	2.292	1.977	1.616	1.662	2017
744	TUN	NGDP_RPCH	Tunisia	Gross domestic product, constant prices	Annual percentages of constant price GDP are year-on-year changes; the base year is country-specific . Expenditure-based GDP is total final expenditures at purchasers? prices (including the f.o.b. value of exports of goods and services), less the f.o.b. value of imports of goods and services. [SNA 1993]	Percent change		See notes for:  Gross domestic product, constant prices (National currency).	7.400	5.522	-0.482	4.674	5.731	5.668	-1.453	6.701	0.071	2.579	7.075	4.138	8.009	2.477	3.628	2.671	6.855	5.725	4.963	6.017	4.299	3.796	1.323	4.702	6.236	3.487	5.244	6.710	4.238	3.043	3.511	-1.918	3.998	2.875	2.971	1.195	1.263	1.825	2.483	1.514	2.428	2.889	3.803	3.883	4.438	2017
186	TUR	NGDP_RPCH	Turkey	Gross domestic product, constant prices	Annual percentages of constant price GDP are year-on-year changes; the base year is country-specific . Expenditure-based GDP is total final expenditures at purchasers? prices (including the f.o.b. value of exports of goods and services), less the f.o.b. value of imports of goods and services. [SNA 1993]	Percent change		See notes for:  Gross domestic product, constant prices (National currency).	-0.779	4.365	3.429	4.758	6.823	4.258	6.941	10.027	2.121	0.253	9.255	0.926	5.984	8.042	-5.456	7.190	7.007	7.528	3.092	-3.389	6.640	-5.962	6.430	5.608	9.644	9.010	7.110	5.030	0.845	-4.704	8.487	11.113	4.790	8.491	5.167	6.086	3.184	7.471	2.827	0.249	2.986	2.998	3.032	3.468	3.499	2018
925	TKM	NGDP_RPCH	Turkmenistan	Gross domestic product, constant prices	Annual percentages of constant price GDP are year-on-year changes; the base year is country-specific . Expenditure-based GDP is total final expenditures at purchasers? prices (including the f.o.b. value of exports of goods and services), less the f.o.b. value of imports of goods and services. [SNA 1993]	Percent change		See notes for:  Gross domestic product, constant prices (National currency).	n/a	n/a	n/a	n/a	n/a	n/a	n/a	n/a	n/a	n/a	n/a	n/a	n/a	-10.000	-17.300	-7.200	-6.700	-11.300	6.700	16.499	18.587	20.391	15.768	17.095	14.692	13.040	10.967	11.057	14.747	6.133	9.160	14.720	11.051	10.163	10.346	6.453	6.200	6.470	6.153	6.338	6.038	5.841	5.944	5.864	5.827	2017
869	TUV	NGDP_RPCH	Tuvalu	Gross domestic product, constant prices	Annual percentages of constant price GDP are year-on-year changes; the base year is country-specific . Expenditure-based GDP is total final expenditures at purchasers? prices (including the f.o.b. value of exports of goods and services), less the f.o.b. value of imports of goods and services. [SNA 1993]	Percent change		See notes for:  Gross domestic product, constant prices (National currency).	n/a	n/a	n/a	n/a	n/a	n/a	n/a	n/a	n/a	n/a	n/a	n/a	n/a	n/a	n/a	n/a	n/a	n/a	n/a	n/a	n/a	1.452	7.712	-3.105	-1.676	-4.118	2.891	6.347	7.959	-4.382	-3.090	7.890	-3.836	4.577	1.348	9.143	3.035	3.242	4.284	4.072	4.380	4.244	4.143	3.894	2.746	2015
746	UGA	NGDP_RPCH	Uganda	Gross domestic product, constant prices	Annual percentages of constant price GDP are year-on-year changes; the base year is country-specific . Expenditure-based GDP is total final expenditures at purchasers? prices (including the f.o.b. value of exports of goods and services), less the f.o.b. value of imports of goods and services. [SNA 1993]	Percent change		See notes for:  Gross domestic product, constant prices (National currency).	-3.392	3.859	8.205	4.899	-3.000	-3.000	0.946	4.000	8.294	6.403	6.497	1.778	5.850	6.686	7.694	9.174	6.595	4.620	6.074	7.953	3.941	8.765	7.057	6.159	5.803	10.007	7.049	8.064	10.428	8.069	7.666	6.821	2.240	4.714	4.561	5.670	2.323	5.008	6.105	6.156	6.216	6.142	6.057	7.785	10.085	2018
926	UKR	NGDP_RPCH	Ukraine	Gross domestic product, constant prices	Annual percentages of constant price GDP are year-on-year changes; the base year is country-specific . Expenditure-based GDP is total final expenditures at purchasers? prices (including the f.o.b. value of exports of goods and services), less the f.o.b. value of imports of goods and services. [SNA 1993]	Percent change		See notes for:  Gross domestic product, constant prices (National currency).	n/a	n/a	n/a	n/a	n/a	n/a	n/a	n/a	n/a	n/a	n/a	n/a	n/a	-14.799	-22.766	-12.142	-9.851	-3.175	-1.815	-0.203	5.932	5.209	5.300	9.500	11.800	3.100	7.600	8.200	2.200	-15.100	4.100	5.466	0.239	-0.027	-6.553	-9.773	2.441	2.525	3.277	2.990	3.011	3.143	3.190	3.340	3.315	2018
466	ARE	NGDP_RPCH	United Arab Emirates	Gross domestic product, constant prices	Annual percentages of constant price GDP are year-on-year changes; the base year is country-specific . Expenditure-based GDP is total final expenditures at purchasers? prices (including the f.o.b. value of exports of goods and services), less the f.o.b. value of imports of goods and services. [SNA 1993]	Percent change		See notes for:  Gross domestic product, constant prices (National currency).	-1.780	8.024	-7.188	-5.250	4.451	-2.522	-19.269	5.304	-2.623	15.733	23.562	2.141	3.095	-0.029	7.363	6.580	5.340	8.553	0.791	3.751	12.329	1.284	2.478	8.813	9.577	4.867	9.831	3.231	3.215	-5.229	1.595	6.930	4.485	5.053	4.399	5.065	2.988	0.491	1.726	1.560	2.515	2.723	2.318	2.403	2.467	2017
112	GBR	NGDP_RPCH	United Kingdom	Gross domestic product, constant prices	Annual percentages of constant price GDP are year-on-year changes; the base year is country-specific . Expenditure-based GDP is total final expenditures at purchasers? prices (including the f.o.b. value of exports of goods and services), less the f.o.b. value of imports of goods and services. [SNA 1993]	Percent change		See notes for:  Gross domestic product, constant prices (National currency).	-2.028	-0.771	2.010	4.222	2.276	4.196	3.141	5.301	5.758	2.569	0.739	-1.088	0.371	2.526	3.895	2.455	2.535	4.293	3.341	3.214	3.453	2.841	2.500	3.339	2.348	3.149	2.548	2.546	-0.346	-4.247	1.711	1.645	1.447	2.046	2.948	2.349	1.789	1.823	1.398	1.235	1.448	1.543	1.502	1.533	1.530	2018
111	USA	NGDP_RPCH	United States	Gross domestic product, constant prices	Annual percentages of constant price GDP are year-on-year changes; the base year is country-specific . Expenditure-based GDP is total final expenditures at purchasers? prices (including the f.o.b. value of exports of goods and services), less the f.o.b. value of imports of goods and services. [SNA 1993]	Percent change		See notes for:  Gross domestic product, constant prices (National currency).	-0.257	2.538	-1.802	4.584	7.237	4.169	3.463	3.460	4.177	3.673	1.886	-0.108	3.522	2.753	4.029	2.684	3.772	4.447	4.481	4.753	4.127	0.999	1.742	2.861	3.799	3.513	2.855	1.876	-0.137	-2.537	2.564	1.551	2.249	1.842	2.526	2.908	1.638	2.370	2.927	2.350	2.089	1.746	1.559	1.580	1.620	2018
298	URY	NGDP_RPCH	Uruguay	Gross domestic product, constant prices	Annual percentages of constant price GDP are year-on-year changes; the base year is country-specific . Expenditure-based GDP is total final expenditures at purchasers? prices (including the f.o.b. value of exports of goods and services), less the f.o.b. value of imports of goods and services. [SNA 1993]	Percent change		See notes for:  Gross domestic product, constant prices (National currency).	5.975	1.900	-9.340	-3.281	-1.092	1.475	8.857	7.933	1.467	1.104	0.297	3.539	7.932	2.658	7.281	-1.448	5.578	5.048	4.280	-2.965	-1.776	-3.461	-7.051	2.327	4.640	6.806	4.099	6.542	7.176	4.243	7.803	5.162	3.538	4.638	3.239	0.371	1.690	2.591	1.620	0.400	2.300	3.000	2.000	2.000	2.400	2018
927	UZB	NGDP_RPCH	Uzbekistan	Gross domestic product, constant prices	Annual percentages of constant price GDP are year-on-year changes; the base year is country-specific . Expenditure-based GDP is total final expenditures at purchasers? prices (including the f.o.b. value of exports of goods and services), less the f.o.b. value of imports of goods and services. [SNA 1993]	Percent change		See notes for:  Gross domestic product, constant prices (National currency).	n/a	n/a	n/a	n/a	n/a	n/a	n/a	n/a	n/a	n/a	n/a	n/a	n/a	-2.300	-5.200	-0.900	1.700	5.200	4.300	4.300	3.800	4.200	4.000	4.200	7.400	7.000	7.500	9.500	9.000	8.100	8.475	8.281	8.180	8.026	7.179	7.448	6.094	4.462	5.133	5.500	6.000	6.000	6.000	6.000	6.000	2018
846	VUT	NGDP_RPCH	Vanuatu	Gross domestic product, constant prices	Annual percentages of constant price GDP are year-on-year changes; the base year is country-specific . Expenditure-based GDP is total final expenditures at purchasers? prices (including the f.o.b. value of exports of goods and services), less the f.o.b. value of imports of goods and services. [SNA 1993]	Percent change		See notes for:  Gross domestic product, constant prices (National currency).	5.451	4.375	1.980	3.010	9.577	1.001	-0.149	-2.894	-1.695	1.533	11.697	3.147	2.584	0.736	9.079	1.005	2.328	4.907	1.176	0.337	5.925	-3.398	-5.198	4.288	3.987	5.305	8.465	5.174	6.449	3.313	1.629	1.223	1.755	1.969	2.304	0.163	3.472	4.413	3.200	3.800	3.100	2.800	2.800	2.900	2.900	2017
299	VEN	NGDP_RPCH	Venezuela	Gross domestic product, constant prices	Annual percentages of constant price GDP are year-on-year changes; the base year is country-specific . Expenditure-based GDP is total final expenditures at purchasers? prices (including the f.o.b. value of exports of goods and services), less the f.o.b. value of imports of goods and services. [SNA 1993]	Percent change		See notes for:  Gross domestic product, constant prices (National currency).	-4.947	-1.288	2.645	-9.856	5.223	0.867	6.080	4.801	6.510	-13.920	6.468	9.730	6.060	0.275	-2.349	3.952	-0.198	6.371	0.294	-5.970	3.687	3.394	-8.856	-7.755	18.287	10.318	9.872	8.754	5.278	-3.202	-1.489	4.176	5.626	1.343	-3.894	-6.221	-17.040	-15.671	-18.000	-35.000	-10.000	-5.000	n/a	n/a	n/a	2018
582	VNM	NGDP_RPCH	Vietnam	Gross domestic product, constant prices	Annual percentages of constant price GDP are year-on-year changes; the base year is country-specific . Expenditure-based GDP is total final expenditures at purchasers? prices (including the f.o.b. value of exports of goods and services), less the f.o.b. value of imports of goods and services. [SNA 1993]	Percent change		See notes for:  Gross domestic product, constant prices (National currency).	-3.497	5.797	8.150	7.093	8.397	5.619	3.357	2.549	5.100	7.800	5.047	5.809	8.700	8.078	8.834	9.540	9.340	8.152	5.765	4.774	6.787	6.895	7.080	7.341	7.789	7.547	6.978	7.129	5.662	5.398	6.423	6.240	5.247	5.422	5.984	6.679	6.211	6.812	7.076	6.500	6.500	6.500	6.500	6.500	6.500	2018
474	YEM	NGDP_RPCH	Yemen	Gross domestic product, constant prices	Annual percentages of constant price GDP are year-on-year changes; the base year is country-specific . Expenditure-based GDP is total final expenditures at purchasers? prices (including the f.o.b. value of exports of goods and services), less the f.o.b. value of imports of goods and services. [SNA 1993]	Percent change		See notes for:  Gross domestic product, constant prices (National currency).	n/a	n/a	n/a	n/a	n/a	n/a	n/a	n/a	n/a	n/a	n/a	6.293	8.208	4.002	6.722	5.669	4.635	5.231	6.007	3.776	6.182	3.804	3.935	3.747	3.973	5.592	3.170	3.338	3.648	3.866	7.702	-12.715	2.393	4.824	-0.189	-27.995	-9.375	-5.072	0.752	2.113	1.984	13.616	8.123	6.545	3.566	2017
754	ZMB	NGDP_RPCH	Zambia	Gross domestic product, constant prices	Annual percentages of constant price GDP are year-on-year changes; the base year is country-specific . Expenditure-based GDP is total final expenditures at purchasers? prices (including the f.o.b. value of exports of goods and services), less the f.o.b. value of imports of goods and services. [SNA 1993]	Percent change		See notes for:  Gross domestic product, constant prices (National currency).	3.854	6.631	-2.912	-1.145	-1.718	1.237	1.698	1.491	9.271	-3.658	-0.579	-0.666	2.052	-0.077	-13.309	2.898	6.219	3.814	-0.386	4.650	3.897	5.317	4.506	6.945	7.032	7.236	7.904	8.352	7.774	9.220	10.298	5.565	7.598	5.057	4.698	2.920	3.757	3.524	3.674	2.021	1.695	1.728	1.600	1.480	1.504	2017
698	ZWE	NGDP_RPCH	Zimbabwe	Gross domestic product, constant prices	Annual percentages of constant price GDP are year-on-year changes; the base year is country-specific . Expenditure-based GDP is total final expenditures at purchasers? prices (including the f.o.b. value of exports of goods and services), less the f.o.b. value of imports of goods and services. [SNA 1993]	Percent change		See notes for:  Gross domestic product, constant prices (National currency).	n/a	n/a	n/a	n/a	n/a	n/a	n/a	n/a	n/a	n/a	n/a	n/a	n/a	n/a	n/a	n/a	n/a	n/a	n/a	-1.111	-4.231	-0.454	-7.704	-16.224	-6.270	-7.413	-3.556	-3.401	-16.323	7.396	19.683	14.197	16.658	1.975	2.383	1.791	0.742	4.704	3.497	-7.077	2.721	2.522	2.504	2.160	2.160	2015
