WEO Country Code	ISO	WEO Subject Code	Country	Subject Descriptor	Subject Notes	Units	Scale	Country/Series-specific Notes	1980	1981	1982	1983	1984	1985	1986	1987	1988	1989	1990	1991	1992	1993	1994	1995	1996	1997	1998	1999	2000	2001	2002	2003	2004	2005	2006	2007	2008	2009	2010	2011	2012	2013	2014	2015	2016	2017	2018	2019	2020	2021	2022	2023	2024	2025	2026	2027	2028	2029	2030	Estimates Start After	
512	AFG	NGDP_RPCH	Afghanistan	Gross domestic product, constant prices	Annual percentages of constant price GDP are year-on-year changes; the base year is country-specific. Expenditure-based GDP is total final expenditures at purchasers' prices (including the f.o.b. value of exports of goods and services), less the f.o.b. value of imports of goods and services. [SNA 1993]	Percent change	Units	See notes for:  Gross domestic product, constant prices (National currency).	n/a	n/a	n/a	n/a	n/a	n/a	n/a	n/a	n/a	n/a	n/a	n/a	n/a	n/a	n/a	n/a	n/a	n/a	n/a	n/a	n/a	n/a	n/a	8.692	0.671	11.830	5.361	13.340	3.863	20.585	8.438	6.479	13.968	5.683	2.697	0.988	2.164	2.647	1.189	3.912	-2.351	-14.542	-6.240	2.267	n/a	n/a	n/a	n/a	n/a	n/a	n/a	2024	
914	ALB	NGDP_RPCH	Albania	Gross domestic product, constant prices	Annual percentages of constant price GDP are year-on-year changes; the base year is country-specific. Expenditure-based GDP is total final expenditures at purchasers' prices (including the f.o.b. value of exports of goods and services), less the f.o.b. value of imports of goods and services. [SNA 1993]	Percent change	Units	See notes for:  Gross domestic product, constant prices (National currency).	2.684	5.700	2.900	1.100	2.000	-1.500	5.600	-0.800	-1.400	9.800	-10.000	-28.000	-7.200	9.600	9.400	8.900	9.100	-10.924	8.829	12.891	6.946	8.293	4.537	5.529	5.515	5.526	5.903	5.983	7.500	3.354	3.707	2.545	1.418	1.002	1.774	2.219	3.315	3.802	4.019	2.088	-3.314	8.970	4.827	3.937	3.962	3.788	3.468	3.501	3.466	3.483	3.482	2022	
612	DZA	NGDP_RPCH	Algeria	Gross domestic product, constant prices	Annual percentages of constant price GDP are year-on-year changes; the base year is country-specific. Expenditure-based GDP is total final expenditures at purchasers' prices (including the f.o.b. value of exports of goods and services), less the f.o.b. value of imports of goods and services. [SNA 1993]	Percent change	Units	See notes for:  Gross domestic product, constant prices (National currency).	-5.400	3.000	6.400	5.400	5.600	5.600	-0.200	-0.700	-1.900	4.800	0.800	-1.200	1.600	-2.102	-0.900	3.848	3.800	1.100	5.100	3.200	3.800	3.000	5.394	6.503	4.531	5.361	2.869	3.135	2.452	1.156	4.815	2.993	2.433	2.597	4.086	3.162	3.884	1.524	1.440	0.933	-5.017	3.805	3.636	4.100	3.536	3.496	3.004	2.803	2.794	2.404	2.401	2023	
171	AND	NGDP_RPCH	Andorra	Gross domestic product, constant prices	Annual percentages of constant price GDP are year-on-year changes; the base year is country-specific. Expenditure-based GDP is total final expenditures at purchasers' prices (including the f.o.b. value of exports of goods and services), less the f.o.b. value of imports of goods and services. [SNA 1993]	Percent change	Units	See notes for:  Gross domestic product, constant prices (National currency).	n/a	n/a	n/a	n/a	n/a	n/a	n/a	n/a	n/a	n/a	n/a	n/a	n/a	n/a	n/a	n/a	n/a	n/a	n/a	n/a	n/a	8.119	4.546	8.694	8.136	5.398	4.809	1.553	-5.559	-5.303	-1.975	-0.008	-4.974	-3.548	2.504	1.434	3.710	0.346	1.589	2.016	-11.184	8.287	9.565	2.584	3.373	1.900	1.600	1.500	1.500	1.500	1.500	2024	
614	AGO	NGDP_RPCH	Angola	Gross domestic product, constant prices	Annual percentages of constant price GDP are year-on-year changes; the base year is country-specific. Expenditure-based GDP is total final expenditures at purchasers' prices (including the f.o.b. value of exports of goods and services), less the f.o.b. value of imports of goods and services. [SNA 1993]	Percent change	Units	See notes for:  Gross domestic product, constant prices (National currency).	2.406	-4.400	0.000	4.200	6.000	3.500	2.900	4.083	6.129	0.042	-3.450	12.084	11.403	10.969	10.511	10.364	11.208	7.274	4.691	2.181	3.055	4.206	13.666	3.490	11.420	14.150	11.840	13.000	10.790	2.000	5.290	3.590	8.500	4.880	4.660	0.760	-1.700	-0.140	-0.590	-0.200	-4.040	2.100	4.220	1.001	4.503	2.374	2.076	2.521	2.879	2.982	3.087	2023	
311	ATG	NGDP_RPCH	Antigua and Barbuda	Gross domestic product, constant prices	Annual percentages of constant price GDP are year-on-year changes; the base year is country-specific. Expenditure-based GDP is total final expenditures at purchasers' prices (including the f.o.b. value of exports of goods and services), less the f.o.b. value of imports of goods and services. [SNA 1993]	Percent change	Units	See notes for:  Gross domestic product, constant prices (National currency).	8.162	3.814	-0.084	5.364	10.165	7.644	11.494	6.626	5.213	5.252	3.012	2.177	1.159	5.280	6.676	-4.360	6.605	5.471	4.731	3.708	6.204	-4.548	1.027	6.077	5.767	6.474	12.708	9.315	-0.014	-11.963	-7.841	-1.959	3.373	-0.601	2.198	1.422	4.120	2.713	6.712	3.172	-18.869	8.173	9.108	2.427	4.313	3.048	2.541	2.548	2.486	2.492	2.498	2022	
213	ARG	NGDP_RPCH	Argentina	Gross domestic product, constant prices	Annual percentages of constant price GDP are year-on-year changes; the base year is country-specific. Expenditure-based GDP is total final expenditures at purchasers' prices (including the f.o.b. value of exports of goods and services), less the f.o.b. value of imports of goods and services. [SNA 1993]	Percent change	Units	See notes for:  Gross domestic product, constant prices (National currency).	0.700	-5.744	-3.149	3.733	2.000	-6.951	7.146	2.529	-1.957	-7.007	-1.338	10.498	10.299	6.251	5.830	-2.845	5.527	8.111	3.850	-3.385	-0.789	-4.409	-10.894	8.955	8.911	8.852	8.047	9.008	4.057	-5.919	10.125	6.004	-1.026	2.405	-2.513	2.731	-2.080	2.819	-2.617	-2.001	-9.900	10.442	5.270	-1.611	-1.719	5.502	4.520	3.960	3.240	3.129	2.973	2024	
911	ARM	NGDP_RPCH	Armenia	Gross domestic product, constant prices	Annual percentages of constant price GDP are year-on-year changes; the base year is country-specific. Expenditure-based GDP is total final expenditures at purchasers' prices (including the f.o.b. value of exports of goods and services), less the f.o.b. value of imports of goods and services. [SNA 1993]	Percent change	Units	See notes for:  Gross domestic product, constant prices (National currency).	n/a	n/a	n/a	n/a	n/a	n/a	n/a	n/a	n/a	n/a	n/a	n/a	n/a	-14.054	5.400	8.033	5.169	3.387	6.271	3.170	5.853	9.468	14.807	14.052	10.473	14.113	13.198	13.749	6.948	-14.150	2.200	4.700	7.134	3.412	3.607	3.254	0.195	7.518	5.225	7.631	-7.105	5.770	12.569	8.316	5.941	4.505	4.500	4.500	4.500	4.500	4.500	2022	
314	ABW	NGDP_RPCH	Aruba	Gross domestic product, constant prices	Annual percentages of constant price GDP are year-on-year changes; the base year is country-specific. Expenditure-based GDP is total final expenditures at purchasers' prices (including the f.o.b. value of exports of goods and services), less the f.o.b. value of imports of goods and services. [SNA 1993]	Percent change	Units	See notes for:  Gross domestic product, constant prices (National currency).	n/a	n/a	n/a	n/a	n/a	n/a	n/a	16.079	18.640	12.095	3.977	7.975	5.875	7.304	8.207	2.500	1.257	7.018	1.989	1.371	7.684	4.182	-0.945	1.111	7.294	-0.383	1.127	3.090	1.836	-11.678	-2.733	3.369	-1.041	6.431	-1.587	-0.624	1.720	7.049	2.382	-2.218	-26.212	24.133	8.518	4.264	6.490	2.200	2.580	2.490	1.590	1.300	1.300	2023	
193	AUS	NGDP_RPCH	Australia	Gross domestic product, constant prices	Annual percentages of constant price GDP are year-on-year changes; the base year is country-specific. Expenditure-based GDP is total final expenditures at purchasers' prices (including the f.o.b. value of exports of goods and services), less the f.o.b. value of imports of goods and services. [SNA 1993]	Percent change	Units	See notes for:  Gross domestic product, constant prices (National currency).	2.894	4.127	0.063	-0.474	6.346	5.456	2.448	4.893	4.253	4.633	1.494	-0.982	2.591	3.921	4.875	2.951	3.973	4.713	4.671	4.437	3.099	2.601	4.159	3.016	4.113	3.029	2.620	4.339	2.594	1.965	2.419	2.785	3.789	2.219	2.575	2.340	2.694	2.380	2.791	1.936	-1.955	5.412	4.142	2.056	1.038	1.634	2.078	2.296	2.327	2.293	2.272	2024	
122	AUT	NGDP_RPCH	Austria	Gross domestic product, constant prices	Annual percentages of constant price GDP are year-on-year changes; the base year is country-specific. Expenditure-based GDP is total final expenditures at purchasers' prices (including the f.o.b. value of exports of goods and services), less the f.o.b. value of imports of goods and services. [SNA 1993]	Percent change	Units	See notes for:  Gross domestic product, constant prices (National currency).	2.314	-0.099	1.908	2.804	0.332	2.243	2.341	1.681	0.961	3.887	4.346	3.442	2.094	0.527	2.402	2.668	2.398	2.146	3.493	3.762	3.190	1.317	1.484	1.142	2.565	2.320	3.269	3.775	1.453	-3.586	1.809	2.927	0.628	-0.251	0.756	1.303	2.117	2.272	2.484	1.755	-6.318	4.795	5.278	-0.955	-1.174	-0.261	0.775	1.623	1.181	1.073	0.869	2024	
912	AZE	NGDP_RPCH	Azerbaijan	Gross domestic product, constant prices	Annual percentages of constant price GDP are year-on-year changes; the base year is country-specific. Expenditure-based GDP is total final expenditures at purchasers' prices (including the f.o.b. value of exports of goods and services), less the f.o.b. value of imports of goods and services. [SNA 1993]	Percent change	Units	See notes for:  Gross domestic product, constant prices (National currency).	n/a	n/a	n/a	n/a	n/a	n/a	n/a	n/a	n/a	n/a	n/a	n/a	n/a	-23.098	-19.673	-13.027	2.531	8.884	6.007	11.396	6.227	6.486	9.439	10.208	9.254	26.400	34.466	25.000	10.770	9.260	5.000	0.100	2.203	5.843	2.768	1.080	-3.064	0.154	1.470	2.480	-4.199	5.616	4.715	1.354	4.100	3.519	2.498	2.377	2.380	2.451	2.481	2024	
313	BHS	NGDP_RPCH	The Bahamas	Gross domestic product, constant prices	Annual percentages of constant price GDP are year-on-year changes; the base year is country-specific. Expenditure-based GDP is total final expenditures at purchasers' prices (including the f.o.b. value of exports of goods and services), less the f.o.b. value of imports of goods and services. [SNA 1993]	Percent change	Units	See notes for:  Gross domestic product, constant prices (National currency).	7.100	-2.900	6.300	6.800	2.400	4.100	2.600	3.700	2.255	2.300	1.052	-4.182	-3.826	0.308	3.149	4.379	4.224	4.946	4.716	7.144	4.149	2.626	2.705	-1.265	0.883	3.395	2.517	1.447	-2.324	-4.175	1.539	0.613	3.087	-2.863	1.847	0.997	-0.962	2.800	2.630	-1.357	-21.423	15.403	10.782	2.639	2.000	1.800	1.700	1.600	1.550	1.500	1.500	2023	
419	BHR	NGDP_RPCH	Bahrain	Gross domestic product, constant prices	Annual percentages of constant price GDP are year-on-year changes; the base year is country-specific. Expenditure-based GDP is total final expenditures at purchasers' prices (including the f.o.b. value of exports of goods and services), less the f.o.b. value of imports of goods and services. [SNA 1993]	Percent change	Units	See notes for:  Gross domestic product, constant prices (National currency).	7.494	2.777	6.406	6.994	4.186	-0.930	0.484	-1.222	5.952	1.013	3.503	2.286	7.123	7.604	3.212	1.923	3.250	2.348	4.849	5.972	7.018	2.491	3.349	6.296	6.981	6.769	6.467	8.294	6.242	2.541	4.337	1.928	3.803	5.293	4.309	2.508	3.815	4.954	2.053	2.053	-5.911	4.350	6.180	3.878	2.776	2.753	2.994	3.046	2.988	3.067	3.155	2023	
513	BGD	NGDP_RPCH	Bangladesh	Gross domestic product, constant prices	Annual percentages of constant price GDP are year-on-year changes; the base year is country-specific. Expenditure-based GDP is total final expenditures at purchasers' prices (including the f.o.b. value of exports of goods and services), less the f.o.b. value of imports of goods and services. [SNA 1993]	Percent change	Units	See notes for:  Gross domestic product, constant prices (National currency).	n/a	3.802	2.376	4.016	5.181	3.223	4.249	3.732	2.159	2.612	5.941	3.339	5.040	4.574	4.085	4.925	4.622	4.490	5.177	4.670	5.293	5.077	3.833	4.740	5.240	6.536	6.672	7.059	6.014	5.045	5.572	6.464	6.521	6.014	6.061	6.553	7.114	6.590	7.319	7.882	3.448	6.939	7.100	5.775	4.223	3.760	6.530	5.780	6.120	7.530	6.620	2024	
316	BRB	NGDP_RPCH	Barbados	Gross domestic product, constant prices	Annual percentages of constant price GDP are year-on-year changes; the base year is country-specific. Expenditure-based GDP is total final expenditures at purchasers' prices (including the f.o.b. value of exports of goods and services), less the f.o.b. value of imports of goods and services. [SNA 1993]	Percent change	Units	See notes for:  Gross domestic product, constant prices (National currency).	4.371	-1.900	-4.900	0.500	3.600	1.100	5.100	2.600	3.500	3.600	-3.300	-3.900	-5.700	0.800	2.000	2.023	3.966	4.740	3.740	0.326	4.453	-2.367	0.791	2.171	1.407	3.965	5.669	2.251	0.703	-4.831	-2.237	-0.657	-0.433	-1.076	0.156	-0.846	1.792	0.128	-1.174	0.653	-15.054	-0.255	17.833	4.094	4.000	3.000	2.300	2.000	2.000	2.000	2.000	2023	
913	BLR	NGDP_RPCH	Belarus	Gross domestic product, constant prices	Annual percentages of constant price GDP are year-on-year changes; the base year is country-specific. Expenditure-based GDP is total final expenditures at purchasers' prices (including the f.o.b. value of exports of goods and services), less the f.o.b. value of imports of goods and services. [SNA 1993]	Percent change	Units	See notes for:  Gross domestic product, constant prices (National currency).	n/a	n/a	n/a	n/a	n/a	n/a	n/a	n/a	n/a	n/a	n/a	n/a	n/a	-7.600	-11.700	-11.084	2.776	11.434	8.442	3.354	5.760	4.735	5.058	7.053	11.450	9.461	10.001	8.621	10.211	0.171	7.845	5.226	1.603	0.929	2.548	-3.830	-2.526	2.532	3.149	1.446	-0.673	2.273	-4.504	4.127	4.000	2.758	1.984	1.369	0.942	0.834	0.823	2023	
124	BEL	NGDP_RPCH	Belgium	Gross domestic product, constant prices	Annual percentages of constant price GDP are year-on-year changes; the base year is country-specific. Expenditure-based GDP is total final expenditures at purchasers' prices (including the f.o.b. value of exports of goods and services), less the f.o.b. value of imports of goods and services. [SNA 1993]	Percent change	Units	See notes for:  Gross domestic product, constant prices (National currency).	4.444	-0.279	0.595	0.312	2.466	1.652	1.823	2.307	4.723	3.469	3.137	1.833	1.531	-0.962	3.227	2.385	1.321	3.793	1.962	3.543	3.717	1.100	1.707	1.038	3.571	2.322	2.553	3.677	0.447	-1.906	2.710	1.931	0.216	0.306	1.766	1.474	1.193	1.475	1.878	2.443	-4.793	6.202	4.234	1.252	0.996	0.839	0.969	1.189	1.268	1.317	1.342	2024	
339	BLZ	NGDP_RPCH	Belize	Gross domestic product, constant prices	Annual percentages of constant price GDP are year-on-year changes; the base year is country-specific. Expenditure-based GDP is total final expenditures at purchasers' prices (including the f.o.b. value of exports of goods and services), less the f.o.b. value of imports of goods and services. [SNA 1993]	Percent change	Units	See notes for:  Gross domestic product, constant prices (National currency).	5.013	0.214	-7.551	6.076	11.332	-1.419	7.275	21.997	10.861	15.474	11.209	11.781	12.731	6.138	-0.020	0.733	1.106	4.235	3.890	9.425	12.240	4.994	5.397	9.667	4.781	2.220	4.511	3.353	-1.682	-0.389	1.114	-0.245	3.738	4.454	4.031	2.876	0.055	-1.813	1.111	4.268	-13.903	17.746	9.653	1.149	8.190	3.218	2.500	2.371	2.215	2.087	2.000	2023	
638	BEN	NGDP_RPCH	Benin	Gross domestic product, constant prices	Annual percentages of constant price GDP are year-on-year changes; the base year is country-specific. Expenditure-based GDP is total final expenditures at purchasers' prices (including the f.o.b. value of exports of goods and services), less the f.o.b. value of imports of goods and services. [SNA 1993]	Percent change	Units	See notes for:  Gross domestic product, constant prices (National currency).	9.255	1.929	1.682	-2.000	0.400	4.327	2.748	-2.074	3.428	-2.849	8.976	4.226	2.958	5.836	2.020	6.045	4.324	5.735	3.961	4.358	5.858	5.333	4.643	3.444	4.430	1.713	3.944	5.986	4.897	2.319	2.114	2.964	4.811	7.191	6.358	1.778	3.340	5.672	6.697	6.866	3.849	7.155	6.253	6.353	6.506	6.511	6.186	6.180	6.003	5.992	5.964	2023	
514	BTN	NGDP_RPCH	Bhutan	Gross domestic product, constant prices	Annual percentages of constant price GDP are year-on-year changes; the base year is country-specific. Expenditure-based GDP is total final expenditures at purchasers' prices (including the f.o.b. value of exports of goods and services), less the f.o.b. value of imports of goods and services. [SNA 1993]	Percent change	Units	See notes for:  Gross domestic product, constant prices (National currency).	4.995	13.589	8.195	7.337	7.616	4.349	7.954	20.229	15.079	6.194	9.098	4.896	2.083	3.192	2.232	6.019	5.971	5.544	6.009	7.087	6.934	7.040	9.516	9.049	6.423	6.069	6.266	11.016	9.886	6.133	9.878	10.018	6.638	3.334	3.705	6.155	7.514	5.855	3.505	4.648	-2.455	-3.293	4.826	5.044	4.044	7.000	7.000	5.072	5.604	7.109	5.504	2023	
218	BOL	NGDP_RPCH	Bolivia	Gross domestic product, constant prices	Annual percentages of constant price GDP are year-on-year changes; the base year is country-specific. Expenditure-based GDP is total final expenditures at purchasers' prices (including the f.o.b. value of exports of goods and services), less the f.o.b. value of imports of goods and services. [SNA 1993]	Percent change	Units	See notes for:  Gross domestic product, constant prices (National currency).	0.610	0.300	-3.939	-4.042	-0.201	-1.676	-2.574	2.463	2.910	3.790	4.636	5.267	1.646	4.269	4.667	4.678	4.361	4.954	5.029	0.427	2.508	1.684	2.486	2.711	4.173	4.421	4.797	4.564	6.148	3.357	4.127	5.204	5.122	6.796	5.461	4.857	4.264	4.195	4.224	2.217	-8.738	6.111	3.606	3.082	1.300	1.140	0.900	n/a	n/a	n/a	n/a	2023	
963	BIH	NGDP_RPCH	Bosnia and Herzegovina	Gross domestic product, constant prices	Annual percentages of constant price GDP are year-on-year changes; the base year is country-specific. Expenditure-based GDP is total final expenditures at purchasers' prices (including the f.o.b. value of exports of goods and services), less the f.o.b. value of imports of goods and services. [SNA 1993]	Percent change	Units	See notes for:  Gross domestic product, constant prices (National currency).	n/a	n/a	n/a	n/a	n/a	n/a	n/a	n/a	n/a	n/a	n/a	n/a	n/a	n/a	n/a	n/a	n/a	22.853	13.814	10.750	4.442	7.539	5.027	3.867	6.325	3.897	5.414	5.859	5.442	-3.004	0.866	0.960	-0.822	2.350	1.154	4.284	3.242	3.244	3.829	2.886	-3.015	7.392	4.227	1.994	2.500	2.800	3.000	3.000	3.000	3.000	3.000	2023	
616	BWA	NGDP_RPCH	Botswana	Gross domestic product, constant prices	Annual percentages of constant price GDP are year-on-year changes; the base year is country-specific. Expenditure-based GDP is total final expenditures at purchasers' prices (including the f.o.b. value of exports of goods and services), less the f.o.b. value of imports of goods and services. [SNA 1993]	Percent change	Units	See notes for:  Gross domestic product, constant prices (National currency).	12.020	8.154	15.874	10.793	6.517	7.695	8.616	14.890	23.420	4.665	8.787	6.237	-0.208	4.027	-0.786	8.453	2.466	7.106	-1.622	8.035	4.271	2.348	7.434	5.388	1.397	4.972	6.034	5.793	3.252	-14.144	10.122	6.839	-0.171	11.103	5.697	-4.851	7.202	4.113	4.190	3.033	-8.726	11.913	5.486	3.208	-2.990	-0.364	2.277	3.113	5.021	4.943	4.530	2023	
223	BRA	NGDP_RPCH	Brazil	Gross domestic product, constant prices	Annual percentages of constant price GDP are year-on-year changes; the base year is country-specific. Expenditure-based GDP is total final expenditures at purchasers' prices (including the f.o.b. value of exports of goods and services), less the f.o.b. value of imports of goods and services. [SNA 1993]	Percent change	Units	See notes for:  Gross domestic product, constant prices (National currency).	9.190	-4.400	0.596	-3.400	5.307	7.901	7.544	3.601	0.264	3.200	-4.168	1.031	-0.467	4.665	5.334	4.417	2.209	3.395	0.338	0.468	4.388	1.390	3.053	1.141	5.760	3.202	3.962	6.070	5.094	-0.126	7.528	3.974	1.921	3.005	0.504	-3.546	-3.276	1.323	1.784	1.221	-3.277	4.763	3.017	3.242	3.396	2.010	1.984	2.193	2.305	2.432	2.488	2024	
516	BRN	NGDP_RPCH	Brunei Darussalam	Gross domestic product, constant prices	Annual percentages of constant price GDP are year-on-year changes; the base year is country-specific. Expenditure-based GDP is total final expenditures at purchasers' prices (including the f.o.b. value of exports of goods and services), less the f.o.b. value of imports of goods and services. [SNA 1993]	Percent change	Units	See notes for:  Gross domestic product, constant prices (National currency).	n/a	n/a	n/a	n/a	n/a	n/a	-2.715	2.009	1.097	-1.074	1.089	3.146	4.759	0.305	3.145	4.479	2.878	-1.471	-0.559	3.052	2.849	2.744	3.872	2.904	0.504	0.388	4.398	0.154	-1.939	-1.765	2.599	3.744	0.913	-2.125	-2.508	-0.405	-2.465	1.329	0.052	3.869	1.134	-1.591	-1.628	1.412	3.908	2.522	2.648	2.626	2.927	3.085	2.961	2024	
918	BGR	NGDP_RPCH	Bulgaria	Gross domestic product, constant prices	Annual percentages of constant price GDP are year-on-year changes; the base year is country-specific. Expenditure-based GDP is total final expenditures at purchasers' prices (including the f.o.b. value of exports of goods and services), less the f.o.b. value of imports of goods and services. [SNA 1993]	Percent change	Units	See notes for:  Gross domestic product, constant prices (National currency).	5.700	5.300	4.200	3.000	4.600	1.800	5.300	4.700	2.400	-0.500	-9.100	-10.755	-8.426	-11.625	-3.665	-1.601	5.205	-14.115	3.789	-8.396	4.587	3.824	5.872	5.237	6.510	7.056	6.803	6.654	6.130	-3.347	1.555	2.090	0.749	-0.543	0.949	3.398	3.027	2.746	2.549	3.789	-3.216	7.781	4.039	1.887	2.811	2.458	2.653	2.706	2.607	2.543	2.460	2024	
748	BFA	NGDP_RPCH	Burkina Faso	Gross domestic product, constant prices	Annual percentages of constant price GDP are year-on-year changes; the base year is country-specific. Expenditure-based GDP is total final expenditures at purchasers' prices (including the f.o.b. value of exports of goods and services), less the f.o.b. value of imports of goods and services. [SNA 1993]	Percent change	Units	See notes for:  Gross domestic product, constant prices (National currency).	4.035	2.661	1.400	-1.200	1.600	11.300	7.955	-0.236	5.796	2.150	-0.603	9.070	0.233	3.461	1.315	5.716	11.015	6.317	7.308	7.333	1.888	6.613	4.353	7.802	4.478	8.662	6.253	4.111	5.800	2.962	8.446	6.623	6.453	5.793	4.327	3.921	5.958	6.203	6.605	5.889	2.011	6.943	1.497	2.960	4.450	4.335	4.528	4.748	4.901	4.898	5.030	2023	
618	BDI	NGDP_RPCH	Burundi	Gross domestic product, constant prices	Annual percentages of constant price GDP are year-on-year changes; the base year is country-specific. Expenditure-based GDP is total final expenditures at purchasers' prices (including the f.o.b. value of exports of goods and services), less the f.o.b. value of imports of goods and services. [SNA 1993]	Percent change	Units	See notes for:  Gross domestic product, constant prices (National currency).	-6.825	12.164	-1.054	3.715	0.155	11.784	3.250	5.503	5.031	1.349	3.458	5.781	1.007	-6.236	-3.829	-7.919	-8.001	0.413	4.752	1.164	1.781	1.665	2.353	2.469	3.766	4.370	5.414	3.452	4.862	3.813	5.124	4.033	4.447	4.924	4.241	-3.900	-0.600	0.500	1.610	1.842	0.335	3.119	1.827	2.659	3.531	1.866	2.589	2.787	3.114	3.284	3.493	2024	
624	CPV	NGDP_RPCH	Cabo Verde	Gross domestic product, constant prices	Annual percentages of constant price GDP are year-on-year changes; the base year is country-specific. Expenditure-based GDP is total final expenditures at purchasers' prices (including the f.o.b. value of exports of goods and services), less the f.o.b. value of imports of goods and services. [SNA 1993]	Percent change	Units	See notes for:  Gross domestic product, constant prices (National currency).	5.263	8.452	2.825	9.521	3.783	8.642	2.871	4.309	5.997	5.698	0.692	1.404	3.044	7.311	6.930	7.492	6.694	7.639	8.413	11.860	7.267	6.138	5.300	7.502	4.927	5.810	9.118	15.200	7.039	-1.504	1.836	3.925	1.084	0.632	0.697	0.936	4.281	4.551	3.705	6.950	-20.805	7.034	17.439	4.043	5.992	4.973	4.914	4.879	4.761	4.790	4.512	2023	
522	KHM	NGDP_RPCH	Cambodia	Gross domestic product, constant prices	Annual percentages of constant price GDP are year-on-year changes; the base year is country-specific. Expenditure-based GDP is total final expenditures at purchasers' prices (including the f.o.b. value of exports of goods and services), less the f.o.b. value of imports of goods and services. [SNA 1993]	Percent change	Units	See notes for:  Gross domestic product, constant prices (National currency).	n/a	n/a	n/a	n/a	n/a	n/a	n/a	n/a	9.616	3.327	1.118	7.592	7.069	4.042	8.181	5.979	5.898	4.007	4.682	12.705	10.712	7.390	6.265	10.284	9.458	13.303	10.943	10.398	7.476	4.075	5.077	7.287	7.650	7.857	8.000	7.207	7.906	8.075	8.776	7.937	-3.556	3.090	5.103	4.998	6.018	4.005	3.407	4.263	5.026	5.083	5.198	2022	
622	CMR	NGDP_RPCH	Cameroon	Gross domestic product, constant prices	Annual percentages of constant price GDP are year-on-year changes; the base year is country-specific. Expenditure-based GDP is total final expenditures at purchasers' prices (including the f.o.b. value of exports of goods and services), less the f.o.b. value of imports of goods and services. [SNA 1993]	Percent change	Units	See notes for:  Gross domestic product, constant prices (National currency).	9.900	17.051	7.563	6.844	7.468	8.107	6.791	-2.153	-7.865	-1.770	-6.161	-3.764	-3.050	-3.158	-2.495	3.304	4.912	5.314	4.895	4.062	3.363	3.356	4.847	4.994	6.561	1.218	3.524	4.100	2.858	2.619	2.935	3.484	4.508	4.987	5.779	5.600	4.479	3.541	4.022	3.422	0.539	3.039	3.737	3.217	3.562	3.611	4.018	4.392	4.631	4.605	4.592	2023	
156	CAN	NGDP_RPCH	Canada	Gross domestic product, constant prices	Annual percentages of constant price GDP are year-on-year changes; the base year is country-specific. Expenditure-based GDP is total final expenditures at purchasers' prices (including the f.o.b. value of exports of goods and services), less the f.o.b. value of imports of goods and services. [SNA 1993]	Percent change	Units	See notes for:  Gross domestic product, constant prices (National currency).	2.163	3.503	-3.166	2.562	5.899	4.738	2.121	4.072	4.411	2.337	0.203	-2.091	0.890	2.658	4.494	2.682	1.689	4.280	3.893	5.141	5.139	1.875	2.999	1.806	3.092	3.210	2.638	2.050	0.995	-2.915	3.091	3.137	1.756	2.326	2.873	0.650	1.039	3.034	2.743	1.908	-5.038	5.951	4.189	1.529	1.528	1.376	1.558	1.711	1.575	1.640	1.517	2024	
626	CAF	NGDP_RPCH	Central African Republic	Gross domestic product, constant prices	Annual percentages of constant price GDP are year-on-year changes; the base year is country-specific. Expenditure-based GDP is total final expenditures at purchasers' prices (including the f.o.b. value of exports of goods and services), less the f.o.b. value of imports of goods and services. [SNA 1993]	Percent change	Units	See notes for:  Gross domestic product, constant prices (National currency).	-2.995	12.954	-3.572	-6.027	9.912	3.733	7.193	0.000	1.718	3.790	1.364	-0.799	-4.923	-1.198	12.572	3.166	-6.157	4.105	3.340	2.887	-3.581	2.609	2.091	-2.249	-0.096	2.931	4.754	4.031	2.613	2.812	4.631	4.195	5.054	-36.392	0.080	4.338	4.750	4.528	3.820	2.970	0.959	0.983	0.472	0.727	1.833	2.938	3.146	3.537	3.791	3.724	3.580	2018	
628	TCD	NGDP_RPCH	Chad	Gross domestic product, constant prices	Annual percentages of constant price GDP are year-on-year changes; the base year is country-specific. Expenditure-based GDP is total final expenditures at purchasers' prices (including the f.o.b. value of exports of goods and services), less the f.o.b. value of imports of goods and services. [SNA 1993]	Percent change	Units	See notes for:  Gross domestic product, constant prices (National currency).	-6.008	-10.805	5.376	15.659	5.256	7.897	5.966	3.647	7.544	1.952	3.202	10.402	2.392	-2.074	5.494	-0.775	2.115	5.653	6.952	-0.683	-0.880	11.658	8.491	14.722	33.629	8.307	-0.518	4.356	3.108	-1.338	13.794	4.554	9.053	2.807	2.063	3.311	-4.130	-1.628	5.741	5.389	-0.409	0.294	4.110	4.028	1.515	1.720	3.173	2.589	3.202	2.829	2.811	2023	
228	CHL	NGDP_RPCH	Chile	Gross domestic product, constant prices	Annual percentages of constant price GDP are year-on-year changes; the base year is country-specific. Expenditure-based GDP is total final expenditures at purchasers' prices (including the f.o.b. value of exports of goods and services), less the f.o.b. value of imports of goods and services. [SNA 1993]	Percent change	Units	See notes for:  Gross domestic product, constant prices (National currency).	7.945	6.212	-13.588	-2.802	5.886	1.968	5.596	6.581	7.288	10.605	3.671	7.804	11.167	6.589	5.030	8.933	4.985	7.392	4.181	-0.274	4.972	3.154	3.203	4.723	6.674	5.837	6.050	5.168	3.789	-1.118	5.852	6.224	6.155	3.309	1.793	2.152	1.753	1.358	3.990	0.634	-6.143	11.315	2.154	0.521	2.644	2.032	2.182	2.258	2.315	2.305	2.232	2024	
924	CHN	NGDP_RPCH	China	Gross domestic product, constant prices	Annual percentages of constant price GDP are year-on-year changes; the base year is country-specific. Expenditure-based GDP is total final expenditures at purchasers' prices (including the f.o.b. value of exports of goods and services), less the f.o.b. value of imports of goods and services. [SNA 1993]	Percent change	Units	See notes for:  Gross domestic product, constant prices (National currency).	7.910	5.100	9.000	10.800	15.200	13.501	8.900	11.700	11.200	4.200	3.888	10.203	14.277	13.936	13.102	11.016	9.968	9.319	7.934	7.757	8.572	8.319	9.214	10.121	10.115	11.437	12.665	14.154	9.638	9.445	10.587	9.451	7.848	7.771	7.491	7.018	6.776	6.891	6.759	6.065	2.337	8.556	3.112	5.377	5.003	3.954	3.957	4.215	4.055	3.696	3.378	2024	
233	COL	NGDP_RPCH	Colombia	Gross domestic product, constant prices	Annual percentages of constant price GDP are year-on-year changes; the base year is country-specific. Expenditure-based GDP is total final expenditures at purchasers' prices (including the f.o.b. value of exports of goods and services), less the f.o.b. value of imports of goods and services. [SNA 1993]	Percent change	Units	See notes for:  Gross domestic product, constant prices (National currency).	4.429	2.277	0.948	1.574	3.351	3.107	5.824	5.369	4.064	3.414	4.282	2.372	4.353	5.710	5.147	5.202	2.056	3.430	0.570	-4.204	2.925	1.678	2.504	3.918	5.333	4.447	6.717	6.738	3.283	1.140	4.495	6.948	3.913	5.134	4.499	2.956	2.087	1.359	2.564	3.187	-7.186	10.801	7.328	0.712	1.744	2.415	2.625	2.760	2.760	2.760	2.760	2024	
632	COM	NGDP_RPCH	Comoros	Gross domestic product, constant prices	Annual percentages of constant price GDP are year-on-year changes; the base year is country-specific. Expenditure-based GDP is total final expenditures at purchasers' prices (including the f.o.b. value of exports of goods and services), less the f.o.b. value of imports of goods and services. [SNA 1993]	Percent change	Units	See notes for:  Gross domestic product, constant prices (National currency).	7.383	5.462	4.058	3.093	4.167	2.779	2.071	2.078	4.971	-0.917	7.339	-6.167	7.358	2.547	-3.987	5.638	-0.510	4.410	0.025	2.698	-1.007	5.420	4.598	1.934	3.100	5.665	-1.755	0.804	3.965	3.241	3.778	4.144	3.168	4.466	2.107	1.147	3.320	3.816	3.642	1.761	-0.196	2.000	2.603	2.995	3.338	3.776	4.324	4.479	4.307	3.810	3.813	2022	
636	COD	NGDP_RPCH	Democratic Republic of the Congo	Gross domestic product, constant prices	Annual percentages of constant price GDP are year-on-year changes; the base year is country-specific. Expenditure-based GDP is total final expenditures at purchasers' prices (including the f.o.b. value of exports of goods and services), less the f.o.b. value of imports of goods and services. [SNA 1993]	Percent change	Units	See notes for:  Gross domestic product, constant prices (National currency).	2.405	0.945	-0.454	1.410	4.844	0.464	4.720	2.671	0.465	-1.260	-6.568	-8.445	-10.462	-13.468	-6.144	2.762	-1.935	-7.840	-3.875	-3.802	-8.136	-2.100	2.948	6.633	7.661	9.804	5.109	8.530	7.402	0.565	7.843	7.593	8.669	9.624	7.302	6.360	0.394	3.658	4.825	4.485	1.671	1.726	9.220	8.498	6.483	4.692	5.171	5.367	5.656	5.498	5.141	2020	
634	COG	NGDP_RPCH	Republic of Congo	Gross domestic product, constant prices	Annual percentages of constant price GDP are year-on-year changes; the base year is country-specific. Expenditure-based GDP is total final expenditures at purchasers' prices (including the f.o.b. value of exports of goods and services), less the f.o.b. value of imports of goods and services. [SNA 1993]	Percent change	Units	See notes for:  Gross domestic product, constant prices (National currency).	12.678	2.613	2.410	2.393	2.375	2.359	2.343	2.327	21.908	21.269	1.003	3.402	4.181	1.316	-1.401	3.965	3.495	-1.004	8.950	-3.678	11.752	-4.823	0.985	0.459	-0.197	9.211	7.986	-6.614	6.306	11.637	9.931	2.206	9.947	-0.712	6.717	-3.551	-4.994	-5.595	-2.304	1.124	-6.268	1.057	1.799	1.977	2.596	3.311	3.166	3.521	3.853	3.846	3.853	2021	
238	CRI	NGDP_RPCH	Costa Rica	Gross domestic product, constant prices	Annual percentages of constant price GDP are year-on-year changes; the base year is country-specific. Expenditure-based GDP is total final expenditures at purchasers' prices (including the f.o.b. value of exports of goods and services), less the f.o.b. value of imports of goods and services. [SNA 1993]	Percent change	Units	See notes for:  Gross domestic product, constant prices (National currency).	0.752	-2.260	-7.285	2.859	8.028	0.722	5.536	4.765	3.432	5.666	3.600	2.263	9.201	7.097	4.519	4.154	1.350	5.476	7.155	4.215	3.869	3.491	3.417	4.317	4.425	3.977	7.327	8.215	4.738	-0.873	5.360	4.403	4.883	2.495	3.542	3.652	4.204	4.158	2.616	2.418	-4.273	7.936	4.551	5.112	4.321	3.443	3.434	3.536	3.529	3.509	3.500	2024	
662	CIV	NGDP_RPCH	Côte d'Ivoire	Gross domestic product, constant prices	Annual percentages of constant price GDP are year-on-year changes; the base year is country-specific. Expenditure-based GDP is total final expenditures at purchasers' prices (including the f.o.b. value of exports of goods and services), less the f.o.b. value of imports of goods and services. [SNA 1993]	Percent change	Units	See notes for:  Gross domestic product, constant prices (National currency).	5.196	3.498	0.200	-2.500	-2.000	3.600	4.800	-0.500	1.140	2.950	-1.090	0.040	-0.250	-0.180	0.171	5.572	8.136	5.723	4.931	1.618	-2.068	0.121	-1.668	-1.360	1.232	1.721	1.516	1.765	2.543	3.251	2.018	-4.857	10.864	9.272	8.794	8.843	7.172	7.412	4.842	6.721	0.701	7.062	6.400	6.450	6.000	6.300	6.400	6.500	6.600	7.000	6.800	2023	
960	HRV	NGDP_RPCH	Croatia	Gross domestic product, constant prices	Annual percentages of constant price GDP are year-on-year changes; the base year is country-specific. Expenditure-based GDP is total final expenditures at purchasers' prices (including the f.o.b. value of exports of goods and services), less the f.o.b. value of imports of goods and services. [SNA 1993]	Percent change	Units	See notes for:  Gross domestic product, constant prices (National currency).	n/a	n/a	n/a	n/a	n/a	n/a	n/a	n/a	n/a	n/a	n/a	n/a	n/a	-8.000	5.900	6.634	5.874	6.645	1.862	-0.936	3.749	3.108	5.804	5.568	4.172	4.326	5.084	5.048	1.968	-6.814	-1.332	-0.100	-2.252	-0.126	-0.555	2.322	3.461	3.281	2.903	3.100	-8.312	12.634	7.286	3.302	3.815	3.130	2.737	2.638	2.600	2.500	2.500	2024	
423	CYP	NGDP_RPCH	Cyprus	Gross domestic product, constant prices	Annual percentages of constant price GDP are year-on-year changes; the base year is country-specific. Expenditure-based GDP is total final expenditures at purchasers' prices (including the f.o.b. value of exports of goods and services), less the f.o.b. value of imports of goods and services. [SNA 1993]	Percent change	Units	See notes for:  Gross domestic product, constant prices (National currency).	5.920	3.051	6.279	5.307	8.837	4.746	3.583	7.139	8.317	8.088	7.402	0.740	9.365	0.701	5.899	9.924	1.247	2.641	6.111	4.999	5.965	3.952	3.723	2.624	5.026	4.853	4.714	5.096	3.648	-2.016	2.282	0.417	-3.447	-6.587	-1.777	3.418	6.574	5.752	6.272	5.877	-3.219	11.385	7.367	2.611	3.430	2.545	2.663	2.961	2.992	3.019	2.958	2024	
935	CZE	NGDP_RPCH	Czech Republic	Gross domestic product, constant prices	Annual percentages of constant price GDP are year-on-year changes; the base year is country-specific. Expenditure-based GDP is total final expenditures at purchasers' prices (including the f.o.b. value of exports of goods and services), less the f.o.b. value of imports of goods and services. [SNA 1993]	Percent change	Units	See notes for:  Gross domestic product, constant prices (National currency).	n/a	n/a	n/a	n/a	n/a	n/a	n/a	n/a	n/a	n/a	n/a	n/a	n/a	n/a	n/a	n/a	4.525	-0.596	-0.393	1.378	4.011	2.917	1.513	3.301	4.736	6.375	6.623	5.489	2.612	-4.798	2.715	1.772	-0.771	-0.042	2.245	4.959	2.581	5.174	2.830	3.566	-5.305	4.029	2.847	-0.055	1.112	1.620	1.792	1.902	2.000	2.000	2.000	2024	
128	DNK	NGDP_RPCH	Denmark	Gross domestic product, constant prices	Annual percentages of constant price GDP are year-on-year changes; the base year is country-specific. Expenditure-based GDP is total final expenditures at purchasers' prices (including the f.o.b. value of exports of goods and services), less the f.o.b. value of imports of goods and services. [SNA 1993]	Percent change	Units	See notes for:  Gross domestic product, constant prices (National currency).	-0.744	-0.741	3.891	2.650	4.340	4.152	4.736	0.465	0.271	0.696	1.665	1.457	2.024	-0.080	5.292	3.039	2.900	3.166	2.324	2.971	3.720	0.954	0.454	0.441	2.778	2.357	3.820	0.987	-0.417	-4.978	1.584	1.313	-0.005	1.393	1.278	2.101	3.076	3.056	1.859	1.713	-1.781	7.380	1.541	2.495	3.677	2.900	1.845	1.640	1.450	1.450	1.450	2023	
611	DJI	NGDP_RPCH	Djibouti	Gross domestic product, constant prices	Annual percentages of constant price GDP are year-on-year changes; the base year is country-specific. Expenditure-based GDP is total final expenditures at purchasers' prices (including the f.o.b. value of exports of goods and services), less the f.o.b. value of imports of goods and services. [SNA 1993]	Percent change	Units	See notes for:  Gross domestic product, constant prices (National currency).	n/a	n/a	n/a	n/a	n/a	n/a	n/a	n/a	n/a	n/a	n/a	n/a	0.562	-6.751	-1.360	-3.481	-3.732	-1.216	0.114	2.919	0.713	1.793	3.234	3.186	2.779	3.111	4.825	5.017	5.806	1.616	4.147	7.293	4.842	5.001	7.193	7.309	7.123	5.458	4.774	5.545	1.202	4.407	5.167	7.372	6.513	6.008	5.510	5.500	5.500	5.500	5.500	2023	
321	DMA	NGDP_RPCH	Dominica	Gross domestic product, constant prices	Annual percentages of constant price GDP are year-on-year changes; the base year is country-specific. Expenditure-based GDP is total final expenditures at purchasers' prices (including the f.o.b. value of exports of goods and services), less the f.o.b. value of imports of goods and services. [SNA 1993]	Percent change	Units	See notes for:  Gross domestic product, constant prices (National currency).	13.383	10.829	4.128	2.556	4.197	1.421	7.073	6.308	7.817	-0.191	5.419	1.346	2.030	2.162	0.034	3.030	3.105	2.185	3.774	0.355	2.340	-0.063	-2.829	6.353	3.051	0.656	4.659	6.354	7.121	-1.170	0.673	-0.224	-1.059	-1.000	4.754	-2.732	2.764	-6.619	3.548	5.502	-16.605	6.892	5.584	4.712	4.550	4.220	3.264	2.913	2.739	2.413	2.525	2023	
243	DOM	NGDP_RPCH	Dominican Republic	Gross domestic product, constant prices	Annual percentages of constant price GDP are year-on-year changes; the base year is country-specific. Expenditure-based GDP is total final expenditures at purchasers' prices (including the f.o.b. value of exports of goods and services), less the f.o.b. value of imports of goods and services. [SNA 1993]	Percent change	Units	See notes for:  Gross domestic product, constant prices (National currency).	7.969	4.279	1.700	4.628	1.253	-2.123	3.522	10.117	2.156	4.401	-5.454	0.945	11.237	7.367	2.594	5.700	5.961	8.900	6.706	5.957	4.652	2.469	4.487	-1.349	2.586	9.432	9.171	7.418	3.268	1.003	8.401	3.192	2.776	4.935	7.111	6.988	6.720	3.934	7.104	4.893	-7.929	14.012	5.238	2.192	4.952	4.021	4.788	4.986	4.980	4.980	4.979	2024	
248	ECU	NGDP_RPCH	Ecuador	Gross domestic product, constant prices	Annual percentages of constant price GDP are year-on-year changes; the base year is country-specific. Expenditure-based GDP is total final expenditures at purchasers' prices (including the f.o.b. value of exports of goods and services), less the f.o.b. value of imports of goods and services. [SNA 1993]	Percent change	Units	See notes for:  Gross domestic product, constant prices (National currency).	4.900	3.900	1.200	-2.800	4.200	4.400	3.094	-5.972	10.486	0.285	3.008	5.113	3.614	2.000	4.258	2.253	1.732	4.328	3.267	-4.739	1.092	4.206	4.928	2.885	6.832	5.399	4.341	1.902	6.565	1.091	4.029	8.481	5.783	7.211	4.226	0.120	-0.688	5.970	1.044	0.165	-9.245	9.422	5.868	1.988	-1.959	1.727	2.117	2.295	2.498	2.524	2.482	2023	
469	EGY	NGDP_RPCH	Egypt	Gross domestic product, constant prices	Annual percentages of constant price GDP are year-on-year changes; the base year is country-specific. Expenditure-based GDP is total final expenditures at purchasers' prices (including the f.o.b. value of exports of goods and services), less the f.o.b. value of imports of goods and services. [SNA 1993]	Percent change	Units	See notes for:  Gross domestic product, constant prices (National currency).	3.409	2.198	7.296	8.876	8.021	7.425	4.759	4.273	3.994	2.993	2.350	2.100	0.300	2.900	4.188	4.484	4.879	5.919	7.543	6.110	5.383	3.524	3.186	3.193	4.092	4.472	6.844	7.088	7.156	4.674	5.147	1.765	2.226	3.302	2.930	4.360	4.340	4.190	5.327	5.549	3.576	3.252	6.651	3.760	2.399	3.757	4.288	4.792	5.079	5.267	5.482	2024	
253	SLV	NGDP_RPCH	El Salvador	Gross domestic product, constant prices	Annual percentages of constant price GDP are year-on-year changes; the base year is country-specific. Expenditure-based GDP is total final expenditures at purchasers' prices (including the f.o.b. value of exports of goods and services), less the f.o.b. value of imports of goods and services. [SNA 1993]	Percent change	Units	See notes for:  Gross domestic product, constant prices (National currency).	-8.625	-5.725	-6.306	1.535	1.337	0.616	0.190	2.513	1.878	0.962	4.831	1.498	7.021	5.817	4.692	4.733	0.816	3.136	2.652	2.164	1.126	0.877	1.577	1.565	0.889	2.709	4.342	1.861	2.128	-2.083	2.102	3.815	2.817	2.233	1.711	2.395	2.544	2.250	2.415	2.433	-7.893	11.910	2.797	3.511	2.600	2.479	2.515	3.035	3.114	2.754	2.754	2023	
642	GNQ	NGDP_RPCH	Equatorial Guinea	Gross domestic product, constant prices	Annual percentages of constant price GDP are year-on-year changes; the base year is country-specific. Expenditure-based GDP is total final expenditures at purchasers' prices (including the f.o.b. value of exports of goods and services), less the f.o.b. value of imports of goods and services. [SNA 1993]	Percent change	Units	See notes for:  Gross domestic product, constant prices (National currency).	4.839	5.769	2.202	5.004	1.011	12.905	-2.331	4.437	2.655	-1.229	2.537	-1.245	33.002	10.461	16.808	26.510	52.678	147.973	24.815	26.395	110.505	60.023	19.621	14.455	30.391	8.210	6.501	15.282	17.799	1.343	-8.924	6.524	8.313	-4.133	0.415	-9.110	-8.816	-5.668	-6.237	-5.482	-4.791	0.860	3.224	-5.089	1.861	-4.204	--	0.451	0.695	1.388	2.617	2023	
643	ERI	NGDP_RPCH	Eritrea	Gross domestic product, constant prices	Annual percentages of constant price GDP are year-on-year changes; the base year is country-specific. Expenditure-based GDP is total final expenditures at purchasers' prices (including the f.o.b. value of exports of goods and services), less the f.o.b. value of imports of goods and services. [SNA 1993]	Percent change	Units	See notes for:  Gross domestic product, constant prices (National currency).	n/a	n/a	n/a	n/a	n/a	n/a	n/a	n/a	n/a	n/a	n/a	n/a	n/a	12.882	20.918	2.325	9.136	7.900	1.966	0.187	-12.355	8.755	3.005	-2.656	1.452	2.574	-0.969	1.427	-19.436	12.179	10.853	25.710	1.886	-10.456	30.934	-20.621	7.391	-10.015	13.032	3.836	n/a	n/a	n/a	n/a	n/a	n/a	n/a	n/a	n/a	n/a	n/a	2019	
939	EST	NGDP_RPCH	Estonia	Gross domestic product, constant prices	Annual percentages of constant price GDP are year-on-year changes; the base year is country-specific. Expenditure-based GDP is total final expenditures at purchasers' prices (including the f.o.b. value of exports of goods and services), less the f.o.b. value of imports of goods and services. [SNA 1993]	Percent change	Units	See notes for:  Gross domestic product, constant prices (National currency).	n/a	n/a	n/a	n/a	n/a	n/a	n/a	n/a	n/a	n/a	n/a	n/a	n/a	n/a	-1.642	2.155	4.943	13.050	4.340	-0.425	10.088	5.881	6.933	7.596	6.801	9.523	9.763	7.571	-5.125	-14.630	2.450	7.607	3.672	1.757	3.323	1.838	3.093	5.635	3.700	3.727	-2.884	7.154	0.060	-3.023	-0.261	0.740	1.825	1.849	1.902	1.776	1.728	2024	
734	SWZ	NGDP_RPCH	Eswatini	Gross domestic product, constant prices	Annual percentages of constant price GDP are year-on-year changes; the base year is country-specific. Expenditure-based GDP is total final expenditures at purchasers' prices (including the f.o.b. value of exports of goods and services), less the f.o.b. value of imports of goods and services. [SNA 1993]	Percent change	Units	See notes for:  Gross domestic product, constant prices (National currency).	-3.811	6.902	1.439	-0.547	2.481	1.924	18.584	10.016	7.571	9.408	9.859	1.760	3.227	3.106	2.401	4.826	3.842	3.103	2.604	2.951	1.760	1.055	4.380	3.880	3.624	5.999	5.992	4.435	0.822	1.565	3.794	2.247	5.397	3.861	0.923	2.227	1.063	2.027	2.380	2.692	-1.560	10.683	0.476	5.034	3.653	5.124	4.931	3.945	3.360	3.053	2.479	2022	
644	ETH	NGDP_RPCH	Ethiopia	Gross domestic product, constant prices	Annual percentages of constant price GDP are year-on-year changes; the base year is country-specific. Expenditure-based GDP is total final expenditures at purchasers' prices (including the f.o.b. value of exports of goods and services), less the f.o.b. value of imports of goods and services. [SNA 1993]	Percent change	Units	See notes for:  Gross domestic product, constant prices (National currency).	3.997	--	0.961	7.845	-2.305	-11.413	9.693	13.870	0.574	-0.457	2.602	-7.218	-8.907	13.363	3.486	6.121	13.533	2.840	-4.185	6.294	9.838	7.400	1.600	-2.100	11.700	12.600	11.500	11.800	11.200	10.000	10.600	11.400	8.700	9.900	10.300	10.400	8.000	10.210	7.703	9.037	6.057	6.265	6.362	7.171	8.051	6.612	7.107	7.725	8.008	7.758	7.496	2023	
819	FJI	NGDP_RPCH	Fiji	Gross domestic product, constant prices	Annual percentages of constant price GDP are year-on-year changes; the base year is country-specific. Expenditure-based GDP is total final expenditures at purchasers' prices (including the f.o.b. value of exports of goods and services), less the f.o.b. value of imports of goods and services. [SNA 1993]	Percent change	Units	See notes for:  Gross domestic product, constant prices (National currency).	-1.694	6.004	-1.092	-4.212	10.107	-3.774	6.596	-7.194	3.462	13.888	5.802	-2.700	6.100	2.600	5.100	2.600	4.800	-2.400	1.300	8.700	-1.700	1.900	3.200	0.800	5.400	-1.300	1.900	-0.900	1.000	-1.400	3.000	2.700	1.411	4.734	5.604	4.501	2.446	5.353	3.812	-0.581	-17.040	-4.881	19.793	7.524	3.663	2.590	2.847	3.177	3.190	3.174	3.210	2023	
172	FIN	NGDP_RPCH	Finland	Gross domestic product, constant prices	Annual percentages of constant price GDP are year-on-year changes; the base year is country-specific. Expenditure-based GDP is total final expenditures at purchasers' prices (including the f.o.b. value of exports of goods and services), less the f.o.b. value of imports of goods and services. [SNA 1993]	Percent change	Units	See notes for:  Gross domestic product, constant prices (National currency).	5.673	1.294	3.087	3.122	3.213	3.537	2.726	3.559	5.211	5.087	0.211	-5.880	-3.312	-0.781	3.963	4.233	3.662	6.398	5.454	4.389	5.754	2.640	1.687	2.012	4.005	2.778	4.019	5.313	0.784	-8.076	3.168	2.389	-1.523	-0.980	-0.478	0.467	2.572	3.303	1.193	1.350	-2.491	2.676	0.763	-0.947	-0.134	0.960	1.405	1.379	1.328	1.225	1.175	2024	
132	FRA	NGDP_RPCH	France	Gross domestic product, constant prices	Annual percentages of constant price GDP are year-on-year changes; the base year is country-specific. Expenditure-based GDP is total final expenditures at purchasers' prices (including the f.o.b. value of exports of goods and services), less the f.o.b. value of imports of goods and services. [SNA 1993]	Percent change	Units	See notes for:  Gross domestic product, constant prices (National currency).	1.809	1.186	2.404	1.262	1.673	1.670	2.325	2.567	4.670	4.585	2.793	1.292	1.408	-0.425	2.403	2.457	1.347	2.515	3.466	3.261	4.364	1.846	1.120	0.994	2.519	1.988	2.929	2.486	0.265	-2.732	1.843	2.485	0.221	0.915	1.020	0.986	0.728	2.286	1.587	2.076	-7.593	6.827	2.624	1.116	1.067	0.641	1.015	1.189	1.259	1.209	1.210	2024	
646	GAB	NGDP_RPCH	Gabon	Gross domestic product, constant prices	Annual percentages of constant price GDP are year-on-year changes; the base year is country-specific. Expenditure-based GDP is total final expenditures at purchasers' prices (including the f.o.b. value of exports of goods and services), less the f.o.b. value of imports of goods and services. [SNA 1993]	Percent change	Units	See notes for:  Gross domestic product, constant prices (National currency).	--	-4.000	4.100	2.000	4.900	5.800	-2.100	-15.400	3.500	15.431	5.147	6.124	-3.087	3.947	3.713	4.974	3.625	5.738	3.478	-8.943	-1.883	2.150	-0.249	2.247	0.690	3.899	-3.633	6.487	-3.030	-1.196	7.375	7.092	5.251	5.517	4.435	3.879	2.091	0.473	0.909	3.848	-1.838	1.468	3.038	2.446	3.074	2.774	2.603	2.858	2.822	2.739	2.868	2023	
648	GMB	NGDP_RPCH	The Gambia	Gross domestic product, constant prices	Annual percentages of constant price GDP are year-on-year changes; the base year is country-specific. Expenditure-based GDP is total final expenditures at purchasers' prices (including the f.o.b. value of exports of goods and services), less the f.o.b. value of imports of goods and services. [SNA 1993]	Percent change	Units	See notes for:  Gross domestic product, constant prices (National currency).	0.705	-9.523	20.759	13.518	-7.620	3.649	2.364	2.800	1.702	4.331	5.696	2.163	1.763	3.833	-3.398	3.320	2.906	1.417	6.500	6.399	5.525	5.753	-3.247	6.874	7.046	-2.352	-0.556	3.043	6.256	6.666	5.908	-8.130	5.242	2.873	-1.407	4.058	1.943	4.823	7.235	6.222	0.591	5.256	5.493	4.798	5.816	5.913	5.028	4.997	5.002	5.002	5.002	2023	
915	GEO	NGDP_RPCH	Georgia	Gross domestic product, constant prices	Annual percentages of constant price GDP are year-on-year changes; the base year is country-specific. Expenditure-based GDP is total final expenditures at purchasers' prices (including the f.o.b. value of exports of goods and services), less the f.o.b. value of imports of goods and services. [SNA 1993]	Percent change	Units	See notes for:  Gross domestic product, constant prices (National currency).	n/a	n/a	n/a	n/a	n/a	n/a	n/a	n/a	n/a	n/a	n/a	n/a	n/a	n/a	n/a	2.600	10.500	10.327	3.020	2.898	1.865	4.769	5.487	11.228	5.796	9.588	9.420	12.579	2.419	-3.651	6.942	7.949	6.579	5.134	4.091	3.351	3.450	5.161	6.062	5.380	-6.291	10.644	10.960	7.832	9.429	5.977	5.000	5.000	5.000	5.000	5.000	2024	
134	DEU	NGDP_RPCH	Germany	Gross domestic product, constant prices	Annual percentages of constant price GDP are year-on-year changes; the base year is country-specific. Expenditure-based GDP is total final expenditures at purchasers' prices (including the f.o.b. value of exports of goods and services), less the f.o.b. value of imports of goods and services. [SNA 1993]	Percent change	Units	See notes for:  Gross domestic product, constant prices (National currency).	1.272	0.110	-0.788	1.555	2.826	2.192	2.417	1.469	3.736	3.913	5.723	5.011	2.015	-0.981	2.598	1.512	1.028	1.858	2.103	2.127	2.881	1.633	-0.229	-0.536	1.171	0.883	3.862	2.887	0.910	-5.548	4.147	3.764	0.469	0.386	2.172	1.656	2.289	2.713	1.116	0.993	-4.100	3.670	1.367	-0.264	-0.232	-0.050	0.922	1.452	1.201	0.954	0.694	2024	
652	GHA	NGDP_RPCH	Ghana	Gross domestic product, constant prices	Annual percentages of constant price GDP are year-on-year changes; the base year is country-specific. Expenditure-based GDP is total final expenditures at purchasers' prices (including the f.o.b. value of exports of goods and services), less the f.o.b. value of imports of goods and services. [SNA 1993]	Percent change	Units	See notes for:  Gross domestic product, constant prices (National currency).	0.453	-3.754	-8.303	-6.222	9.378	6.433	6.189	6.659	6.468	4.541	3.595	4.774	4.473	4.772	3.508	4.233	4.765	5.797	5.010	4.529	3.596	3.828	4.617	5.112	5.404	6.230	5.817	4.074	9.003	5.681	7.778	13.955	8.422	7.241	2.856	2.121	3.373	8.129	6.200	6.508	0.514	5.076	3.818	3.128	5.685	4.026	4.793	4.947	4.995	5.000	5.000	2023	
174	GRC	NGDP_RPCH	Greece	Gross domestic product, constant prices	Annual percentages of constant price GDP are year-on-year changes; the base year is country-specific. Expenditure-based GDP is total final expenditures at purchasers' prices (including the f.o.b. value of exports of goods and services), less the f.o.b. value of imports of goods and services. [SNA 1993]	Percent change	Units	See notes for:  Gross domestic product, constant prices (National currency).	0.679	-1.556	-1.130	-1.078	2.007	2.513	0.515	-2.257	4.288	3.799	--	3.102	0.697	-1.599	2.000	2.100	1.382	3.603	3.437	2.659	4.138	4.650	4.683	5.797	5.378	1.183	6.443	3.507	0.058	-4.119	-5.694	-9.877	-8.331	-2.272	0.792	-0.228	-0.032	1.473	2.065	2.277	-9.196	8.654	5.744	2.332	2.272	2.030	1.755	1.314	1.487	1.415	1.429	2024	
328	GRD	NGDP_RPCH	Grenada	Gross domestic product, constant prices	Annual percentages of constant price GDP are year-on-year changes; the base year is country-specific. Expenditure-based GDP is total final expenditures at purchasers' prices (including the f.o.b. value of exports of goods and services), less the f.o.b. value of imports of goods and services. [SNA 1993]	Percent change	Units	See notes for:  Gross domestic product, constant prices (National currency).	15.067	1.375	4.107	3.295	3.963	5.988	7.358	9.073	2.916	3.758	4.241	1.423	-0.813	-1.956	1.838	2.196	4.386	4.916	11.808	6.981	5.063	-2.024	3.438	9.464	-0.647	13.273	-3.993	6.124	0.948	-6.613	-0.511	0.765	-1.155	2.351	7.342	6.445	3.740	4.439	4.361	0.677	-13.757	4.687	7.321	4.716	3.600	3.892	3.314	2.707	2.706	2.735	2.735	2022	
258	GTM	NGDP_RPCH	Guatemala	Gross domestic product, constant prices	Annual percentages of constant price GDP are year-on-year changes; the base year is country-specific. Expenditure-based GDP is total final expenditures at purchasers' prices (including the f.o.b. value of exports of goods and services), less the f.o.b. value of imports of goods and services. [SNA 1993]	Percent change	Units	See notes for:  Gross domestic product, constant prices (National currency).	3.700	0.644	-3.542	-2.528	0.510	-0.600	0.100	3.579	3.892	3.943	3.101	3.000	4.600	3.400	3.500	4.400	2.800	4.100	4.600	3.700	2.500	3.104	3.839	2.560	3.138	3.276	5.351	6.338	3.294	0.477	2.884	4.164	2.975	3.695	4.444	4.092	2.678	3.080	3.407	4.018	-1.786	8.033	4.200	3.527	3.689	4.100	3.800	3.800	3.700	3.800	3.800	2023	
656	GIN	NGDP_RPCH	Guinea	Gross domestic product, constant prices	Annual percentages of constant price GDP are year-on-year changes; the base year is country-specific. Expenditure-based GDP is total final expenditures at purchasers' prices (including the f.o.b. value of exports of goods and services), less the f.o.b. value of imports of goods and services. [SNA 1993]	Percent change	Units	See notes for:  Gross domestic product, constant prices (National currency).	2.601	0.610	1.800	1.300	1.400	5.000	3.114	3.300	6.308	4.003	4.324	2.497	3.273	5.048	4.001	4.680	4.462	5.182	3.644	3.812	2.503	3.658	5.165	1.249	2.340	2.997	2.497	6.512	4.142	-1.538	4.219	5.614	5.913	3.946	3.697	3.826	10.821	10.300	6.358	5.617	4.704	5.583	3.972	6.242	6.073	7.086	10.609	10.703	9.481	11.106	7.711	2021	
654	GNB	NGDP_RPCH	Guinea-Bissau	Gross domestic product, constant prices	Annual percentages of constant price GDP are year-on-year changes; the base year is country-specific. Expenditure-based GDP is total final expenditures at purchasers' prices (including the f.o.b. value of exports of goods and services), less the f.o.b. value of imports of goods and services. [SNA 1993]	Percent change	Units	See notes for:  Gross domestic product, constant prices (National currency).	n/a	-0.498	4.200	-3.400	5.500	4.300	-1.000	5.600	1.958	2.925	4.580	7.305	3.095	2.276	2.963	4.016	3.747	5.994	-22.446	16.815	1.100	4.786	3.654	-0.286	1.172	6.560	2.667	2.560	4.525	2.448	5.605	8.085	-1.713	3.256	0.965	6.134	5.307	4.789	3.761	4.500	1.500	6.200	4.600	5.200	4.700	5.100	5.000	5.000	4.500	4.500	4.500	2023	
336	GUY	NGDP_RPCH	Guyana	Gross domestic product, constant prices	Annual percentages of constant price GDP are year-on-year changes; the base year is country-specific. Expenditure-based GDP is total final expenditures at purchasers' prices (including the f.o.b. value of exports of goods and services), less the f.o.b. value of imports of goods and services. [SNA 1993]	Percent change	Units	See notes for:  Gross domestic product, constant prices (National currency).	-2.076	0.562	-8.884	-11.497	2.134	0.366	-0.234	-0.130	-5.981	-4.944	-3.010	6.026	7.758	8.201	8.482	5.055	7.956	6.185	-1.707	2.986	-1.345	2.260	1.149	-0.652	1.566	-1.942	5.127	7.020	1.977	3.319	4.371	5.437	5.039	3.653	1.686	0.687	3.807	3.734	4.441	5.353	43.480	20.060	63.334	33.769	43.569	10.315	22.951	20.993	13.252	11.751	1.067	2024	
263	HTI	NGDP_RPCH	Haiti	Gross domestic product, constant prices	Annual percentages of constant price GDP are year-on-year changes; the base year is country-specific. Expenditure-based GDP is total final expenditures at purchasers' prices (including the f.o.b. value of exports of goods and services), less the f.o.b. value of imports of goods and services. [SNA 1993]	Percent change	Units	See notes for:  Gross domestic product, constant prices (National currency).	7.345	1.056	-2.797	-1.500	0.201	0.757	0.273	-0.432	0.559	-1.131	-0.440	1.262	-2.251	-4.922	-11.603	9.892	4.143	2.705	2.182	2.710	0.870	-0.343	1.052	3.481	-1.318	3.072	1.769	4.707	2.658	5.890	-5.652	5.098	0.502	4.325	1.723	2.563	1.812	2.510	1.668	-1.685	-3.343	-1.798	-1.682	-1.864	-4.200	-1.000	1.000	1.500	1.500	1.500	1.500	2024	
268	HND	NGDP_RPCH	Honduras	Gross domestic product, constant prices	Annual percentages of constant price GDP are year-on-year changes; the base year is country-specific. Expenditure-based GDP is total final expenditures at purchasers' prices (including the f.o.b. value of exports of goods and services), less the f.o.b. value of imports of goods and services. [SNA 1993]	Percent change	Units	See notes for:  Gross domestic product, constant prices (National currency).	0.599	-1.222	-2.075	0.906	6.327	5.626	5.331	6.638	1.746	2.728	2.792	-3.319	6.074	6.496	0.212	6.189	1.871	4.598	3.590	-0.736	7.291	2.723	3.754	4.547	6.232	6.051	6.567	6.188	4.232	-2.432	3.731	3.836	4.129	2.792	3.058	3.840	3.893	4.843	3.845	2.560	-8.965	12.565	4.144	3.583	3.600	3.300	3.400	3.700	3.800	3.800	3.800	2023	
532	HKG	NGDP_RPCH	Hong Kong SAR	Gross domestic product, constant prices	Annual percentages of constant price GDP are year-on-year changes; the base year is country-specific. Expenditure-based GDP is total final expenditures at purchasers' prices (including the f.o.b. value of exports of goods and services), less the f.o.b. value of imports of goods and services. [SNA 1993]	Percent change	Units	See notes for:  Gross domestic product, constant prices (National currency).	10.340	9.193	2.886	6.015	10.002	0.715	11.104	13.395	8.512	2.277	3.831	5.702	6.235	6.201	6.036	2.374	4.258	5.100	-5.883	2.507	7.663	0.561	1.657	3.056	8.700	7.388	7.033	6.465	2.128	-2.459	6.768	4.815	1.700	3.102	2.762	2.388	2.175	3.796	2.847	-1.672	-6.545	6.454	-3.684	3.214	2.541	1.522	1.863	2.810	2.491	2.367	2.312	2024	
944	HUN	NGDP_RPCH	Hungary	Gross domestic product, constant prices	Annual percentages of constant price GDP are year-on-year changes; the base year is country-specific. Expenditure-based GDP is total final expenditures at purchasers' prices (including the f.o.b. value of exports of goods and services), less the f.o.b. value of imports of goods and services. [SNA 1993]	Percent change	Units	See notes for:  Gross domestic product, constant prices (National currency).	0.215	2.867	2.841	0.723	2.658	-0.253	1.535	4.051	-0.065	0.736	-3.497	-11.892	-3.064	-0.576	2.947	2.541	0.101	2.978	3.848	3.086	4.409	4.062	4.730	3.939	4.963	4.300	3.934	0.332	0.993	-6.740	1.068	1.917	-1.339	2.032	4.334	3.660	2.439	4.124	5.606	5.077	-4.339	7.223	4.270	-0.843	0.512	1.403	2.550	2.759	2.957	3.000	3.000	2024	
176	ISL	NGDP_RPCH	Iceland	Gross domestic product, constant prices	Annual percentages of constant price GDP are year-on-year changes; the base year is country-specific. Expenditure-based GDP is total final expenditures at purchasers' prices (including the f.o.b. value of exports of goods and services), less the f.o.b. value of imports of goods and services. [SNA 1993]	Percent change	Units	See notes for:  Gross domestic product, constant prices (National currency).	5.738	4.265	2.154	-2.151	4.129	3.293	6.270	8.546	-0.090	0.258	1.169	-0.224	-3.374	1.313	3.609	0.117	4.567	5.772	7.363	4.035	4.985	4.013	0.560	2.143	7.802	6.125	6.317	8.455	2.210	-7.664	-2.833	1.846	1.064	4.552	1.687	4.437	6.304	4.195	4.889	1.861	-6.940	5.033	8.979	5.646	0.517	2.003	2.400	2.522	2.486	2.493	2.496	2024	
534	IND	NGDP_RPCH	India	Gross domestic product, constant prices	Annual percentages of constant price GDP are year-on-year changes; the base year is country-specific. Expenditure-based GDP is total final expenditures at purchasers' prices (including the f.o.b. value of exports of goods and services), less the f.o.b. value of imports of goods and services. [SNA 1993]	Percent change	Units	See notes for:  Gross domestic product, constant prices (National currency).	6.736	6.007	3.475	7.289	3.820	5.254	4.777	3.965	9.628	5.947	5.534	1.057	5.483	4.751	6.659	7.574	7.550	4.050	6.184	8.846	3.841	4.824	3.804	7.860	7.923	7.923	8.061	7.661	3.087	7.862	8.498	5.241	5.456	6.386	7.410	7.996	8.256	6.795	6.454	3.871	-5.778	9.690	7.609	9.191	6.460	6.198	6.265	6.471	6.480	6.490	6.499	2024	
536	IDN	NGDP_RPCH	Indonesia	Gross domestic product, constant prices	Annual percentages of constant price GDP are year-on-year changes; the base year is country-specific. Expenditure-based GDP is total final expenditures at purchasers' prices (including the f.o.b. value of exports of goods and services), less the f.o.b. value of imports of goods and services. [SNA 1993]	Percent change	Units	See notes for:  Gross domestic product, constant prices (National currency).	9.880	7.604	2.246	4.193	7.574	3.906	7.189	6.572	6.979	9.085	9.002	8.928	6.523	7.956	7.540	8.220	7.818	4.700	-13.127	0.791	4.979	3.643	4.499	4.780	5.031	5.693	5.501	6.345	7.442	4.702	6.378	6.170	6.030	5.557	5.007	4.876	5.033	5.070	5.174	5.019	-2.066	3.703	5.307	5.049	5.030	4.653	4.674	4.852	4.951	5.107	5.134	2024	
429	IRN	NGDP_RPCH	Islamic Republic of Iran	Gross domestic product, constant prices	Annual percentages of constant price GDP are year-on-year changes; the base year is country-specific. Expenditure-based GDP is total final expenditures at purchasers' prices (including the f.o.b. value of exports of goods and services), less the f.o.b. value of imports of goods and services. [SNA 1993]	Percent change	Units	See notes for:  Gross domestic product, constant prices (National currency).	-21.600	-5.697	23.171	11.087	-7.140	1.868	-9.785	-0.172	-6.082	6.132	13.595	12.716	3.298	-1.471	-1.698	2.401	6.351	1.350	2.080	2.003	5.846	2.392	8.079	8.639	4.337	3.190	5.000	8.156	0.251	1.007	5.798	2.646	-3.747	-1.522	4.985	-1.425	8.815	2.759	-1.838	-3.071	3.330	4.720	3.777	5.045	3.478	0.309	1.104	1.600	2.003	1.984	1.963	2024	
433	IRQ	NGDP_RPCH	Iraq	Gross domestic product, constant prices	Annual percentages of constant price GDP are year-on-year changes; the base year is country-specific. Expenditure-based GDP is total final expenditures at purchasers' prices (including the f.o.b. value of exports of goods and services), less the f.o.b. value of imports of goods and services. [SNA 1993]	Percent change	Units	See notes for:  Gross domestic product, constant prices (National currency).	n/a	n/a	n/a	n/a	n/a	n/a	n/a	n/a	n/a	n/a	n/a	n/a	n/a	n/a	n/a	n/a	n/a	n/a	n/a	n/a	n/a	1.767	-8.204	-36.657	53.386	1.675	5.638	1.889	8.228	3.379	6.403	7.546	13.936	7.628	0.738	2.537	16.172	-1.509	2.633	5.588	-12.409	1.428	7.713	0.920	0.336	-1.503	1.439	5.503	3.906	4.137	4.146	2023	
178	IRL	NGDP_RPCH	Ireland	Gross domestic product, constant prices	Annual percentages of constant price GDP are year-on-year changes; the base year is country-specific. Expenditure-based GDP is total final expenditures at purchasers' prices (including the f.o.b. value of exports of goods and services), less the f.o.b. value of imports of goods and services. [SNA 1993]	Percent change	Units	See notes for:  Gross domestic product, constant prices (National currency).	2.898	2.512	1.495	-0.729	3.204	1.947	0.424	3.641	2.998	5.614	7.711	1.642	3.579	2.314	5.894	9.593	9.092	10.747	8.765	10.530	9.403	5.306	5.900	3.014	6.789	5.739	4.988	5.310	-4.484	-5.096	1.683	1.650	-0.399	2.192	9.336	24.616	1.223	10.049	7.545	5.041	7.158	16.255	8.620	-5.530	1.221	2.261	2.113	2.126	2.234	2.153	2.263	2024	
436	ISR	NGDP_RPCH	Israel	Gross domestic product, constant prices	Annual percentages of constant price GDP are year-on-year changes; the base year is country-specific. Expenditure-based GDP is total final expenditures at purchasers' prices (including the f.o.b. value of exports of goods and services), less the f.o.b. value of imports of goods and services. [SNA 1993]	Percent change	Units	See notes for:  Gross domestic product, constant prices (National currency).	3.568	4.723	1.424	2.586	2.210	4.451	3.551	7.490	3.564	1.419	6.633	4.618	7.155	3.771	7.011	9.654	5.910	3.702	4.036	3.337	8.609	0.276	-0.090	1.461	4.678	4.229	5.608	6.065	3.209	1.238	5.534	5.519	2.538	4.085	3.776	2.238	4.460	4.347	4.004	3.710	-2.022	9.388	6.263	1.827	0.872	3.250	3.600	3.340	3.368	3.387	3.387	2024	
136	ITA	NGDP_RPCH	Italy	Gross domestic product, constant prices	Annual percentages of constant price GDP are year-on-year changes; the base year is country-specific. Expenditure-based GDP is total final expenditures at purchasers' prices (including the f.o.b. value of exports of goods and services), less the f.o.b. value of imports of goods and services. [SNA 1993]	Percent change	Units	See notes for:  Gross domestic product, constant prices (National currency).	3.099	4.728	0.414	1.169	3.226	2.798	2.860	3.192	4.194	3.389	2.052	1.435	0.834	-0.853	2.151	2.887	1.525	1.926	1.804	1.678	3.882	2.006	0.270	0.067	1.474	0.762	1.799	1.462	-1.023	-5.305	1.529	0.695	-3.125	-1.818	-0.001	0.886	1.236	1.604	0.827	0.429	-8.868	8.931	4.821	0.715	0.726	0.440	0.835	0.569	0.680	0.700	0.700	2024	
343	JAM	NGDP_RPCH	Jamaica	Gross domestic product, constant prices	Annual percentages of constant price GDP are year-on-year changes; the base year is country-specific. Expenditure-based GDP is total final expenditures at purchasers' prices (including the f.o.b. value of exports of goods and services), less the f.o.b. value of imports of goods and services. [SNA 1993]	Percent change	Units	See notes for:  Gross domestic product, constant prices (National currency).	-4.041	4.420	3.080	4.153	0.950	-0.900	7.000	7.700	-3.993	4.700	4.875	0.834	2.778	2.211	1.875	2.521	0.236	-1.641	-1.210	0.981	0.776	1.281	0.675	3.667	1.324	0.894	2.899	1.444	-0.818	-3.411	-1.435	1.426	-0.501	0.224	0.575	0.869	1.498	0.679	1.827	0.970	-9.920	4.601	5.222	2.605	-0.800	2.100	1.600	1.600	1.600	1.600	1.600	2023	
158	JPN	NGDP_RPCH	Japan	Gross domestic product, constant prices	Annual percentages of constant price GDP are year-on-year changes; the base year is country-specific. Expenditure-based GDP is total final expenditures at purchasers' prices (including the f.o.b. value of exports of goods and services), less the f.o.b. value of imports of goods and services. [SNA 1993]	Percent change	Units	See notes for:  Gross domestic product, constant prices (National currency).	3.181	4.261	3.280	3.630	4.411	5.160	3.294	4.649	6.662	4.926	4.841	3.523	0.901	-0.459	1.083	2.631	3.134	0.981	-1.270	-0.334	2.765	0.386	0.042	1.535	2.186	1.804	1.372	1.484	-1.224	-5.693	4.098	0.024	1.375	2.005	0.296	1.561	0.754	1.675	0.643	-0.402	-4.169	2.697	0.935	1.486	0.084	0.554	0.579	0.625	0.585	0.520	0.532	2024	
439	JOR	NGDP_RPCH	Jordan	Gross domestic product, constant prices	Annual percentages of constant price GDP are year-on-year changes; the base year is country-specific. Expenditure-based GDP is total final expenditures at purchasers' prices (including the f.o.b. value of exports of goods and services), less the f.o.b. value of imports of goods and services. [SNA 1993]	Percent change	Units	See notes for:  Gross domestic product, constant prices (National currency).	11.069	14.973	5.846	1.366	5.478	-1.088	5.934	2.710	2.891	-10.661	-1.604	-5.650	16.856	4.360	5.002	5.951	1.913	3.741	3.206	3.237	4.200	4.987	6.584	3.980	8.257	8.822	8.515	8.373	7.383	5.024	2.315	2.737	2.429	2.610	3.384	2.497	1.994	2.474	1.919	1.751	-1.103	3.656	2.428	3.104	2.489	2.600	2.900	3.000	3.000	3.000	3.000	2023	
916	KAZ	NGDP_RPCH	Kazakhstan	Gross domestic product, constant prices	Annual percentages of constant price GDP are year-on-year changes; the base year is country-specific. Expenditure-based GDP is total final expenditures at purchasers' prices (including the f.o.b. value of exports of goods and services), less the f.o.b. value of imports of goods and services. [SNA 1993]	Percent change	Units	See notes for:  Gross domestic product, constant prices (National currency).	n/a	n/a	n/a	n/a	n/a	n/a	n/a	n/a	n/a	n/a	n/a	n/a	n/a	-9.200	-12.580	-8.200	0.500	1.700	-1.900	2.700	9.800	13.499	9.799	9.300	9.599	9.700	10.702	8.900	3.300	1.200	7.300	7.500	5.000	5.900	4.300	1.000	0.900	3.900	4.100	4.500	-2.600	4.100	3.200	5.100	4.756	4.881	4.257	3.848	2.607	3.058	3.096	2023	
664	KEN	NGDP_RPCH	Kenya	Gross domestic product, constant prices	Annual percentages of constant price GDP are year-on-year changes; the base year is country-specific. Expenditure-based GDP is total final expenditures at purchasers' prices (including the f.o.b. value of exports of goods and services), less the f.o.b. value of imports of goods and services. [SNA 1993]	Percent change	Units	See notes for:  Gross domestic product, constant prices (National currency).	5.572	4.100	5.052	1.593	1.600	4.073	6.982	5.811	6.091	4.554	4.134	1.339	-1.080	-0.095	2.531	4.287	4.479	0.411	2.983	2.199	0.347	3.979	0.481	2.949	4.635	5.665	5.854	6.851	0.232	3.307	8.058	5.121	4.569	3.798	5.020	4.968	4.214	3.816	5.671	5.114	-0.273	7.590	4.860	5.556	4.509	4.810	4.889	5.020	5.031	5.006	5.034	2023	
826	KIR	NGDP_RPCH	Kiribati	Gross domestic product, constant prices	Annual percentages of constant price GDP are year-on-year changes; the base year is country-specific. Expenditure-based GDP is total final expenditures at purchasers' prices (including the f.o.b. value of exports of goods and services), less the f.o.b. value of imports of goods and services. [SNA 1993]	Percent change	Units	See notes for:  Gross domestic product, constant prices (National currency).	-1.079	6.122	-1.090	-9.778	13.918	-13.240	-2.466	1.293	22.045	-7.292	-6.385	-5.649	23.959	-0.104	2.045	2.752	-0.052	1.177	4.442	-3.914	6.743	-3.144	1.447	-1.575	-0.609	1.292	5.777	3.055	-2.985	0.537	1.226	3.264	5.804	7.731	1.264	11.265	7.088	3.749	3.479	3.264	-1.468	8.480	4.566	2.652	5.267	3.900	3.222	2.523	2.154	2.143	2.086	2023	
542	KOR	NGDP_RPCH	Korea	Gross domestic product, constant prices	Annual percentages of constant price GDP are year-on-year changes; the base year is country-specific. Expenditure-based GDP is total final expenditures at purchasers' prices (including the f.o.b. value of exports of goods and services), less the f.o.b. value of imports of goods and services. [SNA 1993]	Percent change	Units	See notes for:  Gross domestic product, constant prices (National currency).	-1.524	7.404	8.468	13.467	10.637	7.939	11.503	12.892	12.133	7.165	10.025	10.875	6.352	6.995	9.372	9.736	7.990	6.282	-4.939	11.617	9.202	4.726	7.744	3.075	5.184	4.358	5.245	5.842	3.004	0.820	6.982	3.688	2.548	3.291	3.215	2.920	3.172	3.433	3.176	2.314	-0.700	4.613	2.728	1.404	2.025	1.027	1.447	2.099	2.111	1.945	1.840	2024	
967	UVK	NGDP_RPCH	Kosovo	Gross domestic product, constant prices	Annual percentages of constant price GDP are year-on-year changes; the base year is country-specific. Expenditure-based GDP is total final expenditures at purchasers' prices (including the f.o.b. value of exports of goods and services), less the f.o.b. value of imports of goods and services. [SNA 1993]	Percent change	Units	See notes for:  Gross domestic product, constant prices (National currency).	n/a	n/a	n/a	n/a	n/a	n/a	n/a	n/a	n/a	n/a	n/a	n/a	n/a	n/a	n/a	n/a	n/a	n/a	n/a	n/a	n/a	4.553	-0.441	2.555	0.605	4.510	3.594	8.348	1.815	5.035	4.941	6.320	1.712	5.340	3.349	5.916	5.572	4.825	3.406	4.757	-5.341	10.746	4.278	4.069	4.409	4.000	4.000	3.900	3.900	3.900	4.000	2023	
443	KWT	NGDP_RPCH	Kuwait	Gross domestic product, constant prices	Annual percentages of constant price GDP are year-on-year changes; the base year is country-specific. Expenditure-based GDP is total final expenditures at purchasers' prices (including the f.o.b. value of exports of goods and services), less the f.o.b. value of imports of goods and services. [SNA 1993]	Percent change	Units	See notes for:  Gross domestic product, constant prices (National currency).	n/a	n/a	-9.504	5.253	5.240	-4.258	8.565	8.142	-10.050	25.896	-26.229	-41.008	82.809	35.132	8.616	1.669	0.598	2.493	3.654	-1.789	4.690	0.213	3.014	17.326	10.240	10.609	7.515	5.992	2.480	-7.076	-2.371	9.628	6.626	1.149	0.501	0.593	2.926	-4.712	2.743	2.264	-4.817	2.261	5.859	-3.641	-2.804	1.866	3.129	2.324	2.242	2.270	2.241	2023	
917	KGZ	NGDP_RPCH	Kyrgyz Republic	Gross domestic product, constant prices	Annual percentages of constant price GDP are year-on-year changes; the base year is country-specific. Expenditure-based GDP is total final expenditures at purchasers' prices (including the f.o.b. value of exports of goods and services), less the f.o.b. value of imports of goods and services. [SNA 1993]	Percent change	Units	See notes for:  Gross domestic product, constant prices (National currency).	n/a	n/a	n/a	n/a	n/a	n/a	n/a	n/a	n/a	n/a	n/a	n/a	n/a	-13.005	-19.807	-5.424	7.085	9.915	2.122	3.656	5.443	5.322	-0.017	7.030	7.027	-0.176	3.103	8.543	7.566	2.886	-0.472	5.956	-0.088	10.915	4.024	3.876	4.336	4.740	3.459	4.601	-7.149	5.507	8.968	9.013	9.040	6.823	5.266	5.779	5.265	5.432	5.294	2024	
544	LAO	NGDP_RPCH	Lao P.D.R.	Gross domestic product, constant prices	Annual percentages of constant price GDP are year-on-year changes; the base year is country-specific. Expenditure-based GDP is total final expenditures at purchasers' prices (including the f.o.b. value of exports of goods and services), less the f.o.b. value of imports of goods and services. [SNA 1993]	Percent change	Units	See notes for:  Gross domestic product, constant prices (National currency).	10.004	15.332	4.715	3.000	6.438	9.122	4.829	-0.960	-2.100	9.893	6.686	3.999	6.999	5.867	8.160	7.045	6.892	6.907	4.279	4.028	6.429	4.772	6.809	6.179	7.187	6.940	8.954	7.851	7.822	7.373	8.018	7.986	7.805	8.026	7.612	7.270	7.023	6.892	6.248	4.652	-0.435	2.061	2.252	3.658	4.299	2.523	1.952	2.020	1.997	1.965	1.960	2024	
941	LVA	NGDP_RPCH	Latvia	Gross domestic product, constant prices	Annual percentages of constant price GDP are year-on-year changes; the base year is country-specific. Expenditure-based GDP is total final expenditures at purchasers' prices (including the f.o.b. value of exports of goods and services), less the f.o.b. value of imports of goods and services. [SNA 1993]	Percent change	Units	See notes for:  Gross domestic product, constant prices (National currency).	n/a	n/a	n/a	n/a	n/a	n/a	n/a	n/a	n/a	n/a	n/a	n/a	n/a	-11.400	2.200	-2.084	2.300	9.171	6.550	2.818	5.841	6.461	7.665	8.429	8.725	11.615	12.825	10.415	-3.389	-16.040	-3.661	3.036	7.305	2.096	2.095	3.783	2.552	3.399	4.310	0.675	-3.469	6.943	1.807	2.854	-0.442	2.002	2.482	2.456	2.457	2.458	2.459	2024	
446	LBN	NGDP_RPCH	Lebanon	Gross domestic product, constant prices	Annual percentages of constant price GDP are year-on-year changes; the base year is country-specific. Expenditure-based GDP is total final expenditures at purchasers' prices (including the f.o.b. value of exports of goods and services), less the f.o.b. value of imports of goods and services. [SNA 1993]	Percent change	Units	See notes for:  Gross domestic product, constant prices (National currency).	1.467	0.550	-36.789	22.710	44.479	24.300	-6.773	16.729	-28.209	-42.195	-13.421	38.200	4.495	7.000	8.030	6.493	4.038	10.190	3.900	-0.800	1.100	3.900	3.400	1.700	7.500	2.687	1.547	9.314	9.066	10.235	7.974	0.867	2.541	3.811	2.466	0.453	1.563	0.913	-1.853	-6.801	-24.597	2.016	1.000	-0.700	-7.500	n/a	n/a	n/a	n/a	n/a	n/a	2021	
666	LSO	NGDP_RPCH	Lesotho	Gross domestic product, constant prices	Annual percentages of constant price GDP are year-on-year changes; the base year is country-specific. Expenditure-based GDP is total final expenditures at purchasers' prices (including the f.o.b. value of exports of goods and services), less the f.o.b. value of imports of goods and services. [SNA 1993]	Percent change	Units	See notes for:  Gross domestic product, constant prices (National currency).	-0.825	3.079	5.556	3.049	4.769	2.956	3.769	2.686	7.854	5.992	6.429	7.550	6.058	3.982	5.202	4.067	4.767	3.269	1.333	1.438	3.953	3.296	2.419	4.245	2.069	3.326	4.201	4.201	3.760	0.362	5.100	5.061	5.146	1.772	2.068	3.248	1.877	-2.734	-1.465	-2.912	-5.264	1.897	1.978	1.980	2.620	1.517	1.444	1.011	1.405	1.482	1.669	2023	
668	LBR	NGDP_RPCH	Liberia	Gross domestic product, constant prices	Annual percentages of constant price GDP are year-on-year changes; the base year is country-specific. Expenditure-based GDP is total final expenditures at purchasers' prices (including the f.o.b. value of exports of goods and services), less the f.o.b. value of imports of goods and services. [SNA 1993]	Percent change	Units	See notes for:  Gross domestic product, constant prices (National currency).	n/a	n/a	n/a	n/a	n/a	n/a	n/a	n/a	n/a	n/a	n/a	n/a	n/a	n/a	n/a	n/a	n/a	n/a	n/a	n/a	n/a	2.758	4.431	-28.974	3.971	5.856	8.480	13.103	6.105	5.192	6.351	7.700	8.420	8.836	0.695	0.007	-1.630	2.469	1.242	-2.516	-2.967	5.011	4.811	4.587	4.819	5.334	5.529	5.789	5.808	5.756	5.551	2023	
672	LBY	NGDP_RPCH	Libya	Gross domestic product, constant prices	Annual percentages of constant price GDP are year-on-year changes; the base year is country-specific. Expenditure-based GDP is total final expenditures at purchasers' prices (including the f.o.b. value of exports of goods and services), less the f.o.b. value of imports of goods and services. [SNA 1993]	Percent change	Units	See notes for:  Gross domestic product, constant prices (National currency).	0.606	-20.040	1.518	-4.709	-8.306	0.607	-11.353	-14.702	7.579	7.199	3.720	18.320	-4.545	-5.468	3.219	-15.431	1.759	-2.635	-0.676	-0.189	4.042	2.626	-3.727	16.145	5.845	10.619	0.278	6.230	-0.162	-4.400	5.027	-50.339	86.827	-17.998	-23.043	-0.843	-1.491	32.492	7.941	-11.196	-29.456	28.335	-8.252	10.156	-0.636	17.304	4.285	1.793	1.859	2.013	2.230	2022	
946	LTU	NGDP_RPCH	Lithuania	Gross domestic product, constant prices	Annual percentages of constant price GDP are year-on-year changes; the base year is country-specific. Expenditure-based GDP is total final expenditures at purchasers' prices (including the f.o.b. value of exports of goods and services), less the f.o.b. value of imports of goods and services. [SNA 1993]	Percent change	Units	See notes for:  Gross domestic product, constant prices (National currency).	n/a	n/a	n/a	n/a	n/a	n/a	n/a	n/a	n/a	n/a	n/a	n/a	n/a	n/a	n/a	n/a	5.239	8.350	7.673	-1.087	3.361	6.635	6.531	10.532	6.318	8.185	7.301	11.100	2.180	-14.503	0.274	6.343	4.376	4.079	3.769	2.845	2.614	4.705	4.832	4.723	0.048	6.361	2.516	0.428	2.726	2.787	2.459	2.546	2.407	2.366	2.355	2024	
137	LUX	NGDP_RPCH	Luxembourg	Gross domestic product, constant prices	Annual percentages of constant price GDP are year-on-year changes; the base year is country-specific. Expenditure-based GDP is total final expenditures at purchasers' prices (including the f.o.b. value of exports of goods and services), less the f.o.b. value of imports of goods and services. [SNA 1993]	Percent change	Units	See notes for:  Gross domestic product, constant prices (National currency).	3.170	0.798	1.039	1.887	4.730	5.596	9.983	3.951	8.464	9.798	5.320	8.645	1.819	4.201	3.821	1.432	1.515	5.937	6.492	8.421	8.442	3.074	3.225	2.620	4.231	2.483	6.016	8.099	-0.302	-3.239	3.760	1.045	1.650	3.171	2.623	2.268	4.978	1.317	1.611	2.749	-0.510	6.930	-1.095	-0.694	1.032	1.574	2.215	2.301	2.169	2.131	2.081	2023	
546	MAC	NGDP_RPCH	Macao SAR	Gross domestic product, constant prices	Annual percentages of constant price GDP are year-on-year changes; the base year is country-specific. Expenditure-based GDP is total final expenditures at purchasers' prices (including the f.o.b. value of exports of goods and services), less the f.o.b. value of imports of goods and services. [SNA 1993]	Percent change	Units	See notes for:  Gross domestic product, constant prices (National currency).	n/a	n/a	n/a	n/a	n/a	n/a	n/a	n/a	n/a	n/a	n/a	n/a	n/a	n/a	n/a	n/a	n/a	n/a	n/a	n/a	n/a	n/a	8.910	11.641	26.631	8.075	13.391	14.476	3.392	1.274	25.123	21.616	9.242	10.753	-2.048	-21.515	-0.679	9.860	6.406	-2.563	-54.336	23.535	-19.609	75.062	8.808	3.594	3.522	3.708	3.403	3.094	3.022	2024	
674	MDG	NGDP_RPCH	Madagascar	Gross domestic product, constant prices	Annual percentages of constant price GDP are year-on-year changes; the base year is country-specific. Expenditure-based GDP is total final expenditures at purchasers' prices (including the f.o.b. value of exports of goods and services), less the f.o.b. value of imports of goods and services. [SNA 1993]	Percent change	Units	See notes for:  Gross domestic product, constant prices (National currency).	0.788	-9.800	-1.900	0.900	1.760	1.156	1.960	1.175	3.407	4.075	3.129	-6.306	1.181	2.100	-0.042	1.679	2.154	3.693	3.917	4.699	4.457	5.980	-12.408	9.785	5.257	4.756	5.399	5.711	6.713	-3.979	0.619	1.578	3.011	2.300	3.339	3.132	3.993	3.933	3.194	4.411	-7.138	4.651	4.156	4.203	4.200	3.940	4.206	4.506	4.821	4.933	5.017	2022	
676	MWI	NGDP_RPCH	Malawi	Gross domestic product, constant prices	Annual percentages of constant price GDP are year-on-year changes; the base year is country-specific. Expenditure-based GDP is total final expenditures at purchasers' prices (including the f.o.b. value of exports of goods and services), less the f.o.b. value of imports of goods and services. [SNA 1993]	Percent change	Units	See notes for:  Gross domestic product, constant prices (National currency).	0.395	-5.245	2.516	3.694	5.373	4.571	-0.215	1.625	3.177	1.345	5.692	8.730	-7.333	9.692	-10.313	13.830	9.979	6.587	1.061	3.541	0.775	-4.076	1.760	5.706	5.420	3.269	4.700	9.600	7.640	8.328	6.874	4.854	1.886	5.200	5.700	2.950	2.270	4.000	4.392	5.448	1.013	4.558	0.921	1.892	1.800	3.500	4.300	4.500	4.600	4.600	4.600	2022	
548	MYS	NGDP_RPCH	Malaysia	Gross domestic product, constant prices	Annual percentages of constant price GDP are year-on-year changes; the base year is country-specific. Expenditure-based GDP is total final expenditures at purchasers' prices (including the f.o.b. value of exports of goods and services), less the f.o.b. value of imports of goods and services. [SNA 1993]	Percent change	Units	See notes for:  Gross domestic product, constant prices (National currency).	7.444	6.942	5.941	6.250	7.762	-0.876	1.153	5.389	9.938	9.060	9.007	9.547	8.886	9.896	9.211	9.830	10.002	7.327	-7.359	6.131	8.671	0.518	5.391	5.789	6.783	4.976	5.584	6.299	4.832	-1.514	7.528	5.293	5.474	4.694	6.007	5.007	4.450	5.813	4.843	4.413	-5.457	3.315	8.862	3.555	5.114	4.100	3.800	4.000	4.000	4.000	4.000	2024	
556	MDV	NGDP_RPCH	Maldives	Gross domestic product, constant prices	Annual percentages of constant price GDP are year-on-year changes; the base year is country-specific. Expenditure-based GDP is total final expenditures at purchasers' prices (including the f.o.b. value of exports of goods and services), less the f.o.b. value of imports of goods and services. [SNA 1993]	Percent change	Units	See notes for:  Gross domestic product, constant prices (National currency).	18.803	7.886	7.466	4.414	17.379	13.801	8.596	8.866	8.722	9.292	-4.049	6.896	6.467	5.417	7.505	7.377	9.084	10.405	9.789	7.232	4.737	1.450	6.098	14.153	6.031	-11.223	23.606	7.123	8.980	-8.158	6.835	8.573	2.364	6.963	7.801	3.972	6.572	7.055	8.668	7.298	-32.909	37.508	13.826	4.726	5.134	4.469	4.339	4.081	4.001	3.985	4.016	2023	
678	MLI	NGDP_RPCH	Mali	Gross domestic product, constant prices	Annual percentages of constant price GDP are year-on-year changes; the base year is country-specific. Expenditure-based GDP is total final expenditures at purchasers' prices (including the f.o.b. value of exports of goods and services), less the f.o.b. value of imports of goods and services. [SNA 1993]	Percent change	Units	See notes for:  Gross domestic product, constant prices (National currency).	3.299	-4.542	-11.557	3.229	2.419	3.243	6.104	2.479	0.054	10.692	9.310	7.680	-1.562	3.561	3.802	2.997	7.281	4.797	2.926	6.245	-0.061	15.376	3.106	9.119	1.560	6.535	4.662	3.494	4.773	4.679	5.413	3.240	-0.836	2.295	7.085	6.172	5.852	5.305	4.746	4.756	-1.235	3.053	3.475	4.657	4.400	4.900	5.100	5.100	5.100	5.100	5.100	2023	
181	MLT	NGDP_RPCH	Malta	Gross domestic product, constant prices	Annual percentages of constant price GDP are year-on-year changes; the base year is country-specific. Expenditure-based GDP is total final expenditures at purchasers' prices (including the f.o.b. value of exports of goods and services), less the f.o.b. value of imports of goods and services. [SNA 1993]	Percent change	Units	See notes for:  Gross domestic product, constant prices (National currency).	n/a	n/a	n/a	n/a	n/a	n/a	n/a	n/a	n/a	n/a	n/a	n/a	n/a	n/a	n/a	n/a	n/a	n/a	n/a	n/a	n/a	-0.756	2.740	3.694	0.407	2.882	2.335	5.038	4.409	-1.395	6.197	0.992	4.101	6.292	7.632	9.620	4.078	12.971	7.189	4.086	-3.359	13.301	4.269	6.797	5.968	3.900	3.900	4.000	4.000	4.000	4.000	2024	
867	MHL	NGDP_RPCH	Marshall Islands	Gross domestic product, constant prices	Annual percentages of constant price GDP are year-on-year changes; the base year is country-specific. Expenditure-based GDP is total final expenditures at purchasers' prices (including the f.o.b. value of exports of goods and services), less the f.o.b. value of imports of goods and services. [SNA 1993]	Percent change	Units	See notes for:  Gross domestic product, constant prices (National currency).	n/a	n/a	n/a	n/a	n/a	n/a	n/a	n/a	n/a	n/a	n/a	n/a	n/a	n/a	n/a	n/a	n/a	n/a	-0.641	-1.312	2.653	7.144	3.535	-1.612	-0.684	1.789	0.185	3.680	-7.578	3.653	5.559	-0.502	-1.279	3.788	-1.285	1.890	2.523	3.563	5.484	10.469	-2.777	1.197	-1.096	-3.926	2.750	2.527	4.070	2.365	1.916	1.790	1.605	2023	
682	MRT	NGDP_RPCH	Mauritania	Gross domestic product, constant prices	Annual percentages of constant price GDP are year-on-year changes; the base year is country-specific. Expenditure-based GDP is total final expenditures at purchasers' prices (including the f.o.b. value of exports of goods and services), less the f.o.b. value of imports of goods and services. [SNA 1993]	Percent change	Units	See notes for:  Gross domestic product, constant prices (National currency).	n/a	n/a	n/a	n/a	n/a	n/a	n/a	n/a	n/a	n/a	n/a	--	1.772	5.874	-3.061	9.820	5.819	-4.045	2.778	3.673	-3.918	-0.799	1.381	6.928	4.733	8.566	18.333	-1.969	-0.331	0.098	2.620	4.173	4.470	4.151	4.275	5.376	1.261	6.271	4.773	3.146	-0.429	0.737	6.796	6.507	4.566	4.445	3.714	5.127	6.462	4.622	0.952	2023	
684	MUS	NGDP_RPCH	Mauritius	Gross domestic product, constant prices	Annual percentages of constant price GDP are year-on-year changes; the base year is country-specific. Expenditure-based GDP is total final expenditures at purchasers' prices (including the f.o.b. value of exports of goods and services), less the f.o.b. value of imports of goods and services. [SNA 1993]	Percent change	Units	See notes for:  Gross domestic product, constant prices (National currency).	-10.060	5.882	5.497	0.384	4.775	6.876	9.742	10.163	6.791	4.465	7.187	4.435	6.513	5.082	4.136	4.288	5.588	5.687	6.072	2.611	8.192	3.214	1.627	5.984	4.299	1.453	4.514	5.727	5.387	3.315	4.377	4.078	3.496	3.360	3.827	3.691	3.862	3.938	4.007	2.891	-14.547	3.404	8.700	4.993	4.700	3.000	3.000	3.000	3.000	3.000	3.000	2023	
273	MEX	NGDP_RPCH	Mexico	Gross domestic product, constant prices	Annual percentages of constant price GDP are year-on-year changes; the base year is country-specific. Expenditure-based GDP is total final expenditures at purchasers' prices (including the f.o.b. value of exports of goods and services), less the f.o.b. value of imports of goods and services. [SNA 1993]	Percent change	Units	See notes for:  Gross domestic product, constant prices (National currency).	9.482	9.586	-0.050	-4.624	3.513	1.919	-3.930	2.063	1.218	3.625	5.250	3.976	3.569	2.867	4.394	-5.910	6.218	7.199	6.185	2.755	5.029	-0.451	-0.237	1.186	3.565	2.113	4.805	2.078	0.943	-6.295	4.971	3.444	3.553	0.852	2.504	2.702	1.772	1.872	1.972	-0.393	-8.354	6.048	3.711	3.295	1.454	-0.260	1.370	2.143	2.203	2.175	2.104	2024	
868	FSM	NGDP_RPCH	Micronesia	Gross domestic product, constant prices	Annual percentages of constant price GDP are year-on-year changes; the base year is country-specific. Expenditure-based GDP is total final expenditures at purchasers' prices (including the f.o.b. value of exports of goods and services), less the f.o.b. value of imports of goods and services. [SNA 1993]	Percent change	Units	See notes for:  Gross domestic product, constant prices (National currency).	n/a	n/a	n/a	n/a	n/a	n/a	n/a	n/a	n/a	n/a	n/a	n/a	n/a	n/a	n/a	n/a	-3.350	-6.249	2.923	1.113	4.306	2.094	0.260	1.551	-3.223	2.378	-0.271	-1.728	-2.601	1.069	2.044	3.775	-1.670	-3.661	-2.587	4.509	0.985	2.256	0.494	3.363	-1.976	3.100	-2.906	0.482	0.719	1.085	1.509	0.761	0.693	0.662	0.662	2022	
921	MDA	NGDP_RPCH	Moldova	Gross domestic product, constant prices	Annual percentages of constant price GDP are year-on-year changes; the base year is country-specific. Expenditure-based GDP is total final expenditures at purchasers' prices (including the f.o.b. value of exports of goods and services), less the f.o.b. value of imports of goods and services. [SNA 1993]	Percent change	Units	See notes for:  Gross domestic product, constant prices (National currency).	n/a	n/a	n/a	n/a	n/a	n/a	n/a	n/a	n/a	n/a	n/a	n/a	n/a	-1.200	-30.900	-1.428	-5.900	1.600	-6.500	-3.400	2.100	6.100	7.800	6.600	7.400	7.500	4.800	3.000	7.800	-6.000	7.100	5.818	-0.590	9.044	5.000	-0.700	4.600	4.200	4.100	3.600	-8.300	13.900	-4.600	1.200	0.500	0.600	2.550	5.017	5.038	5.026	5.026	2023	
948	MNG	NGDP_RPCH	Mongolia	Gross domestic product, constant prices	Annual percentages of constant price GDP are year-on-year changes; the base year is country-specific. Expenditure-based GDP is total final expenditures at purchasers' prices (including the f.o.b. value of exports of goods and services), less the f.o.b. value of imports of goods and services. [SNA 1993]	Percent change	Units	See notes for:  Gross domestic product, constant prices (National currency).	6.443	8.376	8.331	5.792	5.914	5.679	9.426	3.542	5.146	4.183	-2.486	-9.199	-9.256	-3.169	2.134	6.376	2.235	3.897	3.340	3.070	1.146	4.639	5.267	7.357	9.425	6.507	8.163	8.757	7.819	-2.069	7.313	17.291	12.320	11.649	7.885	2.410	1.490	5.637	7.745	5.602	-4.558	1.637	5.033	7.422	4.864	6.043	5.899	5.462	5.479	4.994	5.000	2024	
943	MNE	NGDP_RPCH	Montenegro	Gross domestic product, constant prices	Annual percentages of constant price GDP are year-on-year changes; the base year is country-specific. Expenditure-based GDP is total final expenditures at purchasers' prices (including the f.o.b. value of exports of goods and services), less the f.o.b. value of imports of goods and services. [SNA 1993]	Percent change	Units	See notes for:  Gross domestic product, constant prices (National currency).	n/a	n/a	n/a	n/a	n/a	n/a	n/a	n/a	n/a	n/a	n/a	n/a	n/a	n/a	n/a	n/a	n/a	n/a	n/a	n/a	n/a	1.100	1.900	2.500	4.400	4.200	8.600	6.800	7.200	-5.800	2.700	3.200	-2.724	3.549	1.784	3.390	2.949	4.716	5.078	4.063	-15.307	13.043	6.407	6.338	3.040	3.200	3.200	3.000	3.000	3.000	3.000	2023	
686	MAR	NGDP_RPCH	Morocco	Gross domestic product, constant prices	Annual percentages of constant price GDP are year-on-year changes; the base year is country-specific. Expenditure-based GDP is total final expenditures at purchasers' prices (including the f.o.b. value of exports of goods and services), less the f.o.b. value of imports of goods and services. [SNA 1993]	Percent change	Units	See notes for:  Gross domestic product, constant prices (National currency).	3.792	-2.765	9.619	-0.557	4.337	6.324	8.300	-2.544	10.415	2.366	4.035	7.547	-2.908	-1.003	11.494	-6.328	13.460	-2.012	7.979	0.529	1.593	7.552	3.316	6.317	4.802	2.978	7.760	2.706	5.923	4.244	3.816	5.246	3.010	4.535	2.669	4.345	0.521	5.058	3.066	2.891	-7.178	8.155	1.527	3.403	3.186	3.905	3.746	3.597	3.597	3.570	3.565	2023	
688	MOZ	NGDP_RPCH	Mozambique	Gross domestic product, constant prices	Annual percentages of constant price GDP are year-on-year changes; the base year is country-specific. Expenditure-based GDP is total final expenditures at purchasers' prices (including the f.o.b. value of exports of goods and services), less the f.o.b. value of imports of goods and services. [SNA 1993]	Percent change	Units	See notes for:  Gross domestic product, constant prices (National currency).	4.228	5.000	-6.900	-15.700	-6.500	1.000	-2.300	14.700	8.200	6.500	1.000	6.552	-7.576	10.941	6.440	2.123	10.696	11.815	10.369	11.817	0.766	12.852	9.668	7.218	8.205	6.312	9.911	7.649	6.878	5.929	6.680	7.134	7.995	6.571	7.703	7.393	4.697	2.638	3.485	2.318	-1.220	2.377	4.364	5.437	1.852	2.524	3.524	4.276	3.973	9.258	11.414	2023	
518	MMR	NGDP_RPCH	Myanmar	Gross domestic product, constant prices	Annual percentages of constant price GDP are year-on-year changes; the base year is country-specific. Expenditure-based GDP is total final expenditures at purchasers' prices (including the f.o.b. value of exports of goods and services), less the f.o.b. value of imports of goods and services. [SNA 1993]	Percent change	Units	See notes for:  Gross domestic product, constant prices (National currency).	n/a	n/a	n/a	n/a	n/a	n/a	n/a	n/a	n/a	n/a	n/a	n/a	n/a	n/a	n/a	n/a	n/a	n/a	n/a	8.432	12.418	12.468	9.928	13.196	15.318	13.567	13.307	12.500	7.558	4.385	5.247	5.471	6.486	7.899	8.200	5.862	6.759	6.136	6.277	6.562	-9.032	-11.995	4.017	0.997	-1.122	1.904	2.052	1.970	1.849	1.787	1.789	2021	
728	NAM	NGDP_RPCH	Namibia	Gross domestic product, constant prices	Annual percentages of constant price GDP are year-on-year changes; the base year is country-specific. Expenditure-based GDP is total final expenditures at purchasers' prices (including the f.o.b. value of exports of goods and services), less the f.o.b. value of imports of goods and services. [SNA 1993]	Percent change	Units	See notes for:  Gross domestic product, constant prices (National currency).	n/a	n/a	n/a	n/a	n/a	n/a	n/a	n/a	n/a	n/a	n/a	5.343	9.270	-1.620	3.005	4.115	3.196	4.216	3.291	3.366	3.497	2.393	6.680	3.477	6.632	4.670	3.948	3.646	2.650	0.296	6.039	5.091	5.062	5.615	6.093	4.264	0.034	-1.027	1.060	-0.839	-8.101	3.604	5.399	4.443	3.712	3.783	3.706	2.882	2.979	3.045	2.975	2024	
836	NRU	NGDP_RPCH	Nauru	Gross domestic product, constant prices	Annual percentages of constant price GDP are year-on-year changes; the base year is country-specific. Expenditure-based GDP is total final expenditures at purchasers' prices (including the f.o.b. value of exports of goods and services), less the f.o.b. value of imports of goods and services. [SNA 1993]	Percent change	Units	See notes for:  Gross domestic product, constant prices (National currency).	n/a	n/a	n/a	n/a	n/a	n/a	n/a	n/a	n/a	n/a	n/a	n/a	n/a	n/a	n/a	n/a	n/a	n/a	n/a	n/a	n/a	n/a	n/a	n/a	n/a	-0.356	8.329	-22.185	20.381	-5.652	-0.160	14.395	25.279	3.648	16.423	2.698	4.363	-6.011	-1.219	8.487	1.982	7.207	2.952	0.646	1.760	1.954	1.632	1.693	1.792	1.768	1.766	2021	
558	NPL	NGDP_RPCH	Nepal	Gross domestic product, constant prices	Annual percentages of constant price GDP are year-on-year changes; the base year is country-specific. Expenditure-based GDP is total final expenditures at purchasers' prices (including the f.o.b. value of exports of goods and services), less the f.o.b. value of imports of goods and services. [SNA 1993]	Percent change	Units	See notes for:  Gross domestic product, constant prices (National currency).	-2.320	8.341	3.780	-2.978	9.681	6.145	4.566	1.700	7.697	4.328	4.635	6.366	4.108	3.847	8.219	3.468	5.338	5.261	2.943	4.483	6.116	5.629	0.120	3.945	4.683	3.479	3.365	3.412	6.105	4.533	4.816	3.422	4.670	3.525	6.011	3.976	0.433	8.977	7.622	6.657	-2.370	4.838	5.631	1.953	3.101	4.047	5.483	5.039	5.002	5.000	4.999	2023	
138	NLD	NGDP_RPCH	Netherlands	Gross domestic product, constant prices	Annual percentages of constant price GDP are year-on-year changes; the base year is country-specific. Expenditure-based GDP is total final expenditures at purchasers' prices (including the f.o.b. value of exports of goods and services), less the f.o.b. value of imports of goods and services. [SNA 1993]	Percent change	Units	See notes for:  Gross domestic product, constant prices (National currency).	n/a	-0.514	-1.283	1.758	3.118	2.656	3.126	1.850	4.585	4.481	4.178	2.451	1.589	1.264	3.009	3.132	3.416	4.246	4.654	5.038	4.228	2.328	0.246	0.098	2.013	2.029	3.539	3.882	2.127	-3.670	1.317	1.777	-0.977	-0.032	1.612	2.121	2.425	2.783	2.260	2.300	-3.877	6.278	5.007	0.073	0.980	1.413	1.416	1.398	1.363	1.295	1.245	2024	
196	NZL	NGDP_RPCH	New Zealand	Gross domestic product, constant prices	Annual percentages of constant price GDP are year-on-year changes; the base year is country-specific. Expenditure-based GDP is total final expenditures at purchasers' prices (including the f.o.b. value of exports of goods and services), less the f.o.b. value of imports of goods and services. [SNA 1993]	Percent change	Units	See notes for:  Gross domestic product, constant prices (National currency).	1.009	2.961	2.878	-0.124	6.858	1.213	1.810	2.436	0.555	0.428	0.021	-1.323	0.705	5.225	5.582	4.893	4.075	2.449	0.407	4.486	4.215	2.521	4.704	4.427	4.841	3.216	2.814	3.497	-0.169	-1.038	1.724	1.654	2.570	2.171	3.807	3.606	3.969	3.341	3.477	3.021	-1.311	5.690	2.856	1.811	-0.483	1.372	2.722	2.653	2.281	2.238	2.196	2024	
278	NIC	NGDP_RPCH	Nicaragua	Gross domestic product, constant prices	Annual percentages of constant price GDP are year-on-year changes; the base year is country-specific. Expenditure-based GDP is total final expenditures at purchasers' prices (including the f.o.b. value of exports of goods and services), less the f.o.b. value of imports of goods and services. [SNA 1993]	Percent change	Units	See notes for:  Gross domestic product, constant prices (National currency).	4.612	5.361	-0.817	4.615	-1.566	-4.084	-1.015	-0.706	-12.400	-1.694	-0.132	-0.154	0.400	-0.400	5.000	5.912	6.344	3.967	3.712	7.036	4.102	2.961	0.754	2.521	5.351	4.244	3.805	5.076	3.436	-3.293	4.410	6.317	6.496	4.927	4.785	4.792	4.563	4.631	-3.363	-2.897	-2.237	10.454	3.550	4.428	3.588	3.200	3.100	3.500	3.500	3.500	3.500	2023	
692	NER	NGDP_RPCH	Niger	Gross domestic product, constant prices	Annual percentages of constant price GDP are year-on-year changes; the base year is country-specific. Expenditure-based GDP is total final expenditures at purchasers' prices (including the f.o.b. value of exports of goods and services), less the f.o.b. value of imports of goods and services. [SNA 1993]	Percent change	Units	See notes for:  Gross domestic product, constant prices (National currency).	4.886	-0.178	2.174	-3.864	-16.820	7.718	6.352	0.088	6.871	0.957	-1.308	-0.440	2.001	0.323	1.858	2.454	0.100	1.527	9.975	-0.222	-1.209	7.269	4.920	2.184	0.362	7.335	5.933	3.144	7.733	1.963	8.581	2.356	10.542	5.311	6.644	4.393	5.741	5.001	7.007	6.143	3.550	1.361	11.862	2.375	10.300	6.587	6.700	6.425	6.007	6.006	6.019	2022	
694	NGA	NGDP_RPCH	Nigeria	Gross domestic product, constant prices	Annual percentages of constant price GDP are year-on-year changes; the base year is country-specific. Expenditure-based GDP is total final expenditures at purchasers' prices (including the f.o.b. value of exports of goods and services), less the f.o.b. value of imports of goods and services. [SNA 1993]	Percent change	Units	See notes for:  Gross domestic product, constant prices (National currency).	n/a	n/a	n/a	n/a	n/a	n/a	n/a	n/a	n/a	n/a	n/a	-0.552	2.193	1.569	0.257	1.872	4.052	2.886	2.496	0.522	5.518	6.667	14.604	9.503	10.442	7.008	6.726	7.318	7.199	8.353	11.259	4.887	4.279	5.394	6.310	2.653	-1.617	0.806	1.923	2.208	-1.794	3.647	3.252	2.860	3.426	3.039	2.725	2.967	3.257	3.460	3.467	2024	
962	MKD	NGDP_RPCH	North Macedonia	Gross domestic product, constant prices	Annual percentages of constant price GDP are year-on-year changes; the base year is country-specific. Expenditure-based GDP is total final expenditures at purchasers' prices (including the f.o.b. value of exports of goods and services), less the f.o.b. value of imports of goods and services. [SNA 1993]	Percent change	Units	See notes for:  Gross domestic product, constant prices (National currency).	n/a	n/a	n/a	n/a	n/a	n/a	n/a	n/a	n/a	n/a	n/a	n/a	n/a	-7.500	-1.800	-1.100	1.200	1.351	3.381	4.348	4.539	-3.067	1.493	2.223	4.674	4.724	5.137	6.473	5.472	-0.359	3.359	2.340	-0.456	2.925	3.629	3.856	2.848	1.082	2.881	3.910	-4.688	4.511	2.758	2.073	2.756	3.200	3.200	3.200	3.100	3.100	3.000	2024	
142	NOR	NGDP_RPCH	Norway	Gross domestic product, constant prices	Annual percentages of constant price GDP are year-on-year changes; the base year is country-specific. Expenditure-based GDP is total final expenditures at purchasers' prices (including the f.o.b. value of exports of goods and services), less the f.o.b. value of imports of goods and services. [SNA 1993]	Percent change	Units	See notes for:  Gross domestic product, constant prices (National currency).	4.515	1.598	0.235	3.973	6.052	5.553	4.042	1.754	-0.255	1.038	1.932	3.084	3.574	2.845	5.055	4.156	5.028	5.285	2.669	2.072	3.319	2.067	1.378	0.945	4.015	2.685	2.461	2.914	0.482	-1.940	0.787	1.106	2.718	1.016	2.048	1.857	1.165	2.464	0.829	1.124	-1.278	3.909	3.246	0.072	2.100	2.137	1.720	1.553	1.349	1.330	1.330	2024	
449	OMN	NGDP_RPCH	Oman	Gross domestic product, constant prices	Annual percentages of constant price GDP are year-on-year changes; the base year is country-specific. Expenditure-based GDP is total final expenditures at purchasers' prices (including the f.o.b. value of exports of goods and services), less the f.o.b. value of imports of goods and services. [SNA 1993]	Percent change	Units	See notes for:  Gross domestic product, constant prices (National currency).	6.079	17.096	11.501	15.947	13.904	14.523	2.145	-3.992	5.245	2.983	8.378	6.044	8.492	6.144	3.845	4.831	2.889	6.178	2.704	0.298	6.193	4.613	-0.784	-2.195	1.992	2.780	4.670	4.980	8.950	5.982	2.472	2.894	8.863	5.227	1.292	5.017	5.046	0.304	1.288	-1.129	-3.380	2.582	7.986	1.187	1.674	2.330	3.645	4.443	4.073	3.830	3.823	2024	
564	PAK	NGDP_RPCH	Pakistan	Gross domestic product, constant prices	Annual percentages of constant price GDP are year-on-year changes; the base year is country-specific. Expenditure-based GDP is total final expenditures at purchasers' prices (including the f.o.b. value of exports of goods and services), less the f.o.b. value of imports of goods and services. [SNA 1993]	Percent change	Units	See notes for:  Gross domestic product, constant prices (National currency).	6.912	6.208	7.562	6.788	3.973	8.708	6.363	5.811	6.436	4.808	4.589	5.127	7.569	2.097	4.369	5.062	6.599	1.703	3.494	4.182	3.908	3.638	2.623	5.167	7.691	7.997	5.664	5.111	4.445	1.063	2.265	3.204	3.196	3.856	3.556	3.812	4.072	4.609	6.096	3.120	-0.943	5.770	6.180	-0.218	2.497	2.649	3.553	4.100	4.500	4.500	4.500	2024	
565	PLW	NGDP_RPCH	Palau	Gross domestic product, constant prices	Annual percentages of constant price GDP are year-on-year changes; the base year is country-specific. Expenditure-based GDP is total final expenditures at purchasers' prices (including the f.o.b. value of exports of goods and services), less the f.o.b. value of imports of goods and services. [SNA 1993]	Percent change	Units	See notes for:  Gross domestic product, constant prices (National currency).	n/a	n/a	n/a	n/a	n/a	n/a	n/a	n/a	n/a	n/a	n/a	n/a	n/a	n/a	n/a	n/a	n/a	n/a	n/a	n/a	n/a	7.346	4.715	-2.128	3.472	2.885	0.230	0.686	-5.553	-6.195	-3.027	4.545	2.061	-1.392	4.212	8.570	1.666	-3.421	-0.418	0.301	-5.996	-11.925	-0.782	1.367	7.139	5.741	3.505	2.694	2.331	2.211	2.172	2023	
283	PAN	NGDP_RPCH	Panama	Gross domestic product, constant prices	Annual percentages of constant price GDP are year-on-year changes; the base year is country-specific. Expenditure-based GDP is total final expenditures at purchasers' prices (including the f.o.b. value of exports of goods and services), less the f.o.b. value of imports of goods and services. [SNA 1993]	Percent change	Units	See notes for:  Gross domestic product, constant prices (National currency).	4.500	9.207	5.348	-4.491	2.709	4.942	3.568	-1.809	-13.380	1.562	8.099	9.418	8.203	5.456	2.849	1.752	7.371	6.480	7.332	3.878	2.737	0.558	2.247	4.226	7.508	7.181	8.541	12.111	9.856	1.243	5.828	11.314	9.779	6.903	5.067	5.733	4.953	5.591	3.685	3.282	-17.668	15.836	10.809	7.595	2.900	4.000	4.000	4.000	4.000	4.000	4.000	2024	
853	PNG	NGDP_RPCH	Papua New Guinea	Gross domestic product, constant prices	Annual percentages of constant price GDP are year-on-year changes; the base year is country-specific. Expenditure-based GDP is total final expenditures at purchasers' prices (including the f.o.b. value of exports of goods and services), less the f.o.b. value of imports of goods and services. [SNA 1993]	Percent change	Units	See notes for:  Gross domestic product, constant prices (National currency).	-2.309	1.149	0.832	3.438	-0.983	3.578	5.654	2.762	2.909	-1.424	-3.132	9.568	13.827	13.334	10.492	-3.446	6.599	-6.343	4.682	1.856	-2.494	-0.123	-0.159	9.046	0.578	4.252	2.537	7.815	-0.296	6.800	10.128	1.108	4.657	3.825	13.544	6.576	5.492	3.535	-0.279	4.480	-3.167	-0.511	5.707	3.815	3.744	4.570	3.500	3.100	3.130	3.100	3.100	2022	
288	PRY	NGDP_RPCH	Paraguay	Gross domestic product, constant prices	Annual percentages of constant price GDP are year-on-year changes; the base year is country-specific. Expenditure-based GDP is total final expenditures at purchasers' prices (including the f.o.b. value of exports of goods and services), less the f.o.b. value of imports of goods and services. [SNA 1993]	Percent change	Units	See notes for:  Gross domestic product, constant prices (National currency).	11.712	9.170	-1.398	-3.043	2.817	3.872	0.263	4.072	5.881	5.817	4.120	3.490	1.696	4.936	5.318	6.823	1.574	4.243	0.068	-1.366	-2.314	-0.834	-0.021	4.321	4.057	2.133	4.807	5.422	6.496	-0.261	11.095	4.286	-0.708	8.293	5.301	2.957	4.268	4.810	3.204	-0.402	-0.820	4.017	0.176	4.999	4.000	3.800	3.500	3.500	3.500	3.500	3.500	2023	
293	PER	NGDP_RPCH	Peru	Gross domestic product, constant prices	Annual percentages of constant price GDP are year-on-year changes; the base year is country-specific. Expenditure-based GDP is total final expenditures at purchasers' prices (including the f.o.b. value of exports of goods and services), less the f.o.b. value of imports of goods and services. [SNA 1993]	Percent change	Units	See notes for:  Gross domestic product, constant prices (National currency).	7.661	5.461	-0.324	-9.329	3.801	2.089	12.106	7.738	-9.422	-13.422	-5.090	2.219	-0.541	5.244	12.308	7.411	2.799	6.476	-0.392	1.495	2.695	0.617	5.454	4.165	4.959	6.285	7.529	8.518	9.127	1.096	8.332	6.327	6.140	5.853	2.382	3.252	3.953	2.519	3.969	2.240	-10.869	13.361	2.809	-0.403	3.333	2.840	2.610	2.500	2.500	2.505	2.496	2024	
566	PHL	NGDP_RPCH	Philippines	Gross domestic product, constant prices	Annual percentages of constant price GDP are year-on-year changes; the base year is country-specific. Expenditure-based GDP is total final expenditures at purchasers' prices (including the f.o.b. value of exports of goods and services), less the f.o.b. value of imports of goods and services. [SNA 1993]	Percent change	Units	See notes for:  Gross domestic product, constant prices (National currency).	5.149	3.423	3.619	1.875	-7.324	-7.307	3.417	4.312	6.753	6.205	3.037	-0.436	0.418	2.182	4.374	4.625	5.860	5.186	-0.514	3.346	4.383	3.049	3.716	5.087	6.569	4.942	5.316	6.519	4.344	1.448	7.335	3.858	6.897	6.751	6.348	6.348	7.149	6.931	6.341	6.119	-9.518	5.715	7.581	5.519	5.692	5.476	5.760	6.113	6.219	6.282	6.298	2024	
964	POL	NGDP_RPCH	Poland	Gross domestic product, constant prices	Annual percentages of constant price GDP are year-on-year changes; the base year is country-specific. Expenditure-based GDP is total final expenditures at purchasers' prices (including the f.o.b. value of exports of goods and services), less the f.o.b. value of imports of goods and services. [SNA 1993]	Percent change	Units	See notes for:  Gross domestic product, constant prices (National currency).	-6.000	-10.000	-4.846	5.600	-0.366	3.862	3.494	2.302	3.285	3.812	-7.171	-7.005	2.033	4.287	5.239	6.728	6.239	7.086	4.982	4.524	4.260	1.205	1.443	3.523	5.091	3.261	6.202	6.760	4.384	2.615	3.169	5.255	1.512	0.684	3.920	4.432	3.031	5.152	6.246	4.581	-2.036	6.927	5.255	0.139	2.852	3.237	3.101	3.041	2.936	2.825	2.738	2024	
182	PRT	NGDP_RPCH	Portugal	Gross domestic product, constant prices	Annual percentages of constant price GDP are year-on-year changes; the base year is country-specific. Expenditure-based GDP is total final expenditures at purchasers' prices (including the f.o.b. value of exports of goods and services), less the f.o.b. value of imports of goods and services. [SNA 1993]	Percent change	Units	See notes for:  Gross domestic product, constant prices (National currency).	6.725	3.523	2.163	0.972	-1.042	1.636	3.320	7.632	5.340	6.649	7.859	3.370	3.130	-0.687	1.489	2.307	3.504	4.401	4.808	3.907	3.816	1.944	0.771	-0.931	1.789	0.782	1.625	2.507	0.319	-3.122	1.738	-1.714	-4.051	-0.984	0.741	1.590	2.004	3.315	2.946	2.746	-8.205	5.559	6.986	2.613	1.928	1.960	1.667	1.465	1.650	1.650	1.650	2024	
359	PRI	NGDP_RPCH	Puerto Rico	Gross domestic product, constant prices	Annual percentages of constant price GDP are year-on-year changes; the base year is country-specific. Expenditure-based GDP is total final expenditures at purchasers' prices (including the f.o.b. value of exports of goods and services), less the f.o.b. value of imports of goods and services. [SNA 1993]	Percent change	Units	See notes for:  Gross domestic product, constant prices (National currency).	n/a	1.070	-3.049	0.468	7.318	2.061	8.163	4.917	6.508	4.940	3.781	2.304	4.564	4.645	4.186	4.549	2.314	4.880	6.518	4.413	3.272	9.468	2.170	2.341	1.987	-1.987	-1.410	-1.162	-1.844	-1.952	-0.413	-0.359	0.029	-0.307	-1.190	-1.049	-1.264	-2.885	-4.362	1.676	-4.181	0.386	3.568	0.564	1.000	-0.800	-0.100	1.000	0.600	0.800	0.800	2023	
453	QAT	NGDP_RPCH	Qatar	Gross domestic product, constant prices	Annual percentages of constant price GDP are year-on-year changes; the base year is country-specific. Expenditure-based GDP is total final expenditures at purchasers' prices (including the f.o.b. value of exports of goods and services), less the f.o.b. value of imports of goods and services. [SNA 1993]	Percent change	Units	See notes for:  Gross domestic product, constant prices (National currency).	-1.016	-3.894	-8.210	-5.329	15.988	-13.031	3.706	0.900	4.700	5.300	-14.644	-1.524	10.424	-0.891	1.929	0.361	4.229	27.745	10.253	3.767	6.946	4.500	6.873	3.987	19.225	7.792	28.082	18.191	17.494	13.063	17.746	11.302	4.730	5.556	5.334	4.753	3.064	-1.498	1.235	0.688	-3.558	1.627	4.185	1.369	2.366	2.410	5.618	7.926	3.539	1.609	3.397	2023	
968	ROU	NGDP_RPCH	Romania	Gross domestic product, constant prices	Annual percentages of constant price GDP are year-on-year changes; the base year is country-specific. Expenditure-based GDP is total final expenditures at purchasers' prices (including the f.o.b. value of exports of goods and services), less the f.o.b. value of imports of goods and services. [SNA 1993]	Percent change	Units	See notes for:  Gross domestic product, constant prices (National currency).	3.304	0.100	3.900	6.000	6.000	-0.100	2.400	0.800	-0.500	-5.800	-5.612	-12.927	-8.766	1.528	3.932	7.138	3.948	-6.053	-4.818	-1.150	2.921	5.218	5.703	2.341	10.428	4.668	8.029	7.234	9.307	-5.517	-3.906	4.496	1.904	0.279	4.116	3.157	2.860	8.195	6.121	3.923	-3.674	5.546	3.965	2.404	0.856	1.597	2.759	3.200	3.300	3.400	3.500	2024	
922	RUS	NGDP_RPCH	Russia	Gross domestic product, constant prices	Annual percentages of constant price GDP are year-on-year changes; the base year is country-specific. Expenditure-based GDP is total final expenditures at purchasers' prices (including the f.o.b. value of exports of goods and services), less the f.o.b. value of imports of goods and services. [SNA 1993]	Percent change	Units	See notes for:  Gross domestic product, constant prices (National currency).	n/a	n/a	n/a	n/a	n/a	n/a	n/a	n/a	n/a	n/a	n/a	n/a	n/a	-8.700	-12.700	-4.100	-3.581	1.376	-5.319	6.347	10.054	5.082	4.746	7.356	7.145	6.397	8.165	8.550	5.247	-7.821	4.512	3.995	4.024	1.755	0.736	-1.973	0.194	1.827	2.806	2.198	-2.654	5.866	-1.436	4.083	4.100	1.456	0.865	1.100	1.140	1.200	1.200	2024	
714	RWA	NGDP_RPCH	Rwanda	Gross domestic product, constant prices	Annual percentages of constant price GDP are year-on-year changes; the base year is country-specific. Expenditure-based GDP is total final expenditures at purchasers' prices (including the f.o.b. value of exports of goods and services), less the f.o.b. value of imports of goods and services. [SNA 1993]	Percent change	Units	See notes for:  Gross domestic product, constant prices (National currency).	-3.576	2.472	-2.468	6.035	12.974	4.388	5.501	-0.295	0.296	-5.706	0.419	-4.300	6.600	-10.378	-41.890	24.541	11.596	14.900	8.340	3.308	8.374	8.486	13.174	2.219	7.438	9.407	9.204	7.624	11.154	6.257	7.328	7.966	8.639	4.730	6.154	8.867	5.969	3.931	8.526	9.437	-3.371	10.861	8.152	8.255	8.891	7.109	7.476	7.401	7.015	6.962	6.975	2023	
862	WSM	NGDP_RPCH	Samoa	Gross domestic product, constant prices	Annual percentages of constant price GDP are year-on-year changes; the base year is country-specific. Expenditure-based GDP is total final expenditures at purchasers' prices (including the f.o.b. value of exports of goods and services), less the f.o.b. value of imports of goods and services. [SNA 1993]	Percent change	Units	See notes for:  Gross domestic product, constant prices (National currency).	-6.123	-9.056	-1.014	0.485	1.980	5.826	4.790	0.509	2.871	5.819	-6.444	-2.443	4.135	1.683	6.390	6.556	7.274	0.803	1.100	-0.636	5.093	7.390	5.652	5.213	3.087	6.639	2.132	0.486	3.556	-0.536	2.533	3.849	-3.732	0.107	0.660	3.850	7.984	1.406	-0.610	4.453	-3.099	-7.027	-5.369	9.215	9.416	5.381	2.568	2.014	2.034	1.988	1.988	2024	
135	SMR	NGDP_RPCH	San Marino	Gross domestic product, constant prices	Annual percentages of constant price GDP are year-on-year changes; the base year is country-specific. Expenditure-based GDP is total final expenditures at purchasers' prices (including the f.o.b. value of exports of goods and services), less the f.o.b. value of imports of goods and services. [SNA 1993]	Percent change	Units	See notes for:  Gross domestic product, constant prices (National currency).	n/a	n/a	n/a	n/a	n/a	n/a	n/a	n/a	n/a	n/a	n/a	n/a	n/a	n/a	n/a	n/a	n/a	n/a	7.520	8.998	2.203	5.539	0.315	3.900	4.565	2.426	3.826	7.103	-0.390	-10.158	-5.853	-8.560	-7.249	-0.814	-0.660	2.717	2.313	0.267	1.482	2.023	-6.829	14.384	7.898	0.400	0.696	1.000	1.300	1.183	1.280	1.280	1.280	2022	
716	STP	NGDP_RPCH	São Tomé and Príncipe	Gross domestic product, constant prices	Annual percentages of constant price GDP are year-on-year changes; the base year is country-specific. Expenditure-based GDP is total final expenditures at purchasers' prices (including the f.o.b. value of exports of goods and services), less the f.o.b. value of imports of goods and services. [SNA 1993]	Percent change	Units	See notes for:  Gross domestic product, constant prices (National currency).	-1.080	-10.314	3.093	-3.874	-6.030	9.300	-5.832	-2.930	1.999	3.135	-2.153	1.201	0.700	1.100	2.200	2.000	1.500	0.996	2.500	2.500	0.448	2.400	2.377	6.573	3.832	7.094	9.116	3.254	8.186	3.302	1.448	1.999	2.943	5.120	4.906	1.540	5.177	4.113	4.378	2.000	2.600	1.900	0.200	0.400	0.900	3.125	4.830	4.059	3.500	3.500	3.500	2023	
456	SAU	NGDP_RPCH	Saudi Arabia	Gross domestic product, constant prices	Annual percentages of constant price GDP are year-on-year changes; the base year is country-specific. Expenditure-based GDP is total final expenditures at purchasers' prices (including the f.o.b. value of exports of goods and services), less the f.o.b. value of imports of goods and services. [SNA 1993]	Percent change	Units	See notes for:  Gross domestic product, constant prices (National currency).	5.798	2.983	-16.109	-10.993	-4.007	-7.212	1.008	-3.133	6.600	0.415	9.426	8.221	4.581	0.380	0.953	0.312	3.305	2.647	2.804	-0.633	4.718	0.345	-0.688	8.769	8.631	5.945	3.314	2.214	6.238	-1.067	5.040	10.994	5.409	2.535	3.811	4.509	1.884	0.911	3.199	1.098	-3.582	5.075	7.486	-0.755	1.306	2.989	3.742	3.556	3.175	3.175	3.282	2024	
722	SEN	NGDP_RPCH	Senegal	Gross domestic product, constant prices	Annual percentages of constant price GDP are year-on-year changes; the base year is country-specific. Expenditure-based GDP is total final expenditures at purchasers' prices (including the f.o.b. value of exports of goods and services), less the f.o.b. value of imports of goods and services. [SNA 1993]	Percent change	Units	See notes for:  Gross domestic product, constant prices (National currency).	-0.827	5.070	7.843	-5.326	3.746	3.283	3.113	6.094	-0.592	3.978	-0.676	2.556	1.243	1.311	-0.228	6.093	1.874	2.717	5.972	5.978	3.887	4.311	0.069	5.594	4.643	4.310	2.331	2.827	3.703	2.752	3.391	1.334	4.003	2.412	6.224	6.367	6.356	7.407	6.209	4.614	1.342	6.540	3.998	4.300	6.679	8.445	4.089	4.827	5.121	4.596	5.492	2022	
942	SRB	NGDP_RPCH	Serbia	Gross domestic product, constant prices	Annual percentages of constant price GDP are year-on-year changes; the base year is country-specific. Expenditure-based GDP is total final expenditures at purchasers' prices (including the f.o.b. value of exports of goods and services), less the f.o.b. value of imports of goods and services. [SNA 1993]	Percent change	Units	See notes for:  Gross domestic product, constant prices (National currency).	n/a	n/a	n/a	n/a	n/a	n/a	n/a	n/a	n/a	n/a	n/a	n/a	n/a	n/a	n/a	n/a	n/a	n/a	n/a	-10.326	6.055	6.779	6.541	4.560	6.687	5.903	3.901	7.832	5.161	-3.143	1.611	0.054	-0.444	0.452	-1.804	1.296	2.975	2.363	4.649	4.750	-0.950	7.949	2.631	3.847	3.878	3.463	4.234	4.451	3.533	3.979	4.000	2024	
718	SYC	NGDP_RPCH	Seychelles	Gross domestic product, constant prices	Annual percentages of constant price GDP are year-on-year changes; the base year is country-specific. Expenditure-based GDP is total final expenditures at purchasers' prices (including the f.o.b. value of exports of goods and services), less the f.o.b. value of imports of goods and services. [SNA 1993]	Percent change	Units	See notes for:  Gross domestic product, constant prices (National currency).	-2.253	-3.877	-2.071	-0.616	4.306	10.294	0.762	4.875	5.326	10.286	7.455	2.760	7.173	7.303	-2.437	0.485	9.998	12.194	2.467	1.872	4.253	-2.271	1.213	-5.887	-2.850	9.006	9.406	10.418	-2.096	-1.095	6.321	5.684	3.820	6.403	4.717	8.913	12.118	6.957	4.937	5.513	-11.741	0.554	12.711	2.259	3.000	3.526	3.496	3.479	3.513	3.502	3.480	2023	
724	SLE	NGDP_RPCH	Sierra Leone	Gross domestic product, constant prices	Annual percentages of constant price GDP are year-on-year changes; the base year is country-specific. Expenditure-based GDP is total final expenditures at purchasers' prices (including the f.o.b. value of exports of goods and services), less the f.o.b. value of imports of goods and services. [SNA 1993]	Percent change	Units	See notes for:  Gross domestic product, constant prices (National currency).	-0.560	1.878	1.780	-1.576	1.700	-6.740	0.132	2.382	2.058	4.952	1.611	-7.993	-9.646	0.054	3.500	-10.025	-24.787	-17.596	-0.837	-8.122	3.807	18.170	26.425	10.304	7.809	6.721	4.594	3.731	3.847	1.313	10.077	7.108	6.745	9.428	-0.622	-3.083	4.675	3.941	3.405	5.503	-1.253	5.897	5.314	5.710	3.681	4.659	4.851	4.739	4.554	4.599	4.612	2024	
576	SGP	NGDP_RPCH	Singapore	Gross domestic product, constant prices	Annual percentages of constant price GDP are year-on-year changes; the base year is country-specific. Expenditure-based GDP is total final expenditures at purchasers' prices (including the f.o.b. value of exports of goods and services), less the f.o.b. value of imports of goods and services. [SNA 1993]	Percent change	Units	See notes for:  Gross domestic product, constant prices (National currency).	10.113	10.816	7.102	8.554	8.792	-0.623	1.343	10.798	11.264	10.159	9.821	6.688	6.640	11.460	11.096	7.175	7.471	8.316	-2.191	5.718	9.038	-1.071	3.923	4.548	9.940	7.366	9.007	9.022	1.863	0.128	14.520	6.215	4.435	4.818	3.936	2.977	3.748	4.477	3.452	1.308	-3.815	9.757	4.108	1.821	4.388	2.012	1.879	2.333	2.499	2.460	2.507	2024	
936	SVK	NGDP_RPCH	Slovak Republic	Gross domestic product, constant prices	Annual percentages of constant price GDP are year-on-year changes; the base year is country-specific. Expenditure-based GDP is total final expenditures at purchasers' prices (including the f.o.b. value of exports of goods and services), less the f.o.b. value of imports of goods and services. [SNA 1993]	Percent change	Units	See notes for:  Gross domestic product, constant prices (National currency).	n/a	n/a	n/a	n/a	n/a	n/a	n/a	n/a	n/a	n/a	n/a	n/a	n/a	n/a	6.206	7.872	6.941	4.445	3.826	-0.473	0.789	2.925	4.417	4.857	5.390	6.485	8.926	10.819	5.363	-5.505	6.791	2.562	1.569	0.703	2.708	5.177	1.948	2.875	4.062	2.276	-2.586	5.727	0.450	1.378	2.026	1.252	1.706	2.497	2.539	2.161	2.060	2024	
961	SVN	NGDP_RPCH	Slovenia	Gross domestic product, constant prices	Annual percentages of constant price GDP are year-on-year changes; the base year is country-specific. Expenditure-based GDP is total final expenditures at purchasers' prices (including the f.o.b. value of exports of goods and services), less the f.o.b. value of imports of goods and services. [SNA 1993]	Percent change	Units	See notes for:  Gross domestic product, constant prices (National currency).	n/a	n/a	n/a	n/a	n/a	n/a	n/a	n/a	n/a	n/a	n/a	n/a	n/a	2.800	5.300	4.100	2.914	5.172	3.064	5.268	3.498	2.829	3.283	3.195	4.546	3.854	5.909	7.139	3.372	-7.590	1.112	0.655	-2.916	-0.824	2.763	2.393	3.035	5.174	4.379	3.505	-4.085	8.390	2.699	2.113	1.591	1.800	2.400	2.500	2.400	2.300	2.300	2024	
813	SLB	NGDP_RPCH	Solomon Islands	Gross domestic product, constant prices	Annual percentages of constant price GDP are year-on-year changes; the base year is country-specific. Expenditure-based GDP is total final expenditures at purchasers' prices (including the f.o.b. value of exports of goods and services), less the f.o.b. value of imports of goods and services. [SNA 1993]	Percent change	Units	See notes for:  Gross domestic product, constant prices (National currency).	-2.663	-1.797	-1.670	3.891	0.170	-3.132	-0.201	8.421	1.250	4.264	2.200	6.000	12.700	4.000	8.100	10.089	1.610	-0.914	1.292	-0.486	-14.277	-7.957	-2.800	6.523	6.667	5.526	4.874	4.442	5.806	2.569	8.616	7.267	1.367	5.237	1.186	1.678	5.556	3.077	2.745	1.749	-3.383	2.564	2.403	2.660	2.535	2.715	2.828	2.946	2.983	2.998	2.955	2022	
726	SOM	NGDP_RPCH	Somalia	Gross domestic product, constant prices	Annual percentages of constant price GDP are year-on-year changes; the base year is country-specific. Expenditure-based GDP is total final expenditures at purchasers' prices (including the f.o.b. value of exports of goods and services), less the f.o.b. value of imports of goods and services. [SNA 1993]	Percent change	Units	See notes for:  Gross domestic product, constant prices (National currency).	n/a	n/a	n/a	n/a	n/a	n/a	n/a	n/a	n/a	n/a	n/a	n/a	n/a	n/a	n/a	n/a	n/a	n/a	n/a	n/a	n/a	n/a	n/a	n/a	n/a	n/a	n/a	n/a	n/a	n/a	n/a	n/a	1.200	5.655	2.747	4.589	-1.275	9.500	1.400	2.824	-2.752	3.458	2.727	4.216	4.000	4.000	4.100	4.100	4.300	4.500	4.500	2022	
199	ZAF	NGDP_RPCH	South Africa	Gross domestic product, constant prices	Annual percentages of constant price GDP are year-on-year changes; the base year is country-specific. Expenditure-based GDP is total final expenditures at purchasers' prices (including the f.o.b. value of exports of goods and services), less the f.o.b. value of imports of goods and services. [SNA 1993]	Percent change	Units	See notes for:  Gross domestic product, constant prices (National currency).	6.621	5.361	-0.383	-1.847	5.099	-1.212	0.018	2.101	4.200	2.395	-0.318	-1.018	-2.137	1.234	3.200	3.100	4.300	2.600	0.500	2.400	4.200	2.700	3.700	2.949	4.555	5.277	5.604	5.360	3.191	-1.538	3.040	3.169	2.396	2.485	1.414	1.322	0.665	1.158	1.557	0.260	-6.169	4.955	1.911	0.698	0.580	0.979	1.289	1.640	1.711	1.797	1.812	2023	
733	SSD	NGDP_RPCH	South Sudan	Gross domestic product, constant prices	Annual percentages of constant price GDP are year-on-year changes; the base year is country-specific. Expenditure-based GDP is total final expenditures at purchasers' prices (including the f.o.b. value of exports of goods and services), less the f.o.b. value of imports of goods and services. [SNA 1993]	Percent change	Units	See notes for:  Gross domestic product, constant prices (National currency).	n/a	n/a	n/a	n/a	n/a	n/a	n/a	n/a	n/a	n/a	n/a	n/a	n/a	n/a	n/a	n/a	n/a	n/a	n/a	n/a	n/a	n/a	n/a	n/a	n/a	n/a	n/a	n/a	n/a	n/a	n/a	n/a	-50.319	27.272	1.556	-0.231	-13.299	-5.794	-2.149	0.856	-6.494	5.329	-5.186	2.458	-27.607	-4.314	64.467	5.736	5.086	4.789	4.883	2024	
184	ESP	NGDP_RPCH	Spain	Gross domestic product, constant prices	Annual percentages of constant price GDP are year-on-year changes; the base year is country-specific. Expenditure-based GDP is total final expenditures at purchasers' prices (including the f.o.b. value of exports of goods and services), less the f.o.b. value of imports of goods and services. [SNA 1993]	Percent change	Units	See notes for:  Gross domestic product, constant prices (National currency).	1.203	-0.408	1.239	1.652	1.698	2.362	3.432	5.709	5.285	5.004	3.847	2.525	0.851	-1.314	2.335	4.122	2.421	3.865	4.469	4.745	5.053	3.919	2.761	2.937	3.110	3.552	4.046	3.533	0.766	-3.768	0.094	-0.638	-2.866	-1.428	1.521	4.062	2.915	2.894	2.394	1.961	-10.941	6.685	6.182	2.673	3.151	2.501	1.817	1.711	1.632	1.607	1.623	2024	
524	LKA	NGDP_RPCH	Sri Lanka	Gross domestic product, constant prices	Annual percentages of constant price GDP are year-on-year changes; the base year is country-specific. Expenditure-based GDP is total final expenditures at purchasers' prices (including the f.o.b. value of exports of goods and services), less the f.o.b. value of imports of goods and services. [SNA 1993]	Percent change	Units	See notes for:  Gross domestic product, constant prices (National currency).	5.847	5.345	5.233	3.314	6.725	4.957	4.281	1.454	2.698	2.250	6.174	10.821	-3.135	7.477	8.036	6.051	12.162	10.291	-1.646	2.879	8.418	-1.948	3.727	5.940	5.445	6.242	7.668	6.797	5.950	3.539	8.016	8.669	8.632	4.052	6.378	4.206	5.054	6.461	2.310	-0.220	-4.625	4.207	-7.349	-2.330	5.009	n/a	n/a	n/a	n/a	n/a	n/a	2022	
361	KNA	NGDP_RPCH	St. Kitts and Nevis	Gross domestic product, constant prices	Annual percentages of constant price GDP are year-on-year changes; the base year is country-specific. Expenditure-based GDP is total final expenditures at purchasers' prices (including the f.o.b. value of exports of goods and services), less the f.o.b. value of imports of goods and services. [SNA 1993]	Percent change	Units	See notes for:  Gross domestic product, constant prices (National currency).	1.278	2.702	6.112	-2.058	9.651	6.437	8.842	8.268	10.353	6.013	5.454	2.270	3.077	5.418	5.404	3.462	5.897	7.327	1.024	3.943	9.714	5.309	1.370	-3.936	3.996	9.734	3.150	0.601	11.179	-3.379	0.044	1.617	-0.517	5.706	7.587	0.717	3.910	0.017	2.053	4.050	-14.561	-1.676	10.523	4.300	1.536	1.964	2.201	2.560	2.630	2.730	2.570	2023	
362	LCA	NGDP_RPCH	St. Lucia	Gross domestic product, constant prices	Annual percentages of constant price GDP are year-on-year changes; the base year is country-specific. Expenditure-based GDP is total final expenditures at purchasers' prices (including the f.o.b. value of exports of goods and services), less the f.o.b. value of imports of goods and services. [SNA 1993]	Percent change	Units	See notes for:  Gross domestic product, constant prices (National currency).	-0.510	5.105	2.114	4.059	8.010	12.590	14.402	3.924	13.899	8.983	9.890	0.376	7.952	0.583	1.599	1.749	2.922	-0.694	6.286	2.670	0.049	-3.409	0.417	4.264	7.268	-0.411	6.462	1.944	4.881	-1.885	0.509	4.863	-0.379	-2.222	1.302	-0.240	3.806	3.380	2.887	-0.700	-24.362	11.600	20.387	2.210	3.793	3.035	2.431	2.019	1.760	1.500	1.500	2022	
364	VCT	NGDP_RPCH	St. Vincent and the Grenadines	Gross domestic product, constant prices	Annual percentages of constant price GDP are year-on-year changes; the base year is country-specific. Expenditure-based GDP is total final expenditures at purchasers' prices (including the f.o.b. value of exports of goods and services), less the f.o.b. value of imports of goods and services. [SNA 1993]	Percent change	Units	See notes for:  Gross domestic product, constant prices (National currency).	2.443	4.614	4.477	2.169	6.586	6.179	5.600	0.438	14.075	1.406	4.149	1.136	6.378	4.251	-1.248	7.767	1.288	3.505	4.090	2.710	1.639	1.634	4.936	6.182	3.729	2.234	6.527	3.122	0.508	-1.145	-4.216	-0.614	1.074	2.968	1.042	2.769	4.034	1.499	3.185	0.719	-4.722	2.197	5.043	5.800	4.800	4.700	2.900	2.700	2.700	2.700	2.700	2022	
732	SDN	NGDP_RPCH	Sudan	Gross domestic product, constant prices	Annual percentages of constant price GDP are year-on-year changes; the base year is country-specific. Expenditure-based GDP is total final expenditures at purchasers' prices (including the f.o.b. value of exports of goods and services), less the f.o.b. value of imports of goods and services. [SNA 1993]	Percent change	Units	See notes for:  Gross domestic product, constant prices (National currency).	2.500	6.320	4.127	-1.510	-5.629	-0.623	9.933	6.462	4.292	1.423	0.838	7.024	5.541	2.750	3.514	8.860	5.465	6.057	8.242	4.235	8.385	10.867	5.941	6.289	5.136	5.648	6.531	5.735	3.847	-2.768	3.858	-3.214	-17.005	1.955	4.661	4.906	4.700	0.768	-2.290	-2.500	-3.630	0.500	-2.500	-20.755	-23.363	-0.379	8.818	15.510	7.939	5.741	4.500	2019	
366	SUR	NGDP_RPCH	Suriname	Gross domestic product, constant prices	Annual percentages of constant price GDP are year-on-year changes; the base year is country-specific. Expenditure-based GDP is total final expenditures at purchasers' prices (including the f.o.b. value of exports of goods and services), less the f.o.b. value of imports of goods and services. [SNA 1993]	Percent change	Units	See notes for:  Gross domestic product, constant prices (National currency).	-6.500	1.900	-6.300	-5.100	-3.000	-0.900	-2.400	-8.800	10.800	2.300	-1.500	-13.799	3.900	-2.200	-7.000	11.300	11.200	7.000	2.200	-0.900	-0.100	4.902	3.747	6.190	7.305	4.919	5.767	5.099	4.149	3.017	5.163	5.847	2.697	2.931	0.254	-3.414	-4.912	1.566	4.948	1.168	-15.975	-2.435	2.406	2.540	3.049	3.202	3.718	3.970	50.311	27.459	3.824	2023	
144	SWE	NGDP_RPCH	Sweden	Gross domestic product, constant prices	Annual percentages of constant price GDP are year-on-year changes; the base year is country-specific. Expenditure-based GDP is total final expenditures at purchasers' prices (including the f.o.b. value of exports of goods and services), less the f.o.b. value of imports of goods and services. [SNA 1993]	Percent change	Units	See notes for:  Gross domestic product, constant prices (National currency).	4.555	4.540	1.397	2.058	4.347	2.326	2.971	3.302	2.468	2.658	0.751	-1.103	-0.936	-1.206	4.016	4.094	1.705	3.065	4.246	4.201	4.631	1.361	2.278	1.881	4.180	2.793	4.676	3.225	-0.923	-4.256	5.751	3.164	-0.414	1.138	2.296	4.410	2.350	1.825	1.903	2.550	-2.005	5.938	1.459	-0.114	0.974	1.858	2.168	1.880	1.712	1.698	1.693	2024	
146	CHE	NGDP_RPCH	Switzerland	Gross domestic product, constant prices	Annual percentages of constant price GDP are year-on-year changes; the base year is country-specific. Expenditure-based GDP is total final expenditures at purchasers' prices (including the f.o.b. value of exports of goods and services), less the f.o.b. value of imports of goods and services. [SNA 1993]	Percent change	Units	See notes for:  Gross domestic product, constant prices (National currency).	5.110	1.631	-1.340	0.605	3.067	3.713	1.836	1.542	3.283	4.431	3.713	-0.929	-0.145	-0.144	1.301	0.593	0.439	2.235	2.936	1.628	4.111	1.613	-0.054	-0.109	2.563	2.863	4.151	3.919	2.678	-2.305	3.214	1.902	1.207	1.849	2.287	1.574	2.100	1.433	2.860	1.156	-2.290	5.573	3.126	0.743	1.269	0.876	1.611	1.200	1.800	1.200	1.800	2024	
463	SYR	NGDP_RPCH	Syria	Gross domestic product, constant prices	Annual percentages of constant price GDP are year-on-year changes; the base year is country-specific. Expenditure-based GDP is total final expenditures at purchasers' prices (including the f.o.b. value of exports of goods and services), less the f.o.b. value of imports of goods and services. [SNA 1993]	Percent change	Units	See notes for:  Gross domestic product, constant prices (National currency).	10.493	8.463	2.583	1.605	-6.498	7.296	-4.757	1.251	12.721	-6.067	10.358	10.727	13.246	7.409	5.534	5.423	2.966	-1.090	5.554	-3.121	2.295	3.680	5.897	-2.037	6.903	6.215	5.046	5.675	4.477	5.912	3.440	n/a	n/a	n/a	n/a	n/a	n/a	n/a	n/a	n/a	n/a	n/a	n/a	n/a	n/a	n/a	n/a	n/a	n/a	n/a	n/a	2010	
528	TWN	NGDP_RPCH	Taiwan Province of China	Gross domestic product, constant prices	Annual percentages of constant price GDP are year-on-year changes; the base year is country-specific. Expenditure-based GDP is total final expenditures at purchasers' prices (including the f.o.b. value of exports of goods and services), less the f.o.b. value of imports of goods and services. [SNA 1993]	Percent change	Units	See notes for:  Gross domestic product, constant prices (National currency).	8.039	9.473	4.811	9.024	10.050	4.808	11.513	12.751	8.024	8.722	5.541	8.372	8.311	6.815	7.504	6.499	6.177	6.051	4.205	6.732	6.314	-1.402	5.484	4.225	6.952	5.383	5.770	6.850	0.799	-1.614	10.245	3.673	2.221	2.483	4.719	1.465	2.165	3.662	2.905	3.055	3.420	6.720	2.684	1.122	4.299	2.854	2.499	2.360	2.257	2.239	2.082	2024	
923	TJK	NGDP_RPCH	Tajikistan	Gross domestic product, constant prices	Annual percentages of constant price GDP are year-on-year changes; the base year is country-specific. Expenditure-based GDP is total final expenditures at purchasers' prices (including the f.o.b. value of exports of goods and services), less the f.o.b. value of imports of goods and services. [SNA 1993]	Percent change	Units	See notes for:  Gross domestic product, constant prices (National currency).	n/a	n/a	n/a	n/a	n/a	n/a	n/a	n/a	n/a	n/a	n/a	n/a	n/a	-11.099	-21.401	-12.498	-4.368	1.700	5.300	3.699	8.300	10.200	9.100	10.200	10.600	6.700	7.000	7.800	7.900	3.900	6.500	7.400	7.500	7.400	6.700	6.000	6.900	7.100	7.600	7.400	4.390	9.400	8.000	8.250	8.357	6.694	4.960	4.800	4.500	4.500	4.500	2023	
738	TZA	NGDP_RPCH	Tanzania	Gross domestic product, constant prices	Annual percentages of constant price GDP are year-on-year changes; the base year is country-specific. Expenditure-based GDP is total final expenditures at purchasers' prices (including the f.o.b. value of exports of goods and services), less the f.o.b. value of imports of goods and services. [SNA 1993]	Percent change	Units	See notes for:  Gross domestic product, constant prices (National currency).	3.266	0.500	0.600	2.400	3.400	4.600	6.600	5.900	4.400	3.800	7.045	2.072	0.584	1.206	1.567	3.571	4.544	3.525	3.708	4.840	4.934	5.998	7.164	6.886	7.828	7.370	4.661	8.464	5.567	5.382	6.359	7.905	5.141	6.782	6.732	6.161	6.867	6.727	7.028	6.915	4.535	4.838	4.665	5.064	5.436	6.020	6.294	6.483	6.451	6.457	6.196	2023	
578	THA	NGDP_RPCH	Thailand	Gross domestic product, constant prices	Annual percentages of constant price GDP are year-on-year changes; the base year is country-specific. Expenditure-based GDP is total final expenditures at purchasers' prices (including the f.o.b. value of exports of goods and services), less the f.o.b. value of imports of goods and services. [SNA 1993]	Percent change	Units	See notes for:  Gross domestic product, constant prices (National currency).	4.601	5.910	5.353	5.581	5.760	4.643	5.534	9.519	13.288	12.194	11.623	8.403	9.230	8.676	7.997	8.120	5.652	-2.754	-7.634	4.572	4.455	3.444	6.149	7.189	6.289	4.188	4.968	5.435	1.726	-0.691	7.513	0.840	7.243	2.687	0.984	3.134	3.435	4.178	4.223	2.115	-6.050	1.543	2.627	2.006	2.530	1.800	1.600	1.905	2.101	2.292	2.404	2024	
537	TLS	NGDP_RPCH	Timor-Leste	Gross domestic product, constant prices	Annual percentages of constant price GDP are year-on-year changes; the base year is country-specific. Expenditure-based GDP is total final expenditures at purchasers' prices (including the f.o.b. value of exports of goods and services), less the f.o.b. value of imports of goods and services. [SNA 1993]	Percent change	Units	See notes for:  Gross domestic product, constant prices (National currency).	n/a	n/a	n/a	n/a	n/a	n/a	n/a	n/a	n/a	n/a	n/a	n/a	n/a	n/a	n/a	n/a	n/a	n/a	n/a	n/a	n/a	16.348	-6.701	-2.182	0.400	2.988	-4.119	10.262	11.391	10.144	9.329	5.956	4.853	3.068	4.527	2.480	3.010	-3.182	-0.467	2.667	-8.492	2.973	3.953	2.375	4.100	3.400	3.200	3.200	3.100	3.000	3.000	2023	
742	TGO	NGDP_RPCH	Togo	Gross domestic product, constant prices	Annual percentages of constant price GDP are year-on-year changes; the base year is country-specific. Expenditure-based GDP is total final expenditures at purchasers' prices (including the f.o.b. value of exports of goods and services), less the f.o.b. value of imports of goods and services. [SNA 1993]	Percent change	Units	See notes for:  Gross domestic product, constant prices (National currency).	-2.285	-3.419	-3.708	-5.156	5.881	3.717	3.260	-2.484	10.124	4.100	5.897	-0.590	-3.207	-16.319	13.930	19.691	-3.871	3.803	-2.263	2.540	-0.970	0.820	3.830	6.720	-0.980	-4.670	2.650	1.249	4.036	5.454	5.854	5.823	6.303	5.824	5.633	5.468	5.734	4.008	4.795	4.923	1.976	5.991	5.811	5.600	5.300	5.300	5.500	5.500	5.500	5.500	5.500	2024	
866	TON	NGDP_RPCH	Tonga	Gross domestic product, constant prices	Annual percentages of constant price GDP are year-on-year changes; the base year is country-specific. Expenditure-based GDP is total final expenditures at purchasers' prices (including the f.o.b. value of exports of goods and services), less the f.o.b. value of imports of goods and services. [SNA 1993]	Percent change	Units	See notes for:  Gross domestic product, constant prices (National currency).	15.800	14.000	12.800	5.800	44.100	5.600	8.800	1.700	-3.500	1.100	4.700	5.900	-3.800	-0.100	1.979	7.930	0.090	-0.636	2.306	2.296	3.766	1.460	4.495	0.056	-1.885	-0.416	-2.194	-2.500	4.750	-5.199	0.803	6.818	2.377	-1.122	1.991	1.114	6.599	3.202	0.688	-0.208	1.783	0.363	-2.310	2.084	2.073	2.725	2.341	1.825	1.550	1.210	1.211	2023	
369	TTO	NGDP_RPCH	Trinidad and Tobago	Gross domestic product, constant prices	Annual percentages of constant price GDP are year-on-year changes; the base year is country-specific. Expenditure-based GDP is total final expenditures at purchasers' prices (including the f.o.b. value of exports of goods and services), less the f.o.b. value of imports of goods and services. [SNA 1993]	Percent change	Units	See notes for:  Gross domestic product, constant prices (National currency).	10.400	4.577	3.799	-10.300	-5.751	-4.119	-3.279	-4.562	-3.920	-0.830	1.509	3.112	10.093	-0.669	3.567	3.810	7.134	7.523	8.125	8.025	6.901	3.698	7.152	13.878	7.328	5.895	14.181	4.255	3.286	-4.823	3.461	-0.192	4.630	3.345	3.695	-0.565	-7.403	-4.819	-0.986	0.472	-8.903	-0.912	1.082	1.427	1.427	2.367	1.094	1.946	3.002	2.969	1.842	2023	
744	TUN	NGDP_RPCH	Tunisia	Gross domestic product, constant prices	Annual percentages of constant price GDP are year-on-year changes; the base year is country-specific. Expenditure-based GDP is total final expenditures at purchasers' prices (including the f.o.b. value of exports of goods and services), less the f.o.b. value of imports of goods and services. [SNA 1993]	Percent change	Units	See notes for:  Gross domestic product, constant prices (National currency).	7.400	5.522	-0.482	4.674	5.731	5.668	-1.453	6.701	0.071	2.579	7.075	4.138	8.009	2.477	3.628	2.671	6.855	5.725	4.963	6.017	4.300	3.796	1.323	4.702	6.236	3.487	5.244	6.710	4.238	3.043	3.511	-2.047	4.217	2.430	3.090	0.968	1.117	2.252	2.607	1.550	-8.975	4.736	2.674	0.039	1.357	1.430	1.417	1.431	1.265	1.251	1.239	2023	
186	TUR	NGDP_RPCH	Türkiye	Gross domestic product, constant prices	Annual percentages of constant price GDP are year-on-year changes; the base year is country-specific. Expenditure-based GDP is total final expenditures at purchasers' prices (including the f.o.b. value of exports of goods and services), less the f.o.b. value of imports of goods and services. [SNA 1993]	Percent change	Units	See notes for:  Gross domestic product, constant prices (National currency).	-0.779	4.365	3.429	4.758	6.823	4.258	6.941	10.027	2.121	0.253	9.255	0.926	5.984	8.042	-5.456	7.190	7.007	7.528	3.092	-3.263	6.933	-5.750	6.448	5.763	9.796	8.992	6.948	5.044	0.815	-4.823	8.427	11.200	4.788	8.486	4.940	6.084	3.323	7.502	3.013	0.819	1.860	11.439	5.533	5.111	3.184	2.706	3.191	3.373	3.697	3.861	4.102	2024	
925	TKM	NGDP_RPCH	Turkmenistan	Gross domestic product, constant prices	Annual percentages of constant price GDP are year-on-year changes; the base year is country-specific. Expenditure-based GDP is total final expenditures at purchasers' prices (including the f.o.b. value of exports of goods and services), less the f.o.b. value of imports of goods and services. [SNA 1993]	Percent change	Units	See notes for:  Gross domestic product, constant prices (National currency).	n/a	n/a	n/a	n/a	n/a	n/a	n/a	n/a	n/a	n/a	n/a	n/a	n/a	-10.000	-17.300	-7.200	-6.700	-11.300	6.700	16.499	18.587	20.391	15.768	17.095	14.692	13.040	10.967	11.057	14.747	6.133	16.026	12.660	7.209	-1.754	3.605	2.159	-0.466	2.141	1.740	-3.666	-2.116	-0.338	5.315	1.974	2.264	2.255	2.345	2.318	2.252	2.252	2.252	2022	
869	TUV	NGDP_RPCH	Tuvalu	Gross domestic product, constant prices	Annual percentages of constant price GDP are year-on-year changes; the base year is country-specific. Expenditure-based GDP is total final expenditures at purchasers' prices (including the f.o.b. value of exports of goods and services), less the f.o.b. value of imports of goods and services. [SNA 1993]	Percent change	Units	See notes for:  Gross domestic product, constant prices (National currency).	n/a	n/a	n/a	n/a	n/a	n/a	n/a	n/a	n/a	n/a	n/a	n/a	n/a	n/a	n/a	n/a	n/a	n/a	n/a	n/a	n/a	0.695	8.317	-4.351	-1.888	-3.746	1.301	6.905	6.579	-5.620	-2.468	7.520	-2.853	3.805	1.667	9.379	4.865	3.295	1.654	13.389	-3.684	-0.553	-2.365	7.925	3.316	2.803	2.323	2.224	1.973	1.864	1.677	2023	
746	UGA	NGDP_RPCH	Uganda	Gross domestic product, constant prices	Annual percentages of constant price GDP are year-on-year changes; the base year is country-specific. Expenditure-based GDP is total final expenditures at purchasers' prices (including the f.o.b. value of exports of goods and services), less the f.o.b. value of imports of goods and services. [SNA 1993]	Percent change	Units	See notes for:  Gross domestic product, constant prices (National currency).	-3.392	3.859	8.205	4.899	-3.000	-3.000	0.946	4.000	8.294	6.403	6.497	1.778	5.850	6.686	7.694	9.174	6.595	4.620	6.074	7.953	3.941	8.765	7.057	6.159	5.803	10.007	7.049	8.064	10.428	8.069	7.484	7.677	2.333	3.938	5.745	8.005	0.167	6.795	5.568	7.626	-1.150	5.515	6.186	4.905	6.293	6.119	7.632	8.242	6.764	6.410	5.998	2023	
926	UKR	NGDP_RPCH	Ukraine	Gross domestic product, constant prices	Annual percentages of constant price GDP are year-on-year changes; the base year is country-specific. Expenditure-based GDP is total final expenditures at purchasers' prices (including the f.o.b. value of exports of goods and services), less the f.o.b. value of imports of goods and services. [SNA 1993]	Percent change	Units	See notes for:  Gross domestic product, constant prices (National currency).	n/a	n/a	n/a	n/a	n/a	n/a	n/a	n/a	n/a	n/a	n/a	n/a	n/a	-14.200	-22.900	-12.200	-10.000	-3.000	-1.900	-0.200	5.900	8.800	5.300	9.500	11.800	3.100	7.600	8.200	2.200	-15.100	4.100	5.466	0.239	-0.027	-6.553	-9.773	2.441	2.360	3.488	3.200	-3.753	3.446	-28.759	5.324	3.511	2.000	4.500	4.800	4.298	4.198	4.098	2023	
466	ARE	NGDP_RPCH	United Arab Emirates	Gross domestic product, constant prices	Annual percentages of constant price GDP are year-on-year changes; the base year is country-specific. Expenditure-based GDP is total final expenditures at purchasers' prices (including the f.o.b. value of exports of goods and services), less the f.o.b. value of imports of goods and services. [SNA 1993]	Percent change	Units	See notes for:  Gross domestic product, constant prices (National currency).	-1.780	8.024	-7.188	-5.250	4.451	-2.522	-19.269	5.304	-2.623	15.733	23.562	2.176	3.144	0.262	7.449	6.629	5.399	8.567	0.878	3.830	12.322	1.399	2.433	8.801	9.566	4.855	9.837	3.184	3.192	-5.243	5.284	6.216	1.824	5.056	4.166	6.787	5.561	0.735	1.314	1.108	-4.957	4.355	7.510	3.619	3.762	3.991	4.986	4.654	4.356	4.251	3.895	2023	
112	GBR	NGDP_RPCH	United Kingdom	Gross domestic product, constant prices	Annual percentages of constant price GDP are year-on-year changes; the base year is country-specific. Expenditure-based GDP is total final expenditures at purchasers' prices (including the f.o.b. value of exports of goods and services), less the f.o.b. value of imports of goods and services. [SNA 1993]	Percent change	Units	See notes for:  Gross domestic product, constant prices (National currency).	-2.050	-0.688	1.965	4.166	2.221	4.087	3.108	5.420	5.376	2.402	0.561	-1.405	0.245	2.259	3.409	2.386	2.582	4.925	3.403	3.058	4.342	2.573	1.796	3.152	2.458	2.733	2.381	2.625	-0.249	-4.621	2.233	1.138	1.509	1.800	3.195	2.223	1.922	2.657	1.405	1.624	-10.297	8.576	4.839	0.397	1.101	1.077	1.407	1.538	1.457	1.442	1.436	2024	
111	USA	NGDP_RPCH	United States	Gross domestic product, constant prices	Annual percentages of constant price GDP are year-on-year changes; the base year is country-specific. Expenditure-based GDP is total final expenditures at purchasers' prices (including the f.o.b. value of exports of goods and services), less the f.o.b. value of imports of goods and services. [SNA 1993]	Percent change	Units	See notes for:  Gross domestic product, constant prices (National currency).	-0.257	2.537	-1.803	4.584	7.236	4.169	3.463	3.455	4.177	3.672	1.886	-0.109	3.522	2.752	4.029	2.685	3.773	4.447	4.483	4.788	4.078	0.956	1.700	2.796	3.848	3.483	2.785	2.004	0.114	-2.576	2.695	1.564	2.289	2.118	2.524	2.946	1.820	2.458	2.967	2.584	-2.163	6.055	2.512	2.887	2.796	1.826	1.744	1.983	2.122	2.122	2.122	2024	
298	URY	NGDP_RPCH	Uruguay	Gross domestic product, constant prices	Annual percentages of constant price GDP are year-on-year changes; the base year is country-specific. Expenditure-based GDP is total final expenditures at purchasers' prices (including the f.o.b. value of exports of goods and services), less the f.o.b. value of imports of goods and services. [SNA 1993]	Percent change	Units	See notes for:  Gross domestic product, constant prices (National currency).	5.999	1.899	-9.391	-5.853	-1.458	0.298	7.500	5.910	0.496	1.104	0.297	3.539	7.932	2.658	7.281	-1.448	5.578	5.496	4.519	-1.939	-1.930	-3.844	-7.732	0.805	5.004	7.460	4.099	6.542	7.176	4.243	7.803	5.162	3.538	4.638	3.239	0.371	1.690	1.741	0.165	0.928	-7.357	5.844	4.486	0.742	3.108	2.844	2.600	2.370	2.346	2.184	2.153	2024	
927	UZB	NGDP_RPCH	Uzbekistan	Gross domestic product, constant prices	Annual percentages of constant price GDP are year-on-year changes; the base year is country-specific. Expenditure-based GDP is total final expenditures at purchasers' prices (including the f.o.b. value of exports of goods and services), less the f.o.b. value of imports of goods and services. [SNA 1993]	Percent change	Units	See notes for:  Gross domestic product, constant prices (National currency).	n/a	n/a	n/a	n/a	n/a	n/a	n/a	n/a	n/a	n/a	n/a	n/a	n/a	-2.300	-5.200	-0.900	1.700	5.200	4.300	4.300	3.800	4.200	4.000	4.200	7.400	7.000	7.500	9.500	9.000	8.100	7.094	7.525	7.102	7.297	6.874	7.219	5.932	4.395	5.559	6.780	1.563	8.035	6.001	6.309	6.547	5.899	5.808	5.700	5.700	5.702	5.709	2024	
846	VUT	NGDP_RPCH	Vanuatu	Gross domestic product, constant prices	Annual percentages of constant price GDP are year-on-year changes; the base year is country-specific. Expenditure-based GDP is total final expenditures at purchasers' prices (including the f.o.b. value of exports of goods and services), less the f.o.b. value of imports of goods and services. [SNA 1993]	Percent change	Units	See notes for:  Gross domestic product, constant prices (National currency).	5.451	4.375	1.980	3.010	9.577	1.001	-0.149	-2.894	-1.695	1.533	11.697	3.147	2.584	0.736	9.079	1.005	2.328	4.907	1.176	0.337	5.925	-3.398	-5.198	4.288	3.987	5.305	8.461	2.876	5.601	3.037	1.259	3.142	1.005	0.467	2.575	3.966	3.472	4.414	2.900	3.238	-4.991	-1.552	5.186	2.094	0.852	1.374	2.094	2.524	2.234	2.234	2.234	2022	
299	VEN	NGDP_RPCH	Venezuela	Gross domestic product, constant prices	Annual percentages of constant price GDP are year-on-year changes; the base year is country-specific. Expenditure-based GDP is total final expenditures at purchasers' prices (including the f.o.b. value of exports of goods and services), less the f.o.b. value of imports of goods and services. [SNA 1993]	Percent change	Units	See notes for:  Gross domestic product, constant prices (National currency).	-4.947	-1.288	2.645	-9.856	5.223	0.867	6.080	4.801	6.510	-13.920	6.468	9.730	6.060	0.275	-2.349	3.952	-0.198	6.371	0.294	-5.970	3.687	3.394	-8.856	-7.755	18.287	10.318	9.872	8.754	5.278	-3.202	-1.489	4.176	5.626	1.343	-3.894	-6.221	-17.040	-15.671	-19.655	-27.658	-29.999	0.955	8.001	4.002	5.300	-4.000	-5.500	n/a	n/a	n/a	n/a	2018	
582	VNM	NGDP_RPCH	Vietnam	Gross domestic product, constant prices	Annual percentages of constant price GDP are year-on-year changes; the base year is country-specific. Expenditure-based GDP is total final expenditures at purchasers' prices (including the f.o.b. value of exports of goods and services), less the f.o.b. value of imports of goods and services. [SNA 1993]	Percent change	Units	See notes for:  Gross domestic product, constant prices (National currency).	-3.497	5.797	8.150	7.093	8.397	5.619	3.357	2.549	5.100	7.800	5.047	5.809	8.700	8.078	8.834	9.540	9.340	8.152	5.765	4.774	6.787	6.895	7.080	7.341	7.789	7.547	6.978	7.129	5.662	5.398	6.423	6.413	5.505	5.554	6.422	6.987	6.690	6.940	7.465	7.359	2.865	2.554	8.538	5.065	7.091	5.152	4.047	5.200	5.250	5.300	5.300	2024	
487	WBG	NGDP_RPCH	West Bank and Gaza	Gross domestic product, constant prices	Annual percentages of constant price GDP are year-on-year changes; the base year is country-specific. Expenditure-based GDP is total final expenditures at purchasers' prices (including the f.o.b. value of exports of goods and services), less the f.o.b. value of imports of goods and services. [SNA 1993]	Percent change	Units	See notes for:  Gross domestic product, constant prices (National currency).	n/a	n/a	n/a	n/a	n/a	n/a	n/a	n/a	n/a	n/a	n/a	n/a	n/a	n/a	n/a	7.118	1.215	14.668	14.334	8.281	-8.556	-9.311	-12.488	14.016	21.924	11.291	-0.997	3.788	7.429	8.593	5.777	9.601	6.096	4.699	-0.158	3.721	8.865	1.419	1.227	1.363	-11.318	7.012	4.083	-4.556	n/a	n/a	n/a	n/a	n/a	n/a	n/a	2023	
474	YEM	NGDP_RPCH	Yemen	Gross domestic product, constant prices	Annual percentages of constant price GDP are year-on-year changes; the base year is country-specific. Expenditure-based GDP is total final expenditures at purchasers' prices (including the f.o.b. value of exports of goods and services), less the f.o.b. value of imports of goods and services. [SNA 1993]	Percent change	Units	See notes for:  Gross domestic product, constant prices (National currency).	n/a	n/a	n/a	n/a	n/a	n/a	n/a	n/a	n/a	n/a	n/a	6.293	8.208	4.002	6.722	5.669	4.635	5.231	6.007	3.776	6.182	3.804	3.935	3.747	3.973	5.592	3.170	3.338	3.648	3.866	7.702	-12.715	2.393	4.824	-0.189	-27.995	-9.375	-5.072	0.752	2.100	-8.500	-1.000	1.500	-2.000	-1.500	-1.500	0.000	6.000	5.500	5.000	5.000	2022	
754	ZMB	NGDP_RPCH	Zambia	Gross domestic product, constant prices	Annual percentages of constant price GDP are year-on-year changes; the base year is country-specific. Expenditure-based GDP is total final expenditures at purchasers' prices (including the f.o.b. value of exports of goods and services), less the f.o.b. value of imports of goods and services. [SNA 1993]	Percent change	Units	See notes for:  Gross domestic product, constant prices (National currency).	3.854	6.631	-2.912	-1.145	-1.718	1.237	1.698	1.491	9.271	-3.658	-0.579	-0.666	2.052	-0.077	-13.309	2.898	6.219	3.814	-0.386	4.650	3.897	5.317	4.506	6.945	7.032	7.236	7.904	8.352	7.774	9.220	10.298	5.565	7.598	5.057	4.698	2.920	3.777	3.504	4.127	1.400	-2.800	6.200	5.211	5.368	4.043	6.200	6.817	6.402	5.152	4.836	4.760	2022	
698	ZWE	NGDP_RPCH	Zimbabwe	Gross domestic product, constant prices	Annual percentages of constant price GDP are year-on-year changes; the base year is country-specific. Expenditure-based GDP is total final expenditures at purchasers' prices (including the f.o.b. value of exports of goods and services), less the f.o.b. value of imports of goods and services. [SNA 1993]	Percent change	Units	See notes for:  Gross domestic product, constant prices (National currency).	n/a	n/a	n/a	n/a	n/a	n/a	n/a	n/a	n/a	n/a	n/a	n/a	n/a	n/a	n/a	n/a	n/a	n/a	n/a	-1.111	-4.231	-0.454	-7.704	-16.224	-6.270	-7.413	-3.556	-3.401	-16.323	7.396	19.957	14.196	16.651	2.068	2.401	1.845	0.754	5.203	5.010	-6.332	-7.817	8.468	6.139	5.337	2.027	6.022	4.640	3.630	3.458	3.532	3.532	2023	
