WEO Country Code	ISO	WEO Subject Code	Country	Subject Descriptor	Subject Notes	Units	Scale	Country/Series-specific Notes	1980	1981	1982	1983	1984	1985	1986	1987	1988	1989	1990	1991	1992	1993	1994	1995	1996	1997	1998	1999	2000	2001	2002	2003	2004	2005	2006	2007	2008	2009	2010	2011	2012	2013	2014	2015	2016	2017	2018	2019	2020	2021	2022	2023	Estimates Start After
512	AFG	NGDP_RPCH	Afghanistan	Gross domestic product, constant prices	Annual percentages of constant price GDP are year-on-year changes; the base year is country-specific . Expenditure-based GDP is total final expenditures at purchasers? prices (including the f.o.b. value of exports of goods and services), less the f.o.b. value of imports of goods and services. [SNA 1993]	Percent change		See notes for:  Gross domestic product, constant prices (National currency).	n/a	n/a	n/a	n/a	n/a	n/a	n/a	n/a	n/a	n/a	n/a	n/a	n/a	n/a	n/a	n/a	n/a	n/a	n/a	n/a	n/a	n/a	n/a	8.692	0.671	11.830	5.361	13.340	3.863	20.585	8.438	6.479	13.968	5.683	2.697	1.310	2.367	2.505	2.500	2.982	3.482	3.984	4.484	4.984	2016
914	ALB	NGDP_RPCH	Albania	Gross domestic product, constant prices	Annual percentages of constant price GDP are year-on-year changes; the base year is country-specific . Expenditure-based GDP is total final expenditures at purchasers? prices (including the f.o.b. value of exports of goods and services), less the f.o.b. value of imports of goods and services. [SNA 1993]	Percent change		See notes for:  Gross domestic product, constant prices (National currency).	2.684	5.700	2.900	1.100	2.000	-1.500	5.600	-0.800	-1.400	9.800	-10.000	-28.000	-7.200	9.600	9.400	8.900	9.100	-10.924	8.829	12.891	6.946	8.293	4.537	5.529	5.515	5.526	5.903	5.983	7.500	3.354	3.707	2.545	1.417	1.002	1.774	2.230	3.366	3.934	3.714	3.771	3.880	3.899	3.950	3.951	2016
612	DZA	NGDP_RPCH	Algeria	Gross domestic product, constant prices	Annual percentages of constant price GDP are year-on-year changes; the base year is country-specific . Expenditure-based GDP is total final expenditures at purchasers? prices (including the f.o.b. value of exports of goods and services), less the f.o.b. value of imports of goods and services. [SNA 1993]	Percent change		See notes for:  Gross domestic product, constant prices (National currency).	-5.400	3.000	6.400	5.400	5.600	5.600	-0.200	-0.700	-1.900	4.800	0.800	-1.200	1.600	-2.102	-0.900	3.848	3.800	1.100	5.098	3.200	3.800	3.000	5.600	7.200	4.300	5.900	1.684	3.373	2.360	1.632	3.616	2.823	3.391	2.800	3.800	3.700	3.300	1.986	3.040	2.728	1.840	1.101	0.665	0.467	2016
614	AGO	NGDP_RPCH	Angola	Gross domestic product, constant prices	Annual percentages of constant price GDP are year-on-year changes; the base year is country-specific . Expenditure-based GDP is total final expenditures at purchasers? prices (including the f.o.b. value of exports of goods and services), less the f.o.b. value of imports of goods and services. [SNA 1993]	Percent change		See notes for:  Gross domestic product, constant prices (National currency).	2.406	-4.400	0.000	4.200	6.000	3.500	2.900	4.083	6.129	0.042	-3.450	0.991	-5.838	-23.983	1.339	15.000	13.544	7.274	4.691	2.181	3.055	4.206	13.666	4.554	10.238	20.907	18.989	23.190	13.817	2.413	3.453	3.873	5.178	6.843	4.704	3.000	-0.813	0.722	2.162	2.412	3.641	4.235	4.749	4.865	2015
311	ATG	NGDP_RPCH	Antigua and Barbuda	Gross domestic product, constant prices	Annual percentages of constant price GDP are year-on-year changes; the base year is country-specific . Expenditure-based GDP is total final expenditures at purchasers? prices (including the f.o.b. value of exports of goods and services), less the f.o.b. value of imports of goods and services. [SNA 1993]	Percent change		See notes for:  Gross domestic product, constant prices (National currency).	8.161	3.815	-0.084	5.364	10.165	7.644	11.494	6.626	5.213	5.252	3.012	2.177	1.158	5.280	6.676	-4.359	6.605	5.471	4.731	3.708	6.692	-4.979	1.031	6.069	5.746	6.406	12.736	9.264	-0.027	-12.110	-7.196	-2.087	3.495	-0.093	5.102	4.060	5.348	2.752	3.500	3.000	2.500	2.000	2.000	2.000	2016
213	ARG	NGDP_RPCH	Argentina	Gross domestic product, constant prices	Annual percentages of constant price GDP are year-on-year changes; the base year is country-specific . Expenditure-based GDP is total final expenditures at purchasers? prices (including the f.o.b. value of exports of goods and services), less the f.o.b. value of imports of goods and services. [SNA 1993]	Percent change		See notes for:  Gross domestic product, constant prices (National currency).	0.700	-5.744	-3.149	3.733	2.000	-6.951	7.146	2.529	-1.957	-7.007	-1.338	10.498	10.299	6.251	5.836	-2.845	5.527	8.111	3.850	-3.385	-0.789	-4.409	-10.895	8.837	9.030	8.852	8.047	9.008	4.057	-5.919	10.125	6.004	-1.026	2.405	-2.513	2.731	-1.823	2.864	1.952	3.217	3.121	3.193	3.256	3.300	2017
911	ARM	NGDP_RPCH	Armenia	Gross domestic product, constant prices	Annual percentages of constant price GDP are year-on-year changes; the base year is country-specific . Expenditure-based GDP is total final expenditures at purchasers? prices (including the f.o.b. value of exports of goods and services), less the f.o.b. value of imports of goods and services. [SNA 1993]	Percent change		See notes for:  Gross domestic product, constant prices (National currency).	n/a	n/a	n/a	n/a	n/a	n/a	n/a	n/a	n/a	n/a	n/a	n/a	n/a	-14.054	5.400	8.033	5.169	3.387	6.271	3.170	5.853	9.468	14.807	14.052	10.473	14.113	13.198	13.749	6.948	-14.150	2.200	4.700	7.134	3.300	3.606	3.254	0.261	7.478	3.400	3.500	3.500	3.700	4.000	4.000	2016
193	AUS	NGDP_RPCH	Australia	Gross domestic product, constant prices	Annual percentages of constant price GDP are year-on-year changes; the base year is country-specific . Expenditure-based GDP is total final expenditures at purchasers? prices (including the f.o.b. value of exports of goods and services), less the f.o.b. value of imports of goods and services. [SNA 1993]	Percent change		See notes for:  Gross domestic product, constant prices (National currency).	2.894	4.127	0.063	-0.474	6.346	5.456	2.448	4.893	4.253	4.623	1.506	-1.004	2.602	3.897	4.883	2.855	4.152	4.541	4.734	4.374	3.085	2.574	4.187	2.666	4.191	2.945	2.796	4.311	2.693	1.847	2.377	2.748	3.895	2.162	2.616	2.472	2.645	2.272	2.960	3.084	2.890	2.650	2.607	2.585	2017
122	AUT	NGDP_RPCH	Austria	Gross domestic product, constant prices	Annual percentages of constant price GDP are year-on-year changes; the base year is country-specific . Expenditure-based GDP is total final expenditures at purchasers? prices (including the f.o.b. value of exports of goods and services), less the f.o.b. value of imports of goods and services. [SNA 1993]	Percent change		See notes for:  Gross domestic product, constant prices (National currency).	2.314	-0.099	1.908	2.804	0.332	2.243	2.341	1.681	0.961	3.887	4.346	3.442	2.094	0.527	2.402	2.668	2.398	2.094	3.581	3.556	3.376	1.267	1.652	0.941	2.735	2.244	3.454	3.727	1.460	-3.765	1.837	2.923	0.680	0.026	0.829	1.092	1.451	2.902	2.640	1.950	1.500	1.500	1.500	1.500	2016
912	AZE	NGDP_RPCH	Azerbaijan	Gross domestic product, constant prices	Annual percentages of constant price GDP are year-on-year changes; the base year is country-specific . Expenditure-based GDP is total final expenditures at purchasers? prices (including the f.o.b. value of exports of goods and services), less the f.o.b. value of imports of goods and services. [SNA 1993]	Percent change		See notes for:  Gross domestic product, constant prices (National currency).	n/a	n/a	n/a	n/a	n/a	n/a	n/a	n/a	n/a	n/a	n/a	n/a	n/a	-23.098	-19.673	-13.027	2.531	8.884	6.007	11.396	6.227	6.486	9.439	10.208	9.254	27.962	34.466	25.463	10.591	9.370	4.621	-1.613	2.101	5.865	2.657	0.648	-3.100	0.068	2.027	3.861	3.623	2.742	2.707	2.607	2016
313	BHS	NGDP_RPCH	The Bahamas	Gross domestic product, constant prices	Annual percentages of constant price GDP are year-on-year changes; the base year is country-specific . Expenditure-based GDP is total final expenditures at purchasers? prices (including the f.o.b. value of exports of goods and services), less the f.o.b. value of imports of goods and services. [SNA 1993]	Percent change		See notes for:  Gross domestic product, constant prices (National currency).	7.100	-2.900	6.300	6.800	2.400	4.100	2.600	3.700	2.255	2.300	1.052	-4.182	-3.826	0.308	3.149	4.379	4.224	4.946	4.716	7.144	4.149	2.626	2.705	-1.265	0.883	3.395	2.517	1.446	-2.324	-4.175	1.539	0.613	3.087	-0.567	-1.243	-3.071	0.165	1.300	2.500	2.200	1.600	1.500	1.500	1.500	2016
419	BHR	NGDP_RPCH	Bahrain	Gross domestic product, constant prices	Annual percentages of constant price GDP are year-on-year changes; the base year is country-specific . Expenditure-based GDP is total final expenditures at purchasers? prices (including the f.o.b. value of exports of goods and services), less the f.o.b. value of imports of goods and services. [SNA 1993]	Percent change		See notes for:  Gross domestic product, constant prices (National currency).	7.494	2.777	6.406	6.994	4.186	-0.930	0.484	-1.222	5.952	1.013	3.503	2.286	7.123	7.604	3.212	1.923	3.250	2.348	4.849	5.972	7.018	2.491	3.349	6.296	6.981	6.769	6.467	8.294	6.242	2.541	4.337	1.984	3.728	5.416	4.351	2.863	3.218	3.153	3.020	2.329	2.175	2.268	2.278	2.288	2016
513	BGD	NGDP_RPCH	Bangladesh	Gross domestic product, constant prices	Annual percentages of constant price GDP are year-on-year changes; the base year is country-specific . Expenditure-based GDP is total final expenditures at purchasers? prices (including the f.o.b. value of exports of goods and services), less the f.o.b. value of imports of goods and services. [SNA 1993]	Percent change		See notes for:  Gross domestic product, constant prices (National currency).	3.050	5.589	3.206	4.610	4.177	3.744	3.985	2.931	2.388	4.298	4.603	4.203	4.801	4.324	4.513	4.770	5.013	5.304	5.044	5.421	5.600	4.834	4.845	5.776	6.108	6.302	6.851	6.518	5.515	5.315	6.030	6.494	6.260	6.038	6.314	6.842	7.202	7.137	7.000	7.000	7.000	7.000	7.000	7.000	2016
316	BRB	NGDP_RPCH	Barbados	Gross domestic product, constant prices	Annual percentages of constant price GDP are year-on-year changes; the base year is country-specific . Expenditure-based GDP is total final expenditures at purchasers? prices (including the f.o.b. value of exports of goods and services), less the f.o.b. value of imports of goods and services. [SNA 1993]	Percent change		See notes for:  Gross domestic product, constant prices (National currency).	4.371	-1.900	-4.900	0.500	3.600	1.100	5.100	2.600	3.500	3.600	-3.300	-3.900	-5.700	0.800	2.000	2.023	3.966	4.740	3.740	0.326	4.453	-2.367	0.791	2.171	1.407	3.965	5.669	1.764	0.396	-4.032	0.256	0.756	0.280	-0.613	0.091	0.952	1.643	0.882	0.527	0.802	0.979	0.960	0.960	0.960	2015
913	BLR	NGDP_RPCH	Belarus	Gross domestic product, constant prices	Annual percentages of constant price GDP are year-on-year changes; the base year is country-specific . Expenditure-based GDP is total final expenditures at purchasers? prices (including the f.o.b. value of exports of goods and services), less the f.o.b. value of imports of goods and services. [SNA 1993]	Percent change		See notes for:  Gross domestic product, constant prices (National currency).	n/a	n/a	n/a	n/a	n/a	n/a	n/a	n/a	n/a	n/a	n/a	n/a	n/a	-7.600	-11.700	-11.084	2.776	11.434	8.442	3.354	5.760	4.725	5.045	7.043	11.450	9.441	9.998	8.647	10.248	0.164	7.750	5.550	1.708	0.999	1.651	-3.830	-2.526	2.373	2.824	2.450	2.012	1.964	1.975	1.993	2016
124	BEL	NGDP_RPCH	Belgium	Gross domestic product, constant prices	Annual percentages of constant price GDP are year-on-year changes; the base year is country-specific . Expenditure-based GDP is total final expenditures at purchasers? prices (including the f.o.b. value of exports of goods and services), less the f.o.b. value of imports of goods and services. [SNA 1993]	Percent change		See notes for:  Gross domestic product, constant prices (National currency).	4.444	-0.279	0.595	0.312	2.466	1.652	1.823	2.307	4.723	3.469	3.137	1.833	1.531	-0.962	3.227	2.385	1.593	3.710	1.975	3.563	3.634	0.811	1.781	0.774	3.635	2.095	2.506	3.449	0.783	-2.253	2.744	1.799	0.235	0.200	1.351	1.405	1.466	1.707	1.887	1.686	1.461	1.495	1.485	1.502	2016
339	BLZ	NGDP_RPCH	Belize	Gross domestic product, constant prices	Annual percentages of constant price GDP are year-on-year changes; the base year is country-specific . Expenditure-based GDP is total final expenditures at purchasers? prices (including the f.o.b. value of exports of goods and services), less the f.o.b. value of imports of goods and services. [SNA 1993]	Percent change		See notes for:  Gross domestic product, constant prices (National currency).	5.013	0.214	-7.551	6.076	11.332	-1.419	7.275	21.997	10.861	15.474	11.209	11.457	12.069	6.269	0.162	0.656	1.425	3.547	3.732	8.777	13.020	5.030	5.109	9.330	4.645	2.583	4.578	1.104	3.233	0.795	3.314	2.106	3.749	0.688	4.045	3.795	-0.487	0.755	1.800	2.006	1.700	1.700	1.700	1.739	2016
638	BEN	NGDP_RPCH	Benin	Gross domestic product, constant prices	Annual percentages of constant price GDP are year-on-year changes; the base year is country-specific . Expenditure-based GDP is total final expenditures at purchasers? prices (including the f.o.b. value of exports of goods and services), less the f.o.b. value of imports of goods and services. [SNA 1993]	Percent change		See notes for:  Gross domestic product, constant prices (National currency).	9.255	1.929	1.682	-2.000	0.400	4.327	2.748	-2.074	3.428	-2.849	8.976	4.226	2.958	5.836	2.020	6.045	4.324	5.735	3.961	5.341	4.862	5.335	4.640	3.448	4.426	1.719	3.939	5.983	4.901	2.326	2.110	2.960	4.814	7.196	6.352	2.097	3.969	5.592	6.039	6.336	6.689	7.075	6.142	6.111	2014
514	BTN	NGDP_RPCH	Bhutan	Gross domestic product, constant prices	Annual percentages of constant price GDP are year-on-year changes; the base year is country-specific . Expenditure-based GDP is total final expenditures at purchasers? prices (including the f.o.b. value of exports of goods and services), less the f.o.b. value of imports of goods and services. [SNA 1993]	Percent change		See notes for:  Gross domestic product, constant prices (National currency).	4.995	13.589	8.195	7.337	7.616	4.349	7.954	20.229	15.079	6.194	9.098	4.896	2.083	3.192	2.232	6.019	5.971	5.544	6.009	7.087	6.934	7.040	9.516	9.118	6.748	6.527	6.981	12.571	10.752	5.722	9.327	9.720	6.428	3.570	3.963	6.129	6.350	6.002	7.116	7.551	9.221	9.534	10.226	11.429	2016
218	BOL	NGDP_RPCH	Bolivia	Gross domestic product, constant prices	Annual percentages of constant price GDP are year-on-year changes; the base year is country-specific . Expenditure-based GDP is total final expenditures at purchasers? prices (including the f.o.b. value of exports of goods and services), less the f.o.b. value of imports of goods and services. [SNA 1993]	Percent change		See notes for:  Gross domestic product, constant prices (National currency).	0.610	0.300	-3.939	-4.042	-0.201	-1.676	-2.574	2.463	2.910	3.790	4.636	5.267	1.646	4.269	4.667	4.678	4.361	4.954	5.029	0.427	2.508	1.684	2.486	2.711	4.173	4.421	4.797	4.564	6.148	3.357	4.127	5.204	5.122	6.796	5.461	4.857	4.264	4.200	4.000	3.800	3.700	3.700	3.700	3.700	2016
963	BIH	NGDP_RPCH	Bosnia and Herzegovina	Gross domestic product, constant prices	Annual percentages of constant price GDP are year-on-year changes; the base year is country-specific . Expenditure-based GDP is total final expenditures at purchasers? prices (including the f.o.b. value of exports of goods and services), less the f.o.b. value of imports of goods and services. [SNA 1993]	Percent change		See notes for:  Gross domestic product, constant prices (National currency).	n/a	n/a	n/a	n/a	n/a	n/a	n/a	n/a	n/a	n/a	n/a	n/a	n/a	n/a	n/a	n/a	n/a	22.853	13.814	10.750	4.442	2.362	5.053	3.858	6.257	4.236	5.691	5.979	5.594	-0.816	0.767	0.908	-0.707	2.351	1.150	3.074	3.215	2.700	3.200	3.500	3.700	3.900	4.000	4.000	2016
616	BWA	NGDP_RPCH	Botswana	Gross domestic product, constant prices	Annual percentages of constant price GDP are year-on-year changes; the base year is country-specific . Expenditure-based GDP is total final expenditures at purchasers? prices (including the f.o.b. value of exports of goods and services), less the f.o.b. value of imports of goods and services. [SNA 1993]	Percent change		See notes for:  Gross domestic product, constant prices (National currency).	12.020	8.154	15.874	10.793	6.517	7.695	8.616	14.890	23.420	4.665	8.787	6.237	-0.208	4.027	-0.786	7.030	5.830	8.027	0.721	9.667	1.987	0.250	6.070	4.625	2.706	4.556	8.364	8.280	6.242	-7.653	8.564	6.048	4.456	11.343	4.149	-1.698	4.315	2.166	4.571	4.521	4.375	4.183	4.116	4.179	2015
223	BRA	NGDP_RPCH	Brazil	Gross domestic product, constant prices	Annual percentages of constant price GDP are year-on-year changes; the base year is country-specific . Expenditure-based GDP is total final expenditures at purchasers? prices (including the f.o.b. value of exports of goods and services), less the f.o.b. value of imports of goods and services. [SNA 1993]	Percent change		See notes for:  Gross domestic product, constant prices (National currency).	9.190	-4.400	0.596	-3.400	5.307	7.901	7.544	3.601	0.264	3.200	-4.168	1.031	-0.555	4.910	5.839	4.232	2.212	3.398	0.343	0.467	4.386	1.383	3.054	1.140	5.765	3.196	3.957	6.061	5.091	-0.126	7.542	3.985	1.933	3.010	0.508	-3.550	-3.468	0.976	2.264	2.537	2.218	2.218	2.218	2.218	2017
516	BRN	NGDP_RPCH	Brunei Darussalam	Gross domestic product, constant prices	Annual percentages of constant price GDP are year-on-year changes; the base year is country-specific . Expenditure-based GDP is total final expenditures at purchasers? prices (including the f.o.b. value of exports of goods and services), less the f.o.b. value of imports of goods and services. [SNA 1993]	Percent change		See notes for:  Gross domestic product, constant prices (National currency).	n/a	n/a	n/a	n/a	n/a	n/a	-2.778	0.311	-0.360	2.206	1.085	3.148	4.759	0.301	3.149	4.477	2.881	-1.475	-0.560	3.053	2.853	2.745	3.872	2.903	0.504	0.388	4.412	0.120	-1.979	-1.819	2.652	3.744	0.913	-2.125	-2.508	-0.405	-2.465	0.547	0.988	7.992	7.834	10.244	5.016	9.142	2016
918	BGR	NGDP_RPCH	Bulgaria	Gross domestic product, constant prices	Annual percentages of constant price GDP are year-on-year changes; the base year is country-specific . Expenditure-based GDP is total final expenditures at purchasers? prices (including the f.o.b. value of exports of goods and services), less the f.o.b. value of imports of goods and services. [SNA 1993]	Percent change		See notes for:  Gross domestic product, constant prices (National currency).	5.700	5.300	4.200	3.000	4.600	1.800	5.300	4.700	2.400	-0.500	-9.100	-10.755	-8.426	-11.625	-3.665	-1.601	-8.043	-1.646	4.861	-0.494	5.005	3.770	5.938	5.156	6.435	7.123	6.874	7.344	6.022	-3.586	1.324	1.915	0.031	0.862	1.329	3.617	3.941	3.562	3.800	3.100	2.800	2.800	2.800	2.800	2016
748	BFA	NGDP_RPCH	Burkina Faso	Gross domestic product, constant prices	Annual percentages of constant price GDP are year-on-year changes; the base year is country-specific . Expenditure-based GDP is total final expenditures at purchasers? prices (including the f.o.b. value of exports of goods and services), less the f.o.b. value of imports of goods and services. [SNA 1993]	Percent change		See notes for:  Gross domestic product, constant prices (National currency).	4.035	2.661	1.400	-1.200	1.600	11.300	7.955	-0.236	5.796	2.150	-0.603	9.070	0.233	3.461	1.315	5.716	11.015	6.317	7.308	7.333	1.887	6.609	4.353	7.810	4.478	8.665	6.252	4.108	5.800	2.962	8.446	6.627	6.453	5.793	4.327	3.895	5.915	6.424	6.024	6.034	5.981	6.045	6.066	5.339	2016
618	BDI	NGDP_RPCH	Burundi	Gross domestic product, constant prices	Annual percentages of constant price GDP are year-on-year changes; the base year is country-specific . Expenditure-based GDP is total final expenditures at purchasers? prices (including the f.o.b. value of exports of goods and services), less the f.o.b. value of imports of goods and services. [SNA 1993]	Percent change		See notes for:  Gross domestic product, constant prices (National currency).	-6.825	12.164	-1.054	3.715	0.155	11.784	3.250	5.503	5.031	1.349	3.458	5.781	1.007	-6.236	-3.829	-7.919	-8.001	0.413	4.752	1.164	1.781	1.665	2.353	2.469	3.766	4.370	5.414	3.452	4.862	3.813	5.124	4.033	4.447	5.944	4.494	-3.956	-1.042	0.001	0.149	0.419	0.500	0.500	0.500	0.500	2015
624	CPV	NGDP_RPCH	Cabo Verde	Gross domestic product, constant prices	Annual percentages of constant price GDP are year-on-year changes; the base year is country-specific . Expenditure-based GDP is total final expenditures at purchasers? prices (including the f.o.b. value of exports of goods and services), less the f.o.b. value of imports of goods and services. [SNA 1993]	Percent change		See notes for:  Gross domestic product, constant prices (National currency).	5.263	8.450	2.822	9.523	3.780	8.643	2.872	4.308	5.997	5.698	0.692	1.403	3.045	7.310	6.930	7.492	6.694	7.639	8.413	11.860	7.267	6.138	5.283	7.502	4.927	5.810	9.118	9.218	6.651	-1.270	1.467	3.969	1.082	0.803	0.611	1.007	3.817	3.956	4.284	3.979	3.984	3.987	3.987	4.000	2016
522	KHM	NGDP_RPCH	Cambodia	Gross domestic product, constant prices	Annual percentages of constant price GDP are year-on-year changes; the base year is country-specific . Expenditure-based GDP is total final expenditures at purchasers? prices (including the f.o.b. value of exports of goods and services), less the f.o.b. value of imports of goods and services. [SNA 1993]	Percent change		See notes for:  Gross domestic product, constant prices (National currency).	n/a	n/a	n/a	n/a	n/a	n/a	n/a	n/a	9.616	3.327	1.118	7.592	7.069	4.042	8.181	6.443	5.412	5.620	5.009	11.910	8.767	8.148	6.579	8.506	10.341	13.250	10.771	10.213	6.692	0.087	5.963	7.183	7.255	7.443	7.067	7.197	7.042	6.947	6.898	6.785	6.465	6.270	6.023	6.008	2016
622	CMR	NGDP_RPCH	Cameroon	Gross domestic product, constant prices	Annual percentages of constant price GDP are year-on-year changes; the base year is country-specific . Expenditure-based GDP is total final expenditures at purchasers? prices (including the f.o.b. value of exports of goods and services), less the f.o.b. value of imports of goods and services. [SNA 1993]	Percent change		See notes for:  Gross domestic product, constant prices (National currency).	9.900	17.051	7.563	6.844	7.468	8.107	6.791	-2.153	-7.865	-1.770	-6.161	-3.764	-3.050	-3.158	-2.495	3.304	4.912	5.314	4.895	4.062	3.553	4.368	4.237	4.567	6.781	2.021	3.458	4.902	3.489	2.199	3.423	4.129	4.543	5.404	5.884	5.651	4.450	3.179	4.027	4.483	4.971	5.123	5.307	5.492	2016
156	CAN	NGDP_RPCH	Canada	Gross domestic product, constant prices	Annual percentages of constant price GDP are year-on-year changes; the base year is country-specific . Expenditure-based GDP is total final expenditures at purchasers? prices (including the f.o.b. value of exports of goods and services), less the f.o.b. value of imports of goods and services. [SNA 1993]	Percent change		See notes for:  Gross domestic product, constant prices (National currency).	2.163	3.503	-3.202	2.598	5.925	4.734	2.162	4.096	4.429	2.324	0.154	-2.126	0.883	2.655	4.494	2.678	1.611	4.280	3.882	5.163	5.183	1.771	3.010	1.802	3.086	3.201	2.623	2.063	1.000	-2.950	3.083	3.141	1.746	2.475	2.856	1.001	1.414	3.001	2.079	2.037	1.819	1.787	1.637	1.600	2016
626	CAF	NGDP_RPCH	Central African Republic	Gross domestic product, constant prices	Annual percentages of constant price GDP are year-on-year changes; the base year is country-specific . Expenditure-based GDP is total final expenditures at purchasers? prices (including the f.o.b. value of exports of goods and services), less the f.o.b. value of imports of goods and services. [SNA 1993]	Percent change		See notes for:  Gross domestic product, constant prices (National currency).	-2.995	12.954	-3.572	-6.027	9.912	3.733	7.193	0.000	1.718	5.368	-2.120	0.695	-1.665	0.069	10.377	4.258	-7.786	7.694	3.744	3.722	-1.670	0.396	0.268	-6.834	2.632	2.468	4.771	4.608	2.054	1.709	3.047	3.301	4.113	-36.700	1.040	4.800	4.531	4.027	3.963	4.025	3.969	3.979	3.993	3.993	2012
628	TCD	NGDP_RPCH	Chad	Gross domestic product, constant prices	Annual percentages of constant price GDP are year-on-year changes; the base year is country-specific . Expenditure-based GDP is total final expenditures at purchasers? prices (including the f.o.b. value of exports of goods and services), less the f.o.b. value of imports of goods and services. [SNA 1993]	Percent change		See notes for:  Gross domestic product, constant prices (National currency).	-6.008	-10.805	5.376	15.659	5.256	7.897	5.966	3.647	7.544	1.952	3.202	10.402	2.392	-2.074	5.494	-0.775	2.115	5.653	6.952	-0.683	-0.880	11.658	8.491	14.722	33.629	8.311	0.648	3.272	3.063	4.139	13.598	0.120	8.807	5.753	6.893	1.770	-6.431	-3.143	3.514	2.820	6.801	4.841	4.581	4.239	2017
228	CHL	NGDP_RPCH	Chile	Gross domestic product, constant prices	Annual percentages of constant price GDP are year-on-year changes; the base year is country-specific . Expenditure-based GDP is total final expenditures at purchasers? prices (including the f.o.b. value of exports of goods and services), less the f.o.b. value of imports of goods and services. [SNA 1993]	Percent change		See notes for:  Gross domestic product, constant prices (National currency).	7.945	6.212	-13.588	-2.802	5.886	1.968	5.596	6.581	7.288	10.605	3.671	7.715	11.132	6.722	5.062	8.844	6.873	7.415	4.375	-0.464	5.335	3.298	3.092	4.092	7.199	5.727	6.305	4.904	3.566	-1.584	5.843	6.148	5.339	4.060	1.765	2.299	1.273	1.465	3.359	3.274	3.212	3.074	3.006	2.976	2017
924	CHN	NGDP_RPCH	China	Gross domestic product, constant prices	Annual percentages of constant price GDP are year-on-year changes; the base year is country-specific . Expenditure-based GDP is total final expenditures at purchasers? prices (including the f.o.b. value of exports of goods and services), less the f.o.b. value of imports of goods and services. [SNA 1993]	Percent change		See notes for:  Gross domestic product, constant prices (National currency).	7.910	5.100	9.000	10.800	15.200	13.500	8.900	11.700	11.300	4.200	3.900	9.200	14.300	13.900	13.100	11.000	9.900	9.200	7.800	7.600	8.400	8.300	9.100	10.000	10.100	11.300	12.700	14.200	9.600	9.200	10.606	9.500	7.900	7.800	7.300	6.900	6.720	6.856	6.558	6.408	6.252	6.000	5.700	5.530	2017
233	COL	NGDP_RPCH	Colombia	Gross domestic product, constant prices	Annual percentages of constant price GDP are year-on-year changes; the base year is country-specific . Expenditure-based GDP is total final expenditures at purchasers? prices (including the f.o.b. value of exports of goods and services), less the f.o.b. value of imports of goods and services. [SNA 1993]	Percent change		See notes for:  Gross domestic product, constant prices (National currency).	4.429	2.277	0.948	1.574	3.351	3.107	5.824	5.369	4.064	3.414	4.282	2.372	4.353	5.710	5.147	5.202	2.056	3.430	0.570	-4.204	2.925	1.678	2.504	3.918	5.333	4.707	6.698	6.901	3.547	1.652	3.972	6.590	4.044	4.874	4.394	3.052	2.043	1.768	2.746	3.252	3.649	3.650	3.550	3.550	2017
632	COM	NGDP_RPCH	Comoros	Gross domestic product, constant prices	Annual percentages of constant price GDP are year-on-year changes; the base year is country-specific . Expenditure-based GDP is total final expenditures at purchasers? prices (including the f.o.b. value of exports of goods and services), less the f.o.b. value of imports of goods and services. [SNA 1993]	Percent change		See notes for:  Gross domestic product, constant prices (National currency).	7.383	5.462	4.058	3.093	4.167	2.000	2.000	1.638	2.688	-3.181	5.094	-5.398	8.531	3.006	-5.277	3.610	-1.340	4.216	1.153	1.924	1.417	3.329	4.150	2.474	-0.239	4.230	1.242	0.492	0.975	1.810	2.051	2.227	2.961	3.518	1.950	1.034	2.157	2.500	3.004	3.036	3.036	3.036	3.036	3.036	2015
636	COD	NGDP_RPCH	Democratic Republic of the Congo	Gross domestic product, constant prices	Annual percentages of constant price GDP are year-on-year changes; the base year is country-specific . Expenditure-based GDP is total final expenditures at purchasers? prices (including the f.o.b. value of exports of goods and services), less the f.o.b. value of imports of goods and services. [SNA 1993]	Percent change		See notes for:  Gross domestic product, constant prices (National currency).	2.405	0.945	-0.454	1.410	4.844	0.464	4.720	2.671	0.465	-1.260	-6.568	-8.445	-10.462	-13.468	-6.144	2.762	-1.935	-7.840	-3.875	-3.802	-8.136	-2.100	2.948	5.578	6.738	6.135	5.321	6.256	6.230	2.855	7.108	6.874	7.088	8.482	9.470	6.916	2.400	3.418	3.756	3.975	4.261	4.374	4.577	4.684	2016
634	COG	NGDP_RPCH	Republic of Congo	Gross domestic product, constant prices	Annual percentages of constant price GDP are year-on-year changes; the base year is country-specific . Expenditure-based GDP is total final expenditures at purchasers? prices (including the f.o.b. value of exports of goods and services), less the f.o.b. value of imports of goods and services. [SNA 1993]	Percent change		See notes for:  Gross domestic product, constant prices (National currency).	12.678	2.613	2.410	2.393	2.375	2.359	2.343	2.327	21.908	21.269	1.003	2.395	2.612	-0.980	-5.493	3.985	4.290	-0.625	3.738	-2.582	7.576	3.803	4.582	0.813	3.477	7.756	6.236	-1.582	5.572	7.845	8.714	3.393	3.829	3.272	6.843	2.619	-2.829	-4.608	0.737	4.630	-1.222	-1.784	0.870	0.245	2015
238	CRI	NGDP_RPCH	Costa Rica	Gross domestic product, constant prices	Annual percentages of constant price GDP are year-on-year changes; the base year is country-specific . Expenditure-based GDP is total final expenditures at purchasers? prices (including the f.o.b. value of exports of goods and services), less the f.o.b. value of imports of goods and services. [SNA 1993]	Percent change		See notes for:  Gross domestic product, constant prices (National currency).	0.752	-2.260	-7.285	2.859	8.028	0.722	5.536	4.765	3.432	5.666	3.600	2.263	9.197	7.088	4.487	4.121	1.238	5.565	6.962	3.943	3.833	3.490	3.292	4.255	4.337	3.871	7.238	8.168	4.650	-0.971	4.952	4.307	4.797	2.269	3.515	3.568	4.508	3.200	3.600	3.600	3.500	3.500	3.500	3.500	2016
662	CIV	NGDP_RPCH	Côte d'Ivoire	Gross domestic product, constant prices	Annual percentages of constant price GDP are year-on-year changes; the base year is country-specific . Expenditure-based GDP is total final expenditures at purchasers? prices (including the f.o.b. value of exports of goods and services), less the f.o.b. value of imports of goods and services. [SNA 1993]	Percent change		See notes for:  Gross domestic product, constant prices (National currency).	5.196	3.498	0.200	-2.500	-2.000	3.600	4.800	-0.500	1.140	2.950	-1.090	0.040	-0.250	-0.180	0.171	5.572	8.136	5.723	4.931	1.618	-2.068	0.121	-1.668	-1.360	1.232	1.721	1.516	1.765	2.543	3.251	2.018	-4.199	10.102	9.272	8.794	8.843	8.336	7.771	7.358	7.061	6.892	6.651	6.461	6.447	2015
960	HRV	NGDP_RPCH	Croatia	Gross domestic product, constant prices	Annual percentages of constant price GDP are year-on-year changes; the base year is country-specific . Expenditure-based GDP is total final expenditures at purchasers? prices (including the f.o.b. value of exports of goods and services), less the f.o.b. value of imports of goods and services. [SNA 1993]	Percent change		See notes for:  Gross domestic product, constant prices (National currency).	n/a	n/a	n/a	n/a	n/a	n/a	n/a	n/a	n/a	n/a	n/a	n/a	n/a	-8.000	5.900	6.634	5.874	6.645	1.862	-0.936	3.756	3.434	5.247	5.558	4.083	4.164	4.785	5.150	2.053	-7.384	-1.421	-0.326	-2.244	-0.648	-0.096	2.347	3.166	2.778	2.800	2.600	2.444	2.270	2.194	2.193	2016
423	CYP	NGDP_RPCH	Cyprus	Gross domestic product, constant prices	Annual percentages of constant price GDP are year-on-year changes; the base year is country-specific . Expenditure-based GDP is total final expenditures at purchasers? prices (including the f.o.b. value of exports of goods and services), less the f.o.b. value of imports of goods and services. [SNA 1993]	Percent change		See notes for:  Gross domestic product, constant prices (National currency).	5.920	3.051	6.279	5.307	8.837	4.746	3.583	7.139	8.317	8.088	7.405	0.740	9.365	0.701	5.899	9.924	1.335	2.560	5.237	4.830	5.722	3.600	3.401	2.475	4.571	3.724	4.511	4.819	3.864	-1.772	1.319	0.319	-3.057	-5.935	-1.404	1.981	3.031	3.856	3.571	2.953	2.622	2.535	2.420	2.401	2016
935	CZE	NGDP_RPCH	Czech Republic	Gross domestic product, constant prices	Annual percentages of constant price GDP are year-on-year changes; the base year is country-specific . Expenditure-based GDP is total final expenditures at purchasers? prices (including the f.o.b. value of exports of goods and services), less the f.o.b. value of imports of goods and services. [SNA 1993]	Percent change		See notes for:  Gross domestic product, constant prices (National currency).	n/a	n/a	n/a	n/a	n/a	n/a	n/a	n/a	n/a	n/a	n/a	n/a	n/a	n/a	n/a	n/a	4.525	-0.595	-0.329	1.433	4.267	2.909	1.652	3.603	4.907	6.533	6.854	5.603	2.682	-4.803	2.273	1.778	-0.800	-0.484	2.715	5.309	2.593	4.289	3.517	3.039	2.523	2.509	2.494	2.478	2017
128	DNK	NGDP_RPCH	Denmark	Gross domestic product, constant prices	Annual percentages of constant price GDP are year-on-year changes; the base year is country-specific . Expenditure-based GDP is total final expenditures at purchasers? prices (including the f.o.b. value of exports of goods and services), less the f.o.b. value of imports of goods and services. [SNA 1993]	Percent change		See notes for:  Gross domestic product, constant prices (National currency).	-0.484	-0.658	3.678	2.594	4.172	4.005	4.900	0.254	-0.008	0.642	1.473	1.397	1.959	0.008	5.329	3.029	2.905	3.260	2.213	2.948	3.749	0.823	0.467	0.388	2.668	2.342	3.912	0.908	-0.511	-4.905	1.868	1.336	0.229	0.935	1.616	1.606	1.967	2.108	2.006	1.937	1.840	1.783	1.704	1.720	2017
611	DJI	NGDP_RPCH	Djibouti	Gross domestic product, constant prices	Annual percentages of constant price GDP are year-on-year changes; the base year is country-specific . Expenditure-based GDP is total final expenditures at purchasers? prices (including the f.o.b. value of exports of goods and services), less the f.o.b. value of imports of goods and services. [SNA 1993]	Percent change		See notes for:  Gross domestic product, constant prices (National currency).	n/a	n/a	n/a	n/a	n/a	n/a	n/a	n/a	n/a	n/a	n/a	n/a	0.562	-6.751	-1.360	-3.481	-3.732	-1.216	0.114	2.919	0.713	1.793	3.234	3.186	2.779	3.111	4.825	5.017	5.806	1.616	4.147	7.293	4.842	5.001	6.000	6.500	6.500	6.700	6.700	6.700	6.000	6.000	6.000	6.000	2013
321	DMA	NGDP_RPCH	Dominica	Gross domestic product, constant prices	Annual percentages of constant price GDP are year-on-year changes; the base year is country-specific . Expenditure-based GDP is total final expenditures at purchasers? prices (including the f.o.b. value of exports of goods and services), less the f.o.b. value of imports of goods and services. [SNA 1993]	Percent change		See notes for:  Gross domestic product, constant prices (National currency).	13.383	10.829	4.128	2.556	4.197	1.421	7.073	6.308	7.817	-0.191	5.419	1.346	2.030	2.162	0.034	3.030	3.105	2.185	3.774	0.355	2.340	-0.063	-2.829	6.353	3.051	0.656	4.659	6.354	7.121	-1.170	0.673	-0.231	-1.070	0.771	4.187	-3.658	2.638	-4.172	-16.277	12.211	7.148	3.525	2.535	1.500	2015
243	DOM	NGDP_RPCH	Dominican Republic	Gross domestic product, constant prices	Annual percentages of constant price GDP are year-on-year changes; the base year is country-specific . Expenditure-based GDP is total final expenditures at purchasers? prices (including the f.o.b. value of exports of goods and services), less the f.o.b. value of imports of goods and services. [SNA 1993]	Percent change		See notes for:  Gross domestic product, constant prices (National currency).	7.969	4.279	1.700	4.628	1.253	-2.123	3.522	10.117	2.156	4.401	-5.454	0.945	11.221	7.365	2.600	5.685	5.978	8.885	6.714	5.940	4.662	2.460	4.495	-1.346	2.570	9.428	9.174	7.416	3.210	0.946	8.317	3.102	2.794	4.742	7.609	7.041	6.645	4.570	5.544	4.967	4.965	4.953	4.993	5.033	2016
248	ECU	NGDP_RPCH	Ecuador	Gross domestic product, constant prices	Annual percentages of constant price GDP are year-on-year changes; the base year is country-specific . Expenditure-based GDP is total final expenditures at purchasers? prices (including the f.o.b. value of exports of goods and services), less the f.o.b. value of imports of goods and services. [SNA 1993]	Percent change		See notes for:  Gross domestic product, constant prices (National currency).	4.900	3.900	1.200	-2.800	4.200	4.400	3.094	-5.972	10.486	0.285	3.008	5.113	3.614	2.000	4.258	2.253	1.732	4.328	3.267	-4.739	1.092	4.016	4.097	2.723	8.211	5.291	4.404	2.190	6.357	0.566	3.525	7.868	5.642	4.947	3.789	0.099	-1.576	2.731	2.519	2.217	1.746	1.813	1.604	1.788	2016
469	EGY	NGDP_RPCH	Egypt	Gross domestic product, constant prices	Annual percentages of constant price GDP are year-on-year changes; the base year is country-specific . Expenditure-based GDP is total final expenditures at purchasers? prices (including the f.o.b. value of exports of goods and services), less the f.o.b. value of imports of goods and services. [SNA 1993]	Percent change		See notes for:  Gross domestic product, constant prices (National currency).	3.409	2.198	7.296	8.876	8.021	7.425	4.759	4.273	3.994	2.993	2.350	2.100	0.300	2.900	4.188	4.484	4.879	5.919	7.543	6.110	5.383	3.524	3.186	3.193	4.092	4.472	6.844	7.088	7.156	4.674	5.147	1.765	2.226	3.302	2.916	4.372	4.298	4.230	5.231	5.505	5.762	5.974	5.990	6.010	2017
253	SLV	NGDP_RPCH	El Salvador	Gross domestic product, constant prices	Annual percentages of constant price GDP are year-on-year changes; the base year is country-specific . Expenditure-based GDP is total final expenditures at purchasers? prices (including the f.o.b. value of exports of goods and services), less the f.o.b. value of imports of goods and services. [SNA 1993]	Percent change		See notes for:  Gross domestic product, constant prices (National currency).	-8.625	-5.725	-6.306	1.535	1.337	0.616	0.190	2.513	1.878	0.962	4.831	3.576	7.543	7.370	6.050	6.397	1.706	4.246	3.749	3.449	2.153	1.710	2.339	2.300	1.851	3.563	3.912	3.841	1.273	-3.133	1.365	2.217	1.881	1.847	1.425	2.298	2.367	2.400	2.300	2.300	2.200	2.200	2.200	2.200	2016
642	GNQ	NGDP_RPCH	Equatorial Guinea	Gross domestic product, constant prices	Annual percentages of constant price GDP are year-on-year changes; the base year is country-specific . Expenditure-based GDP is total final expenditures at purchasers? prices (including the f.o.b. value of exports of goods and services), less the f.o.b. value of imports of goods and services. [SNA 1993]	Percent change		See notes for:  Gross domestic product, constant prices (National currency).	4.839	5.769	2.202	5.004	1.011	12.905	-2.331	4.437	2.655	-1.229	2.537	-1.245	33.002	10.461	16.808	26.510	52.678	147.973	24.815	26.395	112.148	60.069	19.613	14.451	30.421	8.180	5.663	15.282	17.799	1.343	-8.924	6.524	8.313	-4.133	-0.695	-9.129	-9.685	-4.384	-8.478	-2.817	-0.026	1.662	0.307	1.037	2016
643	ERI	NGDP_RPCH	Eritrea	Gross domestic product, constant prices	Annual percentages of constant price GDP are year-on-year changes; the base year is country-specific . Expenditure-based GDP is total final expenditures at purchasers? prices (including the f.o.b. value of exports of goods and services), less the f.o.b. value of imports of goods and services. [SNA 1993]	Percent change		See notes for:  Gross domestic product, constant prices (National currency).	n/a	n/a	n/a	n/a	n/a	n/a	n/a	n/a	n/a	n/a	n/a	n/a	n/a	12.882	12.882	20.918	2.325	9.136	7.900	1.966	0.187	-12.355	8.755	3.005	-2.656	1.452	-0.969	1.427	-9.783	3.877	2.194	8.722	6.983	4.650	2.868	2.586	1.850	5.012	4.189	3.779	4.031	4.179	4.178	4.297	2006
939	EST	NGDP_RPCH	Estonia	Gross domestic product, constant prices	Annual percentages of constant price GDP are year-on-year changes; the base year is country-specific . Expenditure-based GDP is total final expenditures at purchasers? prices (including the f.o.b. value of exports of goods and services), less the f.o.b. value of imports of goods and services. [SNA 1993]	Percent change		See notes for:  Gross domestic product, constant prices (National currency).	n/a	n/a	n/a	n/a	n/a	n/a	n/a	n/a	n/a	n/a	n/a	n/a	n/a	n/a	-1.642	2.155	5.324	11.799	4.117	-0.856	10.568	6.329	6.076	7.416	6.295	9.374	10.272	7.748	-5.419	-14.724	2.259	7.597	4.307	1.937	2.891	1.674	2.063	4.854	3.925	3.218	3.020	2.961	2.913	2.861	2017
644	ETH	NGDP_RPCH	Ethiopia	Gross domestic product, constant prices	Annual percentages of constant price GDP are year-on-year changes; the base year is country-specific . Expenditure-based GDP is total final expenditures at purchasers? prices (including the f.o.b. value of exports of goods and services), less the f.o.b. value of imports of goods and services. [SNA 1993]	Percent change		See notes for:  Gross domestic product, constant prices (National currency).	3.997	--	0.961	7.845	-2.305	-11.413	9.693	13.870	0.574	-0.457	2.602	-7.218	-8.907	13.363	3.486	6.121	13.533	2.840	-4.185	6.294	9.838	7.400	1.600	-2.100	11.700	12.600	11.500	11.800	11.200	10.000	10.600	11.400	8.700	9.900	10.300	10.400	8.000	10.861	8.546	8.339	8.054	7.978	8.036	8.040	2017
819	FJI	NGDP_RPCH	Fiji	Gross domestic product, constant prices	Annual percentages of constant price GDP are year-on-year changes; the base year is country-specific . Expenditure-based GDP is total final expenditures at purchasers? prices (including the f.o.b. value of exports of goods and services), less the f.o.b. value of imports of goods and services. [SNA 1993]	Percent change		See notes for:  Gross domestic product, constant prices (National currency).	-1.694	6.004	-1.092	-4.212	10.107	-3.774	6.596	-7.194	3.462	13.888	5.802	-2.700	6.100	2.600	5.100	2.600	4.800	-2.400	1.300	8.700	-1.700	1.900	3.200	0.800	5.400	-1.300	1.900	-0.900	1.000	-1.400	3.000	2.700	1.411	4.734	5.604	3.845	0.380	3.800	3.500	3.400	3.300	3.300	3.200	3.200	2017
172	FIN	NGDP_RPCH	Finland	Gross domestic product, constant prices	Annual percentages of constant price GDP are year-on-year changes; the base year is country-specific . Expenditure-based GDP is total final expenditures at purchasers? prices (including the f.o.b. value of exports of goods and services), less the f.o.b. value of imports of goods and services. [SNA 1993]	Percent change		See notes for:  Gross domestic product, constant prices (National currency).	5.673	1.294	3.087	3.122	3.213	3.537	2.726	3.559	5.211	5.087	0.679	-5.916	-3.325	-0.734	3.940	4.206	3.658	6.253	5.428	4.444	5.635	2.581	1.680	1.994	3.926	2.781	4.055	5.185	0.721	-8.269	2.992	2.571	-1.426	-0.759	-0.632	0.135	2.135	2.990	2.588	1.953	1.519	1.260	1.179	1.194	2017
132	FRA	NGDP_RPCH	France	Gross domestic product, constant prices	Annual percentages of constant price GDP are year-on-year changes; the base year is country-specific . Expenditure-based GDP is total final expenditures at purchasers? prices (including the f.o.b. value of exports of goods and services), less the f.o.b. value of imports of goods and services. [SNA 1993]	Percent change		See notes for:  Gross domestic product, constant prices (National currency).	1.809	1.078	2.509	1.256	1.524	1.623	2.351	2.577	4.734	4.353	2.914	1.039	1.600	-0.613	2.345	2.085	1.388	2.337	3.556	3.407	3.875	1.954	1.118	0.820	2.786	1.608	2.375	2.361	0.195	-2.941	1.966	2.079	0.183	0.576	0.948	1.067	1.188	1.846	2.071	2.024	1.762	1.667	1.617	1.585	2017
646	GAB	NGDP_RPCH	Gabon	Gross domestic product, constant prices	Annual percentages of constant price GDP are year-on-year changes; the base year is country-specific . Expenditure-based GDP is total final expenditures at purchasers? prices (including the f.o.b. value of exports of goods and services), less the f.o.b. value of imports of goods and services. [SNA 1993]	Percent change		See notes for:  Gross domestic product, constant prices (National currency).	--	-4.000	4.100	2.000	4.900	5.800	-2.100	-15.400	3.500	15.431	5.147	6.124	-3.087	3.947	3.713	4.974	3.625	5.738	3.478	-8.943	-1.883	2.150	0.187	1.701	1.120	-0.786	-1.908	6.333	1.733	-2.279	6.270	7.092	5.251	5.517	4.435	3.879	2.082	0.843	2.716	3.685	4.341	4.683	4.788	4.677	2016
648	GMB	NGDP_RPCH	The Gambia	Gross domestic product, constant prices	Annual percentages of constant price GDP are year-on-year changes; the base year is country-specific . Expenditure-based GDP is total final expenditures at purchasers? prices (including the f.o.b. value of exports of goods and services), less the f.o.b. value of imports of goods and services. [SNA 1993]	Percent change		See notes for:  Gross domestic product, constant prices (National currency).	0.705	-9.523	20.759	13.518	-7.620	3.649	2.364	2.800	1.702	4.331	5.696	2.163	1.763	3.833	-3.398	3.320	2.906	1.417	6.500	6.399	5.525	5.753	-3.247	6.874	7.046	-0.942	1.124	3.631	5.735	6.450	6.526	-4.295	5.600	4.789	0.900	4.300	2.216	3.519	5.427	5.180	4.926	4.805	4.841	4.841	2016
915	GEO	NGDP_RPCH	Georgia	Gross domestic product, constant prices	Annual percentages of constant price GDP are year-on-year changes; the base year is country-specific . Expenditure-based GDP is total final expenditures at purchasers? prices (including the f.o.b. value of exports of goods and services), less the f.o.b. value of imports of goods and services. [SNA 1993]	Percent change		See notes for:  Gross domestic product, constant prices (National currency).	n/a	n/a	n/a	n/a	n/a	n/a	n/a	n/a	n/a	n/a	n/a	n/a	n/a	n/a	n/a	2.600	10.500	10.566	2.878	2.960	2.452	4.715	5.581	11.169	5.796	9.588	9.421	12.579	2.418	-3.650	6.249	7.222	6.350	3.387	4.623	2.880	2.849	4.795	4.457	4.766	4.964	5.178	5.202	5.215	2016
134	DEU	NGDP_RPCH	Germany	Gross domestic product, constant prices	Annual percentages of constant price GDP are year-on-year changes; the base year is country-specific . Expenditure-based GDP is total final expenditures at purchasers? prices (including the f.o.b. value of exports of goods and services), less the f.o.b. value of imports of goods and services. [SNA 1993]	Percent change		See notes for:  Gross domestic product, constant prices (National currency).	1.272	0.110	-0.788	1.555	2.826	2.192	2.417	1.469	3.736	3.913	5.723	5.011	1.518	-0.985	2.533	1.805	0.863	1.911	1.767	1.850	3.186	1.827	0.030	-0.719	0.700	0.877	3.874	3.370	0.816	-5.563	3.945	3.718	0.689	0.599	1.927	1.504	1.855	2.514	2.541	2.011	1.529	1.359	1.289	1.209	2017
652	GHA	NGDP_RPCH	Ghana	Gross domestic product, constant prices	Annual percentages of constant price GDP are year-on-year changes; the base year is country-specific . Expenditure-based GDP is total final expenditures at purchasers? prices (including the f.o.b. value of exports of goods and services), less the f.o.b. value of imports of goods and services. [SNA 1993]	Percent change		See notes for:  Gross domestic product, constant prices (National currency).	0.453	-3.494	-6.922	-4.841	8.962	5.092	5.199	4.795	5.628	5.086	3.329	5.300	3.899	3.720	3.613	4.236	4.648	4.845	4.694	4.429	3.736	4.182	4.548	5.248	5.578	5.868	6.250	4.347	9.150	4.844	7.900	14.047	9.293	7.313	3.987	3.835	3.722	8.439	6.293	7.598	5.479	5.112	3.188	5.145	2016
174	GRC	NGDP_RPCH	Greece	Gross domestic product, constant prices	Annual percentages of constant price GDP are year-on-year changes; the base year is country-specific . Expenditure-based GDP is total final expenditures at purchasers? prices (including the f.o.b. value of exports of goods and services), less the f.o.b. value of imports of goods and services. [SNA 1993]	Percent change		See notes for:  Gross domestic product, constant prices (National currency).	0.677	-1.556	-1.130	-1.078	2.007	2.513	0.515	-2.257	4.288	3.799	--	3.102	0.697	-1.599	2.000	2.100	2.863	4.484	3.895	3.072	3.920	4.132	3.923	5.795	5.061	0.599	5.652	3.274	-0.335	-4.301	-5.478	-9.132	-7.300	-3.242	0.740	-0.291	-0.244	1.351	2.024	1.829	1.794	1.622	1.040	1.859	2017
328	GRD	NGDP_RPCH	Grenada	Gross domestic product, constant prices	Annual percentages of constant price GDP are year-on-year changes; the base year is country-specific . Expenditure-based GDP is total final expenditures at purchasers? prices (including the f.o.b. value of exports of goods and services), less the f.o.b. value of imports of goods and services. [SNA 1993]	Percent change		See notes for:  Gross domestic product, constant prices (National currency).	15.067	1.375	4.107	3.295	3.963	5.988	7.358	9.073	2.916	3.758	4.241	1.423	-0.813	-1.956	1.838	2.196	4.386	4.916	11.808	6.981	5.063	-2.024	3.437	9.464	-0.647	13.273	-3.993	6.123	0.948	-6.614	-0.511	0.765	-1.155	2.351	7.344	6.438	3.684	3.501	3.614	3.588	2.922	2.738	2.729	2.685	2016
258	GTM	NGDP_RPCH	Guatemala	Gross domestic product, constant prices	Annual percentages of constant price GDP are year-on-year changes; the base year is country-specific . Expenditure-based GDP is total final expenditures at purchasers? prices (including the f.o.b. value of exports of goods and services), less the f.o.b. value of imports of goods and services. [SNA 1993]	Percent change		See notes for:  Gross domestic product, constant prices (National currency).	3.700	0.644	-3.542	-2.528	0.510	-0.600	0.100	3.579	3.892	3.943	3.101	3.000	4.600	3.400	3.500	4.400	2.800	4.100	4.600	3.700	2.500	2.400	3.867	2.531	3.152	3.260	5.380	6.304	3.281	0.526	2.869	4.162	2.970	3.698	4.174	4.140	3.067	2.752	3.249	3.634	3.755	3.664	3.614	3.577	2016
656	GIN	NGDP_RPCH	Guinea	Gross domestic product, constant prices	Annual percentages of constant price GDP are year-on-year changes; the base year is country-specific . Expenditure-based GDP is total final expenditures at purchasers? prices (including the f.o.b. value of exports of goods and services), less the f.o.b. value of imports of goods and services. [SNA 1993]	Percent change		See notes for:  Gross domestic product, constant prices (National currency).	2.601	0.610	1.800	1.300	1.400	5.000	3.114	3.300	6.308	4.003	4.324	2.497	3.273	5.048	4.001	4.680	4.462	5.182	3.644	3.812	2.503	3.658	5.165	1.249	2.340	2.997	2.497	6.512	4.142	-1.538	4.219	5.614	5.915	3.934	3.708	3.506	6.627	6.661	5.797	5.885	5.995	6.024	5.175	4.979	2016
654	GNB	NGDP_RPCH	Guinea-Bissau	Gross domestic product, constant prices	Annual percentages of constant price GDP are year-on-year changes; the base year is country-specific . Expenditure-based GDP is total final expenditures at purchasers? prices (including the f.o.b. value of exports of goods and services), less the f.o.b. value of imports of goods and services. [SNA 1993]	Percent change		See notes for:  Gross domestic product, constant prices (National currency).	n/a	-0.498	4.200	-3.400	5.500	4.300	-1.000	5.600	1.958	2.925	4.580	7.305	3.095	2.276	2.963	4.016	3.747	5.994	-19.224	14.189	9.032	-4.553	-5.654	0.977	9.838	7.058	2.074	3.263	3.204	3.369	4.611	8.085	-1.713	3.256	0.965	6.133	5.757	5.500	5.500	5.500	5.000	5.000	5.000	5.000	2015
336	GUY	NGDP_RPCH	Guyana	Gross domestic product, constant prices	Annual percentages of constant price GDP are year-on-year changes; the base year is country-specific . Expenditure-based GDP is total final expenditures at purchasers? prices (including the f.o.b. value of exports of goods and services), less the f.o.b. value of imports of goods and services. [SNA 1993]	Percent change		See notes for:  Gross domestic product, constant prices (National currency).	-2.076	0.562	-8.884	-11.497	2.134	0.366	-0.234	-0.130	-5.981	-4.944	-3.010	6.026	7.758	8.201	8.482	5.055	7.956	6.185	-1.707	2.986	-1.345	2.260	1.149	-0.652	1.566	-1.942	5.127	7.020	1.977	3.319	4.371	5.437	4.816	5.222	3.841	3.139	3.347	2.115	3.537	3.654	29.190	21.666	11.132	27.769	2016
263	HTI	NGDP_RPCH	Haiti	Gross domestic product, constant prices	Annual percentages of constant price GDP are year-on-year changes; the base year is country-specific . Expenditure-based GDP is total final expenditures at purchasers? prices (including the f.o.b. value of exports of goods and services), less the f.o.b. value of imports of goods and services. [SNA 1993]	Percent change		See notes for:  Gross domestic product, constant prices (National currency).	7.345	1.056	-2.797	-1.500	0.201	0.757	0.273	-0.432	0.559	-1.131	-0.440	1.262	-2.251	-4.922	-11.603	9.892	4.143	2.705	2.182	2.710	0.870	-1.044	-0.251	0.364	-3.523	1.805	2.249	3.343	0.844	3.083	-5.498	5.524	2.885	4.241	2.803	1.211	1.453	1.173	2.014	3.013	3.013	3.014	3.015	2.013	2017
268	HND	NGDP_RPCH	Honduras	Gross domestic product, constant prices	Annual percentages of constant price GDP are year-on-year changes; the base year is country-specific . Expenditure-based GDP is total final expenditures at purchasers? prices (including the f.o.b. value of exports of goods and services), less the f.o.b. value of imports of goods and services. [SNA 1993]	Percent change		See notes for:  Gross domestic product, constant prices (National currency).	0.668	2.533	-1.391	-0.924	4.346	4.188	0.723	6.031	4.610	4.326	0.097	3.252	5.624	6.230	-1.303	4.080	3.578	4.994	2.902	-1.890	7.291	2.723	3.754	4.547	6.232	6.051	6.567	6.188	4.232	-2.432	3.731	3.836	4.129	2.792	3.058	3.840	3.752	4.785	3.460	3.650	3.740	3.750	3.849	3.849	2016
532	HKG	NGDP_RPCH	Hong Kong SAR	Gross domestic product, constant prices	Annual percentages of constant price GDP are year-on-year changes; the base year is country-specific . Expenditure-based GDP is total final expenditures at purchasers? prices (including the f.o.b. value of exports of goods and services), less the f.o.b. value of imports of goods and services. [SNA 1993]	Percent change		See notes for:  Gross domestic product, constant prices (National currency).	10.340	9.193	2.886	6.015	10.002	0.715	11.104	13.395	8.512	2.277	3.830	5.702	6.235	6.201	6.036	2.374	4.259	5.100	-5.883	2.507	7.663	0.561	1.657	3.056	8.700	7.388	7.033	6.465	2.128	-2.459	6.768	4.815	1.700	3.102	2.762	2.388	2.137	3.823	3.622	3.170	3.104	3.111	3.039	2.966	2017
944	HUN	NGDP_RPCH	Hungary	Gross domestic product, constant prices	Annual percentages of constant price GDP are year-on-year changes; the base year is country-specific . Expenditure-based GDP is total final expenditures at purchasers? prices (including the f.o.b. value of exports of goods and services), less the f.o.b. value of imports of goods and services. [SNA 1993]	Percent change		See notes for:  Gross domestic product, constant prices (National currency).	0.215	2.867	2.841	0.723	2.658	-0.253	1.535	4.051	-0.065	0.736	-3.497	-11.892	-3.064	-0.576	2.947	2.541	0.014	3.340	4.236	3.187	4.209	3.841	4.528	3.849	5.005	4.388	3.851	0.435	0.856	-6.600	0.682	1.662	-1.644	2.096	4.228	3.367	2.213	3.989	3.800	3.000	2.600	2.400	2.200	2.200	2017
176	ISL	NGDP_RPCH	Iceland	Gross domestic product, constant prices	Annual percentages of constant price GDP are year-on-year changes; the base year is country-specific . Expenditure-based GDP is total final expenditures at purchasers? prices (including the f.o.b. value of exports of goods and services), less the f.o.b. value of imports of goods and services. [SNA 1993]	Percent change		See notes for:  Gross domestic product, constant prices (National currency).	5.738	4.265	2.154	-2.151	4.129	3.293	6.270	8.546	-0.090	0.258	1.169	-0.224	-3.374	1.313	3.609	0.117	4.785	4.912	7.052	3.895	4.603	3.928	0.550	2.357	8.074	6.391	5.017	9.428	1.659	-6.505	-3.606	1.963	1.319	4.308	2.200	4.311	7.481	3.642	3.227	2.997	2.798	2.749	2.581	2.647	2017
534	IND	NGDP_RPCH	India	Gross domestic product, constant prices	Annual percentages of constant price GDP are year-on-year changes; the base year is country-specific . Expenditure-based GDP is total final expenditures at purchasers? prices (including the f.o.b. value of exports of goods and services), less the f.o.b. value of imports of goods and services. [SNA 1993]	Percent change		See notes for:  Gross domestic product, constant prices (National currency).	5.281	6.006	3.476	7.289	3.821	5.254	4.777	3.965	9.628	5.947	5.534	1.057	5.482	4.750	6.659	7.575	7.550	4.050	6.184	8.463	3.975	4.944	3.907	7.944	7.849	9.285	9.264	9.801	3.891	8.480	10.260	6.638	5.456	6.386	7.410	8.155	7.113	6.741	7.355	7.785	7.916	8.084	8.149	8.198	2017
536	IDN	NGDP_RPCH	Indonesia	Gross domestic product, constant prices	Annual percentages of constant price GDP are year-on-year changes; the base year is country-specific . Expenditure-based GDP is total final expenditures at purchasers? prices (including the f.o.b. value of exports of goods and services), less the f.o.b. value of imports of goods and services. [SNA 1993]	Percent change		See notes for:  Gross domestic product, constant prices (National currency).	9.880	7.604	2.246	4.193	7.574	3.906	7.189	6.572	6.979	9.085	9.002	8.928	6.523	7.956	7.540	8.220	7.818	4.700	-13.127	0.791	4.979	3.643	4.499	4.780	5.031	5.693	5.501	6.345	7.442	4.702	6.378	6.170	6.030	5.557	5.007	4.876	5.033	5.068	5.300	5.500	5.600	5.600	5.600	5.600	2017
429	IRN	NGDP_RPCH	Islamic Republic of Iran	Gross domestic product, constant prices	Annual percentages of constant price GDP are year-on-year changes; the base year is country-specific . Expenditure-based GDP is total final expenditures at purchasers? prices (including the f.o.b. value of exports of goods and services), less the f.o.b. value of imports of goods and services. [SNA 1993]	Percent change		See notes for:  Gross domestic product, constant prices (National currency).	-18.844	-8.558	13.088	13.776	-9.883	-2.064	-9.037	2.970	-9.493	5.205	18.080	10.774	2.107	1.257	-1.489	1.023	6.215	-0.550	1.910	0.309	6.867	0.806	10.253	9.226	3.988	5.144	5.319	6.730	-0.075	0.005	5.727	3.062	-7.714	-0.325	3.215	-1.586	12.518	4.278	4.004	3.984	4.124	4.190	4.418	4.077	2017
433	IRQ	NGDP_RPCH	Iraq	Gross domestic product, constant prices	Annual percentages of constant price GDP are year-on-year changes; the base year is country-specific . Expenditure-based GDP is total final expenditures at purchasers? prices (including the f.o.b. value of exports of goods and services), less the f.o.b. value of imports of goods and services. [SNA 1993]	Percent change		See notes for:  Gross domestic product, constant prices (National currency).	n/a	n/a	n/a	n/a	n/a	n/a	n/a	n/a	n/a	n/a	n/a	n/a	n/a	n/a	n/a	n/a	n/a	n/a	n/a	24.752	-4.341	-6.569	-7.797	81.787	53.386	1.675	5.638	1.889	8.228	3.379	6.403	7.546	13.936	7.628	0.738	4.848	10.994	-0.795	3.101	4.932	2.803	2.465	2.352	2.377	2016
178	IRL	NGDP_RPCH	Ireland	Gross domestic product, constant prices	Annual percentages of constant price GDP are year-on-year changes; the base year is country-specific . Expenditure-based GDP is total final expenditures at purchasers? prices (including the f.o.b. value of exports of goods and services), less the f.o.b. value of imports of goods and services. [SNA 1993]	Percent change		See notes for:  Gross domestic product, constant prices (National currency).	2.898	2.512	1.495	-0.729	3.204	1.947	0.424	3.641	2.998	5.614	7.711	1.642	3.579	2.314	5.894	9.593	9.092	10.747	8.479	10.627	9.575	5.836	6.320	3.140	6.754	6.020	5.539	5.157	-3.932	-4.668	1.761	2.935	0.041	1.622	8.298	25.486	5.132	7.808	4.501	4.012	3.522	3.017	2.843	2.811	2017
436	ISR	NGDP_RPCH	Israel	Gross domestic product, constant prices	Annual percentages of constant price GDP are year-on-year changes; the base year is country-specific . Expenditure-based GDP is total final expenditures at purchasers? prices (including the f.o.b. value of exports of goods and services), less the f.o.b. value of imports of goods and services. [SNA 1993]	Percent change		See notes for:  Gross domestic product, constant prices (National currency).	3.568	4.723	1.424	2.586	2.210	4.451	3.551	7.490	3.564	1.419	6.633	4.618	7.155	3.771	7.011	9.654	6.014	4.042	4.161	3.523	8.812	0.093	-0.170	1.119	5.007	4.102	5.720	6.182	2.955	1.457	5.480	5.216	2.196	4.204	3.478	2.628	3.961	3.321	3.291	3.532	3.047	3.022	3.006	3.006	2017
136	ITA	NGDP_RPCH	Italy	Gross domestic product, constant prices	Annual percentages of constant price GDP are year-on-year changes; the base year is country-specific . Expenditure-based GDP is total final expenditures at purchasers? prices (including the f.o.b. value of exports of goods and services), less the f.o.b. value of imports of goods and services. [SNA 1993]	Percent change		See notes for:  Gross domestic product, constant prices (National currency).	3.430	0.844	0.414	1.169	3.226	2.798	2.860	3.192	4.194	3.388	2.053	1.534	0.773	-0.888	2.152	2.296	1.286	1.835	1.616	1.560	3.710	1.772	0.249	0.151	1.582	0.950	2.007	1.474	-1.050	-5.482	1.687	0.577	-2.819	-1.728	0.114	0.952	0.858	1.470	1.541	1.136	0.900	0.800	0.800	0.770	2016
343	JAM	NGDP_RPCH	Jamaica	Gross domestic product, constant prices	Annual percentages of constant price GDP are year-on-year changes; the base year is country-specific . Expenditure-based GDP is total final expenditures at purchasers? prices (including the f.o.b. value of exports of goods and services), less the f.o.b. value of imports of goods and services. [SNA 1993]	Percent change		See notes for:  Gross domestic product, constant prices (National currency).	-4.041	4.420	3.080	4.153	0.950	-0.900	7.000	7.700	-3.993	4.700	4.875	0.834	2.778	2.211	1.875	2.521	0.236	-1.641	-1.210	0.981	0.776	1.281	0.675	3.666	1.324	0.894	2.899	1.444	-0.819	-3.399	-1.446	1.427	-0.513	0.202	0.566	0.836	1.496	0.964	1.526	1.825	2.000	2.125	2.225	2.400	2016
158	JPN	NGDP_RPCH	Japan	Gross domestic product, constant prices	Annual percentages of constant price GDP are year-on-year changes; the base year is country-specific . Expenditure-based GDP is total final expenditures at purchasers? prices (including the f.o.b. value of exports of goods and services), less the f.o.b. value of imports of goods and services. [SNA 1993]	Percent change		See notes for:  Gross domestic product, constant prices (National currency).	3.181	4.209	3.312	3.523	4.502	5.233	3.327	4.731	6.785	4.858	4.893	3.417	0.848	-0.518	0.993	2.742	3.100	1.076	-1.128	-0.252	2.780	0.406	0.118	1.528	2.205	1.663	1.420	1.654	-1.094	-5.416	4.192	-0.115	1.495	2.000	0.375	1.354	0.938	1.713	1.213	0.924	0.323	0.674	0.515	0.515	2017
439	JOR	NGDP_RPCH	Jordan	Gross domestic product, constant prices	Annual percentages of constant price GDP are year-on-year changes; the base year is country-specific . Expenditure-based GDP is total final expenditures at purchasers? prices (including the f.o.b. value of exports of goods and services), less the f.o.b. value of imports of goods and services. [SNA 1993]	Percent change		See notes for:  Gross domestic product, constant prices (National currency).	11.173	17.183	7.026	-2.213	4.285	-2.703	5.504	2.325	1.461	-10.734	-0.280	1.620	14.351	4.485	4.979	6.189	2.075	3.322	3.012	3.382	4.252	5.269	5.786	4.180	8.559	8.136	8.093	8.176	7.232	5.477	2.311	2.587	2.651	2.829	3.096	2.383	2.013	2.300	2.500	2.700	2.900	3.000	3.000	3.000	2016
916	KAZ	NGDP_RPCH	Kazakhstan	Gross domestic product, constant prices	Annual percentages of constant price GDP are year-on-year changes; the base year is country-specific . Expenditure-based GDP is total final expenditures at purchasers? prices (including the f.o.b. value of exports of goods and services), less the f.o.b. value of imports of goods and services. [SNA 1993]	Percent change		See notes for:  Gross domestic product, constant prices (National currency).	n/a	n/a	n/a	n/a	n/a	n/a	n/a	n/a	n/a	n/a	n/a	n/a	n/a	-9.200	-12.580	-8.200	0.500	1.700	-1.900	2.700	9.800	13.500	9.800	9.300	9.600	9.700	10.700	8.900	3.300	1.200	7.300	7.500	5.000	6.000	4.300	1.200	1.083	3.987	3.163	2.833	2.901	3.123	3.385	3.368	2016
664	KEN	NGDP_RPCH	Kenya	Gross domestic product, constant prices	Annual percentages of constant price GDP are year-on-year changes; the base year is country-specific . Expenditure-based GDP is total final expenditures at purchasers? prices (including the f.o.b. value of exports of goods and services), less the f.o.b. value of imports of goods and services. [SNA 1993]	Percent change		See notes for:  Gross domestic product, constant prices (National currency).	5.572	4.100	5.052	1.593	1.600	4.073	6.982	5.811	6.091	4.554	4.134	1.339	-1.080	-0.095	2.531	4.287	4.148	0.411	2.983	2.199	0.347	3.979	0.481	2.949	4.635	5.665	5.854	6.851	0.232	3.307	8.402	6.112	4.563	5.880	5.352	5.713	5.849	4.807	5.475	6.010	6.182	6.486	6.485	6.042	2016
826	KIR	NGDP_RPCH	Kiribati	Gross domestic product, constant prices	Annual percentages of constant price GDP are year-on-year changes; the base year is country-specific . Expenditure-based GDP is total final expenditures at purchasers? prices (including the f.o.b. value of exports of goods and services), less the f.o.b. value of imports of goods and services. [SNA 1993]	Percent change		See notes for:  Gross domestic product, constant prices (National currency).	n/a	-3.483	6.791	-0.713	5.024	-6.606	-1.220	-9.166	9.149	-3.101	-1.331	0.134	1.307	1.046	1.754	-0.084	1.141	1.965	6.850	-1.771	5.956	-1.418	3.962	2.006	-1.629	4.952	-0.049	2.035	-2.092	0.803	-0.924	1.594	4.650	4.278	-0.605	10.296	1.140	3.103	2.303	2.414	2.335	1.865	1.873	1.817	2016
542	KOR	NGDP_RPCH	Korea	Gross domestic product, constant prices	Annual percentages of constant price GDP are year-on-year changes; the base year is country-specific . Expenditure-based GDP is total final expenditures at purchasers? prices (including the f.o.b. value of exports of goods and services), less the f.o.b. value of imports of goods and services. [SNA 1993]	Percent change		See notes for:  Gross domestic product, constant prices (National currency).	-1.701	7.181	8.265	13.242	10.443	7.750	11.224	12.467	11.905	7.030	9.811	10.354	6.175	6.847	9.206	9.571	7.595	5.922	-5.471	11.309	8.924	4.525	7.432	2.933	4.900	3.924	5.176	5.463	2.829	0.708	6.497	3.682	2.292	2.896	3.341	2.790	2.828	3.085	3.041	2.916	2.846	2.784	2.685	2.619	2017
967	UVK	NGDP_RPCH	Kosovo	Gross domestic product, constant prices	Annual percentages of constant price GDP are year-on-year changes; the base year is country-specific . Expenditure-based GDP is total final expenditures at purchasers? prices (including the f.o.b. value of exports of goods and services), less the f.o.b. value of imports of goods and services. [SNA 1993]	Percent change		See notes for:  Gross domestic product, constant prices (National currency).	n/a	n/a	n/a	n/a	n/a	n/a	n/a	n/a	n/a	n/a	n/a	n/a	n/a	n/a	n/a	n/a	n/a	n/a	n/a	n/a	n/a	11.358	-0.702	5.419	2.632	3.833	3.408	8.301	4.489	3.597	3.309	4.377	2.810	3.442	1.222	4.103	4.062	4.100	4.000	4.000	4.000	4.000	4.000	4.000	2016
443	KWT	NGDP_RPCH	Kuwait	Gross domestic product, constant prices	Annual percentages of constant price GDP are year-on-year changes; the base year is country-specific . Expenditure-based GDP is total final expenditures at purchasers? prices (including the f.o.b. value of exports of goods and services), less the f.o.b. value of imports of goods and services. [SNA 1993]	Percent change		See notes for:  Gross domestic product, constant prices (National currency).	-20.364	-18.921	-9.504	5.253	5.240	-4.258	8.565	8.142	-10.050	25.896	-26.229	-41.008	82.809	35.132	8.616	1.669	0.598	2.493	3.654	-1.789	4.691	0.209	3.014	17.337	10.762	10.076	7.520	5.992	2.480	-7.076	-2.371	10.931	7.861	0.365	0.621	-1.004	2.196	-2.530	1.279	3.849	3.899	4.000	3.771	2.859	2016
917	KGZ	NGDP_RPCH	Kyrgyz Republic	Gross domestic product, constant prices	Annual percentages of constant price GDP are year-on-year changes; the base year is country-specific . Expenditure-based GDP is total final expenditures at purchasers? prices (including the f.o.b. value of exports of goods and services), less the f.o.b. value of imports of goods and services. [SNA 1993]	Percent change		See notes for:  Gross domestic product, constant prices (National currency).	n/a	n/a	n/a	n/a	n/a	n/a	n/a	n/a	n/a	n/a	n/a	n/a	n/a	-13.005	-19.807	-5.424	7.085	9.915	2.122	3.656	5.443	5.322	-0.017	7.030	7.027	-0.176	3.103	8.543	7.566	2.886	-0.472	5.956	-0.088	10.915	4.024	3.876	3.826	4.490	3.337	4.949	4.583	4.013	4.838	3.334	2016
544	LAO	NGDP_RPCH	Lao P.D.R.	Gross domestic product, constant prices	Annual percentages of constant price GDP are year-on-year changes; the base year is country-specific . Expenditure-based GDP is total final expenditures at purchasers? prices (including the f.o.b. value of exports of goods and services), less the f.o.b. value of imports of goods and services. [SNA 1993]	Percent change		See notes for:  Gross domestic product, constant prices (National currency).	10.004	15.332	4.715	3.000	6.438	9.122	4.829	-0.960	-2.100	9.893	6.686	3.999	6.999	5.867	8.160	7.045	6.892	6.907	4.279	4.028	6.429	4.772	6.809	6.179	7.187	6.940	8.954	7.851	7.822	7.373	8.018	7.986	7.805	8.026	7.612	7.270	7.023	6.830	6.810	7.017	6.999	6.910	6.826	6.798	2016
941	LVA	NGDP_RPCH	Latvia	Gross domestic product, constant prices	Annual percentages of constant price GDP are year-on-year changes; the base year is country-specific . Expenditure-based GDP is total final expenditures at purchasers? prices (including the f.o.b. value of exports of goods and services), less the f.o.b. value of imports of goods and services. [SNA 1993]	Percent change		See notes for:  Gross domestic product, constant prices (National currency).	n/a	n/a	n/a	n/a	n/a	n/a	n/a	n/a	n/a	n/a	n/a	n/a	n/a	-11.400	2.200	-2.084	2.359	8.974	6.522	2.619	5.407	6.461	7.103	8.431	8.336	10.697	11.889	9.979	-3.548	-14.402	-3.941	6.381	4.035	2.430	1.858	2.972	2.213	4.549	3.994	3.503	3.303	3.231	3.087	3.025	2017
446	LBN	NGDP_RPCH	Lebanon	Gross domestic product, constant prices	Annual percentages of constant price GDP are year-on-year changes; the base year is country-specific . Expenditure-based GDP is total final expenditures at purchasers? prices (including the f.o.b. value of exports of goods and services), less the f.o.b. value of imports of goods and services. [SNA 1993]	Percent change		See notes for:  Gross domestic product, constant prices (National currency).	1.467	0.550	-36.789	22.710	44.479	24.300	-6.773	16.729	-28.209	-42.195	-13.421	38.200	4.495	7.000	8.030	6.493	4.038	10.190	3.900	-0.800	1.100	3.900	3.400	1.700	6.000	2.748	1.701	9.341	9.249	10.054	8.037	0.918	2.804	2.636	2.003	0.816	1.000	1.200	1.500	1.800	2.200	2.600	2.850	2.850	2013
666	LSO	NGDP_RPCH	Lesotho	Gross domestic product, constant prices	Annual percentages of constant price GDP are year-on-year changes; the base year is country-specific . Expenditure-based GDP is total final expenditures at purchasers? prices (including the f.o.b. value of exports of goods and services), less the f.o.b. value of imports of goods and services. [SNA 1993]	Percent change		See notes for:  Gross domestic product, constant prices (National currency).	-0.825	3.079	5.556	2.980	4.329	3.309	4.072	2.140	7.738	5.520	5.191	4.767	6.222	3.847	4.475	2.814	4.921	3.482	1.404	1.590	4.904	3.276	1.576	4.071	2.398	3.112	4.417	4.993	5.536	3.149	6.289	6.664	4.913	2.167	2.967	2.486	3.061	3.091	1.659	2.556	2.117	2.865	3.530	1.831	2016
668	LBR	NGDP_RPCH	Liberia	Gross domestic product, constant prices	Annual percentages of constant price GDP are year-on-year changes; the base year is country-specific . Expenditure-based GDP is total final expenditures at purchasers? prices (including the f.o.b. value of exports of goods and services), less the f.o.b. value of imports of goods and services. [SNA 1993]	Percent change		See notes for:  Gross domestic product, constant prices (National currency).	n/a	n/a	n/a	n/a	n/a	n/a	n/a	n/a	n/a	n/a	n/a	n/a	n/a	n/a	n/a	n/a	n/a	n/a	n/a	n/a	n/a	2.758	4.431	-28.974	3.971	5.856	8.480	13.103	6.105	5.192	6.351	7.700	8.420	8.836	0.695	0.007	-1.630	2.469	3.240	4.720	4.797	5.274	5.177	5.319	2016
672	LBY	NGDP_RPCH	Libya	Gross domestic product, constant prices	Annual percentages of constant price GDP are year-on-year changes; the base year is country-specific . Expenditure-based GDP is total final expenditures at purchasers? prices (including the f.o.b. value of exports of goods and services), less the f.o.b. value of imports of goods and services. [SNA 1993]	Percent change		See notes for:  Gross domestic product, constant prices (National currency).	0.606	-20.040	1.518	-4.709	-8.306	0.607	-11.353	-14.702	7.579	7.199	3.720	15.655	-2.712	-3.763	1.935	-12.397	2.633	-0.607	-0.377	0.462	3.681	-1.764	-0.959	13.016	4.461	11.870	6.500	6.354	2.666	-2.988	3.176	-66.657	124.709	-36.829	-53.017	-13.023	-7.389	70.804	16.437	1.366	1.401	1.437	1.473	1.510	2016
946	LTU	NGDP_RPCH	Lithuania	Gross domestic product, constant prices	Annual percentages of constant price GDP are year-on-year changes; the base year is country-specific . Expenditure-based GDP is total final expenditures at purchasers? prices (including the f.o.b. value of exports of goods and services), less the f.o.b. value of imports of goods and services. [SNA 1993]	Percent change		See notes for:  Gross domestic product, constant prices (National currency).	n/a	n/a	n/a	n/a	n/a	n/a	n/a	n/a	n/a	n/a	n/a	n/a	n/a	n/a	n/a	n/a	5.239	8.293	7.467	-1.134	3.832	6.524	6.761	10.538	6.550	7.728	7.406	11.087	2.628	-14.814	1.639	6.043	3.827	3.499	3.537	2.035	2.345	3.829	3.155	3.046	2.759	2.693	2.568	2.479	2017
137	LUX	NGDP_RPCH	Luxembourg	Gross domestic product, constant prices	Annual percentages of constant price GDP are year-on-year changes; the base year is country-specific . Expenditure-based GDP is total final expenditures at purchasers? prices (including the f.o.b. value of exports of goods and services), less the f.o.b. value of imports of goods and services. [SNA 1993]	Percent change		See notes for:  Gross domestic product, constant prices (National currency).	3.170	0.798	1.039	1.887	4.730	5.596	9.983	3.951	8.464	9.798	5.320	8.645	1.819	4.201	3.821	1.432	1.515	5.937	6.492	8.421	8.442	2.532	3.820	1.629	3.612	3.172	5.179	8.355	-1.280	-4.359	4.866	2.540	-0.352	3.654	5.772	2.862	3.082	3.541	4.301	3.745	3.279	3.194	3.055	3.003	2016
546	MAC	NGDP_RPCH	Macao SAR	Gross domestic product, constant prices	Annual percentages of constant price GDP are year-on-year changes; the base year is country-specific . Expenditure-based GDP is total final expenditures at purchasers? prices (including the f.o.b. value of exports of goods and services), less the f.o.b. value of imports of goods and services. [SNA 1993]	Percent change		See notes for:  Gross domestic product, constant prices (National currency).	n/a	n/a	n/a	n/a	n/a	n/a	n/a	n/a	n/a	n/a	n/a	n/a	n/a	n/a	n/a	n/a	n/a	n/a	n/a	n/a	n/a	n/a	8.948	11.653	26.755	8.060	13.314	14.447	3.394	1.321	25.264	21.673	9.237	11.200	-1.201	-21.594	-0.863	9.258	6.977	6.092	5.095	4.308	4.275	4.266	2016
962	MKD	NGDP_RPCH	FYR Macedonia	Gross domestic product, constant prices	Annual percentages of constant price GDP are year-on-year changes; the base year is country-specific . Expenditure-based GDP is total final expenditures at purchasers? prices (including the f.o.b. value of exports of goods and services), less the f.o.b. value of imports of goods and services. [SNA 1993]	Percent change		See notes for:  Gross domestic product, constant prices (National currency).	n/a	n/a	n/a	n/a	n/a	n/a	n/a	n/a	n/a	n/a	n/a	n/a	n/a	-7.500	-1.800	-1.100	1.200	1.351	3.381	4.348	4.539	-3.067	1.494	2.223	4.674	4.724	5.137	6.473	5.472	-0.359	3.359	2.340	-0.456	2.925	3.629	3.856	2.910	0.020	2.800	3.000	3.200	3.400	3.500	3.500	2017
674	MDG	NGDP_RPCH	Madagascar	Gross domestic product, constant prices	Annual percentages of constant price GDP are year-on-year changes; the base year is country-specific . Expenditure-based GDP is total final expenditures at purchasers? prices (including the f.o.b. value of exports of goods and services), less the f.o.b. value of imports of goods and services. [SNA 1993]	Percent change		See notes for:  Gross domestic product, constant prices (National currency).	0.788	-9.800	-1.900	0.900	1.760	1.156	1.960	1.175	3.407	4.075	3.129	-6.306	1.181	2.100	-0.042	1.679	2.154	3.693	3.917	4.699	4.457	5.980	-12.408	9.785	5.257	4.756	5.399	6.420	7.207	-4.726	0.263	1.455	3.027	2.255	3.316	3.117	4.180	4.086	5.097	5.589	5.401	5.198	5.045	5.053	2015
676	MWI	NGDP_RPCH	Malawi	Gross domestic product, constant prices	Annual percentages of constant price GDP are year-on-year changes; the base year is country-specific . Expenditure-based GDP is total final expenditures at purchasers? prices (including the f.o.b. value of exports of goods and services), less the f.o.b. value of imports of goods and services. [SNA 1993]	Percent change		See notes for:  Gross domestic product, constant prices (National currency).	0.395	-5.245	2.516	3.694	5.373	4.571	-0.215	1.625	3.177	1.345	5.692	8.730	-7.333	9.692	-10.313	13.830	9.979	6.587	1.061	3.541	0.775	-4.076	1.760	5.706	5.420	3.269	4.700	9.600	7.640	8.328	6.874	4.854	1.886	5.200	5.700	2.950	2.270	4.000	3.500	4.500	5.000	5.500	6.000	6.500	2011
548	MYS	NGDP_RPCH	Malaysia	Gross domestic product, constant prices	Annual percentages of constant price GDP are year-on-year changes; the base year is country-specific . Expenditure-based GDP is total final expenditures at purchasers? prices (including the f.o.b. value of exports of goods and services), less the f.o.b. value of imports of goods and services. [SNA 1993]	Percent change		See notes for:  Gross domestic product, constant prices (National currency).	7.444	6.942	5.941	6.250	7.762	-0.876	1.153	5.389	9.938	9.060	9.007	9.547	8.886	9.896	9.211	9.830	10.002	7.327	-7.359	6.131	8.671	0.518	5.391	5.789	6.783	4.976	5.584	6.299	4.832	-1.514	7.528	5.294	5.473	4.694	6.007	5.028	4.220	5.902	5.270	4.970	4.900	4.700	4.870	4.940	2017
556	MDV	NGDP_RPCH	Maldives	Gross domestic product, constant prices	Annual percentages of constant price GDP are year-on-year changes; the base year is country-specific . Expenditure-based GDP is total final expenditures at purchasers? prices (including the f.o.b. value of exports of goods and services), less the f.o.b. value of imports of goods and services. [SNA 1993]	Percent change		See notes for:  Gross domestic product, constant prices (National currency).	18.803	7.886	7.466	4.414	17.379	13.801	8.596	8.866	8.722	9.292	-4.049	6.896	6.467	5.417	7.505	7.377	9.084	10.405	9.789	7.230	4.770	3.452	6.098	25.394	5.943	-13.394	25.788	8.130	9.517	-6.629	7.093	8.431	2.331	7.105	7.565	2.246	4.481	4.834	5.012	5.015	5.460	5.464	5.500	5.373	2016
678	MLI	NGDP_RPCH	Mali	Gross domestic product, constant prices	Annual percentages of constant price GDP are year-on-year changes; the base year is country-specific . Expenditure-based GDP is total final expenditures at purchasers? prices (including the f.o.b. value of exports of goods and services), less the f.o.b. value of imports of goods and services. [SNA 1993]	Percent change		See notes for:  Gross domestic product, constant prices (National currency).	3.299	-4.542	-11.557	3.229	2.419	3.243	6.104	2.479	0.054	10.692	9.310	7.680	-1.562	3.561	3.802	2.997	7.281	4.797	2.926	6.245	-0.061	15.376	3.106	9.119	1.560	6.535	4.662	3.494	4.773	4.679	5.413	3.240	-0.836	2.304	7.043	5.963	5.789	5.300	5.000	4.700	4.700	4.700	4.700	4.700	2016
181	MLT	NGDP_RPCH	Malta	Gross domestic product, constant prices	Annual percentages of constant price GDP are year-on-year changes; the base year is country-specific . Expenditure-based GDP is total final expenditures at purchasers? prices (including the f.o.b. value of exports of goods and services), less the f.o.b. value of imports of goods and services. [SNA 1993]	Percent change		See notes for:  Gross domestic product, constant prices (National currency).	n/a	n/a	n/a	n/a	n/a	n/a	n/a	n/a	n/a	n/a	n/a	n/a	n/a	n/a	n/a	n/a	n/a	n/a	n/a	n/a	n/a	0.627	2.923	2.514	0.472	3.819	1.852	3.962	3.321	-2.445	3.543	1.326	2.691	4.658	8.124	9.889	5.488	6.573	5.651	4.597	4.026	3.503	3.211	3.198	2017
867	MHL	NGDP_RPCH	Marshall Islands	Gross domestic product, constant prices	Annual percentages of constant price GDP are year-on-year changes; the base year is country-specific . Expenditure-based GDP is total final expenditures at purchasers? prices (including the f.o.b. value of exports of goods and services), less the f.o.b. value of imports of goods and services. [SNA 1993]	Percent change		See notes for:  Gross domestic product, constant prices (National currency).	n/a	n/a	n/a	n/a	n/a	n/a	n/a	n/a	n/a	n/a	n/a	n/a	n/a	n/a	n/a	n/a	n/a	n/a	-2.363	6.038	5.393	2.610	0.293	-0.084	2.915	1.437	3.653	-1.645	-1.636	6.454	1.207	3.458	2.860	-0.757	-0.365	1.910	2.035	1.908	1.800	1.663	1.624	1.517	1.517	1.517	2017
682	MRT	NGDP_RPCH	Mauritania	Gross domestic product, constant prices	Annual percentages of constant price GDP are year-on-year changes; the base year is country-specific . Expenditure-based GDP is total final expenditures at purchasers? prices (including the f.o.b. value of exports of goods and services), less the f.o.b. value of imports of goods and services. [SNA 1993]	Percent change		See notes for:  Gross domestic product, constant prices (National currency).	n/a	n/a	n/a	n/a	n/a	n/a	n/a	n/a	n/a	n/a	n/a	0.000	1.772	5.874	-3.061	9.820	5.819	-4.045	2.778	7.713	-0.430	2.009	0.665	5.979	5.747	8.969	18.869	2.818	1.080	-1.042	4.774	4.704	5.795	6.090	5.580	0.844	1.626	3.211	2.700	4.486	7.514	7.232	5.860	5.269	2014
684	MUS	NGDP_RPCH	Mauritius	Gross domestic product, constant prices	Annual percentages of constant price GDP are year-on-year changes; the base year is country-specific . Expenditure-based GDP is total final expenditures at purchasers? prices (including the f.o.b. value of exports of goods and services), less the f.o.b. value of imports of goods and services. [SNA 1993]	Percent change		See notes for:  Gross domestic product, constant prices (National currency).	-10.060	5.882	5.497	0.384	4.775	6.876	9.742	10.163	6.791	4.465	7.187	4.435	6.513	5.082	4.136	4.288	5.588	5.687	6.072	2.611	8.192	3.214	1.627	5.984	4.299	1.453	4.514	5.890	5.512	3.049	4.100	3.890	3.222	3.189	3.624	3.500	3.900	3.900	3.931	4.011	4.011	4.011	4.011	4.011	2016
273	MEX	NGDP_RPCH	Mexico	Gross domestic product, constant prices	Annual percentages of constant price GDP are year-on-year changes; the base year is country-specific . Expenditure-based GDP is total final expenditures at purchasers? prices (including the f.o.b. value of exports of goods and services), less the f.o.b. value of imports of goods and services. [SNA 1993]	Percent change		See notes for:  Gross domestic product, constant prices (National currency).	9.482	8.526	-0.521	-3.486	3.411	2.188	-3.079	1.722	1.283	4.106	5.176	4.215	3.541	2.738	4.941	-6.291	6.773	6.847	5.164	2.754	4.942	-0.404	-0.040	1.446	3.921	2.308	4.495	2.291	1.144	-5.286	5.118	3.663	3.642	1.354	2.845	3.270	2.913	2.037	2.286	3.042	2.964	2.928	2.939	2.857	2016
868	FSM	NGDP_RPCH	Micronesia	Gross domestic product, constant prices	Annual percentages of constant price GDP are year-on-year changes; the base year is country-specific . Expenditure-based GDP is total final expenditures at purchasers? prices (including the f.o.b. value of exports of goods and services), less the f.o.b. value of imports of goods and services. [SNA 1993]	Percent change		See notes for:  Gross domestic product, constant prices (National currency).	n/a	n/a	n/a	n/a	n/a	n/a	n/a	n/a	n/a	n/a	n/a	n/a	n/a	n/a	n/a	n/a	-3.054	-6.042	2.710	1.565	4.844	2.058	0.576	1.596	-3.101	2.037	-0.122	-1.917	-2.245	1.234	3.277	0.976	-1.652	-2.991	-2.492	3.854	2.934	2.015	1.374	0.920	0.698	0.703	0.600	0.600	2015
921	MDA	NGDP_RPCH	Moldova	Gross domestic product, constant prices	Annual percentages of constant price GDP are year-on-year changes; the base year is country-specific . Expenditure-based GDP is total final expenditures at purchasers? prices (including the f.o.b. value of exports of goods and services), less the f.o.b. value of imports of goods and services. [SNA 1993]	Percent change		See notes for:  Gross domestic product, constant prices (National currency).	n/a	n/a	n/a	n/a	n/a	n/a	n/a	n/a	n/a	n/a	n/a	n/a	n/a	-1.200	-30.900	-1.428	-5.877	1.647	-6.542	-3.368	2.108	6.141	7.810	6.623	7.363	7.501	4.785	2.998	7.838	-5.990	7.094	6.816	-0.733	9.400	4.793	-0.400	4.270	4.000	3.540	3.800	3.800	3.900	3.900	3.900	2016
948	MNG	NGDP_RPCH	Mongolia	Gross domestic product, constant prices	Annual percentages of constant price GDP are year-on-year changes; the base year is country-specific . Expenditure-based GDP is total final expenditures at purchasers? prices (including the f.o.b. value of exports of goods and services), less the f.o.b. value of imports of goods and services. [SNA 1993]	Percent change		See notes for:  Gross domestic product, constant prices (National currency).	6.443	8.376	8.331	5.792	5.914	5.679	9.426	3.542	5.146	4.183	-2.486	-9.199	-9.256	-3.169	2.134	6.376	2.235	3.897	3.340	3.070	1.146	4.639	5.267	7.357	9.425	6.507	8.163	8.757	7.819	-2.069	7.313	17.291	12.320	11.649	7.885	2.380	1.243	5.147	5.024	6.319	5.000	5.800	8.200	7.000	2016
943	MNE	NGDP_RPCH	Montenegro	Gross domestic product, constant prices	Annual percentages of constant price GDP are year-on-year changes; the base year is country-specific . Expenditure-based GDP is total final expenditures at purchasers? prices (including the f.o.b. value of exports of goods and services), less the f.o.b. value of imports of goods and services. [SNA 1993]	Percent change		See notes for:  Gross domestic product, constant prices (National currency).	n/a	n/a	n/a	n/a	n/a	n/a	n/a	n/a	n/a	n/a	n/a	n/a	n/a	n/a	n/a	n/a	n/a	n/a	n/a	n/a	n/a	1.100	1.900	2.500	4.400	4.200	8.600	6.800	7.200	-5.800	2.700	3.200	-2.724	3.549	1.784	3.390	2.949	4.200	3.060	2.396	3.021	3.093	3.306	2.955	2016
686	MAR	NGDP_RPCH	Morocco	Gross domestic product, constant prices	Annual percentages of constant price GDP are year-on-year changes; the base year is country-specific . Expenditure-based GDP is total final expenditures at purchasers? prices (including the f.o.b. value of exports of goods and services), less the f.o.b. value of imports of goods and services. [SNA 1993]	Percent change		See notes for:  Gross domestic product, constant prices (National currency).	3.792	-2.765	9.619	-0.557	4.337	6.324	8.300	-2.544	10.415	2.366	4.035	7.216	-2.098	-0.741	10.588	-5.405	12.373	-1.561	7.239	1.081	1.913	7.320	3.121	5.961	4.797	3.292	7.575	3.532	5.923	4.244	3.816	5.246	3.010	4.535	2.669	4.550	1.222	4.219	3.074	4.032	4.186	4.452	4.563	4.579	2016
688	MOZ	NGDP_RPCH	Mozambique	Gross domestic product, constant prices	Annual percentages of constant price GDP are year-on-year changes; the base year is country-specific . Expenditure-based GDP is total final expenditures at purchasers? prices (including the f.o.b. value of exports of goods and services), less the f.o.b. value of imports of goods and services. [SNA 1993]	Percent change		See notes for:  Gross domestic product, constant prices (National currency).	4.228	5.000	-6.900	-15.700	-6.500	1.000	-2.300	14.700	8.200	6.500	1.000	6.552	-5.231	8.767	6.159	2.237	26.845	10.842	11.859	7.823	1.679	12.721	8.794	6.501	7.811	8.721	9.851	7.426	6.876	6.351	6.688	7.118	7.198	7.141	7.444	6.594	3.763	2.950	2.955	2.500	2.369	2.269	2.189	9.938	2016
518	MMR	NGDP_RPCH	Myanmar	Gross domestic product, constant prices	Annual percentages of constant price GDP are year-on-year changes; the base year is country-specific . Expenditure-based GDP is total final expenditures at purchasers? prices (including the f.o.b. value of exports of goods and services), less the f.o.b. value of imports of goods and services. [SNA 1993]	Percent change		See notes for:  Gross domestic product, constant prices (National currency).	n/a	n/a	n/a	n/a	n/a	n/a	n/a	n/a	n/a	n/a	n/a	n/a	n/a	n/a	n/a	n/a	n/a	n/a	5.773	10.945	13.746	11.344	12.026	13.844	13.565	13.569	13.076	11.991	3.600	5.144	5.345	5.591	7.333	8.426	7.991	6.993	5.871	6.720	6.900	7.037	7.169	7.266	7.372	7.510	2017
728	NAM	NGDP_RPCH	Namibia	Gross domestic product, constant prices	Annual percentages of constant price GDP are year-on-year changes; the base year is country-specific . Expenditure-based GDP is total final expenditures at purchasers? prices (including the f.o.b. value of exports of goods and services), less the f.o.b. value of imports of goods and services. [SNA 1993]	Percent change		See notes for:  Gross domestic product, constant prices (National currency).	n/a	n/a	n/a	n/a	n/a	n/a	n/a	n/a	n/a	n/a	n/a	5.343	9.270	-1.620	3.005	4.115	3.196	4.216	3.291	3.366	3.497	2.393	6.680	3.477	6.632	4.670	3.948	3.646	2.650	0.296	6.039	5.091	5.062	5.615	6.352	5.991	1.082	-1.156	1.219	3.260	3.778	3.465	3.457	3.501	2016
836	NRU	NGDP_RPCH	Nauru	Gross domestic product, constant prices	Annual percentages of constant price GDP are year-on-year changes; the base year is country-specific . Expenditure-based GDP is total final expenditures at purchasers? prices (including the f.o.b. value of exports of goods and services), less the f.o.b. value of imports of goods and services. [SNA 1993]	Percent change		See notes for:  Gross domestic product, constant prices (National currency).	n/a	n/a	n/a	n/a	n/a	n/a	n/a	n/a	n/a	n/a	n/a	n/a	n/a	n/a	n/a	n/a	n/a	n/a	n/a	n/a	n/a	n/a	n/a	n/a	n/a	-0.601	8.842	-24.905	34.419	8.660	13.551	11.684	10.087	34.215	36.524	2.808	10.404	3.960	-3.000	0.000	1.545	2.000	2.019	2.003	2016
558	NPL	NGDP_RPCH	Nepal	Gross domestic product, constant prices	Annual percentages of constant price GDP are year-on-year changes; the base year is country-specific . Expenditure-based GDP is total final expenditures at purchasers? prices (including the f.o.b. value of exports of goods and services), less the f.o.b. value of imports of goods and services. [SNA 1993]	Percent change		See notes for:  Gross domestic product, constant prices (National currency).	-2.320	8.341	3.780	-2.978	9.681	6.145	4.566	1.700	7.697	4.328	4.635	6.366	4.108	3.847	8.219	3.468	5.338	5.261	2.943	4.483	6.116	5.629	0.120	3.945	4.683	3.479	3.365	3.412	6.105	4.533	4.816	3.422	4.781	4.129	5.989	3.323	0.413	7.499	4.961	3.967	3.797	3.814	3.831	3.800	2016
138	NLD	NGDP_RPCH	Netherlands	Gross domestic product, constant prices	Annual percentages of constant price GDP are year-on-year changes; the base year is country-specific . Expenditure-based GDP is total final expenditures at purchasers? prices (including the f.o.b. value of exports of goods and services), less the f.o.b. value of imports of goods and services. [SNA 1993]	Percent change		See notes for:  Gross domestic product, constant prices (National currency).	n/a	-0.514	-1.283	1.758	3.119	2.656	3.125	1.850	4.586	4.421	4.182	2.440	1.706	1.256	2.960	2.564	3.562	4.297	4.531	5.048	4.245	2.128	0.103	0.285	2.028	2.156	3.520	3.696	1.708	-3.773	1.401	1.664	-1.057	-0.189	1.421	2.260	2.211	3.108	3.186	2.402	2.075	2.003	1.898	1.888	2017
196	NZL	NGDP_RPCH	New Zealand	Gross domestic product, constant prices	Annual percentages of constant price GDP are year-on-year changes; the base year is country-specific . Expenditure-based GDP is total final expenditures at purchasers? prices (including the f.o.b. value of exports of goods and services), less the f.o.b. value of imports of goods and services. [SNA 1993]	Percent change		See notes for:  Gross domestic product, constant prices (National currency).	1.009	2.961	2.878	-0.124	6.858	1.213	1.810	2.436	0.555	1.501	1.062	-2.179	0.864	4.876	6.657	4.329	3.744	3.014	0.773	4.451	4.139	2.183	5.083	4.594	4.413	2.555	2.745	3.963	-0.406	0.326	2.004	1.868	2.549	2.190	3.166	4.166	4.152	3.035	2.918	2.872	2.999	2.870	2.517	2.383	2017
278	NIC	NGDP_RPCH	Nicaragua	Gross domestic product, constant prices	Annual percentages of constant price GDP are year-on-year changes; the base year is country-specific . Expenditure-based GDP is total final expenditures at purchasers? prices (including the f.o.b. value of exports of goods and services), less the f.o.b. value of imports of goods and services. [SNA 1993]	Percent change		See notes for:  Gross domestic product, constant prices (National currency).	4.612	5.361	-0.817	4.615	-1.566	-4.084	-1.015	-0.706	-12.400	-1.694	-0.132	-0.154	0.400	-0.400	5.000	5.912	6.344	3.967	3.712	7.036	4.102	2.961	0.754	2.521	5.312	4.282	3.805	5.076	3.436	-3.293	4.410	6.317	6.496	4.927	4.785	4.853	4.702	4.900	4.700	4.500	4.500	4.500	4.500	4.500	2016
692	NER	NGDP_RPCH	Niger	Gross domestic product, constant prices	Annual percentages of constant price GDP are year-on-year changes; the base year is country-specific . Expenditure-based GDP is total final expenditures at purchasers? prices (including the f.o.b. value of exports of goods and services), less the f.o.b. value of imports of goods and services. [SNA 1993]	Percent change		See notes for:  Gross domestic product, constant prices (National currency).	4.886	-0.178	2.174	-3.864	-16.820	7.718	6.352	0.088	6.871	0.957	-1.308	2.490	-6.516	1.449	4.005	-6.611	5.089	0.496	12.712	0.994	-2.584	8.040	5.338	7.055	-0.825	8.416	5.807	3.166	9.650	-0.712	8.360	2.209	11.850	5.268	7.529	3.961	5.032	5.175	5.117	5.379	5.554	7.207	5.985	5.592	2016
694	NGA	NGDP_RPCH	Nigeria	Gross domestic product, constant prices	Annual percentages of constant price GDP are year-on-year changes; the base year is country-specific . Expenditure-based GDP is total final expenditures at purchasers? prices (including the f.o.b. value of exports of goods and services), less the f.o.b. value of imports of goods and services. [SNA 1993]	Percent change		See notes for:  Gross domestic product, constant prices (National currency).	n/a	n/a	n/a	n/a	n/a	n/a	n/a	n/a	n/a	n/a	n/a	-0.552	2.193	1.569	0.257	1.872	4.052	2.886	2.496	0.522	5.518	6.667	14.604	9.503	10.442	7.008	6.726	7.318	7.199	8.353	11.259	4.887	4.279	5.394	6.310	2.653	-1.617	0.815	2.117	1.921	2.078	2.020	1.980	1.954	2017
142	NOR	NGDP_RPCH	Norway	Gross domestic product, constant prices	Annual percentages of constant price GDP are year-on-year changes; the base year is country-specific . Expenditure-based GDP is total final expenditures at purchasers? prices (including the f.o.b. value of exports of goods and services), less the f.o.b. value of imports of goods and services. [SNA 1993]	Percent change		See notes for:  Gross domestic product, constant prices (National currency).	4.515	1.598	0.235	3.973	6.052	5.553	4.042	1.753	-0.255	1.038	1.932	3.085	3.574	2.845	5.055	4.154	5.028	5.285	2.624	2.013	3.205	2.085	1.438	0.920	3.959	2.625	2.395	2.985	0.481	-1.691	0.692	0.972	2.722	1.044	1.975	1.970	1.091	1.814	2.130	2.081	1.928	1.857	1.869	1.880	2017
449	OMN	NGDP_RPCH	Oman	Gross domestic product, constant prices	Annual percentages of constant price GDP are year-on-year changes; the base year is country-specific . Expenditure-based GDP is total final expenditures at purchasers? prices (including the f.o.b. value of exports of goods and services), less the f.o.b. value of imports of goods and services. [SNA 1993]	Percent change		See notes for:  Gross domestic product, constant prices (National currency).	6.079	17.096	11.501	15.947	13.904	14.523	2.145	-3.992	5.245	2.983	8.378	6.044	8.492	6.144	3.845	4.831	2.889	6.178	2.704	0.332	6.549	4.483	-1.101	-2.667	1.291	2.490	5.373	4.452	8.201	6.112	4.803	-1.107	9.332	4.373	2.752	4.739	1.782	-0.273	2.079	4.169	2.229	1.819	2.230	2.271	2015
564	PAK	NGDP_RPCH	Pakistan	Gross domestic product, constant prices	Annual percentages of constant price GDP are year-on-year changes; the base year is country-specific . Expenditure-based GDP is total final expenditures at purchasers? prices (including the f.o.b. value of exports of goods and services), less the f.o.b. value of imports of goods and services. [SNA 1993]	Percent change		See notes for:  Gross domestic product, constant prices (National currency).	6.912	6.208	7.562	6.788	3.973	8.708	6.363	5.811	6.436	4.808	4.589	5.127	7.569	2.097	4.369	5.062	6.599	1.703	3.494	4.182	3.908	1.967	3.112	4.726	7.483	8.958	5.818	5.537	4.988	0.361	2.581	3.624	3.837	3.683	4.053	4.058	4.506	5.277	5.570	4.700	4.900	5.000	5.000	5.000	2016
565	PLW	NGDP_RPCH	Palau	Gross domestic product, constant prices	Annual percentages of constant price GDP are year-on-year changes; the base year is country-specific . Expenditure-based GDP is total final expenditures at purchasers? prices (including the f.o.b. value of exports of goods and services), less the f.o.b. value of imports of goods and services. [SNA 1993]	Percent change		See notes for:  Gross domestic product, constant prices (National currency).	n/a	n/a	n/a	n/a	n/a	n/a	n/a	n/a	n/a	n/a	n/a	n/a	n/a	n/a	n/a	n/a	n/a	n/a	n/a	n/a	n/a	3.020	6.553	-6.223	7.206	1.316	-2.635	-0.052	-5.785	-9.146	3.000	5.099	3.853	-2.068	5.443	11.385	0.531	-0.996	1.000	4.000	2.000	2.000	2.000	2.000	2016
283	PAN	NGDP_RPCH	Panama	Gross domestic product, constant prices	Annual percentages of constant price GDP are year-on-year changes; the base year is country-specific . Expenditure-based GDP is total final expenditures at purchasers? prices (including the f.o.b. value of exports of goods and services), less the f.o.b. value of imports of goods and services. [SNA 1993]	Percent change		See notes for:  Gross domestic product, constant prices (National currency).	4.500	9.207	5.348	-4.491	2.709	4.942	3.568	-1.809	-13.380	1.562	8.099	9.418	8.203	5.456	2.849	1.752	7.371	6.467	7.342	3.900	2.723	0.567	2.238	4.221	7.510	7.187	8.532	12.115	8.630	1.610	5.755	11.808	9.237	6.630	6.037	5.780	4.989	5.357	5.600	5.800	5.600	5.500	5.500	5.500	2017
853	PNG	NGDP_RPCH	Papua New Guinea	Gross domestic product, constant prices	Annual percentages of constant price GDP are year-on-year changes; the base year is country-specific . Expenditure-based GDP is total final expenditures at purchasers? prices (including the f.o.b. value of exports of goods and services), less the f.o.b. value of imports of goods and services. [SNA 1993]	Percent change		See notes for:  Gross domestic product, constant prices (National currency).	-2.309	1.149	0.832	3.438	-0.983	3.578	5.654	2.762	2.909	-1.424	-2.996	9.550	13.828	18.206	5.946	-3.446	6.599	-6.343	4.682	1.856	-2.455	-0.045	2.008	4.388	0.570	3.924	2.294	11.094	-0.297	6.805	10.125	1.107	4.649	3.830	12.530	7.961	2.405	2.467	2.929	2.641	2.908	3.247	3.305	3.281	2015
288	PRY	NGDP_RPCH	Paraguay	Gross domestic product, constant prices	Annual percentages of constant price GDP are year-on-year changes; the base year is country-specific . Expenditure-based GDP is total final expenditures at purchasers? prices (including the f.o.b. value of exports of goods and services), less the f.o.b. value of imports of goods and services. [SNA 1993]	Percent change		See notes for:  Gross domestic product, constant prices (National currency).	11.712	9.170	-1.398	-3.043	2.817	3.872	0.263	4.072	5.881	5.817	4.120	3.490	1.696	4.936	5.318	6.823	1.574	4.243	0.068	-1.366	-2.314	-0.834	-0.021	4.321	4.057	2.133	4.807	5.422	6.359	-3.966	13.093	4.342	-1.239	14.036	4.722	2.962	4.020	4.312	4.466	4.103	3.999	3.920	3.887	3.990	2016
293	PER	NGDP_RPCH	Peru	Gross domestic product, constant prices	Annual percentages of constant price GDP are year-on-year changes; the base year is country-specific . Expenditure-based GDP is total final expenditures at purchasers? prices (including the f.o.b. value of exports of goods and services), less the f.o.b. value of imports of goods and services. [SNA 1993]	Percent change		See notes for:  Gross domestic product, constant prices (National currency).	7.661	5.461	-0.324	-9.329	3.801	2.089	12.106	7.738	-9.422	-13.422	-5.090	2.219	-0.542	5.246	12.308	7.410	2.799	6.477	-0.392	1.494	2.695	0.617	5.455	4.165	4.959	6.285	7.528	8.518	9.143	1.049	8.452	6.451	5.951	5.838	2.406	3.289	4.055	2.507	3.714	3.977	3.934	3.930	3.921	3.803	2017
566	PHL	NGDP_RPCH	Philippines	Gross domestic product, constant prices	Annual percentages of constant price GDP are year-on-year changes; the base year is country-specific . Expenditure-based GDP is total final expenditures at purchasers? prices (including the f.o.b. value of exports of goods and services), less the f.o.b. value of imports of goods and services. [SNA 1993]	Percent change		See notes for:  Gross domestic product, constant prices (National currency).	5.149	3.423	3.619	1.875	-7.324	-7.307	3.417	4.312	6.753	6.205	3.037	-0.578	0.338	2.116	4.388	4.679	5.846	5.185	-0.577	3.082	4.411	2.894	3.646	4.970	6.698	4.778	5.243	6.617	4.153	1.148	7.632	3.660	6.684	7.064	6.145	6.067	6.924	6.668	6.673	6.780	6.863	6.949	6.978	6.975	2017
964	POL	NGDP_RPCH	Poland	Gross domestic product, constant prices	Annual percentages of constant price GDP are year-on-year changes; the base year is country-specific . Expenditure-based GDP is total final expenditures at purchasers? prices (including the f.o.b. value of exports of goods and services), less the f.o.b. value of imports of goods and services. [SNA 1993]	Percent change		See notes for:  Gross domestic product, constant prices (National currency).	-6.000	-10.000	-4.846	5.600	-0.366	3.862	3.494	2.302	3.285	3.812	-7.171	-7.005	2.033	4.287	5.239	6.728	6.239	7.086	4.982	4.524	4.260	1.205	1.443	3.562	5.136	3.494	6.180	7.035	4.250	2.820	3.607	5.017	1.608	1.392	3.283	3.845	2.864	4.550	4.068	3.543	2.985	2.765	2.759	2.767	2017
182	PRT	NGDP_RPCH	Portugal	Gross domestic product, constant prices	Annual percentages of constant price GDP are year-on-year changes; the base year is country-specific . Expenditure-based GDP is total final expenditures at purchasers? prices (including the f.o.b. value of exports of goods and services), less the f.o.b. value of imports of goods and services. [SNA 1993]	Percent change		See notes for:  Gross domestic product, constant prices (National currency).	6.725	3.523	2.163	0.972	-1.042	1.636	3.320	7.632	5.340	6.649	7.859	3.370	3.130	-0.687	1.489	2.307	3.497	4.426	4.792	3.888	3.788	1.943	0.769	-0.934	1.812	0.767	1.553	2.492	0.199	-2.978	1.899	-1.827	-4.028	-1.130	0.893	1.822	1.619	2.674	2.400	1.800	1.500	1.200	1.200	1.200	2017
359	PRI	NGDP_RPCH	Puerto Rico	Gross domestic product, constant prices	Annual percentages of constant price GDP are year-on-year changes; the base year is country-specific . Expenditure-based GDP is total final expenditures at purchasers? prices (including the f.o.b. value of exports of goods and services), less the f.o.b. value of imports of goods and services. [SNA 1993]	Percent change		See notes for:  Gross domestic product, constant prices (National currency).	n/a	1.070	-3.049	0.468	7.318	2.061	8.163	4.917	6.508	4.940	3.781	2.304	4.564	4.645	4.186	4.549	2.314	4.880	6.518	4.413	3.272	9.468	2.170	2.341	1.987	-1.987	-1.410	-1.162	-1.844	-1.952	-0.413	-0.359	0.029	-0.307	-1.190	-1.113	-2.606	-7.674	-3.588	-1.157	-0.693	-0.776	-0.775	-0.753	2016
453	QAT	NGDP_RPCH	Qatar	Gross domestic product, constant prices	Annual percentages of constant price GDP are year-on-year changes; the base year is country-specific . Expenditure-based GDP is total final expenditures at purchasers? prices (including the f.o.b. value of exports of goods and services), less the f.o.b. value of imports of goods and services. [SNA 1993]	Percent change		See notes for:  Gross domestic product, constant prices (National currency).	-1.016	-3.894	-8.210	-5.329	15.988	-13.031	3.706	0.900	4.700	5.300	-14.644	-1.662	11.330	-1.324	1.418	2.399	4.375	30.012	11.218	4.284	8.028	3.898	7.182	3.720	19.219	7.493	26.170	17.986	17.664	11.957	18.132	13.375	4.687	4.410	3.979	3.551	2.230	2.136	2.571	2.685	2.589	2.699	2.893	2.733	2016
968	ROU	NGDP_RPCH	Romania	Gross domestic product, constant prices	Annual percentages of constant price GDP are year-on-year changes; the base year is country-specific . Expenditure-based GDP is total final expenditures at purchasers? prices (including the f.o.b. value of exports of goods and services), less the f.o.b. value of imports of goods and services. [SNA 1993]	Percent change		See notes for:  Gross domestic product, constant prices (National currency).	3.304	0.100	3.900	6.000	6.000	-0.100	2.400	0.800	-0.500	-5.800	-5.612	-12.927	-8.766	1.528	3.932	7.138	3.948	-6.053	-4.818	-1.150	2.921	5.592	5.184	5.524	8.359	4.172	8.056	6.864	8.260	-5.910	-2.812	2.030	1.238	3.532	3.076	3.974	4.821	6.995	5.100	3.500	3.100	3.100	3.100	3.100	2016
922	RUS	NGDP_RPCH	Russia	Gross domestic product, constant prices	Annual percentages of constant price GDP are year-on-year changes; the base year is country-specific . Expenditure-based GDP is total final expenditures at purchasers? prices (including the f.o.b. value of exports of goods and services), less the f.o.b. value of imports of goods and services. [SNA 1993]	Percent change		See notes for:  Gross domestic product, constant prices (National currency).	n/a	n/a	n/a	n/a	n/a	n/a	n/a	n/a	n/a	n/a	n/a	n/a	n/a	-8.700	-12.700	-4.100	-3.608	1.382	-5.345	6.352	10.046	5.090	4.744	7.349	7.176	6.376	8.154	8.535	5.248	-7.821	4.504	5.066	3.700	1.800	0.700	-2.500	-0.200	1.548	1.708	1.487	1.500	1.500	1.500	1.500	2017
714	RWA	NGDP_RPCH	Rwanda	Gross domestic product, constant prices	Annual percentages of constant price GDP are year-on-year changes; the base year is country-specific . Expenditure-based GDP is total final expenditures at purchasers? prices (including the f.o.b. value of exports of goods and services), less the f.o.b. value of imports of goods and services. [SNA 1993]	Percent change		See notes for:  Gross domestic product, constant prices (National currency).	-3.576	2.472	-2.468	6.035	12.974	4.388	5.501	-0.295	0.296	-5.706	0.419	-4.300	6.600	-10.378	-41.890	24.541	11.596	14.900	8.340	3.308	8.353	8.506	13.180	2.208	7.454	9.381	9.225	7.621	11.159	6.260	7.319	7.836	8.814	4.678	7.620	8.873	5.982	6.104	7.200	7.800	8.000	7.500	7.500	7.500	2016
862	WSM	NGDP_RPCH	Samoa	Gross domestic product, constant prices	Annual percentages of constant price GDP are year-on-year changes; the base year is country-specific . Expenditure-based GDP is total final expenditures at purchasers? prices (including the f.o.b. value of exports of goods and services), less the f.o.b. value of imports of goods and services. [SNA 1993]	Percent change		See notes for:  Gross domestic product, constant prices (National currency).	-6.123	-9.056	-1.014	0.485	1.980	5.826	4.790	0.509	2.871	5.819	-6.444	-2.443	4.135	1.683	6.390	6.556	7.274	0.803	1.100	-0.636	5.093	7.390	5.652	5.213	3.087	6.639	2.132	0.486	3.556	-6.062	-1.963	5.553	0.439	-1.931	1.196	1.635	7.145	2.445	2.475	2.786	5.473	2.200	2.238	2.247	2017
135	SMR	NGDP_RPCH	San Marino	Gross domestic product, constant prices	Annual percentages of constant price GDP are year-on-year changes; the base year is country-specific . Expenditure-based GDP is total final expenditures at purchasers? prices (including the f.o.b. value of exports of goods and services), less the f.o.b. value of imports of goods and services. [SNA 1993]	Percent change		See notes for:  Gross domestic product, constant prices (National currency).	n/a	n/a	n/a	n/a	n/a	n/a	n/a	n/a	n/a	n/a	n/a	n/a	n/a	n/a	n/a	n/a	n/a	n/a	7.520	8.998	2.203	5.539	0.315	3.900	4.565	2.426	3.826	7.103	1.642	-12.118	-4.767	-9.313	-7.606	-3.157	-0.927	0.593	2.197	1.500	1.300	1.251	1.300	1.300	1.300	1.300	2016
716	STP	NGDP_RPCH	São Tomé and Príncipe	Gross domestic product, constant prices	Annual percentages of constant price GDP are year-on-year changes; the base year is country-specific . Expenditure-based GDP is total final expenditures at purchasers? prices (including the f.o.b. value of exports of goods and services), less the f.o.b. value of imports of goods and services. [SNA 1993]	Percent change		See notes for:  Gross domestic product, constant prices (National currency).	-1.080	-10.314	3.093	-3.874	-6.030	9.300	-5.832	-2.930	1.999	3.135	-2.153	1.201	0.700	1.100	2.200	2.000	1.500	0.996	2.500	2.500	0.448	-2.698	2.323	6.599	3.824	7.096	9.109	0.584	8.059	4.012	4.467	4.764	4.496	4.302	4.125	3.961	4.100	4.000	5.000	5.500	5.500	5.500	5.500	5.500	2016
456	SAU	NGDP_RPCH	Saudi Arabia	Gross domestic product, constant prices	Annual percentages of constant price GDP are year-on-year changes; the base year is country-specific . Expenditure-based GDP is total final expenditures at purchasers? prices (including the f.o.b. value of exports of goods and services), less the f.o.b. value of imports of goods and services. [SNA 1993]	Percent change		See notes for:  Gross domestic product, constant prices (National currency).	5.652	1.943	-20.730	-16.051	-4.661	-9.795	17.013	-6.632	13.109	-0.503	15.193	15.008	3.988	-1.364	0.559	0.212	2.637	1.104	2.893	-3.763	5.625	-1.211	-2.819	11.242	7.958	5.574	2.788	1.847	6.250	-2.059	4.762	10.288	5.411	2.674	3.678	4.106	1.671	-0.735	1.704	1.949	1.932	2.134	2.233	2.312	2016
722	SEN	NGDP_RPCH	Senegal	Gross domestic product, constant prices	Annual percentages of constant price GDP are year-on-year changes; the base year is country-specific . Expenditure-based GDP is total final expenditures at purchasers? prices (including the f.o.b. value of exports of goods and services), less the f.o.b. value of imports of goods and services. [SNA 1993]	Percent change		See notes for:  Gross domestic product, constant prices (National currency).	-0.827	5.070	7.843	-5.326	3.746	3.283	3.113	6.094	-0.592	3.978	-0.676	2.556	1.243	1.301	-0.017	5.363	2.012	3.124	5.899	6.347	3.199	4.581	0.655	6.683	5.871	5.613	2.470	4.938	3.682	2.423	4.265	1.853	4.496	3.567	4.100	6.464	6.743	7.164	7.038	7.021	6.976	7.015	6.996	6.458	2016
942	SRB	NGDP_RPCH	Serbia	Gross domestic product, constant prices	Annual percentages of constant price GDP are year-on-year changes; the base year is country-specific . Expenditure-based GDP is total final expenditures at purchasers? prices (including the f.o.b. value of exports of goods and services), less the f.o.b. value of imports of goods and services. [SNA 1993]	Percent change		See notes for:  Gross domestic product, constant prices (National currency).	n/a	n/a	n/a	n/a	n/a	n/a	n/a	n/a	n/a	n/a	n/a	n/a	n/a	n/a	n/a	n/a	n/a	n/a	n/a	-12.147	7.759	4.993	7.116	4.415	9.047	5.540	4.904	5.889	5.367	-3.116	0.584	1.401	-1.015	2.572	-1.831	0.758	2.797	1.812	3.500	3.500	4.000	4.000	4.000	4.000	2016
718	SYC	NGDP_RPCH	Seychelles	Gross domestic product, constant prices	Annual percentages of constant price GDP are year-on-year changes; the base year is country-specific . Expenditure-based GDP is total final expenditures at purchasers? prices (including the f.o.b. value of exports of goods and services), less the f.o.b. value of imports of goods and services. [SNA 1993]	Percent change		See notes for:  Gross domestic product, constant prices (National currency).	-2.253	-3.877	-2.071	-0.616	4.306	10.294	0.762	4.875	5.326	10.286	7.455	2.760	7.173	7.303	-2.437	0.485	9.998	12.194	2.467	1.872	4.253	-2.271	1.213	-5.887	-2.850	9.006	9.406	10.418	-2.141	-1.107	5.945	5.379	3.680	6.018	4.531	4.975	4.482	4.247	3.343	3.303	3.320	4.123	3.998	3.315	2015
724	SLE	NGDP_RPCH	Sierra Leone	Gross domestic product, constant prices	Annual percentages of constant price GDP are year-on-year changes; the base year is country-specific . Expenditure-based GDP is total final expenditures at purchasers? prices (including the f.o.b. value of exports of goods and services), less the f.o.b. value of imports of goods and services. [SNA 1993]	Percent change		See notes for:  Gross domestic product, constant prices (National currency).	-0.560	1.878	1.780	-1.576	1.700	-6.740	0.132	2.382	2.058	4.952	1.611	-7.993	-9.646	0.054	3.500	-10.025	-24.787	-17.596	-0.837	-8.122	3.807	18.170	26.425	9.327	6.598	4.505	4.224	8.058	5.400	3.187	5.347	6.312	15.178	20.720	4.555	-20.488	6.297	3.498	3.503	5.570	6.114	6.990	7.472	7.256	2016
576	SGP	NGDP_RPCH	Singapore	Gross domestic product, constant prices	Annual percentages of constant price GDP are year-on-year changes; the base year is country-specific . Expenditure-based GDP is total final expenditures at purchasers? prices (including the f.o.b. value of exports of goods and services), less the f.o.b. value of imports of goods and services. [SNA 1993]	Percent change		See notes for:  Gross domestic product, constant prices (National currency).	10.027	10.684	7.172	8.540	8.801	-0.687	1.328	10.757	11.115	10.183	10.044	6.687	7.088	11.537	10.925	7.028	7.532	8.291	-2.225	6.095	8.898	-0.952	4.212	4.435	9.549	7.489	8.860	9.112	1.788	-0.603	15.240	6.351	4.083	5.111	3.884	2.241	2.397	3.619	2.942	2.698	2.638	2.615	2.623	2.627	2017
936	SVK	NGDP_RPCH	Slovak Republic	Gross domestic product, constant prices	Annual percentages of constant price GDP are year-on-year changes; the base year is country-specific . Expenditure-based GDP is total final expenditures at purchasers? prices (including the f.o.b. value of exports of goods and services), less the f.o.b. value of imports of goods and services. [SNA 1993]	Percent change		See notes for:  Gross domestic product, constant prices (National currency).	n/a	n/a	n/a	n/a	n/a	n/a	n/a	n/a	n/a	n/a	n/a	n/a	n/a	n/a	6.206	7.872	6.941	4.445	4.012	-0.205	1.210	3.316	4.523	5.418	5.259	6.751	8.453	10.800	5.630	-5.423	5.042	2.819	1.657	1.491	2.750	3.850	3.325	3.400	4.000	4.200	3.800	3.700	3.500	3.400	2017
961	SVN	NGDP_RPCH	Slovenia	Gross domestic product, constant prices	Annual percentages of constant price GDP are year-on-year changes; the base year is country-specific . Expenditure-based GDP is total final expenditures at purchasers? prices (including the f.o.b. value of exports of goods and services), less the f.o.b. value of imports of goods and services. [SNA 1993]	Percent change		See notes for:  Gross domestic product, constant prices (National currency).	n/a	n/a	n/a	n/a	n/a	n/a	n/a	n/a	n/a	n/a	n/a	n/a	n/a	2.800	5.300	4.100	3.602	5.114	3.286	5.274	4.155	2.950	3.836	2.842	4.352	4.003	5.656	6.942	3.300	-7.797	1.238	0.649	-2.669	-1.132	2.979	2.259	3.148	5.001	4.000	3.205	2.724	2.536	2.238	2.089	2017
813	SLB	NGDP_RPCH	Solomon Islands	Gross domestic product, constant prices	Annual percentages of constant price GDP are year-on-year changes; the base year is country-specific . Expenditure-based GDP is total final expenditures at purchasers? prices (including the f.o.b. value of exports of goods and services), less the f.o.b. value of imports of goods and services. [SNA 1993]	Percent change		See notes for:  Gross domestic product, constant prices (National currency).	-2.663	-1.797	-1.670	3.891	0.170	-3.132	-0.201	8.421	1.250	4.264	2.200	6.000	12.700	4.000	8.100	10.089	1.610	-0.914	1.292	-0.486	-14.277	-7.957	-2.800	6.523	8.089	12.853	3.993	6.389	7.106	-4.738	6.809	13.196	4.555	3.018	2.250	2.542	3.457	3.238	3.045	2.922	2.770	2.802	2.801	2.877	2016
726	SOM	NGDP_RPCH	Somalia	Gross domestic product, constant prices	Annual percentages of constant price GDP are year-on-year changes; the base year is country-specific . Expenditure-based GDP is total final expenditures at purchasers? prices (including the f.o.b. value of exports of goods and services), less the f.o.b. value of imports of goods and services. [SNA 1993]	Percent change		See notes for:  Gross domestic product, constant prices (National currency).	n/a	n/a	n/a	n/a	n/a	n/a	n/a	n/a	n/a	n/a	n/a	n/a	n/a	n/a	n/a	n/a	n/a	n/a	n/a	n/a	n/a	n/a	n/a	n/a	n/a	n/a	n/a	n/a	n/a	n/a	n/a	n/a	1.200	1.860	2.362	2.453	2.417	1.849	2.541	2.841	3.141	3.517	3.517	3.517	2016
199	ZAF	NGDP_RPCH	South Africa	Gross domestic product, constant prices	Annual percentages of constant price GDP are year-on-year changes; the base year is country-specific . Expenditure-based GDP is total final expenditures at purchasers? prices (including the f.o.b. value of exports of goods and services), less the f.o.b. value of imports of goods and services. [SNA 1993]	Percent change		See notes for:  Gross domestic product, constant prices (National currency).	6.621	5.361	-0.383	-1.847	5.099	-1.211	0.018	2.101	4.200	2.395	-0.318	-1.018	-2.137	1.270	3.200	3.100	4.300	2.600	0.500	2.400	4.200	2.700	3.700	2.949	4.555	5.277	5.604	5.360	3.191	-1.538	3.040	3.284	2.213	2.485	1.847	1.280	0.565	1.320	1.500	1.700	1.800	1.800	1.828	1.828	2017
733	SSD	NGDP_RPCH	South Sudan	Gross domestic product, constant prices	Annual percentages of constant price GDP are year-on-year changes; the base year is country-specific . Expenditure-based GDP is total final expenditures at purchasers? prices (including the f.o.b. value of exports of goods and services), less the f.o.b. value of imports of goods and services. [SNA 1993]	Percent change		See notes for:  Gross domestic product, constant prices (National currency).	n/a	n/a	n/a	n/a	n/a	n/a	n/a	n/a	n/a	n/a	n/a	n/a	n/a	n/a	n/a	n/a	n/a	n/a	n/a	n/a	n/a	n/a	n/a	n/a	n/a	n/a	n/a	n/a	n/a	n/a	n/a	n/a	-52.429	29.329	2.918	-0.173	-13.834	-11.096	-3.815	-2.590	-2.533	-1.232	-1.169	-0.705	2016
184	ESP	NGDP_RPCH	Spain	Gross domestic product, constant prices	Annual percentages of constant price GDP are year-on-year changes; the base year is country-specific . Expenditure-based GDP is total final expenditures at purchasers? prices (including the f.o.b. value of exports of goods and services), less the f.o.b. value of imports of goods and services. [SNA 1993]	Percent change		See notes for:  Gross domestic product, constant prices (National currency).	1.203	-0.408	1.239	1.652	1.698	2.362	3.432	5.709	5.285	5.004	3.847	2.525	0.851	-1.314	2.335	4.122	2.421	3.865	4.469	4.745	5.053	4.001	2.880	3.188	3.167	3.723	4.174	3.769	1.118	-3.574	0.014	-0.999	-2.928	-1.706	1.380	3.432	3.274	3.052	2.750	2.188	1.860	1.687	1.658	1.650	2017
524	LKA	NGDP_RPCH	Sri Lanka	Gross domestic product, constant prices	Annual percentages of constant price GDP are year-on-year changes; the base year is country-specific . Expenditure-based GDP is total final expenditures at purchasers? prices (including the f.o.b. value of exports of goods and services), less the f.o.b. value of imports of goods and services. [SNA 1993]	Percent change		See notes for:  Gross domestic product, constant prices (National currency).	5.847	5.345	5.233	3.314	6.725	4.957	4.281	1.454	2.698	2.250	6.174	10.821	-3.135	7.477	8.036	6.051	12.162	10.291	-1.646	2.879	8.418	-1.948	3.727	5.940	5.445	6.242	7.668	6.797	5.950	3.539	8.016	8.405	9.145	3.396	4.961	5.008	4.469	3.112	4.040	4.500	4.700	4.800	4.900	5.000	2017
361	KNA	NGDP_RPCH	St. Kitts and Nevis	Gross domestic product, constant prices	Annual percentages of constant price GDP are year-on-year changes; the base year is country-specific . Expenditure-based GDP is total final expenditures at purchasers? prices (including the f.o.b. value of exports of goods and services), less the f.o.b. value of imports of goods and services. [SNA 1993]	Percent change		See notes for:  Gross domestic product, constant prices (National currency).	1.278	2.702	6.112	-2.058	9.651	6.437	8.842	8.268	10.353	6.013	5.454	2.270	3.077	5.418	5.404	3.462	5.897	7.327	1.024	3.943	12.259	5.771	1.950	-5.415	2.910	8.192	0.543	1.522	5.900	-0.972	-2.868	-0.850	-0.778	6.558	5.116	4.885	3.149	2.622	3.470	3.218	3.018	2.702	2.712	2.722	2016
362	LCA	NGDP_RPCH	St. Lucia	Gross domestic product, constant prices	Annual percentages of constant price GDP are year-on-year changes; the base year is country-specific . Expenditure-based GDP is total final expenditures at purchasers? prices (including the f.o.b. value of exports of goods and services), less the f.o.b. value of imports of goods and services. [SNA 1993]	Percent change		See notes for:  Gross domestic product, constant prices (National currency).	-0.510	5.105	2.114	4.059	8.010	12.590	14.178	4.147	13.583	9.136	9.919	0.578	7.779	0.610	1.761	1.690	2.944	-0.532	6.300	2.720	0.040	-3.316	0.340	4.326	7.249	-0.362	6.222	0.985	5.654	1.180	-1.622	0.630	0.181	0.294	3.571	-0.942	3.370	2.974	2.509	2.349	2.208	2.053	1.813	1.551	2016
364	VCT	NGDP_RPCH	St. Vincent and the Grenadines	Gross domestic product, constant prices	Annual percentages of constant price GDP are year-on-year changes; the base year is country-specific . Expenditure-based GDP is total final expenditures at purchasers? prices (including the f.o.b. value of exports of goods and services), less the f.o.b. value of imports of goods and services. [SNA 1993]	Percent change		See notes for:  Gross domestic product, constant prices (National currency).	2.910	3.878	2.579	3.217	5.304	4.271	5.405	0.650	13.168	3.273	4.806	2.221	7.097	3.589	-1.165	6.798	1.060	3.741	4.459	2.107	1.806	1.662	6.126	7.344	4.609	3.025	6.038	3.064	-0.546	-2.000	-2.331	0.247	1.299	2.490	0.259	0.863	0.815	0.975	2.069	2.531	2.779	3.022	3.029	2.782	2016
732	SDN	NGDP_RPCH	Sudan	Gross domestic product, constant prices	Annual percentages of constant price GDP are year-on-year changes; the base year is country-specific . Expenditure-based GDP is total final expenditures at purchasers? prices (including the f.o.b. value of exports of goods and services), less the f.o.b. value of imports of goods and services. [SNA 1993]	Percent change		See notes for:  Gross domestic product, constant prices (National currency).	2.500	6.320	4.127	-1.510	-5.626	-0.624	9.929	6.463	4.363	1.419	-1.700	9.909	-3.959	6.172	2.027	3.013	6.322	6.057	8.242	4.235	8.385	10.867	5.941	6.289	5.136	5.648	6.531	5.735	3.847	-2.634	5.180	-3.733	-10.629	2.152	3.214	2.995	3.528	3.198	3.700	3.500	3.200	3.088	3.038	3.038	2015
366	SUR	NGDP_RPCH	Suriname	Gross domestic product, constant prices	Annual percentages of constant price GDP are year-on-year changes; the base year is country-specific . Expenditure-based GDP is total final expenditures at purchasers? prices (including the f.o.b. value of exports of goods and services), less the f.o.b. value of imports of goods and services. [SNA 1993]	Percent change		See notes for:  Gross domestic product, constant prices (National currency).	-6.500	1.900	-6.300	-5.100	-3.000	-0.900	-2.400	-8.800	10.800	2.300	-1.500	-13.799	3.900	-2.200	-7.000	11.300	11.200	7.000	2.200	-0.900	-0.100	4.902	3.747	6.190	7.305	4.919	5.767	5.099	4.149	3.017	5.163	5.847	2.697	2.931	0.254	-2.599	-5.139	0.001	1.393	2.037	2.770	2.974	3.087	3.000	2016
734	SWZ	NGDP_RPCH	Swaziland	Gross domestic product, constant prices	Annual percentages of constant price GDP are year-on-year changes; the base year is country-specific . Expenditure-based GDP is total final expenditures at purchasers? prices (including the f.o.b. value of exports of goods and services), less the f.o.b. value of imports of goods and services. [SNA 1993]	Percent change		See notes for:  Gross domestic product, constant prices (National currency).	-3.811	14.641	1.173	1.202	6.162	3.792	12.264	14.607	6.570	12.912	8.889	2.222	2.987	2.473	2.830	4.040	3.672	3.052	2.509	2.899	2.575	1.450	3.562	4.425	3.716	5.514	5.175	3.933	2.787	4.529	3.512	1.965	3.468	4.811	3.629	1.099	-0.008	0.220	-0.856	0.150	1.438	1.925	2.222	2.194	2015
144	SWE	NGDP_RPCH	Sweden	Gross domestic product, constant prices	Annual percentages of constant price GDP are year-on-year changes; the base year is country-specific . Expenditure-based GDP is total final expenditures at purchasers? prices (including the f.o.b. value of exports of goods and services), less the f.o.b. value of imports of goods and services. [SNA 1993]	Percent change		See notes for:  Gross domestic product, constant prices (National currency).	4.555	4.540	1.426	2.058	4.295	2.272	2.927	3.266	2.460	2.463	0.800	-1.027	-0.975	-1.958	4.088	4.024	1.518	2.900	4.227	4.530	4.735	1.563	2.074	2.386	4.321	2.818	4.688	3.405	-0.557	-5.185	5.989	2.664	-0.286	1.241	2.604	4.522	3.235	2.404	2.582	2.248	2.059	2.044	1.870	1.874	2017
146	CHE	NGDP_RPCH	Switzerland	Gross domestic product, constant prices	Annual percentages of constant price GDP are year-on-year changes; the base year is country-specific . Expenditure-based GDP is total final expenditures at purchasers? prices (including the f.o.b. value of exports of goods and services), less the f.o.b. value of imports of goods and services. [SNA 1993]	Percent change		See notes for:  Gross domestic product, constant prices (National currency).	5.110	1.602	-1.302	0.603	3.099	3.650	1.858	1.582	3.311	4.392	3.566	-0.816	-0.168	-0.124	1.324	0.539	0.567	2.303	2.931	1.705	4.044	1.280	0.185	0.062	2.636	3.168	4.063	4.090	2.104	-2.208	2.875	1.835	0.990	1.895	2.450	1.165	1.388	1.068	2.349	2.012	1.875	1.650	1.650	1.650	2017
463	SYR	NGDP_RPCH	Syria	Gross domestic product, constant prices	Annual percentages of constant price GDP are year-on-year changes; the base year is country-specific . Expenditure-based GDP is total final expenditures at purchasers? prices (including the f.o.b. value of exports of goods and services), less the f.o.b. value of imports of goods and services. [SNA 1993]	Percent change		See notes for:  Gross domestic product, constant prices (National currency).	10.493	8.463	2.583	1.605	-6.498	7.296	-4.757	1.251	12.721	-6.067	10.358	10.727	13.246	7.409	5.534	5.423	2.966	-1.090	5.554	-3.121	2.295	3.680	5.897	-2.037	6.903	6.215	5.046	5.675	4.477	5.912	3.440	n/a	n/a	n/a	n/a	n/a	n/a	n/a	n/a	n/a	n/a	n/a	n/a	n/a	2010
528	TWN	NGDP_RPCH	Taiwan Province of China	Gross domestic product, constant prices	Annual percentages of constant price GDP are year-on-year changes; the base year is country-specific . Expenditure-based GDP is total final expenditures at purchasers? prices (including the f.o.b. value of exports of goods and services), less the f.o.b. value of imports of goods and services. [SNA 1993]	Percent change		See notes for:  Gross domestic product, constant prices (National currency).	8.039	7.108	4.798	9.044	10.048	4.807	11.516	12.703	8.018	8.749	5.646	8.359	8.293	6.802	7.494	6.501	6.175	6.113	4.211	6.717	6.421	-1.260	5.575	4.121	6.506	5.416	5.623	6.517	0.704	-1.567	10.631	3.805	2.064	2.202	4.021	0.806	1.410	2.790	1.851	2.021	2.013	2.000	1.988	1.980	2016
923	TJK	NGDP_RPCH	Tajikistan	Gross domestic product, constant prices	Annual percentages of constant price GDP are year-on-year changes; the base year is country-specific . Expenditure-based GDP is total final expenditures at purchasers? prices (including the f.o.b. value of exports of goods and services), less the f.o.b. value of imports of goods and services. [SNA 1993]	Percent change		See notes for:  Gross domestic product, constant prices (National currency).	n/a	n/a	n/a	n/a	n/a	n/a	n/a	n/a	n/a	n/a	n/a	n/a	n/a	-11.099	-21.401	-12.498	-4.368	1.700	5.300	3.699	8.300	10.200	9.100	10.200	10.600	6.700	7.000	7.800	7.900	3.900	6.500	7.400	7.500	7.400	6.700	6.000	6.900	7.140	4.000	4.000	4.000	4.000	4.000	4.000	2017
738	TZA	NGDP_RPCH	Tanzania	Gross domestic product, constant prices	Annual percentages of constant price GDP are year-on-year changes; the base year is country-specific . Expenditure-based GDP is total final expenditures at purchasers? prices (including the f.o.b. value of exports of goods and services), less the f.o.b. value of imports of goods and services. [SNA 1993]	Percent change		See notes for:  Gross domestic product, constant prices (National currency).	3.266	0.500	0.600	2.400	3.400	4.600	6.600	5.900	4.400	3.800	7.045	2.072	0.584	1.206	1.567	3.571	4.544	3.525	3.708	4.840	4.934	5.998	6.899	6.358	7.211	6.455	4.661	8.464	5.567	5.382	6.359	7.905	5.141	7.263	6.965	6.954	6.953	6.000	6.400	6.599	6.800	6.780	6.571	6.500	2016
578	THA	NGDP_RPCH	Thailand	Gross domestic product, constant prices	Annual percentages of constant price GDP are year-on-year changes; the base year is country-specific . Expenditure-based GDP is total final expenditures at purchasers? prices (including the f.o.b. value of exports of goods and services), less the f.o.b. value of imports of goods and services. [SNA 1993]	Percent change		See notes for:  Gross domestic product, constant prices (National currency).	4.601	5.910	5.353	5.581	5.760	4.643	5.534	9.519	13.288	12.194	11.623	8.403	9.230	8.675	7.997	8.120	5.652	-2.754	-7.634	4.572	4.456	3.444	6.149	7.189	6.289	4.188	4.968	5.435	1.726	-0.691	7.514	0.840	7.243	2.687	0.984	3.020	3.283	3.903	3.868	3.780	3.649	3.641	3.549	3.526	2017
537	TLS	NGDP_RPCH	Timor-Leste	Gross domestic product, constant prices	Annual percentages of constant price GDP are year-on-year changes; the base year is country-specific . Expenditure-based GDP is total final expenditures at purchasers? prices (including the f.o.b. value of exports of goods and services), less the f.o.b. value of imports of goods and services. [SNA 1993]	Percent change		See notes for:  Gross domestic product, constant prices (National currency).	n/a	n/a	n/a	n/a	n/a	n/a	n/a	n/a	n/a	n/a	n/a	n/a	n/a	n/a	n/a	n/a	n/a	n/a	n/a	n/a	n/a	16.349	-6.707	-2.183	0.406	2.975	-4.677	9.825	11.425	9.917	8.478	7.674	5.547	2.490	4.146	3.955	5.321	-0.500	2.800	5.700	5.500	5.500	5.213	5.200	2016
742	TGO	NGDP_RPCH	Togo	Gross domestic product, constant prices	Annual percentages of constant price GDP are year-on-year changes; the base year is country-specific . Expenditure-based GDP is total final expenditures at purchasers? prices (including the f.o.b. value of exports of goods and services), less the f.o.b. value of imports of goods and services. [SNA 1993]	Percent change		See notes for:  Gross domestic product, constant prices (National currency).	-2.285	-3.419	-3.708	-5.156	5.881	3.717	3.260	-2.484	10.124	4.100	5.897	-0.590	-3.207	-16.319	13.930	19.691	-3.871	3.803	-2.263	2.536	-0.968	0.823	3.827	6.720	-0.979	-4.666	2.650	-1.175	4.062	5.538	6.099	6.398	6.544	6.112	5.921	5.743	5.100	4.400	4.900	5.200	5.300	5.400	5.600	5.800	2015
866	TON	NGDP_RPCH	Tonga	Gross domestic product, constant prices	Annual percentages of constant price GDP are year-on-year changes; the base year is country-specific . Expenditure-based GDP is total final expenditures at purchasers? prices (including the f.o.b. value of exports of goods and services), less the f.o.b. value of imports of goods and services. [SNA 1993]	Percent change		See notes for:  Gross domestic product, constant prices (National currency).	15.800	14.000	12.800	5.800	44.100	5.600	8.800	1.700	-3.500	1.100	4.700	5.900	-3.800	-0.100	1.979	4.487	0.001	-3.165	3.474	2.349	1.059	3.165	2.270	0.971	1.201	0.382	-2.482	-0.617	2.682	2.939	3.179	1.831	-1.124	-0.567	2.897	3.545	3.060	3.055	3.172	2.945	2.403	1.891	1.836	1.447	2016
369	TTO	NGDP_RPCH	Trinidad and Tobago	Gross domestic product, constant prices	Annual percentages of constant price GDP are year-on-year changes; the base year is country-specific . Expenditure-based GDP is total final expenditures at purchasers? prices (including the f.o.b. value of exports of goods and services), less the f.o.b. value of imports of goods and services. [SNA 1993]	Percent change		See notes for:  Gross domestic product, constant prices (National currency).	10.400	4.577	3.799	-10.300	-5.751	-4.119	-3.279	-4.562	-3.920	-0.830	1.509	3.112	10.093	-0.669	3.567	3.810	7.134	7.523	8.125	8.025	6.901	4.169	7.937	14.441	7.950	6.209	13.208	4.754	3.392	-4.392	3.323	-0.294	1.294	0.981	-0.252	1.517	-5.957	-2.563	0.247	0.198	1.754	3.923	2.440	1.909	2016
744	TUN	NGDP_RPCH	Tunisia	Gross domestic product, constant prices	Annual percentages of constant price GDP are year-on-year changes; the base year is country-specific . Expenditure-based GDP is total final expenditures at purchasers? prices (including the f.o.b. value of exports of goods and services), less the f.o.b. value of imports of goods and services. [SNA 1993]	Percent change		See notes for:  Gross domestic product, constant prices (National currency).	7.400	5.522	-0.482	4.674	5.731	5.668	-1.453	6.701	0.071	2.579	7.075	4.138	8.009	2.477	3.628	2.671	6.855	5.725	4.963	6.017	4.299	4.850	1.700	5.470	5.959	4.000	5.654	6.253	4.460	3.114	2.587	-1.918	3.901	2.445	2.256	1.100	1.000	1.900	2.400	2.900	3.400	3.600	4.000	4.200	2017
186	TUR	NGDP_RPCH	Turkey	Gross domestic product, constant prices	Annual percentages of constant price GDP are year-on-year changes; the base year is country-specific . Expenditure-based GDP is total final expenditures at purchasers? prices (including the f.o.b. value of exports of goods and services), less the f.o.b. value of imports of goods and services. [SNA 1993]	Percent change		See notes for:  Gross domestic product, constant prices (National currency).	-0.779	4.365	3.429	4.758	6.823	4.258	6.941	10.027	2.121	0.253	9.255	0.926	5.984	8.042	-5.456	7.190	7.007	7.528	3.092	-3.389	6.640	-5.962	6.430	5.608	9.644	9.010	7.110	5.030	0.845	-4.704	8.487	11.113	4.790	8.491	5.167	6.086	3.184	7.047	4.411	3.970	3.623	3.564	3.612	3.585	2016
925	TKM	NGDP_RPCH	Turkmenistan	Gross domestic product, constant prices	Annual percentages of constant price GDP are year-on-year changes; the base year is country-specific . Expenditure-based GDP is total final expenditures at purchasers? prices (including the f.o.b. value of exports of goods and services), less the f.o.b. value of imports of goods and services. [SNA 1993]	Percent change		See notes for:  Gross domestic product, constant prices (National currency).	n/a	n/a	n/a	n/a	n/a	n/a	n/a	n/a	n/a	n/a	n/a	n/a	n/a	-10.000	-17.300	-7.200	-6.700	-11.300	6.700	16.499	18.587	20.391	15.768	17.095	14.692	13.040	10.967	11.057	14.747	6.133	9.160	14.720	11.051	10.163	10.346	6.453	6.200	6.470	6.189	5.636	5.077	5.805	5.685	5.720	2017
869	TUV	NGDP_RPCH	Tuvalu	Gross domestic product, constant prices	Annual percentages of constant price GDP are year-on-year changes; the base year is country-specific . Expenditure-based GDP is total final expenditures at purchasers? prices (including the f.o.b. value of exports of goods and services), less the f.o.b. value of imports of goods and services. [SNA 1993]	Percent change		See notes for:  Gross domestic product, constant prices (National currency).	n/a	n/a	n/a	n/a	n/a	n/a	n/a	n/a	n/a	n/a	n/a	n/a	n/a	n/a	n/a	n/a	n/a	n/a	n/a	n/a	n/a	1.452	7.712	-3.105	-1.676	-4.118	2.891	6.347	7.959	-4.382	-3.090	7.890	-3.836	4.577	1.348	9.143	3.035	3.242	3.499	3.114	2.952	2.709	2.458	1.990	2015
746	UGA	NGDP_RPCH	Uganda	Gross domestic product, constant prices	Annual percentages of constant price GDP are year-on-year changes; the base year is country-specific . Expenditure-based GDP is total final expenditures at purchasers? prices (including the f.o.b. value of exports of goods and services), less the f.o.b. value of imports of goods and services. [SNA 1993]	Percent change		See notes for:  Gross domestic product, constant prices (National currency).	-3.392	3.859	8.205	4.899	-3.000	-3.000	0.946	4.000	8.294	6.403	6.497	1.778	5.850	6.686	7.694	9.174	6.595	4.620	6.074	7.953	3.941	8.765	7.057	6.159	5.803	10.007	7.049	8.064	10.428	8.069	7.666	6.821	2.240	4.714	4.561	5.670	2.323	4.458	5.234	5.778	6.183	6.563	7.148	7.284	2016
926	UKR	NGDP_RPCH	Ukraine	Gross domestic product, constant prices	Annual percentages of constant price GDP are year-on-year changes; the base year is country-specific . Expenditure-based GDP is total final expenditures at purchasers? prices (including the f.o.b. value of exports of goods and services), less the f.o.b. value of imports of goods and services. [SNA 1993]	Percent change		See notes for:  Gross domestic product, constant prices (National currency).	n/a	n/a	n/a	n/a	n/a	n/a	n/a	n/a	n/a	n/a	n/a	n/a	n/a	-14.799	-22.766	-12.142	-9.851	-3.175	-1.815	-0.203	5.932	9.227	5.340	9.517	11.795	3.071	7.571	8.216	2.243	-15.136	0.261	5.466	0.239	-0.027	-6.553	-9.773	2.441	2.525	3.191	3.263	3.464	3.685	4.006	4.022	2017
466	ARE	NGDP_RPCH	United Arab Emirates	Gross domestic product, constant prices	Annual percentages of constant price GDP are year-on-year changes; the base year is country-specific . Expenditure-based GDP is total final expenditures at purchasers? prices (including the f.o.b. value of exports of goods and services), less the f.o.b. value of imports of goods and services. [SNA 1993]	Percent change		See notes for:  Gross domestic product, constant prices (National currency).	-1.780	8.024	-7.188	-5.250	4.451	-2.522	-19.269	5.304	-2.623	15.733	23.562	2.141	3.095	-0.029	7.363	6.580	5.340	8.553	0.791	3.751	12.329	1.252	2.478	8.813	9.577	4.867	9.831	3.231	3.215	-5.229	1.627	6.359	5.105	5.790	3.285	3.829	3.036	0.533	1.956	3.042	3.188	3.048	3.076	3.081	2016
112	GBR	NGDP_RPCH	United Kingdom	Gross domestic product, constant prices	Annual percentages of constant price GDP are year-on-year changes; the base year is country-specific . Expenditure-based GDP is total final expenditures at purchasers? prices (including the f.o.b. value of exports of goods and services), less the f.o.b. value of imports of goods and services. [SNA 1993]	Percent change		See notes for:  Gross domestic product, constant prices (National currency).	-2.028	-0.771	2.011	4.222	2.276	4.195	3.124	5.307	5.748	2.569	0.732	-1.087	0.374	2.527	3.880	2.470	2.539	4.038	3.138	3.217	3.664	2.544	2.458	3.326	2.364	3.096	2.456	2.357	-0.473	-4.188	1.695	1.453	1.481	2.052	3.054	2.346	1.936	1.787	1.621	1.518	1.543	1.552	1.632	1.645	2017
111	USA	NGDP_RPCH	United States	Gross domestic product, constant prices	Annual percentages of constant price GDP are year-on-year changes; the base year is country-specific . Expenditure-based GDP is total final expenditures at purchasers? prices (including the f.o.b. value of exports of goods and services), less the f.o.b. value of imports of goods and services. [SNA 1993]	Percent change		See notes for:  Gross domestic product, constant prices (National currency).	-0.244	2.594	-1.911	4.633	7.259	4.238	3.512	3.462	4.204	3.680	1.919	-0.074	3.555	2.746	4.038	2.719	3.796	4.487	4.450	4.685	4.092	0.976	1.786	2.807	3.785	3.345	2.666	1.779	-0.292	-2.776	2.532	1.602	2.224	1.677	2.569	2.862	1.485	2.273	2.933	2.660	1.854	1.700	1.479	1.388	2017
298	URY	NGDP_RPCH	Uruguay	Gross domestic product, constant prices	Annual percentages of constant price GDP are year-on-year changes; the base year is country-specific . Expenditure-based GDP is total final expenditures at purchasers? prices (including the f.o.b. value of exports of goods and services), less the f.o.b. value of imports of goods and services. [SNA 1993]	Percent change		See notes for:  Gross domestic product, constant prices (National currency).	5.975	1.900	-9.340	-3.281	-1.092	1.475	8.857	7.933	1.467	1.104	0.297	3.539	7.932	2.658	7.281	-1.448	5.578	5.048	4.280	-2.965	-1.776	-3.461	-7.051	2.327	4.640	6.806	4.099	6.542	7.176	4.243	7.803	5.162	3.538	4.638	3.239	0.371	1.453	3.100	3.400	3.100	3.000	2.900	3.000	3.000	2016
927	UZB	NGDP_RPCH	Uzbekistan	Gross domestic product, constant prices	Annual percentages of constant price GDP are year-on-year changes; the base year is country-specific . Expenditure-based GDP is total final expenditures at purchasers? prices (including the f.o.b. value of exports of goods and services), less the f.o.b. value of imports of goods and services. [SNA 1993]	Percent change		See notes for:  Gross domestic product, constant prices (National currency).	n/a	n/a	n/a	n/a	n/a	n/a	n/a	n/a	n/a	n/a	n/a	n/a	n/a	-2.300	-5.200	-0.900	1.700	5.200	4.300	4.300	3.800	4.200	4.000	4.200	7.400	7.000	7.500	9.500	9.000	8.100	8.500	8.300	8.200	8.000	8.000	7.900	7.800	5.300	5.000	5.000	5.500	6.000	6.000	6.000	2016
846	VUT	NGDP_RPCH	Vanuatu	Gross domestic product, constant prices	Annual percentages of constant price GDP are year-on-year changes; the base year is country-specific . Expenditure-based GDP is total final expenditures at purchasers? prices (including the f.o.b. value of exports of goods and services), less the f.o.b. value of imports of goods and services. [SNA 1993]	Percent change		See notes for:  Gross domestic product, constant prices (National currency).	5.451	4.375	1.980	3.010	9.577	1.001	-0.149	-2.894	-1.695	1.533	11.697	3.147	2.584	0.736	9.079	1.005	2.328	4.907	1.176	0.337	5.925	-3.398	-5.198	4.288	3.987	5.305	8.465	5.174	6.449	3.313	1.629	1.223	1.755	1.969	2.304	0.163	3.467	4.200	3.800	3.500	3.000	3.000	3.000	3.000	2015
299	VEN	NGDP_RPCH	Venezuela	Gross domestic product, constant prices	Annual percentages of constant price GDP are year-on-year changes; the base year is country-specific . Expenditure-based GDP is total final expenditures at purchasers? prices (including the f.o.b. value of exports of goods and services), less the f.o.b. value of imports of goods and services. [SNA 1993]	Percent change		See notes for:  Gross domestic product, constant prices (National currency).	-4.947	-1.288	2.645	-9.856	5.223	0.867	6.080	4.801	6.510	-13.920	6.468	9.730	6.060	0.275	-2.349	3.952	-0.198	6.371	0.294	-5.970	3.687	3.394	-8.856	-7.755	18.287	10.318	9.872	8.754	5.278	-3.202	-1.489	4.176	5.626	1.343	-3.894	-6.221	-16.456	-14.000	-15.000	-6.000	-2.000	-1.500	-1.500	-1.500	2016
582	VNM	NGDP_RPCH	Vietnam	Gross domestic product, constant prices	Annual percentages of constant price GDP are year-on-year changes; the base year is country-specific . Expenditure-based GDP is total final expenditures at purchasers? prices (including the f.o.b. value of exports of goods and services), less the f.o.b. value of imports of goods and services. [SNA 1993]	Percent change		See notes for:  Gross domestic product, constant prices (National currency).	-3.497	5.797	8.150	7.093	8.397	5.619	3.357	2.549	5.100	7.800	5.047	5.809	8.700	8.078	8.834	9.540	9.340	8.152	5.765	4.774	6.787	6.895	7.080	7.341	7.789	7.547	6.978	7.129	5.662	5.398	6.423	6.240	5.247	5.422	5.984	6.679	6.211	6.812	6.600	6.500	6.500	6.500	6.500	6.500	2017
474	YEM	NGDP_RPCH	Yemen	Gross domestic product, constant prices	Annual percentages of constant price GDP are year-on-year changes; the base year is country-specific . Expenditure-based GDP is total final expenditures at purchasers? prices (including the f.o.b. value of exports of goods and services), less the f.o.b. value of imports of goods and services. [SNA 1993]	Percent change		See notes for:  Gross domestic product, constant prices (National currency).	n/a	n/a	n/a	n/a	n/a	n/a	n/a	n/a	n/a	n/a	n/a	6.293	8.208	4.002	6.722	5.669	4.635	5.231	6.007	3.776	6.182	3.804	3.935	3.747	3.973	5.592	3.170	3.338	3.648	3.866	7.702	-12.715	2.393	4.824	-0.189	-37.147	-34.340	-13.839	-0.518	17.910	16.330	7.830	6.237	6.274	2008
754	ZMB	NGDP_RPCH	Zambia	Gross domestic product, constant prices	Annual percentages of constant price GDP are year-on-year changes; the base year is country-specific . Expenditure-based GDP is total final expenditures at purchasers? prices (including the f.o.b. value of exports of goods and services), less the f.o.b. value of imports of goods and services. [SNA 1993]	Percent change		See notes for:  Gross domestic product, constant prices (National currency).	3.854	6.631	-2.912	-1.145	-1.718	1.237	1.698	1.491	9.271	-3.658	-0.579	-0.666	2.052	-0.077	-13.309	2.898	6.219	3.814	-0.386	4.650	3.897	5.317	4.506	6.945	7.032	7.236	7.904	8.352	7.774	9.220	10.298	5.565	7.650	5.007	4.698	2.920	3.724	3.586	4.044	4.465	4.475	4.487	4.499	4.511	2016
698	ZWE	NGDP_RPCH	Zimbabwe	Gross domestic product, constant prices	Annual percentages of constant price GDP are year-on-year changes; the base year is country-specific . Expenditure-based GDP is total final expenditures at purchasers? prices (including the f.o.b. value of exports of goods and services), less the f.o.b. value of imports of goods and services. [SNA 1993]	Percent change		See notes for:  Gross domestic product, constant prices (National currency).	n/a	n/a	n/a	n/a	n/a	n/a	n/a	n/a	n/a	n/a	n/a	n/a	n/a	n/a	n/a	n/a	n/a	n/a	n/a	-1.111	-4.231	-0.454	-7.704	-16.224	-6.270	-7.413	-3.556	-3.401	-16.323	7.396	15.447	16.332	13.609	5.270	2.765	1.424	0.665	3.006	2.400	4.166	4.571	4.699	4.986	5.000	2013
